file_name, text
17.png,"{""nodes"": [{""id"": ""1"", ""type_of_node"": ""start"", ""shape"": ""start_event"", ""label"": ""START""}, {""id"": ""2"", ""type_of_node"": ""process"", ""shape"": ""task"", ""label"": ""Initialize""}, {""id"": ""3"", ""type_of_node"": ""decision"", ""shape"": ""gateway"", ""label"": ""CHECK CONDITION""}, {""id"": ""4"", ""type_of_node"": ""process"", ""shape"": ""task"", ""label"": ""EXIT LOOP""}, {""id"": ""5"", ""type_of_node"": ""terminator"", ""shape"": ""end_event"", ""label"": ""STOP""}], ""edges"": [{""source"": ""1"", ""source_type"": ""start"", ""source_label"": ""START"", ""target"": ""2"", ""target_type"": ""process"", ""target_label"": ""Initialize"", ""type_of_edge"": ""solid"", ""relationship_value"": """", ""relationship_type"": ""follows""}, {""source"": ""2"", ""source_type"": ""process"", ""source_label"": ""Initialize"", ""target"": ""3"", ""target_type"": ""decision"", ""target_label"": ""CHECK CONDITION"", ""type_of_edge"": ""solid"", ""relationship_value"": """", ""relationship_type"": ""follows""}, {""source"": ""3"", ""source_type"": ""decision"", ""source_label"": ""CHECK CONDITION"", ""target"": ""2"", ""target_type"": ""process"", ""target_label"": ""Initialize"", ""type_of_edge"": ""solid"", ""relationship_value"": ""Condition is TRUE"", ""relationship_type"": ""branches""}, {""source"": ""3"", ""source_type"": ""decision"", ""source_label"": ""CHECK CONDITION"", ""target"": ""4"", ""target_type"": ""process"", ""target_label"": ""EXIT LOOP"", ""type_of_edge"": ""solid"", ""relationship_value"": ""Condition is FALSE"", ""relationship_type"": ""branches""}, {""source"": ""4"", ""source_type"": ""process"", ""source_label"": ""EXIT LOOP"", ""target"": ""5"", ""target_type"": ""terminator"", ""target_label"": ""STOP"", ""type_of_edge"": ""solid"", ""relationship_value"": """", ""relationship_type"": ""follows""}]}"
41.png,"{""nodes"": [{""id"": ""1"", ""type_of_node"": ""start"", ""shape"": ""start_event"", ""label"": ""Start""}, {""id"": ""2"", ""type_of_node"": ""process"", ""shape"": ""task"", ""label"": ""Input F""}, {""id"": ""3"", ""type_of_node"": ""process"", ""shape"": ""task"", ""label"": ""C=5/9*(F-32)""}, {""id"": ""4"", ""type_of_node"": ""process"", ""shape"": ""task"", ""label"": ""Print C""}, {""id"": ""5"", ""type_of_node"": ""terminator"", ""shape"": ""end_event"", ""label"": ""End""}], ""edges"": [{""source"": ""1"", ""source_type"": ""start"", ""source_label"": ""Start"", ""target"": ""2"", ""target_type"": ""process"", ""target_label"": ""Input F"", ""type_of_edge"": ""solid"", ""relationship_value"": """", ""relationship_type"": ""follows""}, {""source"": ""2"", ""source_type"": ""process"", ""source_label"": ""Input F"", ""target"": ""3"", ""target_type"": ""process"", ""target_label"": ""C=5/9*(F-32)"", ""type_of_edge"": ""solid"", ""relationship_value"": """", ""relationship_type"": ""follows""}, {""source"": ""3"", ""source_type"": ""process"", ""source_label"": ""C=5/9*(F-32)"", ""target"": ""4"", ""target_type"": ""process"", ""target_label"": ""Print C"", ""type_of_edge"": ""solid"", ""relationship_value"": """", ""relationship_type"": ""follows""}, {""source"": ""4"", ""source_type"": ""process"", ""source_label"": ""Print C"", ""target"": ""5"", ""target_type"": ""terminator"", ""target_label"": ""End"", ""type_of_edge"": ""solid"", ""relationship_value"": """", ""relationship_type"": ""follows""}]}"
418.png,"{""nodes"": [{""id"": ""1"", ""type_of_node"": ""start"", ""shape"": ""start_event"", ""label"": ""Begin""}, {""id"": ""2"", ""type_of_node"": ""process"", ""shape"": ""task"", ""label"": ""Alarm Rings""}, {""id"": ""3"", ""type_of_node"": ""decision"", ""shape"": ""gateway"", ""label"": ""Ready to face the world?""}, {""id"": ""4"", ""type_of_node"": ""process"", ""shape"": ""task"", ""label"": ""Get Up""}, {""id"": ""5"", ""type_of_node"": ""process"", ""shape"": ""task"", ""label"": ""Hit SNOOZE""}, {""id"": ""6"", ""type_of_node"": ""process"", ""shape"": ""task"", ""label"": ""Ignore""}, {""id"": ""7"", ""type_of_node"": ""terminator"", ""shape"": ""end_event"", ""label"": ""End""}], ""edges"": [{""source"": ""1"", ""source_type"": ""start"", ""source_label"": ""Begin"", ""target"": ""2"", ""target_type"": ""process"", ""target_label"": ""Alarm Rings"", ""type_of_edge"": ""solid"", ""relationship_value"": """", ""relationship_type"": ""follows""}, {""source"": ""2"", ""source_type"": ""process"", ""source_label"": ""Alarm Rings"", ""target"": ""3"", ""target_type"": ""decision"", ""target_label"": ""Ready to face the world?"", ""type_of_edge"": ""solid"", ""relationship_value"": """", ""relationship_type"": ""follows""}, {""source"": ""3"", ""source_type"": ""decision"", ""source_label"": ""Ready to face the world?"", ""target"": ""4"", ""target_type"": ""process"", ""target_label"": ""Get Up"", ""type_of_edge"": ""solid"", ""relationship_value"": ""Yes"", ""relationship_type"": ""branches""}, {""source"": ""3"", ""source_type"": ""decision"", ""source_label"": ""Ready to face the world?"", ""target"": ""5"", ""target_type"": ""process"", ""target_label"": ""Hit SNOOZE"", ""type_of_edge"": ""solid"", ""relationship_value"": ""No"", ""relationship_type"": ""branches""}, {""source"": ""5"", ""source_type"": ""process"", ""source_label"": ""Hit SNOOZE"", ""target"": ""6"", ""target_type"": ""process"", ""target_label"": ""Ignore"", ""type_of_edge"": ""solid"", ""relationship_value"": """", ""relationship_type"": ""follows""}, {""source"": ""6"", ""source_type"": ""process"", ""source_label"": ""Ignore"", ""target"": ""2"", ""target_type"": ""process"", ""target_label"": ""Alarm Rings"", ""type_of_edge"": ""solid"", ""relationship_value"": """", ""relationship_type"": ""follows""}, {""source"": ""4"", ""source_type"": ""process"", ""source_label"": ""Get Up"", ""target"": ""7"", ""target_type"": ""terminator"", ""target_label"": ""End"", ""type_of_edge"": ""solid"", ""relationship_value"": """", ""relationship_type"": ""follows""}]}"
684.png,"{""nodes"": [{""id"": ""1"", ""type_of_node"": ""start"", ""shape"": ""start_event"", ""label"": ""Begin""}, {""id"": ""2"", ""type_of_node"": ""process"", ""shape"": ""task"", ""label"": ""Initialize weights and biases With random values""}, {""id"": ""3"", ""type_of_node"": ""process"", ""shape"": ""task"", ""label"": ""Perform oprations""}, {""id"": ""4"", ""type_of_node"": ""process"", ""shape"": ""task"", ""label"": ""Calculate Error""}, {""id"": ""5"", ""type_of_node"": ""decision"", ""shape"": ""gateway"", ""label"": ""Error<=Error""}, {""id"": ""6"", ""type_of_node"": ""decision"", ""shape"": ""gateway"", ""label"": ""Epoch>=Epoch""}, {""id"": ""7"", ""type_of_node"": ""process"", ""shape"": ""task"", ""label"": ""Update weights and biases""}, {""id"": ""8"", ""type_of_node"": ""process"", ""shape"": ""task"", ""label"": ""Epoch=epoch+1""}, {""id"": ""9"", ""type_of_node"": ""terminator"", ""shape"": ""end_event"", ""label"": ""End""}], ""edges"": [{""source"": ""1"", ""source_type"": ""start"", ""source_label"": ""Begin"", ""target"": ""2"", ""target_type"": ""process"", ""target_label"": ""Initialize weights and biases With random values"", ""type_of_edge"": ""solid"", ""relationship_value"": """", ""relationship_type"": ""follows""}, {""source"": ""2"", ""source_type"": ""process"", ""source_label"": ""Initialize weights and biases With random values"", ""target"": ""3"", ""target_type"": ""process"", ""target_label"": ""Perform oprations"", ""type_of_edge"": ""solid"", ""relationship_value"": """", ""relationship_type"": ""follows""}, {""source"": ""3"", ""source_type"": ""process"", ""source_label"": ""Perform oprations"", ""target"": ""4"", ""target_type"": ""process"", ""target_label"": ""Calculate Error"", ""type_of_edge"": ""solid"", ""relationship_value"": """", ""relationship_type"": ""follows""}, {""source"": ""4"", ""source_type"": ""process"", ""source_label"": ""Calculate Error"", ""target"": ""5"", ""target_type"": ""decision"", ""target_label"": ""Error<=Error"", ""type_of_edge"": ""solid"", ""relationship_value"": """", ""relationship_type"": ""follows""}, {""source"": ""5"", ""source_type"": ""decision"", ""source_label"": ""Error<=Error"", ""target"": ""9"", ""target_type"": ""terminator"", ""target_label"": ""End"", ""type_of_edge"": ""solid"", ""relationship_value"": ""Yes"", ""relationship_type"": ""branches""}, {""source"": ""5"", ""source_type"": ""decision"", ""source_label"": ""Error<=Error"", ""target"": ""6"", ""target_type"": ""decision"", ""target_label"": ""Epoch>=Epoch"", ""type_of_edge"": ""solid"", ""relationship_value"": ""No"", ""relationship_type"": ""branches""}, {""source"": ""6"", ""source_type"": ""decision"", ""source_label"": ""Epoch>=Epoch"", ""target"": ""9"", ""target_type"": ""terminator"", ""target_label"": ""End"", ""type_of_edge"": ""solid"", ""relationship_value"": ""Yes"", ""relationship_type"": ""branches""}, {""source"": ""6"", ""source_type"": ""decision"", ""source_label"": ""Epoch>=Epoch"", ""target"": ""7"", ""target_type"": ""process"", ""target_label"": ""Update weights and biases"", ""type_of_edge"": ""solid"", ""relationship_value"": ""No"", ""relationship_type"": ""branches""}, {""source"": ""7"", ""source_type"": ""process"", ""source_label"": ""Update weights and biases"", ""target"": ""8"", ""target_type"": ""process"", ""target_label"": ""Epoch=epoch+1"", ""type_of_edge"": ""solid"", ""relationship_value"": """", ""relationship_type"": ""follows""}, {""source"": ""8"", ""source_type"": ""process"", ""source_label"": ""Epoch=epoch+1"", ""target"": ""3"", ""target_type"": ""process"", ""target_label"": ""Perform oprations"", ""type_of_edge"": ""solid"", ""relationship_value"": """", ""relationship_type"": ""follows""}]}"
37.png,"{""nodes"": [{""id"": ""1"", ""type_of_node"": ""start"", ""shape"": ""start_event"", ""label"": ""Start""}, {""id"": ""2"", ""type_of_node"": ""decision"", ""shape"": ""gateway"", ""label"": ""If condition""}, {""id"": ""3"", ""type_of_node"": ""decision"", ""shape"": ""gateway"", ""label"": ""Nested if condition""}, {""id"": ""4"", ""type_of_node"": ""process"", ""shape"": ""task"", ""label"": ""If Body""}, {""id"": ""5"", ""type_of_node"": ""process"", ""shape"": ""task"", ""label"": ""Nested if Body""}, {""id"": ""6"", ""type_of_node"": ""process"", ""shape"": ""task"", ""label"": ""Pass""}, {""id"": ""7"", ""type_of_node"": ""process"", ""shape"": ""task"", ""label"": ""Statement just below if""}, {""id"": ""8"", ""type_of_node"": ""terminator"", ""shape"": ""end_event"", ""label"": ""Exit""}], ""edges"": [{""source"": ""1"", ""source_type"": ""start"", ""source_label"": ""Start"", ""target"": ""2"", ""target_type"": ""decision"", ""target_label"": ""If condition"", ""type_of_edge"": ""solid"", ""relationship_value"": """", ""relationship_type"": ""follows""}, {""source"": ""2"", ""source_type"": ""decision"", ""source_label"": ""If condition"", ""target"": ""3"", ""target_type"": ""decision"", ""target_label"": ""Nested if condition"", ""type_of_edge"": ""solid"", ""relationship_value"": ""False"", ""relationship_type"": ""branches""}, {""source"": ""2"", ""source_type"": ""decision"", ""source_label"": ""If condition"", ""target"": ""4"", ""target_type"": ""process"", ""target_label"": ""If Body"", ""type_of_edge"": ""solid"", ""relationship_value"": ""True"", ""relationship_type"": ""branches""}, {""source"": ""3"", ""source_type"": ""decision"", ""source_label"": ""Nested if condition"", ""target"": ""6"", ""target_type"": ""process"", ""target_label"": ""Pass"", ""type_of_edge"": ""solid"", ""relationship_value"": ""False"", ""relationship_type"": ""branches""}, {""source"": ""3"", ""source_type"": ""decision"", ""source_label"": ""Nested if condition"", ""target"": ""5"", ""target_type"": ""process"", ""target_label"": ""Nested if Body"", ""type_of_edge"": ""solid"", ""relationship_value"": ""True"", ""relationship_type"": ""branches""}, {""source"": ""4"", ""source_type"": ""process"", ""source_label"": ""If Body"", ""target"": ""7"", ""target_type"": ""process"", ""target_label"": ""Statement just below if"", ""type_of_edge"": ""solid"", ""relationship_value"": """", ""relationship_type"": ""follows""}, {""source"": ""5"", ""source_type"": ""process"", ""source_label"": ""Nested if Body"", ""target"": ""7"", ""target_type"": ""process"", ""target_label"": ""Statement just below if"", ""type_of_edge"": ""solid"", ""relationship_value"": """", ""relationship_type"": ""follows""}, {""source"": ""6"", ""source_type"": ""process"", ""source_label"": ""Pass"", ""target"": ""7"", ""target_type"": ""process"", ""target_label"": ""Statement just below if"", ""type_of_edge"": ""solid"", ""relationship_value"": """", ""relationship_type"": ""follows""}, {""source"": ""7"", ""source_type"": ""process"", ""source_label"": ""Statement just below if"", ""target"": ""8"", ""target_type"": ""terminator"", ""target_label"": ""Exit"", ""type_of_edge"": ""solid"", ""relationship_value"": """", ""relationship_type"": ""follows""}]}"
268.png,"{""nodes"": [{""id"": ""1"", ""type_of_node"": ""start"", ""shape"": ""start_event"", ""label"": ""Start""}, {""id"": ""2"", ""type_of_node"": ""process"", ""shape"": ""task"", ""label"": ""Look for address""}, {""id"": ""3"", ""type_of_node"": ""decision"", ""shape"": ""gateway"", ""label"": ""Did you find it?""}, {""id"": ""4"", ""type_of_node"": ""decision"", ""shape"": ""gateway"", ""label"": ""Ask someone""}, {""id"": ""5"", ""type_of_node"": ""terminator"", ""shape"": ""end_event"", ""label"": ""Stop looking""}], ""edges"": [{""source"": ""1"", ""source_type"": ""start"", ""source_label"": ""Start"", ""target"": ""2"", ""target_type"": ""process"", ""target_label"": ""Look for address"", ""type_of_edge"": ""solid"", ""relationship_value"": """", ""relationship_type"": ""follows""}, {""source"": ""2"", ""source_type"": ""process"", ""source_label"": ""Look for address"", ""target"": ""3"", ""target_type"": ""decision"", ""target_label"": ""Did you find it?"", ""type_of_edge"": ""solid"", ""relationship_value"": """", ""relationship_type"": ""follows""}, {""source"": ""3"", ""source_type"": ""decision"", ""source_label"": ""Did you find it?"", ""target"": ""4"", ""target_type"": ""decision"", ""target_label"": ""Ask someone"", ""type_of_edge"": ""solid"", ""relationship_value"": ""No"", ""relationship_type"": ""branches""}, {""source"": ""3"", ""source_type"": ""decision"", ""source_label"": ""Did you find it?"", ""target"": ""5"", ""target_type"": ""terminator"", ""target_label"": ""Stop looking"", ""type_of_edge"": ""solid"", ""relationship_value"": ""Yes"", ""relationship_type"": ""branches""}, {""source"": ""4"", ""source_type"": ""decision"", ""source_label"": ""Ask someone"", ""target"": ""2"", ""target_type"": ""process"", ""target_label"": ""Look for address"", ""type_of_edge"": ""solid"", ""relationship_value"": ""Yes"", ""relationship_type"": ""branches""}, {""source"": ""4"", ""source_type"": ""decision"", ""source_label"": ""Ask someone"", ""target"": ""5"", ""target_type"": ""terminator"", ""target_label"": ""Stop looking"", ""type_of_edge"": ""solid"", ""relationship_value"": ""No"", ""relationship_type"": ""branches""}]}"
229.png,"{""nodes"": [{""id"": ""1"", ""type_of_node"": ""start"", ""shape"": ""start_event"", ""label"": ""Start""}, {""id"": ""2"", ""type_of_node"": ""process"", ""shape"": ""task"", ""label"": ""A =1""}, {""id"": ""3"", ""type_of_node"": ""decision"", ""shape"": ""gateway"", ""label"": ""A<=10?""}, {""id"": ""4"", ""type_of_node"": ""process"", ""shape"": ""task"", ""label"": ""Print A""}, {""id"": ""5"", ""type_of_node"": ""process"", ""shape"": ""task"", ""label"": ""A = A + 1""}, {""id"": ""6"", ""type_of_node"": ""terminator"", ""shape"": ""end_event"", ""label"": ""End""}], ""edges"": [{""source"": ""1"", ""source_type"": ""start"", ""source_label"": ""Start"", ""target"": ""2"", ""target_type"": ""process"", ""target_label"": ""A =1"", ""type_of_edge"": ""solid"", ""relationship_value"": """", ""relationship_type"": ""follows""}, {""source"": ""2"", ""source_type"": ""process"", ""source_label"": ""A =1"", ""target"": ""3"", ""target_type"": ""decision"", ""target_label"": ""A<=10?"", ""type_of_edge"": ""solid"", ""relationship_value"": """", ""relationship_type"": ""follows""}, {""source"": ""3"", ""source_type"": ""decision"", ""source_label"": ""A<=10?"", ""target"": ""4"", ""target_type"": ""process"", ""target_label"": ""Print A"", ""type_of_edge"": ""solid"", ""relationship_value"": ""T"", ""relationship_type"": ""branches""}, {""source"": ""3"", ""source_type"": ""decision"", ""source_label"": ""A<=10?"", ""target"": ""6"", ""target_type"": ""terminator"", ""target_label"": ""End"", ""type_of_edge"": ""solid"", ""relationship_value"": ""F"", ""relationship_type"": ""branches""}, {""source"": ""4"", ""source_type"": ""process"", ""source_label"": ""Print A"", ""target"": ""5"", ""target_type"": ""process"", ""target_label"": ""A = A + 1"", ""type_of_edge"": ""solid"", ""relationship_value"": """", ""relationship_type"": ""follows""}, {""source"": ""5"", ""source_type"": ""process"", ""source_label"": ""A = A + 1"", ""target"": ""3"", ""target_type"": ""decision"", ""target_label"": ""A<=10?"", ""type_of_edge"": ""solid"", ""relationship_value"": """", ""relationship_type"": ""follows""}]}"
935.png,"{""nodes"": [{""id"": ""1"", ""type_of_node"": ""start"", ""shape"": ""start_event"", ""label"": ""Start""}, {""id"": ""2"", ""type_of_node"": ""process"", ""shape"": ""task"", ""label"": ""Input Total Score""}, {""id"": ""3"", ""type_of_node"": ""decision"", ""shape"": ""gateway"", ""label"": ""if total score > 800""}, {""id"": ""4"", ""type_of_node"": ""process"", ""shape"": ""task"", ""label"": ""Good college""}, {""id"": ""5"", ""type_of_node"": ""process"", ""shape"": ""task"", ""label"": ""Not good college""}, {""id"": ""6"", ""type_of_node"": ""terminator"", ""shape"": ""end_event"", ""label"": ""End""}], ""edges"": [{""source"": ""1"", ""source_type"": ""start"", ""source_label"": ""Start"", ""target"": ""2"", ""target_type"": ""process"", ""target_label"": ""Input Total Score"", ""type_of_edge"": ""solid"", ""relationship_value"": """", ""relationship_type"": ""follows""}, {""source"": ""2"", ""source_type"": ""process"", ""source_label"": ""Input Total Score"", ""target"": ""3"", ""target_type"": ""decision"", ""target_label"": ""if total score > 800"", ""type_of_edge"": ""solid"", ""relationship_value"": """", ""relationship_type"": ""follows""}, {""source"": ""3"", ""source_type"": ""decision"", ""source_label"": ""if total score > 800"", ""target"": ""4"", ""target_type"": ""process"", ""target_label"": ""Good college"", ""type_of_edge"": ""solid"", ""relationship_value"": ""Yes"", ""relationship_type"": ""branches""}, {""source"": ""3"", ""source_type"": ""decision"", ""source_label"": ""if total score > 800"", ""target"": ""5"", ""target_type"": ""process"", ""target_label"": ""Not good college"", ""type_of_edge"": ""solid"", ""relationship_value"": ""No"", ""relationship_type"": ""branches""}, {""source"": ""4"", ""source_type"": ""process"", ""source_label"": ""Good college"", ""target"": ""6"", ""target_type"": ""terminator"", ""target_label"": ""End"", ""type_of_edge"": ""solid"", ""relationship_value"": """", ""relationship_type"": ""follows""}, {""source"": ""5"", ""source_type"": ""process"", ""source_label"": ""Not good college"", ""target"": ""6"", ""target_type"": ""terminator"", ""target_label"": ""End"", ""type_of_edge"": ""solid"", ""relationship_value"": """", ""relationship_type"": ""follows""}]}"
119.png,"{""nodes"": [{""id"": ""1"", ""type_of_node"": ""start"", ""shape"": ""start_event"", ""label"": ""Begin""}, {""id"": ""2"", ""type_of_node"": ""process"", ""shape"": ""task"", ""label"": ""iCounter = 1""}, {""id"": ""3"", ""type_of_node"": ""process"", ""shape"": ""task"", ""label"": ""Output iCounter""}, {""id"": ""4"", ""type_of_node"": ""process"", ""shape"": ""task"", ""label"": ""Increment""}, {""id"": ""5"", ""type_of_node"": ""decision"", ""shape"": ""gateway"", ""label"": ""iCounter<=10""}, {""id"": ""6"", ""type_of_node"": ""terminator"", ""shape"": ""end_event"", ""label"": ""End""}], ""edges"": [{""source"": ""1"", ""source_type"": ""start"", ""source_label"": ""Begin"", ""target"": ""2"", ""target_type"": ""process"", ""target_label"": ""iCounter=1"", ""type_of_edge"": ""solid"", ""relationship_value"": """", ""relationship_type"": ""follows""}, {""source"": ""2"", ""source_type"": ""process"", ""source_label"": ""iCounter=1"", ""target"": ""3"", ""target_type"": ""process"", ""target_label"": ""Output iCounter"", ""type_of_edge"": ""solid"", ""relationship_value"": """", ""relationship_type"": ""follows""}, {""source"": ""3"", ""source_type"": ""process"", ""source_label"": ""Output iCounter"", ""target"": ""4"", ""target_type"": ""process"", ""target_label"": ""Increment"", ""type_of_edge"": ""solid"", ""relationship_value"": """", ""relationship_type"": ""follows""}, {""source"": ""4"", ""source_type"": ""process"", ""source_label"": ""Increment"", ""target"": ""5"", ""target_type"": ""decision"", ""target_label"": ""iCounter<=10"", ""type_of_edge"": ""solid"", ""relationship_value"": """", ""relationship_type"": ""follows""}, {""source"": ""5"", ""source_type"": ""decision"", ""source_label"": ""iCounter<=10"", ""target"": ""3"", ""target_type"": ""process"", ""target_label"": ""Output iCounter"", ""type_of_edge"": ""solid"", ""relationship_value"": ""True"", ""relationship_type"": ""follows""}, {""source"": ""5"", ""source_type"": ""decision"", ""source_label"": ""iCounter<=10"", ""target"": ""6"", ""target_type"": ""terminator"", ""target_label"": ""End"", ""type_of_edge"": ""solid"", ""relationship_value"": ""False"", ""relationship_type"": ""follows""}]}"
30.png,"{""nodes"": [{""id"": ""1"", ""type_of_node"": ""start"", ""shape"": ""start_event"", ""label"": ""Begin""}, {""id"": ""2"", ""type_of_node"": ""process"", ""shape"": ""task"", ""label"": ""X=1""}, {""id"": ""3"", ""type_of_node"": ""decision"", ""shape"": ""gateway"", ""label"": ""X>1""}, {""id"": ""4"", ""type_of_node"": ""terminator"", ""shape"": ""end_event"", ""label"": ""End""}, {""id"": ""5"", ""type_of_node"": ""process"", ""shape"": ""task"", ""label"": ""OUTPUT X""}, {""id"": ""6"", ""type_of_node"": ""process"", ""shape"": ""task"", ""label"": ""X=X+1""}], ""edges"": [{""source"": ""1"", ""source_type"": ""start"", ""source_label"": ""Begin"", ""target"": ""2"", ""target_type"": ""process"", ""target_label"": ""X=1"", ""type_of_edge"": ""solid"", ""relationship_value"": """", ""relationship_type"": ""follows""}, {""source"": ""2"", ""source_type"": ""process"", ""source_label"": ""X=1"", ""target"": ""3"", ""target_type"": ""decision"", ""target_label"": ""X>1"", ""type_of_edge"": ""solid"", ""relationship_value"": """", ""relationship_type"": ""follows""}, {""source"": ""3"", ""source_type"": ""decision"", ""source_label"": ""X>1"", ""target"": ""4"", ""target_type"": ""terminator"", ""target_label"": ""End"", ""type_of_edge"": ""solid"", ""relationship_value"": ""No"", ""relationship_type"": ""branches""}, {""source"": ""3"", ""source_type"": ""decision"", ""source_label"": ""X>1"", ""target"": ""5"", ""target_type"": ""process"", ""target_label"": ""OUTPUT X"", ""type_of_edge"": ""solid"", ""relationship_value"": ""Yes"", ""relationship_type"": ""branches""}, {""source"": ""5"", ""source_type"": ""process"", ""source_label"": ""OUTPUT X"", ""target"": ""6"", ""target_type"": ""process"", ""target_label"": ""X=X+1"", ""type_of_edge"": ""solid"", ""relationship_value"": """", ""relationship_type"": ""follows""}, {""source"": ""6"", ""source_type"": ""process"", ""source_label"": ""X=X+1"", ""target"": ""3"", ""target_type"": ""decision"", ""target_label"": ""X>1"", ""type_of_edge"": ""solid"", ""relationship_value"": """", ""relationship_type"": ""follows""}]}"
111.png,"{""nodes"": [{""id"": ""1"", ""type_of_node"": ""start"", ""shape"": ""start_event"", ""label"": ""Start""}, {""id"": ""2"", ""type_of_node"": ""process"", ""shape"": ""task"", ""label"": ""Door Bell""}, {""id"": ""3"", ""type_of_node"": ""decision"", ""shape"": ""gateway"", ""label"": ""Ready to Get Up?""}, {""id"": ""4"", ""type_of_node"": ""process"", ""shape"": ""task"", ""label"": ""Ignore bell""}, {""id"": ""5"", ""type_of_node"": ""process"", ""shape"": ""task"", ""label"": ""Relay""}, {""id"": ""6"", ""type_of_node"": ""process"", ""shape"": ""task"", ""label"": ""Wakeup""}, {""id"": ""7"", ""type_of_node"": ""terminator"", ""shape"": ""end_event"", ""label"": ""End""}], ""edges"": [{""source"": ""1"", ""source_type"": ""start"", ""source_label"": ""Start"", ""target"": ""2"", ""target_type"": ""process"", ""target_label"": ""Door Bell"", ""type_of_edge"": ""solid"", ""relationship_value"": """", ""relationship_type"": ""follows""}, {""source"": ""2"", ""source_type"": ""process"", ""source_label"": ""Door Bell"", ""target"": ""3"", ""target_type"": ""decision"", ""target_label"": ""Ready to Get Up?"", ""type_of_edge"": ""solid"", ""relationship_value"": """", ""relationship_type"": ""follows""}, {""source"": ""3"", ""source_type"": ""decision"", ""source_label"": ""Ready to Get Up?"", ""target"": ""4"", ""target_type"": ""process"", ""target_label"": ""Ignore bell"", ""type_of_edge"": ""solid"", ""relationship_value"": ""NO"", ""relationship_type"": ""branches""}, {""source"": ""4"", ""source_type"": ""process"", ""source_label"": ""Ignore bell"", ""target"": ""5"", ""target_type"": ""process"", ""target_label"": ""Relay"", ""type_of_edge"": ""solid"", ""relationship_value"": """", ""relationship_type"": ""follows""}, {""source"": ""5"", ""source_type"": ""process"", ""source_label"": ""Relay"", ""target"": ""2"", ""target_type"": ""process"", ""target_label"": ""Door Bell"", ""type_of_edge"": ""solid"", ""relationship_value"": """", ""relationship_type"": ""follows""}, {""source"": ""3"", ""source_type"": ""decision"", ""source_label"": ""Ready to Get Up?"", ""target"": ""6"", ""target_type"": ""process"", ""target_label"": ""Wakeup"", ""type_of_edge"": ""solid"", ""relationship_value"": ""YES"", ""relationship_type"": ""branches""}, {""source"": ""6"", ""source_type"": ""process"", ""source_label"": ""Wakeup"", ""target"": ""7"", ""target_type"": ""terminator"", ""target_label"": ""End"", ""type_of_edge"": ""solid"", ""relationship_value"": """", ""relationship_type"": ""follows""}]}"
315.png,"{""nodes"": [{""id"": ""1"", ""type_of_node"": ""start"", ""shape"": ""start_event"", ""label"": ""START""}, {""id"": ""2"", ""type_of_node"": ""process"", ""shape"": ""task"", ""label"": ""Initialize""}, {""id"": ""3"", ""type_of_node"": ""process"", ""shape"": ""task"", ""label"": ""SUM=A+B""}, {""id"": ""4"", ""type_of_node"": ""process"", ""shape"": ""task"", ""label"": ""PRINT VALUE OF SUM""}, {""id"": ""5"", ""type_of_node"": ""terminator"", ""shape"": ""end_event"", ""label"": ""STOP""}], ""edges"": [{""source"": ""1"", ""source_type"": ""start"", ""source_label"": ""START"", ""target"": ""2"", ""target_type"": ""process"", ""target_label"": ""Initialize"", ""type_of_edge"": ""solid"", ""relationship_value"": """", ""relationship_type"": ""follows""}, {""source"": ""2"", ""source_type"": ""process"", ""source_label"": ""Initialize"", ""target"": ""3"", ""target_type"": ""process"", ""target_label"": ""SUM=A+B"", ""type_of_edge"": ""solid"", ""relationship_value"": """", ""relationship_type"": ""follows""}, {""source"": ""3"", ""source_type"": ""process"", ""source_label"": ""SUM=A+B"", ""target"": ""4"", ""target_type"": ""process"", ""target_label"": ""PRINT VALUE OF SUM"", ""type_of_edge"": ""solid"", ""relationship_value"": """", ""relationship_type"": ""follows""}, {""source"": ""4"", ""source_type"": ""process"", ""source_label"": ""PRINT VALUE OF SUM"", ""target"": ""5"", ""target_type"": ""terminator"", ""target_label"": ""STOP"", ""type_of_edge"": ""solid"", ""relationship_value"": """", ""relationship_type"": ""follows""}]}"
244.png,"{""nodes"": [{""id"": ""start"", ""type_of_node"": ""start"", ""shape"": ""start_event"", ""label"": ""Start""}, {""id"": ""username"", ""type_of_node"": ""process"", ""shape"": ""task"", ""label"": ""Username""}, {""id"": ""password"", ""type_of_node"": ""process"", ""shape"": ""task"", ""label"": ""Password""}, {""id"": ""credentials_check"", ""type_of_node"": ""decision"", ""shape"": ""gateway"", ""label"": ""Username && Password correspond to the ones in database?""}, {""id"": ""enter_id_password"", ""type_of_node"": ""process"", ""shape"": ""task"", ""label"": ""Enter ID and password""}, {""id"": ""invalid_credentials"", ""type_of_node"": ""process"", ""shape"": ""task"", ""label"": ""\""Invalid credentials\""""}, {""id"": ""user_blocked_check"", ""type_of_node"": ""decision"", ""shape"": ""gateway"", ""label"": ""Is User_ID blocked?""}, {""id"": ""forbidden"", ""type_of_node"": ""process"", ""shape"": ""task"", ""label"": ""\""403 Forbidden\""""}, {""id"": ""login_successfully"", ""type_of_node"": ""process"", ""shape"": ""task"", ""label"": ""Login successfully""}, {""id"": ""end"", ""type_of_node"": ""terminator"", ""shape"": ""end_event"", ""label"": ""End""}], ""edges"": [{""source_"": ""start"", ""source_type"": ""start"", ""source_label"": ""Start"", ""target"": ""username"", ""target_type"": ""process"", ""target_label"": ""Username"", ""type_of_edge"": ""solid"", ""relationship_value"": """", ""relationship_type"": ""follows""}, {""source_"": ""username"", ""source_type"": ""process"", ""source_label"": ""Username"", ""target"": ""password"", ""target_type"": ""process"", ""target_label"": ""Password"", ""type_of_edge"": ""solid"", ""relationship_value"": """", ""relationship_type"": ""follows""}, {""source_"": ""password"", ""source_type"": ""process"", ""source_label"": ""Password"", ""target"": ""credentials_check"", ""target_type"": ""decision"", ""target_label"": ""Username && Password correspond to the ones in database?"", ""type_of_edge"": ""solid"", ""relationship_value"": """", ""relationship_type"": ""follows""}, {""source_"": ""credentials_check"", ""source_type"": ""decision"", ""source_label"": ""Username && Password correspond to the ones in database?"", ""target"": ""enter_id_password"", ""target_type"": ""process"", ""target_label"": ""Enter ID and password"", ""type_of_edge"": ""solid"", ""relationship_value"": ""Yes"", ""relationship_type"": ""depends_on""}, {""source_"": ""credentials_check"", ""source_type"": ""decision"", ""source_label"": ""Username && Password correspond to the ones in database?"", ""target"": ""invalid_credentials"", ""target_type"": ""process"", ""target_label"": ""\""Invalid credentials\"""", ""type_of_edge"": ""solid"", ""relationship_value"": ""No"", ""relationship_type"": ""depends_on""}, {""source_"": ""invalid_credentials"", ""source_type"": ""process"", ""source_label"": ""\""Invalid credentials\"""", ""target"": ""username"", ""target_type"": ""process"", ""target_label"": ""Username"", ""type_of_edge"": ""solid"", ""relationship_value"": """", ""relationship_type"": ""follows""}, {""source_"": ""enter_id_password"", ""source_type"": ""process"", ""source_label"": ""Enter ID and password"", ""target"": ""user_blocked_check"", ""target_type"": ""decision"", ""target_label"": ""Is User_ID blocked?"", ""type_of_edge"": ""solid"", ""relationship_value"": """", ""relationship_type"": ""follows""}, {""source_"": ""user_blocked_check"", ""source_type"": ""decision"", ""source_label"": ""Is User_ID blocked?"", ""target"": ""forbidden"", ""target_type"": ""process"", ""target_label"": ""\""403 Forbidden\"""", ""type_of_edge"": ""solid"", ""relationship_value"": ""Yes"", ""relationship_type"": ""depends_on""}, {""source_"": ""user_blocked_check"", ""source_type"": ""decision"", ""source_label"": ""Is User_ID blocked?"", ""target"": ""login_successfully"", ""target_type"": ""process"", ""target_label"": ""Login successfully"", ""type_of_edge"": ""solid"", ""relationship_value"": ""No"", ""relationship_type"": ""depends_on""}, {""source_"": ""forbidden"", ""source_type"": ""process"", ""source_label"": ""\""403 Forbidden\"""", ""target"": ""username"", ""target_type"": ""process"", ""target_label"": ""Username"", ""type_of_edge"": ""solid"", ""relationship_value"": """", ""relationship_type"": ""follows""}, {""source_"": ""login_successfully"", ""source_type"": ""process"", ""source_label"": ""Login successfully"", ""target"": ""end"", ""target_type"": ""terminator"", ""target_label"": ""End"", ""type_of_edge"": ""solid"", ""relationship_value"": """", ""relationship_type"": ""follows""}]}"
498.png,"{""nodes"": [{""id"": ""1"", ""type_of_node"": ""start"", ""shape"": ""start_event"", ""label"": ""Start""}, {""id"": ""2"", ""type_of_node"": ""process"", ""shape"": ""task"", ""label"": ""Initialize""}, {""id"": ""3"", ""type_of_node"": ""process"", ""shape"": ""task"", ""label"": ""Average = (num1+num2)/2""}, {""id"": ""4"", ""type_of_node"": ""process"", ""shape"": ""task"", ""label"": ""Print Average""}, {""id"": ""5"", ""type_of_node"": ""terminator"", ""shape"": ""end_event"", ""label"": ""End""}], ""edges"": [{""source"": ""1"", ""source_type"": ""start"", ""source_label"": ""Start"", ""target"": ""2"", ""target_type"": ""process"", ""target_label"": ""Initialize"", ""type_of_edge"": ""solid"", ""relationship_value"": """", ""relationship_type"": ""follows""}, {""source"": ""2"", ""source_type"": ""process"", ""source_label"": ""Initialize"", ""target"": ""3"", ""target_type"": ""process"", ""target_label"": ""Average = (num1+num2)/2"", ""type_of_edge"": ""solid"", ""relationship_value"": """", ""relationship_type"": ""follows""}, {""source"": ""3"", ""source_type"": ""process"", ""source_label"": ""Average = (num1+num2)/2"", ""target"": ""4"", ""target_type"": ""process"", ""target_label"": ""Print Average"", ""type_of_edge"": ""solid"", ""relationship_value"": """", ""relationship_type"": ""follows""}, {""source"": ""4"", ""source_type"": ""process"", ""source_label"": ""Print Average"", ""target"": ""5"", ""target_type"": ""terminator"", ""target_label"": ""End"", ""type_of_edge"": ""solid"", ""relationship_value"": """", ""relationship_type"": ""follows""}]}"
589.png,"{""nodes"": [{""id"": ""1"", ""type_of_node"": ""start"", ""shape"": ""start_event"", ""label"": ""Start""}, {""id"": ""2"", ""type_of_node"": ""process"", ""shape"": ""task"", ""label"": ""Source Processor""}, {""id"": ""3"", ""type_of_node"": ""process"", ""shape"": ""task"", ""label"": ""Processor""}, {""id"": ""4"", ""type_of_node"": ""process"", ""shape"": ""task"", ""label"": ""Sink Processor""}, {""id"": ""5"", ""type_of_node"": ""terminator"", ""shape"": ""end_event"", ""label"": ""End""}], ""edges"": [{""source"": ""1"", ""source_type"": ""start"", ""source_label"": ""Start"", ""target"": ""2"", ""target_type"": ""process"", ""target_label"": ""Source Processor"", ""type_of_edge"": ""solid"", ""relationship_value"": """", ""relationship_type"": ""follows""}, {""source"": ""2"", ""source_type"": ""process"", ""source_label"": ""Source Processor"", ""target"": ""3"", ""target_type"": ""process"", ""target_label"": ""Processor"", ""type_of_edge"": ""solid"", ""relationship_value"": ""Stream"", ""relationship_type"": ""follows""}, {""source"": ""3"", ""source_type"": ""process"", ""source_label"": ""Processor"", ""target"": ""4"", ""target_type"": ""process"", ""target_label"": ""Sink Processor"", ""type_of_edge"": ""solid"", ""relationship_value"": ""Stream"", ""relationship_type"": ""follows""}, {""source"": ""4"", ""source_type"": ""process"", ""source_label"": ""Sink Processor"", ""target"": ""5"", ""target_type"": ""terminator"", ""target_label"": ""End"", ""type_of_edge"": ""solid"", ""relationship_value"": """", ""relationship_type"": ""follows""}]}"
71.png,"{""nodes"": [{""id"": ""start"", ""type_of_node"": ""start"", ""shape"": ""start_event"", ""label"": ""Start""}, {""id"": ""read_values"", ""type_of_node"": ""process"", ""shape"": ""task"", ""label"": ""Read Values""}, {""id"": ""new_trials_available"", ""type_of_node"": ""decision"", ""shape"": ""gateway"", ""label"": ""new trials available?""}, {""id"": ""read_new_trial"", ""type_of_node"": ""process"", ""shape"": ""task"", ""label"": ""read new trial""}, {""id"": ""average_available"", ""type_of_node"": ""decision"", ""shape"": ""gateway"", ""label"": ""average avaible for condition?""}, {""id"": ""initialize"", ""type_of_node"": ""process"", ""shape"": ""task"", ""label"": ""Initialize""}, {""id"": ""add_data_to_cumulative_sum"", ""type_of_node"": ""process"", ""shape"": ""task"", ""label"": ""add data to cumulative sum""}, {""id"": ""compute_t_value_and_plot"", ""type_of_node"": ""process"", ""shape"": ""task"", ""label"": ""compute t-value and plot""}, {""id"": ""continue"", ""type_of_node"": ""decision"", ""shape"": ""gateway"", ""label"": ""continue?""}, {""id"": ""stop"", ""type_of_node"": ""terminator"", ""shape"": ""end_event"", ""label"": ""Stop""}], ""edges"": [{""source"": ""start"", ""source_type"": ""start"", ""source_label"": ""Start"", ""target"": ""read_values"", ""target_type"": ""process"", ""target_label"": ""Read Values"", ""type_of_edge"": ""solid"", ""relationship_value"": """", ""relationship_type"": ""follows""}, {""source"": ""read_values"", ""source_type"": ""process"", ""source_label"": ""Read Values"", ""target"": ""new_trials_available"", ""target_type"": ""decision"", ""target_label"": ""new trials available?"", ""type_of_edge"": ""solid"", ""relationship_value"": """", ""relationship_type"": ""follows""}, {""source"": ""new_trials_available"", ""source_type"": ""decision"", ""source_label"": ""new trials available?"", ""target"": ""read_new_trial"", ""target_type"": ""process"", ""target_label"": ""read new trial"", ""type_of_edge"": ""solid"", ""relationship_value"": ""yes"", ""relationship_type"": ""depends_on""}, {""source"": ""new_trials_available"", ""source_type"": ""decision"", ""source_label"": ""new trials available?"", ""target"": ""read_values"", ""target_type"": ""process"", ""target_label"": ""Read Values"", ""type_of_edge"": ""solid"", ""relationship_value"": ""no"", ""relationship_type"": ""depends_on""}, {""source"": ""read_new_trial"", ""source_type"": ""process"", ""source_label"": ""read new trial"", ""target"": ""average_available"", ""target_type"": ""decision"", ""target_label"": ""average available for condition?"", ""type_of_edge"": ""solid"", ""relationship_value"": """", ""relationship_type"": ""follows""}, {""source"": ""average_available"", ""source_type"": ""decision"", ""source_label"": ""average available for condition?"", ""target"": ""initialize"", ""target_type"": ""process"", ""target_label"": ""Initialize"", ""type_of_edge"": ""solid"", ""relationship_value"": ""no"", ""relationship_type"": ""depends_on""}, {""source"": ""average_available"", ""source_type"": ""decision"", ""source_label"": ""average available for condition?"", ""target"": ""add_data_to_cumulative_sum"", ""target_type"": ""process"", ""target_label"": ""add data to cumulative sum"", ""type_of_edge"": ""solid"", ""relationship_value"": ""yes"", ""relationship_type"": ""depends_on""}, {""source"": ""initialize"", ""source_type"": ""process"", ""source_label"": ""Initialize"", ""target"": ""add_data_to_cumulative_sum"", ""target_type"": ""process"", ""target_label"": ""add data to cumulative sum"", ""type_of_edge"": ""solid"", ""relationship_value"": """", ""relationship_type"": ""follows""}, {""source"": ""add_data_to_cumulative_sum"", ""source_type"": ""process"", ""source_label"": ""add data to cumulative sum"", ""target"": ""compute_t_value_and_plot"", ""target_type"": ""process"", ""target_label"": ""compute t-value and plot"", ""type_of_edge"": ""solid"", ""relationship_value"": """", ""relationship_type"": ""follows""}, {""source"": ""compute_t_value_and_plot"", ""source_type"": ""process"", ""source_label"": ""compute t-value and plot"", ""target"": ""continue"", ""target_type"": ""decision"", ""target_label"": ""continue?"", ""type_of_edge"": ""solid"", ""relationship_value"": """", ""relationship_type"": ""follows""}, {""source"": ""continue"", ""source_type"": ""decision"", ""source_label"": ""continue?"", ""target"": ""read_values"", ""target_type"": ""process"", ""target_label"": ""Read Values"", ""type_of_edge"": ""solid"", ""relationship_value"": ""yes"", ""relationship_type"": ""depends_on""}, {""source"": ""continue"", ""source_type"": ""decision"", ""source_label"": ""continue?"", ""target"": ""stop"", ""target_type"": ""terminator"", ""target_label"": ""Stop"", ""type_of_edge"": ""solid"", ""relationship_value"": ""no"", ""relationship_type"": ""depends_on""}]}"
918.png,"{""nodes"": [{""id"": ""1"", ""type_of_node"": ""start"", ""shape"": ""start_event"", ""label"": ""Start""}, {""id"": ""2"", ""type_of_node"": ""decision"", ""shape"": ""gateway"", ""label"": ""Have an account""}, {""id"": ""3"", ""type_of_node"": ""process"", ""shape"": ""task"", ""label"": ""Register""}, {""id"": ""4"", ""type_of_node"": ""process"", ""shape"": ""task"", ""label"": ""Login""}, {""id"": ""5"", ""type_of_node"": ""process"", ""shape"": ""task"", ""label"": ""Select the Bus and Date and Time""}, {""id"": ""6"", ""type_of_node"": ""decision"", ""shape"": ""gateway"", ""label"": ""Confirm Booking""}, {""id"": ""7"", ""type_of_node"": ""process"", ""shape"": ""task"", ""label"": ""Payment Process""}, {""id"": ""8"", ""type_of_node"": ""terminator"", ""shape"": ""end_event"", ""label"": ""End""}], ""edges"": [{""source"": ""1"", ""source_type"": ""start"", ""source_label"": ""Start"", ""target"": ""2"", ""target_type"": ""decision"", ""target_label"": ""Have an account"", ""type_of_edge"": ""solid"", ""relationship_value"": """", ""relationship_type"": ""follows""}, {""source"": ""2"", ""source_type"": ""decision"", ""source_label"": ""Have an account"", ""target"": ""3"", ""target_type"": ""process"", ""target_label"": ""Register"", ""type_of_edge"": ""solid"", ""relationship_value"": """", ""relationship_type"": ""branches""}, {""source"": ""2"", ""source_type"": ""decision"", ""source_label"": ""Have an account"", ""target"": ""4"", ""target_type"": ""process"", ""target_label"": ""Login"", ""type_of_edge"": ""solid"", ""relationship_value"": """", ""relationship_type"": ""branches""}, {""source"": ""3"", ""source_type"": ""process"", ""source_label"": ""Register"", ""target"": ""4"", ""target_type"": ""process"", ""target_label"": ""Login"", ""type_of_edge"": ""solid"", ""relationship_value"": """", ""relationship_type"": ""follows""}, {""source"": ""4"", ""source_type"": ""process"", ""source_label"": ""Login"", ""target"": ""5"", ""target_type"": ""process"", ""target_label"": ""Select the Bus and Date and Time"", ""type_of_edge"": ""solid"", ""relationship_value"": """", ""relationship_type"": ""follows""}, {""source"": ""5"", ""source_type"": ""process"", ""source_label"": ""Select the Bus and Date and Time"", ""target"": ""6"", ""target_type"": ""decision"", ""target_label"": ""Confirm Booking"", ""type_of_edge"": ""solid"", ""relationship_value"": """", ""relationship_type"": ""follows""}, {""source"": ""6"", ""source_type"": ""decision"", ""source_label"": ""Confirm Booking"", ""target"": ""5"", ""target_type"": ""process"", ""target_label"": ""Select the Bus and Date and Time"", ""type_of_edge"": ""solid"", ""relationship_value"": """", ""relationship_type"": ""branches""}, {""source"": ""6"", ""source_type"": ""decision"", ""source_label"": ""Confirm Booking"", ""target"": ""7"", ""target_type"": ""process"", ""target_label"": ""Payment Process"", ""type_of_edge"": ""solid"", ""relationship_value"": """", ""relationship_type"": ""branches""}, {""source"": ""7"", ""source_type"": ""process"", ""source_label"": ""Payment Process"", ""target"": ""8"", ""target_type"": ""terminator"", ""target_label"": ""End"", ""type_of_edge"": ""solid"", ""relationship_value"": """", ""relationship_type"": ""follows""}]}"
203.png,"{""nodes"": [{""id"": ""customer_consulting"", ""type_of_node"": ""process"", ""shape"": ""task"", ""label"": ""Customer Consulting and Quotation""}, {""id"": ""deal"", ""type_of_node"": ""decision"", ""shape"": ""gateway"", ""label"": ""Deal?""}, {""id"": ""go_home"", ""type_of_node"": ""process"", ""shape"": ""task"", ""label"": ""Go home""}, {""id"": ""invoice"", ""type_of_node"": ""process"", ""shape"": ""task"", ""label"": ""Invoice""}, {""id"": ""shipping"", ""type_of_node"": ""process"", ""shape"": ""task"", ""label"": ""Shipping""}, {""id"": ""custom_clearance"", ""type_of_node"": ""process"", ""shape"": ""task"", ""label"": ""Custom Clearance""}, {""id"": ""payment_mode"", ""type_of_node"": ""process"", ""shape"": ""task"", ""label"": ""Payment mode""}, {""id"": ""delivery"", ""type_of_node"": ""process"", ""shape"": ""task"", ""label"": ""Delivery""}, {""id"": ""service_payment"", ""type_of_node"": ""process"", ""shape"": ""task"", ""label"": ""Service Payment""}, {""id"": ""pay_foreign_exchange"", ""type_of_node"": ""decision"", ""shape"": ""gateway"", ""label"": ""Pay Foreign Exchange?""}, {""id"": ""payment"", ""type_of_node"": ""process"", ""shape"": ""task"", ""label"": ""Payment""}, {""id"": ""stop"", ""type_of_node"": ""terminator"", ""shape"": ""end_event"", ""label"": ""Stop""}], ""edges"": [{""source"": ""customer_consulting"", ""source_type"": ""process"", ""source_label"": ""Customer Consulting and Quotation"", ""target"": ""deal"", ""target_type"": ""decision"", ""target_label"": ""Deal?"", ""type_of_edge"": ""solid"", ""relationship_value"": """", ""relationship_type"": ""follows""}, {""source"": ""deal"", ""source_type"": ""decision"", ""source_label"": ""Deal?"", ""target"": ""invoice"", ""target_type"": ""process"", ""target_label"": ""Invoice"", ""type_of_edge"": ""solid"", ""relationship_value"": ""Yes"", ""relationship_type"": ""depends_on""}, {""source"": ""deal"", ""source_type"": ""decision"", ""source_label"": ""Deal?"", ""target"": ""go_home"", ""target_type"": ""process"", ""target_label"": ""Go home"", ""type_of_edge"": ""dashed"", ""relationship_value"": ""No"", ""relationship_type"": ""depends_on""}, {""source"": ""invoice"", ""source_type"": ""process"", ""source_label"": ""Invoice"", ""target"": ""shipping"", ""target_type"": ""process"", ""target_label"": ""Shipping"", ""type_of_edge"": ""solid"", ""relationship_value"": """", ""relationship_type"": ""follows""}, {""source"": ""shipping"", ""source_type"": ""process"", ""source_label"": ""Shipping"", ""target"": ""custom_clearance"", ""target_type"": ""process"", ""target_label"": ""Custom Clearance"", ""type_of_edge"": ""solid"", ""relationship_value"": """", ""relationship_type"": ""follows""}, {""source"": ""custom_clearance"", ""source_type"": ""process"", ""source_label"": ""Custom Clearance"", ""target"": ""payment_mode"", ""target_type"": ""process"", ""target_label"": ""Payment mode"", ""type_of_edge"": ""solid"", ""relationship_value"": """", ""relationship_type"": ""follows""}, {""source"": ""payment_mode"", ""source_type"": ""process"", ""source_label"": ""Payment mode"", ""target"": ""delivery"", ""target_type"": ""process"", ""target_label"": ""Delivery"", ""type_of_edge"": ""solid"", ""relationship_value"": """", ""relationship_type"": ""follows""}, {""source"": ""delivery"", ""source_type"": ""process"", ""source_label"": ""Delivery"", ""target"": ""service_payment"", ""target_type"": ""process"", ""target_label"": ""Service Payment"", ""type_of_edge"": ""solid"", ""relationship_value"": """", ""relationship_type"": ""follows""}, {""source"": ""service_payment"", ""source_type"": ""process"", ""source_label"": ""Service Payment"", ""target"": ""pay_foreign_exchange"", ""target_type"": ""decision"", ""target_label"": ""Pay Foreign Exchange?"", ""type_of_edge"": ""solid"", ""relationship_value"": """", ""relationship_type"": ""follows""}, {""source"": ""pay_foreign_exchange"", ""source_type"": ""decision"", ""source_label"": ""Pay Foreign Exchange?"", ""target"": ""payment"", ""target_type"": ""process"", ""target_label"": ""Payment"", ""type_of_edge"": ""solid"", ""relationship_value"": ""Yes"", ""relationship_type"": ""depends_on""}, {""source"": ""pay_foreign_exchange"", ""source_type"": ""decision"", ""source_label"": ""Pay Foreign Exchange?"", ""target"": ""stop"", ""target_type"": ""terminator"", ""target_label"": ""Stop"", ""type_of_edge"": ""dashed"", ""relationship_value"": ""No"", ""relationship_type"": ""depends_on""}, {""source"": ""payment"", ""source_type"": ""process"", ""source_label"": ""Payment"", ""target"": ""stop"", ""target_type"": ""terminator"", ""target_label"": ""Stop"", ""type_of_edge"": ""solid"", ""relationship_value"": """", ""relationship_type"": ""follows""}]}"
580.png,"{""nodes"": [{""id"": ""1"", ""type_of_node"": ""process"", ""shape"": ""task"", ""label"": ""Image""}, {""id"": ""2"", ""type_of_node"": ""process"", ""shape"": ""task"", ""label"": ""3D point cloud""}, {""id"": ""3"", ""type_of_node"": ""process"", ""shape"": ""task"", ""label"": ""Threshold""}, {""id"": ""4"", ""type_of_node"": ""process"", ""shape"": ""task"", ""label"": ""Preprocessing""}, {""id"": ""5"", ""type_of_node"": ""process"", ""shape"": ""task"", ""label"": ""Information""}, {""id"": ""6"", ""type_of_node"": ""process"", ""shape"": ""task"", ""label"": ""Gesture recognition""}, {""id"": ""7"", ""type_of_node"": ""process"", ""shape"": ""task"", ""label"": ""Image""}], ""edges"": [{""source"": ""1"", ""source_type"": ""process"", ""source_label"": ""Image"", ""target"": ""2"", ""target_type"": ""process"", ""target_label"": ""3D point cloud"", ""type_of_edge"": ""solid"", ""relationship_value"": """", ""relationship_type"": ""follows""}, {""source"": ""2"", ""source_type"": ""process"", ""source_label"": ""3D point cloud"", ""target"": ""3"", ""target_type"": ""process"", ""target_label"": ""Threshold"", ""type_of_edge"": ""solid"", ""relationship_value"": """", ""relationship_type"": ""follows""}, {""source"": ""3"", ""source_type"": ""process"", ""source_label"": ""Threshold"", ""target"": ""4"", ""target_type"": ""process"", ""target_label"": ""Preprocessing"", ""type_of_edge"": ""solid"", ""relationship_value"": """", ""relationship_type"": ""follows""}, {""source"": ""4"", ""source_type"": ""process"", ""source_label"": ""Preprocessing"", ""target"": ""5"", ""target_type"": ""process"", ""target_label"": ""Information"", ""type_of_edge"": ""solid"", ""relationship_value"": """", ""relationship_type"": ""follows""}, {""source"": ""5"", ""source_type"": ""process"", ""source_label"": ""Information"", ""target"": ""6"", ""target_type"": ""process"", ""target_label"": ""Gesture recognition"", ""type_of_edge"": ""solid"", ""relationship_value"": """", ""relationship_type"": ""follows""}, {""source"": ""6"", ""source_type"": ""process"", ""source_label"": ""Gesture recognition"", ""target"": ""7"", ""target_type"": ""process"", ""target_label"": ""Image"", ""type_of_edge"": ""solid"", ""relationship_value"": """", ""relationship_type"": ""follows""}]}"
823.png,"{""nodes"": [{""id"": ""1"", ""type_of_node"": ""start"", ""shape"": ""start_event"", ""label"": ""Application""}, {""id"": ""2"", ""type_of_node"": ""process"", ""shape"": ""task"", ""label"": ""Login""}, {""id"": ""3"", ""type_of_node"": ""process"", ""shape"": ""task"", ""label"": ""Apply""}, {""id"": ""4"", ""type_of_node"": ""process"", ""shape"": ""task"", ""label"": ""Shortlist resumes""}, {""id"": ""5"", ""type_of_node"": ""process"", ""shape"": ""task"", ""label"": ""E-mail resumes to departments""}, {""id"": ""6"", ""type_of_node"": ""decision"", ""shape"": ""gateway"", ""label"": ""Resumes approved?""}, {""id"": ""7"", ""type_of_node"": ""process"", ""shape"": ""task"", ""label"": ""Screen more resumes""}, {""id"": ""8"", ""type_of_node"": ""process"", ""shape"": ""task"", ""label"": ""Call for Interview""}, {""id"": ""9"", ""type_of_node"": ""terminator"", ""shape"": ""end_event"", ""label"": ""End hiring Stage 1""}], ""edges"": [{""source"": ""1"", ""source_type"": ""start"", ""source_label"": ""Application"", ""target"": ""2"", ""target_type"": ""process"", ""target_label"": ""Login"", ""type_of_edge"": ""solid"", ""relationship_value"": """", ""relationship_type"": ""follows""}, {""source"": ""2"", ""source_type"": ""process"", ""source_label"": ""Login"", ""target"": ""3"", ""target_type"": ""process"", ""target_label"": ""Apply"", ""type_of_edge"": ""solid"", ""relationship_value"": """", ""relationship_type"": ""follows""}, {""source"": ""3"", ""source_type"": ""process"", ""source_label"": ""Apply"", ""target"": ""4"", ""target_type"": ""process"", ""target_label"": ""Shortlist resumes"", ""type_of_edge"": ""solid"", ""relationship_value"": """", ""relationship_type"": ""follows""}, {""source"": ""4"", ""source_type"": ""process"", ""source_label"": ""Shortlist resumes"", ""target"": ""5"", ""target_type"": ""process"", ""target_label"": ""E-mail resumes to departments"", ""type_of_edge"": ""solid"", ""relationship_value"": """", ""relationship_type"": ""follows""}, {""source"": ""5"", ""source_type"": ""process"", ""source_label"": ""E-mail resumes to departments"", ""target"": ""6"", ""target_type"": ""decision"", ""target_label"": ""Resumes approved?"", ""type_of_edge"": ""solid"", ""relationship_value"": """", ""relationship_type"": ""follows""}, {""source"": ""6"", ""source_type"": ""decision"", ""source_label"": ""Resumes approved?"", ""target"": ""7"", ""target_type"": ""process"", ""target_label"": ""Screen more resumes"", ""type_of_edge"": ""solid"", ""relationship_value"": ""No"", ""relationship_type"": ""branches""}, {""source"": ""7"", ""source_type"": ""process"", ""source_label"": ""Screen more resumes"", ""target"": ""5"", ""target_type"": ""process"", ""target_label"": ""E-mail resumes to departments"", ""type_of_edge"": ""solid"", ""relationship_value"": """", ""relationship_type"": ""follows""}, {""source"": ""6"", ""source_type"": ""decision"", ""source_label"": ""Resumes approved?"", ""target"": ""8"", ""target_type"": ""process"", ""target_label"": ""Call for Interview"", ""type_of_edge"": ""solid"", ""relationship_value"": ""Yes"", ""relationship_type"": ""branches""}, {""source"": ""8"", ""source_type"": ""process"", ""source_label"": ""Call for Interview"", ""target"": ""9"", ""target_type"": ""terminator"", ""target_label"": ""End hiring Stage 1"", ""type_of_edge"": ""solid"", ""relationship_value"": """", ""relationship_type"": ""follows""}]}"
692.png,"{""nodes"": [{""id"": ""1"", ""type_of_node"": ""start"", ""shape"": ""start_event"", ""label"": ""Start""}, {""id"": ""2"", ""type_of_node"": ""process"", ""shape"": ""task"", ""label"": ""Input Data""}, {""id"": ""3"", ""type_of_node"": ""process"", ""shape"": ""task"", ""label"": ""Process""}, {""id"": ""4"", ""type_of_node"": ""process"", ""shape"": ""task"", ""label"": ""Looking for Gain""}, {""id"": ""5"", ""type_of_node"": ""process"", ""shape"": ""task"", ""label"": ""Determine the Highest Gain""}, {""id"": ""6"", ""type_of_node"": ""process"", ""shape"": ""task"", ""label"": ""Update""}, {""id"": ""7"", ""type_of_node"": ""decision"", ""shape"": ""gateway"", ""label"": ""Finished""}, {""id"": ""8"", ""type_of_node"": ""terminator"", ""shape"": ""end_event"", ""label"": ""End""}], ""edges"": [{""source"": ""1"", ""source_type"": ""start"", ""source_label"": ""Start"", ""target"": ""2"", ""target_type"": ""process"", ""target_label"": ""Input Data"", ""type_of_edge"": ""solid"", ""relationship_value"": """", ""relationship_type"": ""follows""}, {""source"": ""2"", ""source_type"": ""process"", ""source_label"": ""Input Data"", ""target"": ""3"", ""target_type"": ""process"", ""target_label"": ""Process"", ""type_of_edge"": ""solid"", ""relationship_value"": """", ""relationship_type"": ""follows""}, {""source"": ""3"", ""source_type"": ""process"", ""source_label"": ""Process"", ""target"": ""4"", ""target_type"": ""process"", ""target_label"": ""Looking for Gain"", ""type_of_edge"": ""solid"", ""relationship_value"": """", ""relationship_type"": ""follows""}, {""source"": ""4"", ""source_type"": ""process"", ""source_label"": ""Looking for Gain"", ""target"": ""5"", ""target_type"": ""process"", ""target_label"": ""Determine the Highest Gain"", ""type_of_edge"": ""solid"", ""relationship_value"": """", ""relationship_type"": ""follows""}, {""source"": ""5"", ""source_type"": ""process"", ""source_label"": ""Determine the Highest Gain"", ""target"": ""6"", ""target_type"": ""process"", ""target_label"": ""Update"", ""type_of_edge"": ""solid"", ""relationship_value"": """", ""relationship_type"": ""follows""}, {""source"": ""6"", ""source_type"": ""process"", ""source_label"": ""Update"", ""target"": ""7"", ""target_type"": ""decision"", ""target_label"": ""Finished"", ""type_of_edge"": ""solid"", ""relationship_value"": """", ""relationship_type"": ""follows""}, {""source"": ""7"", ""source_type"": ""decision"", ""source_label"": ""Finished"", ""target"": ""8"", ""target_type"": ""terminator"", ""target_label"": ""End"", ""type_of_edge"": ""solid"", ""relationship_value"": ""Yes"", ""relationship_type"": ""branches""}, {""source"": ""7"", ""source_type"": ""decision"", ""source_label"": ""Finished"", ""target"": ""4"", ""target_type"": ""process"", ""target_label"": ""Looking for Gain"", ""type_of_edge"": ""solid"", ""relationship_value"": ""No"", ""relationship_type"": ""branches""}]}"
915.png,"{""nodes"": [{""id"": ""1"", ""type_of_node"": ""start"", ""shape"": ""start_event"", ""label"": ""Start""}, {""id"": ""2"", ""type_of_node"": ""process"", ""shape"": ""task"", ""label"": ""Process""}, {""id"": ""3"", ""type_of_node"": ""decision"", ""shape"": ""gateway"", ""label"": ""Decision""}, {""id"": ""4"", ""type_of_node"": ""process"", ""shape"": ""task"", ""label"": ""Work""}, {""id"": ""5"", ""type_of_node"": ""process"", ""shape"": ""task"", ""label"": ""Sleep""}, {""id"": ""6"", ""type_of_node"": ""process"", ""shape"": ""task"", ""label"": ""Enjoy""}, {""id"": ""7"", ""type_of_node"": ""process"", ""shape"": ""task"", ""label"": ""Party""}, {""id"": ""8"", ""type_of_node"": ""process"", ""shape"": ""task"", ""label"": ""Home""}, {""id"": ""9"", ""type_of_node"": ""terminator"", ""shape"": ""end_event"", ""label"": ""End""}], ""edges"": [{""source"": ""1"", ""source_type"": ""start"", ""source_label"": ""Start"", ""target"": ""2"", ""target_type"": ""process"", ""target_label"": ""Process"", ""type_of_edge"": ""solid"", ""relationship_value"": """", ""relationship_type"": ""follows""}, {""source"": ""2"", ""source_type"": ""process"", ""source_label"": ""Process"", ""target"": ""3"", ""target_type"": ""decision"", ""target_label"": ""Decision"", ""type_of_edge"": ""solid"", ""relationship_value"": """", ""relationship_type"": ""follows""}, {""source"": ""3"", ""source_type"": ""decision"", ""source_label"": ""Decision"", ""target"": ""4"", ""target_type"": ""process"", ""target_label"": ""Work"", ""type_of_edge"": ""solid"", ""relationship_value"": """", ""relationship_type"": ""branches""}, {""source"": ""3"", ""source_type"": ""decision"", ""source_label"": ""Decision"", ""target"": ""5"", ""target_type"": ""process"", ""target_label"": ""Sleep"", ""type_of_edge"": ""solid"", ""relationship_value"": """", ""relationship_type"": ""branches""}, {""source"": ""4"", ""source_type"": ""process"", ""source_label"": ""Work"", ""target"": ""6"", ""target_type"": ""process"", ""target_label"": ""Enjoy"", ""type_of_edge"": ""solid"", ""relationship_value"": ""Yes"", ""relationship_type"": ""branches""}, {""source"": ""4"", ""source_type"": ""process"", ""source_label"": ""Work"", ""target"": ""7"", ""target_type"": ""process"", ""target_label"": ""Party"", ""type_of_edge"": ""solid"", ""relationship_value"": ""No"", ""relationship_type"": ""branches""}, {""source"": ""5"", ""source_type"": ""process"", ""source_label"": ""Sleep"", ""target"": ""8"", ""target_type"": ""process"", ""target_label"": ""Home"", ""type_of_edge"": ""solid"", ""relationship_value"": """", ""relationship_type"": ""follows""}, {""source"": ""8"", ""source_type"": ""process"", ""source_label"": ""Home"", ""target"": ""9"", ""target_type"": ""terminator"", ""target_label"": ""End"", ""type_of_edge"": ""solid"", ""relationship_value"": """", ""relationship_type"": ""follows""}]}"
273.png,"{""nodes"": [{""id"": ""1"", ""type_of_node"": ""start"", ""shape"": ""start_event"", ""label"": ""Movie""}, {""id"": ""2"", ""type_of_node"": ""decision"", ""shape"": ""gateway"", ""label"": ""has subtitles""}, {""id"": ""3"", ""type_of_node"": ""process"", ""shape"": ""task"", ""label"": ""Ask someone""}, {""id"": ""4"", ""type_of_node"": ""decision"", ""shape"": ""gateway"", ""label"": ""Type""}, {""id"": ""5"", ""type_of_node"": ""process"", ""shape"": ""task"", ""label"": ""Summarize based on selected algorithm""}, {""id"": ""6"", ""type_of_node"": ""process"", ""shape"": ""task"", ""label"": ""Crate new algorithm""}, {""id"": ""7"", ""type_of_node"": ""terminator"", ""shape"": ""end_event"", ""label"": ""Generate the summarized video""}], ""edges"": [{""source"": ""1"", ""source_type"": ""start"", ""source_label"": ""Movie"", ""target"": ""2"", ""target_type"": ""decision"", ""target_label"": ""has subtitles"", ""type_of_edge"": ""solid"", ""relationship_value"": """", ""relationship_type"": ""follows""}, {""source"": ""2"", ""source_type"": ""decision"", ""source_label"": ""has subtitles"", ""target"": ""3"", ""target_type"": ""process"", ""target_label"": ""Ask someone"", ""type_of_edge"": ""solid"", ""relationship_value"": ""No"", ""relationship_type"": ""branches""}, {""source"": ""2"", ""source_type"": ""decision"", ""source_label"": ""has subtitles"", ""target"": ""4"", ""target_type"": ""decision"", ""target_label"": ""Type"", ""type_of_edge"": ""solid"", ""relationship_value"": ""Yes"", ""relationship_type"": ""branches""}, {""source"": ""4"", ""source_type"": ""decision"", ""source_label"": ""Type"", ""target"": ""5"", ""target_type"": ""process"", ""target_label"": ""Summarize based on selected algorithm"", ""type_of_edge"": ""solid"", ""relationship_value"": ""Single"", ""relationship_type"": ""branches""}, {""source"": ""4"", ""source_type"": ""decision"", ""source_label"": ""Type"", ""target"": ""6"", ""target_type"": ""process"", ""target_label"": ""Crate new algorithm"", ""type_of_edge"": ""solid"", ""relationship_value"": ""Combined"", ""relationship_type"": ""branches""}, {""source"": ""5"", ""source_type"": ""process"", ""source_label"": ""Summarize based on selected algorithm"", ""target"": ""7"", ""target_type"": ""terminator"", ""target_label"": ""Generate the summarized video"", ""type_of_edge"": ""solid"", ""relationship_value"": """", ""relationship_type"": ""follows""}, {""source"": ""6"", ""source_type"": ""process"", ""source_label"": ""Crate new algorithm"", ""target"": ""7"", ""target_type"": ""terminator"", ""target_label"": ""Generate the summarized video"", ""type_of_edge"": ""solid"", ""relationship_value"": """", ""relationship_type"": ""follows""}]}"
121.png,"{""nodes"": [{""id"": ""1"", ""type_of_node"": ""start"", ""shape"": ""start_event"", ""label"": ""Begin""}, {""id"": ""2"", ""type_of_node"": ""process"", ""shape"": ""task"", ""label"": ""Generate Initial Population""}, {""id"": ""3"", ""type_of_node"": ""process"", ""shape"": ""task"", ""label"": ""Compute the fitness of each individual""}, {""id"": ""4"", ""type_of_node"": ""process"", ""shape"": ""task"", ""label"": ""Check all person""}, {""id"": ""5"", ""type_of_node"": ""process"", ""shape"": ""task"", ""label"": ""Categorize them""}, {""id"": ""6"", ""type_of_node"": ""decision"", ""shape"": ""gateway"", ""label"": ""Converging?""}, {""id"": ""7"", ""type_of_node"": ""terminator"", ""shape"": ""end_event"", ""label"": ""End""}], ""edges"": [{""source"": ""1"", ""source_type"": ""start"", ""source_label"": ""Begin"", ""target"": ""2"", ""target_type"": ""process"", ""target_label"": ""Generate Initial Population"", ""type_of_edge"": ""solid"", ""relationship_value"": """", ""relationship_type"": ""follows""}, {""source"": ""2"", ""source_type"": ""process"", ""source_label"": ""Generate Initial Population"", ""target"": ""3"", ""target_type"": ""process"", ""target_label"": ""Compute the fitness of each individual"", ""type_of_edge"": ""solid"", ""relationship_value"": """", ""relationship_type"": ""follows""}, {""source"": ""3"", ""source_type"": ""process"", ""source_label"": ""Compute the fitness of each individual"", ""target"": ""4"", ""target_type"": ""process"", ""target_label"": ""Check all person"", ""type_of_edge"": ""solid"", ""relationship_value"": """", ""relationship_type"": ""follows""}, {""source"": ""4"", ""source_type"": ""process"", ""source_label"": ""Check all person"", ""target"": ""5"", ""target_type"": ""process"", ""target_label"": ""Categorize them"", ""type_of_edge"": ""solid"", ""relationship_value"": """", ""relationship_type"": ""follows""}, {""source"": ""5"", ""source_type"": ""process"", ""source_label"": ""Categorize them"", ""target"": ""6"", ""target_type"": ""decision"", ""target_label"": ""Converging?"", ""type_of_edge"": ""solid"", ""relationship_value"": """", ""relationship_type"": ""follows""}, {""source"": ""6"", ""source_type"": ""decision"", ""source_label"": ""Converging?"", ""target"": ""3"", ""target_type"": ""process"", ""target_label"": ""Compute the fitness of each individual"", ""type_of_edge"": ""solid"", ""relationship_value"": ""NO"", ""relationship_type"": ""follows""}, {""source"": ""6"", ""source_type"": ""decision"", ""source_label"": ""Converging?"", ""target"": ""7"", ""target_type"": ""terminator"", ""target_label"": ""End"", ""type_of_edge"": ""solid"", ""relationship_value"": ""YES"", ""relationship_type"": ""follows""}]}"
706.png,"{""nodes"": [{""id"": ""1"", ""type_of_node"": ""start"", ""shape"": ""start_event"", ""label"": ""START""}, {""id"": ""2"", ""type_of_node"": ""process"", ""shape"": ""task"", ""label"": ""count=1""}, {""id"": ""3"", ""type_of_node"": ""decision"", ""shape"": ""gateway"", ""label"": ""count<=3""}, {""id"": ""4"", ""type_of_node"": ""terminator"", ""shape"": ""end_event"", ""label"": ""STOP""}, {""id"": ""5"", ""type_of_node"": ""process"", ""shape"": ""task"", ""label"": ""INPUT""}, {""id"": ""6"", ""type_of_node"": ""process"", ""shape"": ""task"", ""label"": ""p * n * r / 100""}, {""id"": ""7"", ""type_of_node"": ""process"", ""shape"": ""task"", ""label"": ""PRINT""}, {""id"": ""8"", ""type_of_node"": ""process"", ""shape"": ""task"", ""label"": ""count = count + 1""}], ""edges"": [{""source"": ""1"", ""source_type"": ""start"", ""source_label"": ""START"", ""target"": ""2"", ""target_type"": ""process"", ""target_label"": ""count=1"", ""type_of_edge"": ""solid"", ""relationship_value"": """", ""relationship_type"": ""follows""}, {""source"": ""2"", ""source_type"": ""process"", ""source_label"": ""count=1"", ""target"": ""3"", ""target_type"": ""decision"", ""target_label"": ""count<=3"", ""type_of_edge"": ""solid"", ""relationship_value"": """", ""relationship_type"": ""follows""}, {""source"": ""3"", ""source_type"": ""decision"", ""source_label"": ""count<=3"", ""target"": ""4"", ""target_type"": ""terminator"", ""target_label"": ""STOP"", ""type_of_edge"": ""solid"", ""relationship_value"": ""No"", ""relationship_type"": ""branches""}, {""source"": ""3"", ""source_type"": ""decision"", ""source_label"": ""count<=3"", ""target"": ""5"", ""target_type"": ""process"", ""target_label"": ""INPUT"", ""type_of_edge"": ""solid"", ""relationship_value"": ""Yes"", ""relationship_type"": ""branches""}, {""source"": ""5"", ""source_type"": ""process"", ""source_label"": ""INPUT"", ""target"": ""6"", ""target_type"": ""process"", ""target_label"": ""p * n * r / 100"", ""type_of_edge"": ""solid"", ""relationship_value"": """", ""relationship_type"": ""follows""}, {""source"": ""6"", ""source_type"": ""process"", ""source_label"": ""p * n * r / 100"", ""target"": ""7"", ""target_type"": ""process"", ""target_label"": ""PRINT"", ""type_of_edge"": ""solid"", ""relationship_value"": """", ""relationship_type"": ""follows""}, {""source"": ""7"", ""source_type"": ""process"", ""source_label"": ""PRINT"", ""target"": ""8"", ""target_type"": ""process"", ""target_label"": ""count = count + 1"", ""type_of_edge"": ""solid"", ""relationship_value"": """", ""relationship_type"": ""follows""}, {""source"": ""8"", ""source_type"": ""process"", ""source_label"": ""count = count + 1"", ""target"": ""3"", ""target_type"": ""decision"", ""target_label"": ""count<=3"", ""type_of_edge"": ""solid"", ""relationship_value"": """", ""relationship_type"": ""follows""}]}"
62.png,"{""nodes"": [{""id"": ""1"", ""type_of_node"": ""start"", ""shape"": ""start_event"", ""label"": ""Begin""}, {""id"": ""2"", ""type_of_node"": ""process"", ""shape"": ""task"", ""label"": ""Initialize variables""}, {""id"": ""3"", ""type_of_node"": ""process"", ""shape"": ""task"", ""label"": ""INPUT numbers""}, {""id"": ""4"", ""type_of_node"": ""decision"", ""shape"": ""gateway"", ""label"": ""All numbers been entered?""}, {""id"": ""5"", ""type_of_node"": ""process"", ""shape"": ""task"", ""label"": ""Average=total/numbers""}, {""id"": ""6"", ""type_of_node"": ""process"", ""shape"": ""task"", ""label"": ""Print Output""}, {""id"": ""7"", ""type_of_node"": ""terminator"", ""shape"": ""end_event"", ""label"": ""Stop""}, {""id"": ""8"", ""type_of_node"": ""process"", ""shape"": ""task"", ""label"": ""INPUT latest""}, {""id"": ""9"", ""type_of_node"": ""process"", ""shape"": ""task"", ""label"": ""total=total+latest""}], ""edges"": [{""source"": ""1"", ""source_type"": ""start"", ""source_label"": ""Begin"", ""target"": ""2"", ""target_type"": ""process"", ""target_label"": ""Initialize variables"", ""type_of_edge"": ""solid"", ""relationship_value"": """", ""relationship_type"": ""follows""}, {""source"": ""2"", ""source_type"": ""process"", ""source_label"": ""Initialize variables"", ""target"": ""3"", ""target_type"": ""process"", ""target_label"": ""INPUT numbers"", ""type_of_edge"": ""solid"", ""relationship_value"": """", ""relationship_type"": ""follows""}, {""source"": ""3"", ""source_type"": ""process"", ""source_label"": ""INPUT numbers"", ""target"": ""4"", ""target_type"": ""decision"", ""target_label"": ""All numbers been entered?"", ""type_of_edge"": ""solid"", ""relationship_value"": """", ""relationship_type"": ""follows""}, {""source"": ""4"", ""source_type"": ""decision"", ""source_label"": ""All numbers been entered?"", ""target"": ""5"", ""target_type"": ""process"", ""target_label"": ""Average=total/numbers"", ""type_of_edge"": ""solid"", ""relationship_value"": ""Yes"", ""relationship_type"": ""branches""}, {""source"": ""5"", ""source_type"": ""process"", ""source_label"": ""Average=total/numbers"", ""target"": ""6"", ""target_type"": ""process"", ""target_label"": ""Print Output"", ""type_of_edge"": ""solid"", ""relationship_value"": """", ""relationship_type"": ""follows""}, {""source"": ""6"", ""source_type"": ""process"", ""source_label"": ""Print Output"", ""target"": ""7"", ""target_type"": ""terminator"", ""target_label"": ""Stop"", ""type_of_edge"": ""solid"", ""relationship_value"": """", ""relationship_type"": ""follows""}, {""source"": ""4"", ""source_type"": ""decision"", ""source_label"": ""All numbers been entered?"", ""target"": ""8"", ""target_type"": ""process"", ""target_label"": ""INPUT latest"", ""type_of_edge"": ""solid"", ""relationship_value"": ""No"", ""relationship_type"": ""branches""}, {""source"": ""8"", ""source_type"": ""process"", ""source_label"": ""INPUT latest"", ""target"": ""9"", ""target_type"": ""process"", ""target_label"": ""total=total+latest"", ""type_of_edge"": ""solid"", ""relationship_value"": """", ""relationship_type"": ""follows""}, {""source"": ""9"", ""source_type"": ""process"", ""source_label"": ""total=total+latest"", ""target"": ""4"", ""target_type"": ""decision"", ""target_label"": ""All numbers been entered?"", ""type_of_edge"": ""solid"", ""relationship_value"": """", ""relationship_type"": ""follows""}]}"
39.png,"{""nodes"": [{""id"": ""1"", ""type_of_node"": ""start"", ""shape"": ""start_event"", ""label"": ""Start""}, {""id"": ""2"", ""type_of_node"": ""decision"", ""shape"": ""gateway"", ""label"": ""Obect Detected""}, {""id"": ""3"", ""type_of_node"": ""process"", ""shape"": ""task"", ""label"": ""Drive Forwards""}, {""id"": ""4"", ""type_of_node"": ""process"", ""shape"": ""task"", ""label"": ""Turn Robot""}], ""edges"": [{""source"": ""1"", ""source_type"": ""start"", ""source_label"": ""Start"", ""target"": ""2"", ""target_type"": ""decision"", ""target_label"": ""Obect Detected"", ""type_of_edge"": ""solid"", ""relationship_value"": """", ""relationship_type"": ""follows""}, {""source"": ""2"", ""source_type"": ""decision"", ""source_label"": ""Obect Detected"", ""target"": ""3"", ""target_type"": ""process"", ""target_label"": ""Drive Forwards"", ""type_of_edge"": ""solid"", ""relationship_value"": ""Yes"", ""relationship_type"": ""branches""}, {""source"": ""2"", ""source_type"": ""decision"", ""source_label"": ""Obect Detected"", ""target"": ""4"", ""target_type"": ""process"", ""target_label"": ""Turn Robot"", ""type_of_edge"": ""solid"", ""relationship_value"": ""No"", ""relationship_type"": ""branches""}, {""source"": ""3"", ""source_type"": ""process"", ""source_label"": ""Drive Forwards"", ""target"": ""2"", ""target_type"": ""decision"", ""target_label"": ""Obect Detected"", ""type_of_edge"": ""solid"", ""relationship_value"": """", ""relationship_type"": ""follows""}, {""source"": ""4"", ""source_type"": ""process"", ""source_label"": ""Turn Robot"", ""target"": ""2"", ""target_type"": ""decision"", ""target_label"": ""Obect Detected"", ""type_of_edge"": ""solid"", ""relationship_value"": """", ""relationship_type"": ""follows""}]}"
891.png,"{""nodes"": [{""id"": ""1"", ""type_of_node"": ""start"", ""shape"": ""start_event"", ""label"": ""New Budget""}, {""id"": ""2"", ""type_of_node"": ""process"", ""shape"": ""task"", ""label"": ""Make an edit""}, {""id"": ""3"", ""type_of_node"": ""decision"", ""shape"": ""gateway"", ""label"": ""Was the article edited further?""}, {""id"": ""4"", ""type_of_node"": ""decision"", ""shape"": ""gateway"", ""label"": ""Do you agree with the change?""}, {""id"": ""5"", ""type_of_node"": ""process"", ""shape"": ""task"", ""label"": ""Discuss""}, {""id"": ""6"", ""type_of_node"": ""process"", ""shape"": ""task"", ""label"": ""Implement Budget""}], ""edges"": [{""source"": ""1"", ""source_type"": ""start"", ""source_label"": ""New Budget"", ""target"": ""2"", ""target_type"": ""process"", ""target_label"": ""Make an edit"", ""type_of_edge"": ""solid"", ""relationship_value"": """", ""relationship_type"": ""follows""}, {""source"": ""2"", ""source_type"": ""process"", ""source_label"": ""Make an edit"", ""target"": ""3"", ""target_type"": ""decision"", ""target_label"": ""Was the article edited further?"", ""type_of_edge"": ""solid"", ""relationship_value"": ""Wait"", ""relationship_type"": ""follows""}, {""source"": ""3"", ""source_type"": ""decision"", ""source_label"": ""Was the article edited further?"", ""target"": ""4"", ""target_type"": ""decision"", ""target_label"": ""Do you agree with the change?"", ""type_of_edge"": ""solid"", ""relationship_value"": ""Yes"", ""relationship_type"": ""branches""}, {""source"": ""3"", ""source_type"": ""decision"", ""source_label"": ""Was the article edited further?"", ""target"": ""6"", ""target_type"": ""process"", ""target_label"": ""Implement Budget"", ""type_of_edge"": ""solid"", ""relationship_value"": ""No"", ""relationship_type"": ""branches""}, {""source"": ""4"", ""source_type"": ""decision"", ""source_label"": ""Do you agree with the change?"", ""target"": ""5"", ""target_type"": ""process"", ""target_label"": ""Discuss"", ""type_of_edge"": ""solid"", ""relationship_value"": ""Disagree"", ""relationship_type"": ""branches""}, {""source"": ""4"", ""source_type"": ""decision"", ""source_label"": ""Do you agree with the change?"", ""target"": ""6"", ""target_type"": ""process"", ""target_label"": ""Implement Budget"", ""type_of_edge"": ""solid"", ""relationship_value"": ""Agree"", ""relationship_type"": ""branches""}, {""source"": ""5"", ""source_type"": ""process"", ""source_label"": ""Discuss"", ""target"": ""2"", ""target_type"": ""process"", ""target_label"": ""Make an edit"", ""type_of_edge"": ""solid"", ""relationship_value"": ""Implement"", ""relationship_type"": ""follows""}]}"
76.png,"{""nodes"": [{""id"": ""1"", ""type_of_node"": ""start"", ""shape"": ""start_event"", ""label"": ""START""}, {""id"": ""2"", ""type_of_node"": ""decision"", ""shape"": ""gateway"", ""label"": ""Is it necessary?""}, {""id"": ""3"", ""type_of_node"": ""process"", ""shape"": ""task"", ""label"": ""Don't do it!""}, {""id"": ""4"", ""type_of_node"": ""decision"", ""shape"": ""gateway"", ""label"": ""Will it fail?""}, {""id"": ""5"", ""type_of_node"": ""process"", ""shape"": ""task"", ""label"": ""Do it!""}, {""id"": ""6"", ""type_of_node"": ""decision"", ""shape"": ""gateway"", ""label"": ""Knowledge""}], ""edges"": [{""source"": ""1"", ""source_type"": ""start"", ""source_label"": ""START"", ""target"": ""2"", ""target_type"": ""decision"", ""target_label"": ""Is it necessary?"", ""type_of_edge"": ""solid"", ""relationship_value"": """", ""relationship_type"": ""follows""}, {""source"": ""2"", ""source_type"": ""decision"", ""source_label"": ""Is it necessary?"", ""target"": ""3"", ""target_type"": ""process"", ""target_label"": ""Don't do it!"", ""type_of_edge"": ""solid"", ""relationship_value"": ""NO"", ""relationship_type"": ""branches""}, {""source"": ""2"", ""source_type"": ""decision"", ""source_label"": ""Is it necessary?"", ""target"": ""4"", ""target_type"": ""decision"", ""target_label"": ""Will it fail?"", ""type_of_edge"": ""solid"", ""relationship_value"": ""YES"", ""relationship_type"": ""branches""}, {""source"": ""4"", ""source_type"": ""decision"", ""source_label"": ""Will it fail?"", ""target"": ""5"", ""target_type"": ""process"", ""target_label"": ""Do it!"", ""type_of_edge"": ""solid"", ""relationship_value"": ""NO"", ""relationship_type"": ""branches""}, {""source"": ""4"", ""source_type"": ""decision"", ""source_label"": ""Will it fail?"", ""target"": ""6"", ""target_type"": ""decision"", ""target_label"": ""Knowledge"", ""type_of_edge"": ""solid"", ""relationship_value"": ""YES"", ""relationship_type"": ""branches""}, {""source"": ""6"", ""source_type"": ""decision"", ""source_label"": ""Knowledge"", ""target"": ""3"", ""target_type"": ""process"", ""target_label"": ""Don't do it!"", ""type_of_edge"": ""solid"", ""relationship_value"": ""NO"", ""relationship_type"": ""branches""}, {""source"": ""6"", ""source_type"": ""decision"", ""source_label"": ""Knowledge"", ""target"": ""5"", ""target_type"": ""process"", ""target_label"": ""Do it!"", ""type_of_edge"": ""solid"", ""relationship_value"": ""YES"", ""relationship_type"": ""branches""}]}"
67.png,"{""nodes"": [{""id"": ""1"", ""type_of_node"": ""start"", ""shape"": ""start_event"", ""label"": ""Start""}, {""id"": ""2"", ""type_of_node"": ""process"", ""shape"": ""task"", ""label"": ""Entry Users Personal ID""}, {""id"": ""3"", ""type_of_node"": ""process"", ""shape"": ""task"", ""label"": ""Login Success""}, {""id"": ""4"", ""type_of_node"": ""process"", ""shape"": ""task"", ""label"": ""Read to-n Answer""}, {""id"": ""5"", ""type_of_node"": ""process"", ""shape"": ""task"", ""label"": ""Start Loop""}, {""id"": ""6"", ""type_of_node"": ""process"", ""shape"": ""task"", ""label"": ""Inference Process""}, {""id"": ""7"", ""type_of_node"": ""decision"", ""shape"": ""gateway"", ""label"": ""Conclusion""}, {""id"": ""8"", ""type_of_node"": ""process"", ""shape"": ""task"", ""label"": ""Positioning Detection for monitoring""}, {""id"": ""9"", ""type_of_node"": ""terminator"", ""shape"": ""end_event"", ""label"": ""Stop""}], ""edges"": [{""source"": ""1"", ""source_type"": ""start"", ""source_label"": ""Start"", ""target"": ""2"", ""target_type"": ""process"", ""target_label"": ""Entry Users Personal ID"", ""type_of_edge"": ""solid"", ""relationship_value"": """", ""relationship_type"": ""follows""}, {""source"": ""2"", ""source_type"": ""process"", ""source_label"": ""Entry Users Personal ID"", ""target"": ""3"", ""target_type"": ""process"", ""target_label"": ""Login Success"", ""type_of_edge"": ""solid"", ""relationship_value"": """", ""relationship_type"": ""follows""}, {""source"": ""3"", ""source_type"": ""process"", ""source_label"": ""Login Success"", ""target"": ""4"", ""target_type"": ""process"", ""target_label"": ""Read to-n Answer"", ""type_of_edge"": ""solid"", ""relationship_value"": """", ""relationship_type"": ""follows""}, {""source"": ""4"", ""source_type"": ""process"", ""source_label"": ""Read to-n Answer"", ""target"": ""5"", ""target_type"": ""process"", ""target_label"": ""Start Loop"", ""type_of_edge"": ""solid"", ""relationship_value"": """", ""relationship_type"": ""follows""}, {""source"": ""5"", ""source_type"": ""process"", ""source_label"": ""Start Loop"", ""target"": ""6"", ""target_type"": ""process"", ""target_label"": ""Inference Process"", ""type_of_edge"": ""solid"", ""relationship_value"": """", ""relationship_type"": ""branches""}, {""source"": ""5"", ""source_type"": ""process"", ""source_label"": ""Start Loop"", ""target"": ""3"", ""target_type"": ""process"", ""target_label"": ""Login Success"", ""type_of_edge"": ""solid"", ""relationship_value"": """", ""relationship_type"": ""branches""}, {""source"": ""6"", ""source_type"": ""process"", ""source_label"": ""Inference Process"", ""target"": ""7"", ""target_type"": ""decision"", ""target_label"": ""Conclusion"", ""type_of_edge"": ""solid"", ""relationship_value"": """", ""relationship_type"": ""follows""}, {""source"": ""7"", ""source_type"": ""decision"", ""source_label"": ""Conclusion"", ""target"": ""8"", ""target_type"": ""process"", ""target_label"": ""Positioning Detection for monitoring"", ""type_of_edge"": ""solid"", ""relationship_value"": ""Yes"", ""relationship_type"": ""branches""}, {""source"": ""7"", ""source_type"": ""decision"", ""source_label"": ""Conclusion"", ""target"": ""9"", ""target_type"": ""terminator"", ""target_label"": ""Stop"", ""type_of_edge"": ""solid"", ""relationship_value"": ""No"", ""relationship_type"": ""branches""}, {""source"": ""8"", ""source_type"": ""process"", ""source_label"": ""Positioning Detection for monitoring"", ""target"": ""9"", ""target_type"": ""terminator"", ""target_label"": ""Stop"", ""type_of_edge"": ""solid"", ""relationship_value"": """", ""relationship_type"": ""follows""}]}"
429.png,"{""nodes"": [{""id"": ""1"", ""type_of_node"": ""start"", ""shape"": ""start_event"", ""label"": ""Begin""}, {""id"": ""2"", ""type_of_node"": ""process"", ""shape"": ""task"", ""label"": ""READ N""}, {""id"": ""3"", ""type_of_node"": ""process"", ""shape"": ""task"", ""label"": ""M=1 F=1""}, {""id"": ""4"", ""type_of_node"": ""process"", ""shape"": ""task"", ""label"": ""F=F*M""}, {""id"": ""5"", ""type_of_node"": ""decision"", ""shape"": ""gateway"", ""label"": ""M=N?""}, {""id"": ""6"", ""type_of_node"": ""process"", ""shape"": ""task"", ""label"": ""M=M+1""}, {""id"": ""7"", ""type_of_node"": ""process"", ""shape"": ""task"", ""label"": ""PRINT F""}], ""edges"": [{""source"": ""1"", ""source_type"": ""start"", ""source_label"": ""Begin"", ""target"": ""2"", ""target_type"": ""process"", ""target_label"": ""READ N"", ""type_of_edge"": ""solid"", ""relationship_value"": """", ""relationship_type"": ""follows""}, {""source"": ""2"", ""source_type"": ""process"", ""source_label"": ""READ N"", ""target"": ""3"", ""target_type"": ""process"", ""target_label"": ""M=1 F=1"", ""type_of_edge"": ""solid"", ""relationship_value"": """", ""relationship_type"": ""follows""}, {""source"": ""3"", ""source_type"": ""process"", ""source_label"": ""M=1 F=1"", ""target"": ""4"", ""target_type"": ""process"", ""target_label"": ""F=F*M"", ""type_of_edge"": ""solid"", ""relationship_value"": """", ""relationship_type"": ""follows""}, {""source"": ""4"", ""source_type"": ""process"", ""source_label"": ""F=F*M"", ""target"": ""5"", ""target_type"": ""decision"", ""target_label"": ""M=N?"", ""type_of_edge"": ""solid"", ""relationship_value"": """", ""relationship_type"": ""follows""}, {""source"": ""5"", ""source_type"": ""decision"", ""source_label"": ""M=N?"", ""target"": ""6"", ""target_type"": ""process"", ""target_label"": ""M=M+1"", ""type_of_edge"": ""solid"", ""relationship_value"": ""NO"", ""relationship_type"": ""branches""}, {""source"": ""6"", ""source_type"": ""process"", ""source_label"": ""M=M+1"", ""target"": ""4"", ""target_type"": ""process"", ""target_label"": ""F=F*M"", ""type_of_edge"": ""solid"", ""relationship_value"": """", ""relationship_type"": ""follows""}, {""source"": ""5"", ""source_type"": ""decision"", ""source_label"": ""M=N?"", ""target"": ""7"", ""target_type"": ""process"", ""target_label"": ""PRINT F"", ""type_of_edge"": ""solid"", ""relationship_value"": ""YES"", ""relationship_type"": ""branches""}]}"
86.png,"{""nodes"": [{""id"": ""1"", ""type_of_node"": ""start"", ""shape"": ""start_event"", ""label"": ""Begin""}, {""id"": ""2"", ""type_of_node"": ""process"", ""shape"": ""task"", ""label"": ""statements""}, {""id"": ""3"", ""type_of_node"": ""decision"", ""shape"": ""gateway"", ""label"": ""condition""}, {""id"": ""4"", ""type_of_node"": ""process"", ""shape"": ""task"", ""label"": ""statements 1""}, {""id"": ""5"", ""type_of_node"": ""process"", ""shape"": ""task"", ""label"": ""statements 2""}, {""id"": ""6"", ""type_of_node"": ""terminator"", ""shape"": ""end_event"", ""label"": ""Stop""}], ""edges"": [{""source"": ""1"", ""source_type"": ""start"", ""source_label"": ""Begin"", ""target"": ""2"", ""target_type"": ""process"", ""target_label"": ""statements"", ""type_of_edge"": ""solid"", ""relationship_value"": """", ""relationship_type"": ""follows""}, {""source"": ""2"", ""source_type"": ""process"", ""source_label"": ""statements"", ""target"": ""3"", ""target_type"": ""decision"", ""target_label"": ""condition"", ""type_of_edge"": ""solid"", ""relationship_value"": """", ""relationship_type"": ""follows""}, {""source"": ""3"", ""source_type"": ""decision"", ""source_label"": ""condition"", ""target"": ""4"", ""target_type"": ""process"", ""target_label"": ""statements 1"", ""type_of_edge"": ""solid"", ""relationship_value"": ""True"", ""relationship_type"": ""branches""}, {""source"": ""3"", ""source_type"": ""decision"", ""source_label"": ""condition"", ""target"": ""5"", ""target_type"": ""process"", ""target_label"": ""statements 2"", ""type_of_edge"": ""solid"", ""relationship_value"": ""Flalse"", ""relationship_type"": ""branches""}, {""source"": ""4"", ""source_type"": ""process"", ""source_label"": ""statements 1"", ""target"": ""3"", ""target_type"": ""decision"", ""target_label"": ""condition"", ""type_of_edge"": ""solid"", ""relationship_value"": """", ""relationship_type"": ""follows""}, {""source"": ""5"", ""source_type"": ""process"", ""source_label"": ""statements 2"", ""target"": ""6"", ""target_type"": ""terminator"", ""target_label"": ""Stop"", ""type_of_edge"": ""solid"", ""relationship_value"": """", ""relationship_type"": ""follows""}]}"
116.png,"{""nodes"": [{""id"": ""1"", ""type_of_node"": ""start"", ""shape"": ""start_event"", ""label"": ""Start""}, {""id"": ""2"", ""type_of_node"": ""process"", ""shape"": ""task"", ""label"": ""Power on""}, {""id"": ""3"", ""type_of_node"": ""decision"", ""shape"": ""gateway"", ""label"": ""Coffee selected""}, {""id"": ""4"", ""type_of_node"": ""process"", ""shape"": ""task"", ""label"": ""Add frothed milk""}, {""id"": ""5"", ""type_of_node"": ""process"", ""shape"": ""task"", ""label"": ""Add sugar""}, {""id"": ""6"", ""type_of_node"": ""process"", ""shape"": ""task"", ""label"": ""Add Chocolate powder""}, {""id"": ""7"", ""type_of_node"": ""process"", ""shape"": ""task"", ""label"": ""Power pressed""}, {""id"": ""8"", ""type_of_node"": ""process"", ""shape"": ""task"", ""label"": ""Power off""}, {""id"": ""9"", ""type_of_node"": ""terminator"", ""shape"": ""end_event"", ""label"": ""End""}], ""edges"": [{""source"": ""1"", ""source_type"": ""start"", ""source_label"": ""Start"", ""target"": ""2"", ""target_type"": ""process"", ""target_label"": ""Power on"", ""type_of_edge"": ""solid"", ""relationship_value"": """", ""relationship_type"": ""follows""}, {""source"": ""2"", ""source_type"": ""process"", ""source_label"": ""Power on"", ""target"": ""3"", ""target_type"": ""decision"", ""target_label"": ""Coffee selected"", ""type_of_edge"": ""solid"", ""relationship_value"": """", ""relationship_type"": ""follows""}, {""source"": ""3"", ""source_type"": ""decision"", ""source_label"": ""Coffee selected"", ""target"": ""4"", ""target_type"": ""process"", ""target_label"": ""Add frothed milk"", ""type_of_edge"": ""solid"", ""relationship_value"": ""Latte"", ""relationship_type"": ""branches""}, {""source"": ""3"", ""source_type"": ""decision"", ""source_label"": ""Coffee selected"", ""target"": ""5"", ""target_type"": ""process"", ""target_label"": ""Add sugar"", ""type_of_edge"": ""solid"", ""relationship_value"": ""Espresso"", ""relationship_type"": ""branches""}, {""source"": ""3"", ""source_type"": ""decision"", ""source_label"": ""Coffee selected"", ""target"": ""6"", ""target_type"": ""process"", ""target_label"": ""Add Chocolate powder"", ""type_of_edge"": ""solid"", ""relationship_value"": ""Mocha"", ""relationship_type"": ""branches""}, {""source"": ""6"", ""source_type"": ""process"", ""source_label"": ""Add Chocolate powder"", ""target"": ""4"", ""target_type"": ""process"", ""target_label"": ""Add frothed milk"", ""type_of_edge"": ""solid"", ""relationship_value"": """", ""relationship_type"": ""follows""}, {""source"": ""4"", ""source_type"": ""process"", ""source_label"": ""Add frothed milk"", ""target"": ""5"", ""target_type"": ""process"", ""target_label"": ""Add sugar"", ""type_of_edge"": ""solid"", ""relationship_value"": """", ""relationship_type"": ""follows""}, {""source"": ""5"", ""source_type"": ""process"", ""source_label"": ""Add sugar"", ""target"": ""7"", ""target_type"": ""process"", ""target_label"": ""Power pressed"", ""type_of_edge"": ""solid"", ""relationship_value"": """", ""relationship_type"": ""follows""}, {""source"": ""7"", ""source_type"": ""process"", ""source_label"": ""Power pressed"", ""target"": ""8"", ""target_type"": ""process"", ""target_label"": ""Power off"", ""type_of_edge"": ""solid"", ""relationship_value"": """", ""relationship_type"": ""follows""}, {""source"": ""8"", ""source_type"": ""process"", ""source_label"": ""Power off"", ""target"": ""9"", ""target_type"": ""terminator"", ""target_label"": ""End"", ""type_of_edge"": ""solid"", ""relationship_value"": """", ""relationship_type"": ""follows""}]}"
634.png,"{""nodes"": [{""id"": ""1"", ""type_of_node"": ""start"", ""shape"": ""start_event"", ""label"": ""Initial""}, {""id"": ""2"", ""type_of_node"": ""decision"", ""shape"": ""gateway"", ""label"": ""Case 1""}, {""id"": ""3"", ""type_of_node"": ""process"", ""shape"": ""task"", ""label"": ""Statement 1""}, {""id"": ""4"", ""type_of_node"": ""decision"", ""shape"": ""gateway"", ""label"": ""Case 2""}, {""id"": ""5"", ""type_of_node"": ""process"", ""shape"": ""task"", ""label"": ""Statement 2""}, {""id"": ""6"", ""type_of_node"": ""decision"", ""shape"": ""gateway"", ""label"": ""Case N""}, {""id"": ""7"", ""type_of_node"": ""process"", ""shape"": ""task"", ""label"": ""Statement N""}, {""id"": ""8"", ""type_of_node"": ""process"", ""shape"": ""task"", ""label"": ""Default statement""}, {""id"": ""9"", ""type_of_node"": ""terminator"", ""shape"": ""end_event"", ""label"": ""End""}], ""edges"": [{""source"": ""1"", ""source_type"": ""start"", ""source_label"": ""Initial"", ""target"": ""2"", ""target_type"": ""decision"", ""target_label"": ""Case 1"", ""type_of_edge"": ""solid"", ""relationship_value"": """", ""relationship_type"": ""follows""}, {""source"": ""2"", ""source_type"": ""decision"", ""source_label"": ""Case 1"", ""target"": ""3"", ""target_type"": ""process"", ""target_label"": ""Statement 1"", ""type_of_edge"": ""solid"", ""relationship_value"": ""YES"", ""relationship_type"": ""branches""}, {""source"": ""2"", ""source_type"": ""decision"", ""source_label"": ""Case 1"", ""target"": ""4"", ""target_type"": ""decision"", ""target_label"": ""Case 2"", ""type_of_edge"": ""solid"", ""relationship_value"": ""NO"", ""relationship_type"": ""branches""}, {""source"": ""4"", ""source_type"": ""decision"", ""source_label"": ""Case 2"", ""target"": ""5"", ""target_type"": ""process"", ""target_label"": ""Statement 2"", ""type_of_edge"": ""solid"", ""relationship_value"": ""YES"", ""relationship_type"": ""branches""}, {""source"": ""4"", ""source_type"": ""decision"", ""source_label"": ""Case 2"", ""target"": ""6"", ""target_type"": ""decision"", ""target_label"": ""Case N"", ""type_of_edge"": ""solid"", ""relationship_value"": ""NO"", ""relationship_type"": ""branches""}, {""source"": ""6"", ""source_type"": ""decision"", ""source_label"": ""Case N"", ""target"": ""7"", ""target_type"": ""process"", ""target_label"": ""Statement N"", ""type_of_edge"": ""solid"", ""relationship_value"": ""YES"", ""relationship_type"": ""branches""}, {""source"": ""6"", ""source_type"": ""decision"", ""source_label"": ""Case N"", ""target"": ""8"", ""target_type"": ""process"", ""target_label"": ""Default statement"", ""type_of_edge"": ""solid"", ""relationship_value"": ""NO"", ""relationship_type"": ""branches""}, {""source"": ""3"", ""source_type"": ""process"", ""source_label"": ""Statement 1"", ""target"": ""9"", ""target_type"": ""terminator"", ""target_label"": ""End"", ""type_of_edge"": ""solid"", ""relationship_value"": """", ""relationship_type"": ""follows""}, {""source"": ""5"", ""source_type"": ""process"", ""source_label"": ""Statement 2"", ""target"": ""9"", ""target_type"": ""terminator"", ""target_label"": ""End"", ""type_of_edge"": ""solid"", ""relationship_value"": """", ""relationship_type"": ""follows""}, {""source"": ""7"", ""source_type"": ""process"", ""source_label"": ""Statement N"", ""target"": ""9"", ""target_type"": ""terminator"", ""target_label"": ""End"", ""type_of_edge"": ""solid"", ""relationship_value"": """", ""relationship_type"": ""follows""}, {""source"": ""8"", ""source_type"": ""process"", ""source_label"": ""Default statement"", ""target"": ""9"", ""target_type"": ""terminator"", ""target_label"": ""End"", ""type_of_edge"": ""solid"", ""relationship_value"": """", ""relationship_type"": ""follows""}]}"
75.png,"{""nodes"": [{""id"": ""1"", ""type_of_node"": ""start"", ""shape"": ""start_event"", ""label"": ""Begin""}, {""id"": ""2"", ""type_of_node"": ""process"", ""shape"": ""task"", ""label"": ""Lapping""}, {""id"": ""3"", ""type_of_node"": ""process"", ""shape"": ""task"", ""label"": ""Die sawing""}, {""id"": ""4"", ""type_of_node"": ""process"", ""shape"": ""task"", ""label"": ""Die bonding""}, {""id"": ""5"", ""type_of_node"": ""process"", ""shape"": ""task"", ""label"": ""Wire""}, {""id"": ""6"", ""type_of_node"": ""process"", ""shape"": ""task"", ""label"": ""Molding""}, {""id"": ""7"", ""type_of_node"": ""process"", ""shape"": ""task"", ""label"": ""Marketing""}, {""id"": ""8"", ""type_of_node"": ""process"", ""shape"": ""task"", ""label"": ""Plating""}, {""id"": ""9"", ""type_of_node"": ""process"", ""shape"": ""task"", ""label"": ""sampling""}, {""id"": ""10"", ""type_of_node"": ""process"", ""shape"": ""task"", ""label"": ""Forming""}, {""id"": ""11"", ""type_of_node"": ""terminator"", ""shape"": ""end_event"", ""label"": ""End""}], ""edges"": [{""source"": ""1"", ""source_type"": ""start"", ""source_label"": ""Begin"", ""target"": ""2"", ""target_type"": ""process"", ""target_label"": ""Lapping"", ""type_of_edge"": ""solid"", ""relationship_value"": """", ""relationship_type"": ""follows""}, {""source"": ""2"", ""source_type"": ""process"", ""source_label"": ""Lapping"", ""target"": ""3"", ""target_type"": ""process"", ""target_label"": ""Die sawing"", ""type_of_edge"": ""solid"", ""relationship_value"": """", ""relationship_type"": ""follows""}, {""source"": ""3"", ""source_type"": ""process"", ""source_label"": ""Die sawing"", ""target"": ""4"", ""target_type"": ""process"", ""target_label"": ""Die bonding"", ""type_of_edge"": ""solid"", ""relationship_value"": """", ""relationship_type"": ""follows""}, {""source"": ""4"", ""source_type"": ""process"", ""source_label"": ""Die bonding"", ""target"": ""5"", ""target_type"": ""process"", ""target_label"": ""Wire"", ""type_of_edge"": ""solid"", ""relationship_value"": """", ""relationship_type"": ""follows""}, {""source"": ""5"", ""source_type"": ""process"", ""source_label"": ""Wire"", ""target"": ""6"", ""target_type"": ""process"", ""target_label"": ""Molding"", ""type_of_edge"": ""solid"", ""relationship_value"": """", ""relationship_type"": ""follows""}, {""source"": ""6"", ""source_type"": ""process"", ""source_label"": ""Molding"", ""target"": ""7"", ""target_type"": ""process"", ""target_label"": ""Marketing"", ""type_of_edge"": ""solid"", ""relationship_value"": """", ""relationship_type"": ""follows""}, {""source"": ""7"", ""source_type"": ""process"", ""source_label"": ""Marketing"", ""target"": ""8"", ""target_type"": ""process"", ""target_label"": ""Plating"", ""type_of_edge"": ""solid"", ""relationship_value"": """", ""relationship_type"": ""follows""}, {""source"": ""8"", ""source_type"": ""process"", ""source_label"": ""Plating"", ""target"": ""9"", ""target_type"": ""process"", ""target_label"": ""sampling"", ""type_of_edge"": ""solid"", ""relationship_value"": """", ""relationship_type"": ""follows""}, {""source"": ""9"", ""source_type"": ""process"", ""source_label"": ""sampling"", ""target"": ""10"", ""target_type"": ""process"", ""target_label"": ""Forming"", ""type_of_edge"": ""solid"", ""relationship_value"": """", ""relationship_type"": ""follows""}, {""source"": ""10"", ""source_type"": ""process"", ""source_label"": ""Forming"", ""target"": ""11"", ""target_type"": ""terminator"", ""target_label"": ""End"", ""type_of_edge"": ""solid"", ""relationship_value"": """", ""relationship_type"": ""follows""}]}"
81.png,"{""nodes"": [{""id"": ""1"", ""type_of_node"": ""start"", ""shape"": ""start_event"", ""label"": ""START""}, {""id"": ""2"", ""type_of_node"": ""process"", ""shape"": ""task"", ""label"": ""READ""}, {""id"": ""3"", ""type_of_node"": ""process"", ""shape"": ""task"", ""label"": ""M=1\nF=1""}, {""id"": ""4"", ""type_of_node"": ""process"", ""shape"": ""task"", ""label"": ""F=F*M""}, {""id"": ""5"", ""type_of_node"": ""decision"", ""shape"": ""gateway"", ""label"": ""M=N?""}, {""id"": ""6"", ""type_of_node"": ""process"", ""shape"": ""task"", ""label"": ""M=M+1""}, {""id"": ""7"", ""type_of_node"": ""process"", ""shape"": ""task"", ""label"": ""PRINT""}, {""id"": ""8"", ""type_of_node"": ""terminator"", ""shape"": ""end_event"", ""label"": ""END""}], ""edges"": [{""source"": ""1"", ""source_type"": ""start"", ""source_label"": ""START"", ""target"": ""2"", ""target_type"": ""process"", ""target_label"": ""READ"", ""type_of_edge"": ""solid"", ""relationship_value"": """", ""relationship_type"": ""follows""}, {""source"": ""2"", ""source_type"": ""process"", ""source_label"": ""READ"", ""target"": ""3"", ""target_type"": ""process"", ""target_label"": ""M=1\nF=1"", ""type_of_edge"": ""solid"", ""relationship_value"": """", ""relationship_type"": ""follows""}, {""source"": ""3"", ""source_type"": ""process"", ""source_label"": ""M=1\nF=1"", ""target"": ""4"", ""target_type"": ""process"", ""target_label"": ""F=F*M"", ""type_of_edge"": ""solid"", ""relationship_value"": """", ""relationship_type"": ""follows""}, {""source"": ""4"", ""source_type"": ""process"", ""source_label"": ""F=F*M"", ""target"": ""5"", ""target_type"": ""decision"", ""target_label"": ""M=N?"", ""type_of_edge"": ""solid"", ""relationship_value"": """", ""relationship_type"": ""follows""}, {""source"": ""5"", ""source_type"": ""decision"", ""source_label"": ""M=N?"", ""target"": ""6"", ""target_type"": ""process"", ""target_label"": ""M=M+1"", ""type_of_edge"": ""solid"", ""relationship_value"": ""NO"", ""relationship_type"": ""branches""}, {""source"": ""6"", ""source_type"": ""process"", ""source_label"": ""M=M+1"", ""target"": ""4"", ""target_type"": ""process"", ""target_label"": ""F=F*M"", ""type_of_edge"": ""solid"", ""relationship_value"": """", ""relationship_type"": ""follows""}, {""source"": ""5"", ""source_type"": ""decision"", ""source_label"": ""M=N?"", ""target"": ""7"", ""target_type"": ""process"", ""target_label"": ""PRINT"", ""type_of_edge"": ""solid"", ""relationship_value"": ""YES"", ""relationship_type"": ""branches""}, {""source"": ""7"", ""source_type"": ""process"", ""source_label"": ""PRINT"", ""target"": ""8"", ""target_type"": ""terminator"", ""target_label"": ""END"", ""type_of_edge"": ""solid"", ""relationship_value"": """", ""relationship_type"": ""follows""}]}"
34.png,"{""nodes"": [{""id"": ""1"", ""type_of_node"": ""start"", ""shape"": ""start_event"", ""label"": ""Start""}, {""id"": ""2"", ""type_of_node"": ""process"", ""shape"": ""task"", ""label"": ""Determine SEUs energy inputs/outputs""}, {""id"": ""3"", ""type_of_node"": ""process"", ""shape"": ""task"", ""label"": ""Determine process""}, {""id"": ""4"", ""type_of_node"": ""process"", ""shape"": ""task"", ""label"": ""Determine measurement period (EnB process)""}, {""id"": ""5"", ""type_of_node"": ""process"", ""shape"": ""task"", ""label"": ""Normalize""}, {""id"": ""6"", ""type_of_node"": ""process"", ""shape"": ""task"", ""label"": ""Check""}, {""id"": ""7"", ""type_of_node"": ""process"", ""shape"": ""task"", ""label"": ""Report""}], ""edges"": [{""source"": ""1"", ""source_type"": ""start"", ""source_label"": ""Start"", ""target"": ""2"", ""target_type"": ""process"", ""target_label"": ""Determine SEUs energy inputs/outputs"", ""type_of_edge"": ""solid"", ""relationship_value"": """", ""relationship_type"": ""follows""}, {""source"": ""2"", ""source_type"": ""process"", ""source_label"": ""Determine SEUs energy inputs/outputs"", ""target"": ""3"", ""target_type"": ""process"", ""target_label"": ""Determine process"", ""type_of_edge"": ""solid"", ""relationship_value"": """", ""relationship_type"": ""follows""}, {""source"": ""3"", ""source_type"": ""process"", ""source_label"": ""Determine process"", ""target"": ""4"", ""target_type"": ""process"", ""target_label"": ""Determine measurement period (EnB process)"", ""type_of_edge"": ""solid"", ""relationship_value"": """", ""relationship_type"": ""follows""}, {""source"": ""4"", ""source_type"": ""process"", ""source_label"": ""Determine measurement period (EnB process)"", ""target"": ""5"", ""target_type"": ""process"", ""target_label"": ""Normalize"", ""type_of_edge"": ""solid"", ""relationship_value"": """", ""relationship_type"": ""follows""}, {""source"": ""5"", ""source_type"": ""process"", ""source_label"": ""Normalize"", ""target"": ""6"", ""target_type"": ""process"", ""target_label"": ""Check"", ""type_of_edge"": ""solid"", ""relationship_value"": """", ""relationship_type"": ""follows""}, {""source"": ""6"", ""source_type"": ""process"", ""source_label"": ""Check"", ""target"": ""7"", ""target_type"": ""process"", ""target_label"": ""Report"", ""type_of_edge"": ""solid"", ""relationship_value"": """", ""relationship_type"": ""follows""}, {""source"": ""7"", ""source_type"": ""process"", ""source_label"": ""Report"", ""target"": ""1"", ""target_type"": ""start"", ""target_label"": ""Start"", ""type_of_edge"": ""solid"", ""relationship_value"": """", ""relationship_type"": ""follows""}]}"
23.png,"{""nodes"": [{""id"": ""1"", ""type_of_node"": ""start"", ""shape"": ""start_event"", ""label"": ""Begin""}, {""id"": ""2"", ""type_of_node"": ""process"", ""shape"": ""task"", ""label"": ""Read Parameters""}, {""id"": ""3"", ""type_of_node"": ""process"", ""shape"": ""task"", ""label"": ""Perform operations""}, {""id"": ""4"", ""type_of_node"": ""process"", ""shape"": ""task"", ""label"": ""Update Values""}, {""id"": ""5"", ""type_of_node"": ""process"", ""shape"": ""task"", ""label"": ""Update the position and velocity for all the particles""}, {""id"": ""6"", ""type_of_node"": ""decision"", ""shape"": ""gateway"", ""label"": ""Termination condition satisfied?""}, {""id"": ""7"", ""type_of_node"": ""process"", ""shape"": ""task"", ""label"": ""Print Output""}, {""id"": ""8"", ""type_of_node"": ""terminator"", ""shape"": ""end_event"", ""label"": ""End""}], ""edges"": [{""source"": ""1"", ""source_type"": ""start"", ""source_label"": ""Begin"", ""target"": ""2"", ""target_type"": ""process"", ""target_label"": ""Read Parameters"", ""type_of_edge"": ""solid"", ""relationship_value"": """", ""relationship_type"": ""follows""}, {""source"": ""2"", ""source_type"": ""process"", ""source_label"": ""Read Parameters"", ""target"": ""3"", ""target_type"": ""process"", ""target_label"": ""Perform operations"", ""type_of_edge"": ""solid"", ""relationship_value"": """", ""relationship_type"": ""follows""}, {""source"": ""3"", ""source_type"": ""process"", ""source_label"": ""Perform operations"", ""target"": ""4"", ""target_type"": ""process"", ""target_label"": ""Update Values"", ""type_of_edge"": ""solid"", ""relationship_value"": """", ""relationship_type"": ""follows""}, {""source"": ""4"", ""source_type"": ""process"", ""source_label"": ""Update Values"", ""target"": ""5"", ""target_type"": ""process"", ""target_label"": ""Update the position and velocity for all the particles"", ""type_of_edge"": ""solid"", ""relationship_value"": """", ""relationship_type"": ""follows""}, {""source"": ""5"", ""source_type"": ""process"", ""source_label"": ""Update the position and velocity for all the particles"", ""target"": ""6"", ""target_type"": ""decision"", ""target_label"": ""Termination condition satisfied?"", ""type_of_edge"": ""solid"", ""relationship_value"": """", ""relationship_type"": ""follows""}, {""source"": ""6"", ""source_type"": ""decision"", ""source_label"": ""Termination condition satisfied?"", ""target"": ""3"", ""target_type"": ""process"", ""target_label"": ""Perform operations"", ""type_of_edge"": ""solid"", ""relationship_value"": ""No"", ""relationship_type"": ""branches""}, {""source"": ""6"", ""source_type"": ""decision"", ""source_label"": ""Termination condition satisfied?"", ""target"": ""7"", ""target_type"": ""process"", ""target_label"": ""Print Output"", ""type_of_edge"": ""solid"", ""relationship_value"": ""Yes"", ""relationship_type"": ""branches""}, {""source"": ""7"", ""source_type"": ""process"", ""source_label"": ""Print Output"", ""target"": ""8"", ""target_type"": ""terminator"", ""target_label"": ""End"", ""type_of_edge"": ""solid"", ""relationship_value"": """", ""relationship_type"": ""follows""}]}"
57.png,"{""nodes"": [{""id"": ""1"", ""type_of_node"": ""start"", ""shape"": ""start_event"", ""label"": ""Start""}, {""id"": ""2"", ""type_of_node"": ""process"", ""shape"": ""task"", ""label"": ""Edit Video""}, {""id"": ""3"", ""type_of_node"": ""decision"", ""shape"": ""gateway"", ""label"": ""Short video""}, {""id"": ""4"", ""type_of_node"": ""process"", ""shape"": ""task"", ""label"": ""Click to upload""}, {""id"": ""5"", ""type_of_node"": ""decision"", ""shape"": ""gateway"", ""label"": ""VIP user?""}, {""id"": ""6"", ""type_of_node"": ""process"", ""shape"": ""task"", ""label"": ""Sign Up""}, {""id"": ""7"", ""type_of_node"": ""process"", ""shape"": ""task"", ""label"": ""Login""}, {""id"": ""8"", ""type_of_node"": ""process"", ""shape"": ""task"", ""label"": ""Browse to upload""}, {""id"": ""9"", ""type_of_node"": ""terminator"", ""shape"": ""end_event"", ""label"": ""Finish""}], ""edges"": [{""source"": ""1"", ""source_type"": ""start"", ""source_label"": ""Start"", ""target"": ""2"", ""target_type"": ""process"", ""target_label"": ""Edit Video"", ""type_of_edge"": ""solid"", ""relationship_value"": """", ""relationship_type"": ""follows""}, {""source"": ""2"", ""source_type"": ""process"", ""source_label"": ""Edit Video"", ""target"": ""3"", ""target_type"": ""decision"", ""target_label"": ""Short video"", ""type_of_edge"": ""solid"", ""relationship_value"": """", ""relationship_type"": ""follows""}, {""source"": ""3"", ""source_type"": ""decision"", ""source_label"": ""Short video"", ""target"": ""4"", ""target_type"": ""process"", ""target_label"": ""Click to upload"", ""type_of_edge"": ""solid"", ""relationship_value"": ""Yes"", ""relationship_type"": ""follows""}, {""source"": ""4"", ""source_type"": ""process"", ""source_label"": ""Click to upload"", ""target"": ""5"", ""target_type"": ""decision"", ""target_label"": ""VIP user?"", ""type_of_edge"": ""solid"", ""relationship_value"": """", ""relationship_type"": ""follows""}, {""source"": ""5"", ""source_type"": ""decision"", ""source_label"": ""VIP user?"", ""target"": ""6"", ""target_type"": ""process"", ""target_label"": ""Sign Up"", ""type_of_edge"": ""solid"", ""relationship_value"": ""No"", ""relationship_type"": ""branches""}, {""source"": ""5"", ""source_type"": ""decision"", ""source_label"": ""VIP user?"", ""target"": ""7"", ""target_type"": ""process"", ""target_label"": ""Login"", ""type_of_edge"": ""solid"", ""relationship_value"": ""Yes"", ""relationship_type"": ""branches""}, {""source"": ""7"", ""source_type"": ""process"", ""source_label"": ""Login"", ""target"": ""8"", ""target_type"": ""process"", ""target_label"": ""Browse to upload"", ""type_of_edge"": ""solid"", ""relationship_value"": """", ""relationship_type"": ""follows""}, {""source"": ""8"", ""source_type"": ""process"", ""source_label"": ""Browse to upload"", ""target"": ""9"", ""target_type"": ""terminator"", ""target_label"": ""Finish"", ""type_of_edge"": ""solid"", ""relationship_value"": """", ""relationship_type"": ""follows""}]}"
174.png,"{""nodes"": [{""id"": ""1"", ""type_of_node"": ""start"", ""shape"": ""start_event"", ""label"": ""Begin""}, {""id"": ""2"", ""type_of_node"": ""process"", ""shape"": ""task"", ""label"": ""Input""}, {""id"": ""3"", ""type_of_node"": ""decision"", ""shape"": ""gateway"", ""label"": ""Process""}, {""id"": ""4"", ""type_of_node"": ""process"", ""shape"": ""task"", ""label"": ""Add""}, {""id"": ""5"", ""type_of_node"": ""process"", ""shape"": ""task"", ""label"": ""Subtract""}, {""id"": ""6"", ""type_of_node"": ""terminator"", ""shape"": ""end_event"", ""label"": ""End""}], ""edges"": [{""source"": ""1"", ""source_type"": ""start"", ""source_label"": ""Begin"", ""target"": ""2"", ""target_type"": ""process"", ""target_label"": ""Input"", ""type_of_edge"": ""solid"", ""relationship_value"": """", ""relationship_type"": ""follows""}, {""source"": ""2"", ""source_type"": ""process"", ""source_label"": ""Input"", ""target"": ""3"", ""target_type"": ""decision"", ""target_label"": ""Process"", ""type_of_edge"": ""solid"", ""relationship_value"": """", ""relationship_type"": ""follows""}, {""source"": ""3"", ""source_type"": ""decision"", ""source_label"": ""Process"", ""target"": ""4"", ""target_type"": ""process"", ""target_label"": ""Add"", ""type_of_edge"": ""solid"", ""relationship_value"": ""yes"", ""relationship_type"": ""branches""}, {""source"": ""3"", ""source_type"": ""decision"", ""source_label"": ""Process"", ""target"": ""5"", ""target_type"": ""process"", ""target_label"": ""Subtract"", ""type_of_edge"": ""solid"", ""relationship_value"": ""No"", ""relationship_type"": ""branches""}, {""source"": ""4"", ""source_type"": ""process"", ""source_label"": ""Add"", ""target"": ""6"", ""target_type"": ""terminator"", ""target_label"": ""End"", ""type_of_edge"": ""solid"", ""relationship_value"": """", ""relationship_type"": ""follows""}, {""source"": ""5"", ""source_type"": ""process"", ""source_label"": ""Subtract"", ""target"": ""6"", ""target_type"": ""terminator"", ""target_label"": ""End"", ""type_of_edge"": ""solid"", ""relationship_value"": """", ""relationship_type"": ""follows""}]}"
921.png,"{""nodes"": [{""id"": ""0"", ""type_of_node"": ""start"", ""shape"": ""start_event"", ""label"": ""Start""}, {""id"": ""1"", ""type_of_node"": ""start"", ""shape"": ""start_event"", ""label"": ""Enter www.acme.com""}, {""id"": ""2"", ""type_of_node"": ""process"", ""shape"": ""task"", ""label"": ""Acme Home page""}, {""id"": ""3"", ""type_of_node"": ""process"", ""shape"": ""task"", ""label"": ""Enter Email ID and Password""}, {""id"": ""4"", ""type_of_node"": ""decision"", ""shape"": ""gateway"", ""label"": ""Is Email ID and Password Correct?""}, {""id"": ""5"", ""type_of_node"": ""process"", ""shape"": ""task"", ""label"": ""Display Account""}, {""id"": ""6"", ""type_of_node"": ""process"", ""shape"": ""task"", ""label"": ""Login Error""}, {""id"": ""7"", ""type_of_node"": ""terminator"", ""shape"": ""end_event"", ""label"": ""Stop""}], ""edges"": [{""source"": ""0"", ""source_type"": ""start"", ""source_label"": ""Start"", ""target"": ""1"", ""target_type"": ""process"", ""target_label"": ""Enter www.acme.com"", ""type_of_edge"": ""solid"", ""relationship_value"": """", ""relationship_type"": ""follows""}, {""source"": ""1"", ""source_type"": ""start"", ""source_label"": ""Enter www.acme.com"", ""target"": ""2"", ""target_type"": ""process"", ""target_label"": ""Acme Home page"", ""type_of_edge"": ""solid"", ""relationship_value"": """", ""relationship_type"": ""follows""}, {""source"": ""2"", ""source_type"": ""process"", ""source_label"": ""Acme Home page"", ""target"": ""3"", ""target_type"": ""process"", ""target_label"": ""Enter Email ID and Password"", ""type_of_edge"": ""solid"", ""relationship_value"": """", ""relationship_type"": ""follows""}, {""source"": ""3"", ""source_type"": ""process"", ""source_label"": ""Enter Email ID and Password"", ""target"": ""4"", ""target_type"": ""decision"", ""target_label"": ""Is Email ID and Password Correct?"", ""type_of_edge"": ""solid"", ""relationship_value"": """", ""relationship_type"": ""follows""}, {""source"": ""4"", ""source_type"": ""decision"", ""source_label"": ""Is Email ID and Password Correct?"", ""target"": ""5"", ""target_type"": ""process"", ""target_label"": ""Display Account"", ""type_of_edge"": ""solid"", ""relationship_value"": ""Yes"", ""relationship_type"": ""branches""}, {""source"": ""4"", ""source_type"": ""decision"", ""source_label"": ""Is Email ID and Password Correct?"", ""target"": ""6"", ""target_type"": ""process"", ""target_label"": ""Login Error"", ""type_of_edge"": ""solid"", ""relationship_value"": ""No"", ""relationship_type"": ""branches""}, {""source"": ""5"", ""source_type"": ""process"", ""source_label"": ""Display Account"", ""target"": ""7"", ""target_type"": ""terminator"", ""target_label"": ""Stop"", ""type_of_edge"": ""solid"", ""relationship_value"": """", ""relationship_type"": ""follows""}, {""source"": ""6"", ""source_type"": ""process"", ""source_label"": ""Login Error"", ""target"": ""3"", ""target_type"": ""process"", ""target_label"": ""Enter Email ID and Password"", ""type_of_edge"": ""solid"", ""relationship_value"": """", ""relationship_type"": ""follows""}]}"
46.png,"{""nodes"": [{""id"": ""1"", ""type_of_node"": ""start"", ""shape"": ""start_event"", ""label"": ""Start""}, {""id"": ""2"", ""type_of_node"": ""process"", ""shape"": ""task"", ""label"": ""Step 1""}, {""id"": ""3"", ""type_of_node"": ""decision"", ""shape"": ""gateway"", ""label"": ""Decision""}, {""id"": ""4"", ""type_of_node"": ""process"", ""shape"": ""task"", ""label"": ""Update""}, {""id"": ""5"", ""type_of_node"": ""terminator"", ""shape"": ""end_event"", ""label"": ""End""}], ""edges"": [{""source"": ""1"", ""source_type"": ""start"", ""source_label"": ""Start"", ""target"": ""2"", ""target_type"": ""process"", ""target_label"": ""Step 1"", ""type_of_edge"": ""solid"", ""relationship_value"": """", ""relationship_type"": ""follows""}, {""source"": ""2"", ""source_type"": ""process"", ""source_label"": ""Step 1"", ""target"": ""3"", ""target_type"": ""decision"", ""target_label"": ""Decision"", ""type_of_edge"": ""solid"", ""relationship_value"": """", ""relationship_type"": ""follows""}, {""source"": ""3"", ""source_type"": ""decision"", ""source_label"": ""Decision"", ""target"": ""4"", ""target_type"": ""process"", ""target_label"": ""Update"", ""type_of_edge"": ""solid"", ""relationship_value"": ""No"", ""relationship_type"": ""branches""}, {""source"": ""4"", ""source_type"": ""process"", ""source_label"": ""Update"", ""target"": ""2"", ""target_type"": ""process"", ""target_label"": ""Step 1"", ""type_of_edge"": ""solid"", ""relationship_value"": """", ""relationship_type"": ""follows""}, {""source"": ""3"", ""source_type"": ""decision"", ""source_label"": ""Decision"", ""target"": ""5"", ""target_type"": ""terminator"", ""target_label"": ""End"", ""type_of_edge"": ""solid"", ""relationship_value"": ""Yes"", ""relationship_type"": ""branches""}]}"
922.png,"{""nodes"": [{""id"": ""1"", ""type_of_node"": ""start"", ""shape"": ""start_event"", ""label"": ""Start""}, {""id"": ""2"", ""type_of_node"": ""process"", ""shape"": ""task"", ""label"": ""Declare variables a, b, c, D, x1, x2, rp, ip""}, {""id"": ""3"", ""type_of_node"": ""process"", ""shape"": ""task"", ""label"": ""Calculate Discriminant, D< b^2-4ac""}, {""id"": ""4"", ""type_of_node"": ""decision"", ""shape"": ""gateway"", ""label"": ""is D>=0?""}, {""id"": ""5"", ""type_of_node"": ""process"", ""shape"": ""task"", ""label"": ""r1 \u2190 (-b +\u221aD) / 2a\nr2 \u2190 (-b +\u221aD) / 2a""}, {""id"": ""6"", ""type_of_node"": ""process"", ""shape"": ""task"", ""label"": ""ip <- -b/21\nrp <- \u221a-D / 2a""}, {""id"": ""7"", ""type_of_node"": ""process"", ""shape"": ""task"", ""label"": ""x1 <- ip + j*ip\nx2 <- ip - j*ip""}, {""id"": ""8"", ""type_of_node"": ""process"", ""shape"": ""task"", ""label"": ""Display r1 and r2""}, {""id"": ""9"", ""type_of_node"": ""terminator"", ""shape"": ""end_event"", ""label"": ""End""}], ""edges"": [{""source"": ""1"", ""source_type"": ""start"", ""source_label"": ""Start"", ""target"": ""2"", ""target_type"": ""process"", ""target_label"": ""Declare variables a, b, c, D, x1, x2, rp, ip"", ""type_of_edge"": ""solid"", ""relationship_value"": """", ""relationship_type"": ""follows""}, {""source"": ""2"", ""source_type"": ""process"", ""source_label"": ""Declare variables a, b, c, D, x1, x2, rp, ip"", ""target"": ""3"", ""target_type"": ""process"", ""target_label"": ""Calculate Discriminant, D< b^2-4ac"", ""type_of_edge"": ""solid"", ""relationship_value"": """", ""relationship_type"": ""follows""}, {""source"": ""3"", ""source_type"": ""process"", ""source_label"": ""Calculate Discriminant, D< b^2-4ac"", ""target"": ""4"", ""target_type"": ""decision"", ""target_label"": ""is D>=0?"", ""type_of_edge"": ""solid"", ""relationship_value"": """", ""relationship_type"": ""follows""}, {""source"": ""4"", ""source_type"": ""decision"", ""source_label"": ""is D>=0?"", ""target"": ""5"", ""target_type"": ""process"", ""target_label"": ""r1 \u2190 (-b +\u221aD) / 2a\nr2 \u2190 (-b +\u221aD) / 2a"", ""type_of_edge"": ""solid"", ""relationship_value"": ""TRUE"", ""relationship_type"": ""branches""}, {""source"": ""4"", ""source_type"": ""decision"", ""source_label"": ""is D>=0?"", ""target"": ""6"", ""target_type"": ""process"", ""target_label"": ""ip <- -b/21\nrp <- \u221a-D / 2a"", ""type_of_edge"": ""solid"", ""relationship_value"": ""FALSE"", ""relationship_type"": ""branches""}, {""source"": ""6"", ""source_type"": ""process"", ""source_label"": ""ip <- -b/21\nrp <- \u221a-D / 2a"", ""target"": ""7"", ""target_type"": ""process"", ""target_label"": ""x1 <- ip + j*ip\nx2 <- ip - j*ip"", ""type_of_edge"": ""solid"", ""relationship_value"": """", ""relationship_type"": ""follows""}, {""source"": ""5"", ""source_type"": ""process"", ""source_label"": ""r1 \u2190 (-b +\u221aD) / 2a\nr2 \u2190 (-b +\u221aD) / 2a"", ""target"": ""8"", ""target_type"": ""process"", ""target_label"": ""Display r1 and r2"", ""type_of_edge"": ""solid"", ""relationship_value"": """", ""relationship_type"": ""follows""}, {""source"": ""7"", ""source_type"": ""process"", ""source_label"": ""x1 <- ip + j*ip\nx2 <- ip - j*ip"", ""target"": ""8"", ""target_type"": ""process"", ""target_label"": ""Display r1 and r2"", ""type_of_edge"": ""solid"", ""relationship_value"": """", ""relationship_type"": ""follows""}, {""source"": ""8"", ""source_type"": ""process"", ""source_label"": ""Display r1 and r2"", ""target"": ""9"", ""target_type"": ""terminator"", ""target_label"": ""End"", ""type_of_edge"": ""solid"", ""relationship_value"": """", ""relationship_type"": ""follows""}]}"
28.png,"{""nodes"": [{""id"": ""1"", ""type_of_node"": ""start"", ""shape"": ""start_event"", ""label"": ""Connector""}, {""id"": ""2"", ""type_of_node"": ""process"", ""shape"": ""task"", ""label"": ""Check Time""}, {""id"": ""3"", ""type_of_node"": ""decision"", ""shape"": ""gateway"", ""label"": ""Before 4 pm?""}, {""id"": ""4"", ""type_of_node"": ""process"", ""shape"": ""task"", ""label"": ""Home""}, {""id"": ""5"", ""type_of_node"": ""process"", ""shape"": ""task"", ""label"": ""Office""}, {""id"": ""6"", ""type_of_node"": ""process"", ""shape"": ""task"", ""label"": ""Check""}, {""id"": ""7"", ""type_of_node"": ""decision"", ""shape"": ""gateway"", ""label"": ""Before 7 pm?""}, {""id"": ""8"", ""type_of_node"": ""process"", ""shape"": ""task"", ""label"": ""School""}, {""id"": ""9"", ""type_of_node"": ""terminator"", ""shape"": ""end_event"", ""label"": ""End""}], ""edges"": [{""source"": ""1"", ""source_type"": ""start"", ""source_label"": ""Connector"", ""target"": ""2"", ""target_type"": ""process"", ""target_label"": ""Check Time"", ""type_of_edge"": ""solid"", ""relationship_value"": """", ""relationship_type"": ""follows""}, {""source"": ""2"", ""source_type"": ""process"", ""source_label"": ""Check Time"", ""target"": ""3"", ""target_type"": ""decision"", ""target_label"": ""Before 4 pm?"", ""type_of_edge"": ""solid"", ""relationship_value"": """", ""relationship_type"": ""follows""}, {""source"": ""3"", ""source_type"": ""decision"", ""source_label"": ""Before 4 pm?"", ""target"": ""4"", ""target_type"": ""process"", ""target_label"": ""Home"", ""type_of_edge"": ""solid"", ""relationship_value"": ""Yes"", ""relationship_type"": ""branches""}, {""source"": ""3"", ""source_type"": ""decision"", ""source_label"": ""Before 4 pm?"", ""target"": ""5"", ""target_type"": ""process"", ""target_label"": ""Office"", ""type_of_edge"": ""solid"", ""relationship_value"": ""No"", ""relationship_type"": ""branches""}, {""source"": ""5"", ""source_type"": ""process"", ""source_label"": ""Office"", ""target"": ""6"", ""target_type"": ""process"", ""target_label"": ""Check"", ""type_of_edge"": ""solid"", ""relationship_value"": """", ""relationship_type"": ""follows""}, {""source"": ""6"", ""source_type"": ""process"", ""source_label"": ""Check"", ""target"": ""7"", ""target_type"": ""decision"", ""target_label"": ""Before 7 pm?"", ""type_of_edge"": ""solid"", ""relationship_value"": """", ""relationship_type"": ""follows""}, {""source"": ""7"", ""source_type"": ""decision"", ""source_label"": ""Before 7 pm?"", ""target"": ""5"", ""target_type"": ""process"", ""target_label"": ""Office"", ""type_of_edge"": ""solid"", ""relationship_value"": ""No"", ""relationship_type"": ""branches""}, {""source"": ""7"", ""source_type"": ""decision"", ""source_label"": ""Before 7 pm?"", ""target"": ""8"", ""target_type"": ""process"", ""target_label"": ""School"", ""type_of_edge"": ""solid"", ""relationship_value"": ""Yes"", ""relationship_type"": ""branches""}, {""source"": ""8"", ""source_type"": ""process"", ""source_label"": ""School"", ""target"": ""9"", ""target_type"": ""terminator"", ""target_label"": ""End"", ""type_of_edge"": ""solid"", ""relationship_value"": """", ""relationship_type"": ""follows""}]}"
278.png,"{""nodes"": [{""id"": ""1"", ""type_of_node"": ""start"", ""shape"": ""start_event"", ""label"": ""Start""}, {""id"": ""2"", ""type_of_node"": ""process"", ""shape"": ""task"", ""label"": ""Enter measurements""}, {""id"": ""3"", ""type_of_node"": ""process"", ""shape"": ""task"", ""label"": ""Input Width""}, {""id"": ""4"", ""type_of_node"": ""process"", ""shape"": ""task"", ""label"": ""Input value of Long""}, {""id"": ""5"", ""type_of_node"": ""process"", ""shape"": ""task"", ""label"": ""Input Long""}, {""id"": ""6"", ""type_of_node"": ""process"", ""shape"": ""task"", ""label"": ""Width * Long""}, {""id"": ""7"", ""type_of_node"": ""process"", ""shape"": ""task"", ""label"": ""Area of a Rectangle""}, {""id"": ""8"", ""type_of_node"": ""terminator"", ""shape"": ""end_event"", ""label"": ""End""}], ""edges"": [{""source"": ""1"", ""source_type"": ""start"", ""source_label"": ""Start"", ""target"": ""2"", ""target_type"": ""process"", ""target_label"": ""Enter measurements"", ""type_of_edge"": ""solid"", ""relationship_value"": """", ""relationship_type"": ""follows""}, {""source"": ""2"", ""source_type"": ""process"", ""source_label"": ""Enter measurements"", ""target"": ""3"", ""target_type"": ""process"", ""target_label"": ""Input Width"", ""type_of_edge"": ""solid"", ""relationship_value"": """", ""relationship_type"": ""follows""}, {""source"": ""3"", ""source_type"": ""process"", ""source_label"": ""Input Width"", ""target"": ""4"", ""target_type"": ""process"", ""target_label"": ""Input value of Long"", ""type_of_edge"": ""solid"", ""relationship_value"": """", ""relationship_type"": ""follows""}, {""source"": ""4"", ""source_type"": ""process"", ""source_label"": ""Input value of Long"", ""target"": ""5"", ""target_type"": ""process"", ""target_label"": ""Input Long"", ""type_of_edge"": ""solid"", ""relationship_value"": """", ""relationship_type"": ""follows""}, {""source"": ""5"", ""source_type"": ""process"", ""source_label"": ""Input Long"", ""target"": ""6"", ""target_type"": ""process"", ""target_label"": ""Width * Long"", ""type_of_edge"": ""solid"", ""relationship_value"": """", ""relationship_type"": ""follows""}, {""source"": ""6"", ""source_type"": ""process"", ""source_label"": ""Width * Long"", ""target"": ""7"", ""target_type"": ""process"", ""target_label"": ""Area of a Rectangle"", ""type_of_edge"": ""solid"", ""relationship_value"": """", ""relationship_type"": ""follows""}, {""source"": ""7"", ""source_type"": ""process"", ""source_label"": ""Area of a Rectangle"", ""target"": ""8"", ""target_type"": ""terminator"", ""target_label"": ""End"", ""type_of_edge"": ""solid"", ""relationship_value"": """", ""relationship_type"": ""follows""}]}"
904.png,"{""nodes"": [{""id"": ""1"", ""type_of_node"": ""start"", ""shape"": ""start_event"", ""label"": ""Start""}, {""id"": ""2"", ""type_of_node"": ""process"", ""shape"": ""task"", ""label"": ""Process_1""}, {""id"": ""3"", ""type_of_node"": ""process"", ""shape"": ""task"", ""label"": ""Process_2""}, {""id"": ""4"", ""type_of_node"": ""process"", ""shape"": ""task"", ""label"": ""Process_3""}, {""id"": ""5"", ""type_of_node"": ""process"", ""shape"": ""task"", ""label"": ""Process_4""}, {""id"": ""6"", ""type_of_node"": ""process"", ""shape"": ""task"", ""label"": ""Process_5""}, {""id"": ""7"", ""type_of_node"": ""terminator"", ""shape"": ""end_event"", ""label"": ""End""}], ""edges"": [{""source"": ""1"", ""source_type"": ""start"", ""source_label"": ""Start"", ""target"": ""2"", ""target_type"": ""process"", ""target_label"": ""Process_1"", ""type_of_edge"": ""solid"", ""relationship_value"": """", ""relationship_type"": ""follows""}, {""source"": ""2"", ""source_type"": ""process"", ""source_label"": ""Process_1"", ""target"": ""3"", ""target_type"": ""process"", ""target_label"": ""Process_2"", ""type_of_edge"": ""solid"", ""relationship_value"": """", ""relationship_type"": ""follows""}, {""source"": ""3"", ""source_type"": ""process"", ""source_label"": ""Process_2"", ""target"": ""4"", ""target_type"": ""process"", ""target_label"": ""Process_3"", ""type_of_edge"": ""solid"", ""relationship_value"": """", ""relationship_type"": ""follows""}, {""source"": ""4"", ""source_type"": ""process"", ""source_label"": ""Process_3"", ""target"": ""5"", ""target_type"": ""process"", ""target_label"": ""Process_4"", ""type_of_edge"": ""solid"", ""relationship_value"": """", ""relationship_type"": ""follows""}, {""source"": ""5"", ""source_type"": ""process"", ""source_label"": ""Process_4"", ""target"": ""6"", ""target_type"": ""process"", ""target_label"": ""Process_5"", ""type_of_edge"": ""solid"", ""relationship_value"": """", ""relationship_type"": ""follows""}, {""source"": ""6"", ""source_type"": ""process"", ""source_label"": ""Process_5"", ""target"": ""7"", ""target_type"": ""terminator"", ""target_label"": ""End"", ""type_of_edge"": ""solid"", ""relationship_value"": """", ""relationship_type"": ""follows""}]}"
562.png,"{""nodes"": [{""id"": ""1"", ""type_of_node"": ""start"", ""shape"": ""start_event"", ""label"": ""Start""}, {""id"": ""2"", ""type_of_node"": ""process"", ""shape"": ""task"", ""label"": ""document-filter""}, {""id"": ""3"", ""type_of_node"": ""process"", ""shape"": ""task"", ""label"": ""Screening""}, {""id"": ""4"", ""type_of_node"": ""process"", ""shape"": ""task"", ""label"": ""document-converter""}, {""id"": ""5"", ""type_of_node"": ""process"", ""shape"": ""task"", ""label"": ""document-converter-topic""}, {""id"": ""6"", ""type_of_node"": ""process"", ""shape"": ""task"", ""label"": ""published""}, {""id"": ""7"", ""type_of_node"": ""process"", ""shape"": ""task"", ""label"": ""s3-publisher-topic""}, {""id"": ""8"", ""type_of_node"": ""process"", ""shape"": ""task"", ""label"": ""workflow-s3""}], ""edges"": [{""source"": ""1"", ""source_type"": ""start"", ""source_label"": ""Start"", ""target"": ""2"", ""target_type"": ""process"", ""target_label"": ""document-filter"", ""type_of_edge"": ""solid"", ""relationship_value"": """", ""relationship_type"": ""follows""}, {""source"": ""2"", ""source_type"": ""process"", ""source_label"": ""document-filter"", ""target"": ""3"", ""target_type"": ""process"", ""target_label"": ""Screening"", ""type_of_edge"": ""solid"", ""relationship_value"": """", ""relationship_type"": ""follows""}, {""source"": ""3"", ""source_type"": ""process"", ""source_label"": ""Screening"", ""target"": ""4"", ""target_type"": ""process"", ""target_label"": ""document-converter"", ""type_of_edge"": ""solid"", ""relationship_value"": """", ""relationship_type"": ""follows""}, {""source"": ""4"", ""source_type"": ""process"", ""source_label"": ""document-converter"", ""target"": ""5"", ""target_type"": ""process"", ""target_label"": ""document-converter-topic"", ""type_of_edge"": ""solid"", ""relationship_value"": """", ""relationship_type"": ""follows""}, {""source"": ""5"", ""source_type"": ""process"", ""source_label"": ""document-converter-topic"", ""target"": ""6"", ""target_type"": ""process"", ""target_label"": ""published"", ""type_of_edge"": ""solid"", ""relationship_value"": """", ""relationship_type"": ""follows""}, {""source"": ""6"", ""source_type"": ""process"", ""source_label"": ""published"", ""target"": ""7"", ""target_type"": ""process"", ""target_label"": ""s3-publisher-topic"", ""type_of_edge"": ""solid"", ""relationship_value"": """", ""relationship_type"": ""branches""}, {""source"": ""6"", ""source_type"": ""process"", ""source_label"": ""published"", ""target"": ""8"", ""target_type"": ""process"", ""target_label"": ""workflow-s3"", ""type_of_edge"": ""solid"", ""relationship_value"": """", ""relationship_type"": ""branches""}]}"
926.png,"{""nodes"": [{""id"": ""1"", ""type_of_node"": ""start"", ""shape"": ""start_event"", ""label"": ""Begin""}, {""id"": ""2"", ""type_of_node"": ""decision"", ""shape"": ""gateway"", ""label"": ""Do you Understand Flowcharts?""}, {""id"": ""3"", ""type_of_node"": ""process"", ""shape"": ""task"", ""label"": ""Great!""}, {""id"": ""4"", ""type_of_node"": ""process"", ""shape"": ""task"", ""label"": ""Explain everyone""}, {""id"": ""5"", ""type_of_node"": ""decision"", ""shape"": ""gateway"", ""label"": ""Would You Like to Start With Basics?""}, {""id"": ""6"", ""type_of_node"": ""process"", ""shape"": ""task"", ""label"": ""Read each detail""}, {""id"": ""7"", ""type_of_node"": ""process"", ""shape"": ""task"", ""label"": ""Further Reading About Flowcharts""}], ""edges"": [{""source"": ""1"", ""source_type"": ""start"", ""source_label"": ""Begin"", ""target"": ""2"", ""target_type"": ""decision"", ""target_label"": ""Do you Understand Flowcharts?"", ""type_of_edge"": ""solid"", ""relationship_value"": """", ""relationship_type"": ""follows""}, {""source"": ""2"", ""source_type"": ""decision"", ""source_label"": ""Do you Understand Flowcharts?"", ""target"": ""3"", ""target_type"": ""process"", ""target_label"": ""Great!"", ""type_of_edge"": ""solid"", ""relationship_value"": ""YES"", ""relationship_type"": ""branches""}, {""source"": ""3"", ""source_type"": ""process"", ""source_label"": ""Great!"", ""target"": ""4"", ""target_type"": ""process"", ""target_label"": ""Explain everyone"", ""type_of_edge"": ""solid"", ""relationship_value"": """", ""relationship_type"": ""follows""}, {""source"": ""2"", ""source_type"": ""decision"", ""source_label"": ""Do you understand flowcharts?"", ""target"": ""5"", ""target_type"": ""decision"", ""target_label"": ""Would You Like to Start With Basics?"", ""type_of_edge"": ""solid"", ""relationship_value"": ""NO"", ""relationship_type"": ""follows""}, {""source"": ""5"", ""source_type"": ""decision"", ""source_label"": ""Would You Like to Start With Basics?"", ""target"": ""6"", ""target_type"": ""process"", ""target_label"": ""Read each detail"", ""type_of_edge"": ""solid"", ""relationship_value"": ""YES"", ""relationship_type"": ""follows""}, {""source"": ""5"", ""source_type"": ""decision"", ""source_label"": ""Would You Like to Start With Basics?"", ""target"": ""7"", ""target_type"": ""process"", ""target_label"": ""Further Reading About Flowcharts"", ""type_of_edge"": ""solid"", ""relationship_value"": ""NO"", ""relationship_type"": ""follows""}]}"
12.png,"{""nodes"": [{""id"": ""1"", ""type_of_node"": ""process"", ""shape"": ""task"", ""label"": ""Login Profile""}, {""id"": ""2"", ""type_of_node"": ""decision"", ""shape"": ""gateway"", ""label"": ""Still Logged in?""}, {""id"": ""3"", ""type_of_node"": ""process"", ""shape"": ""task"", ""label"": ""Session time out""}, {""id"": ""4"", ""type_of_node"": ""process"", ""shape"": ""task"", ""label"": ""Login Again""}, {""id"": ""5"", ""type_of_node"": ""process"", ""shape"": ""task"", ""label"": ""Go On""}, {""id"": ""6"", ""type_of_node"": ""decision"", ""shape"": ""gateway"", ""label"": ""Logged in?""}, {""id"": ""7"", ""type_of_node"": ""process"", ""shape"": ""task"", ""label"": ""Pause Counting""}], ""edges"": [{""source"": ""1"", ""source_type"": ""process"", ""source_label"": ""Login Profile"", ""target"": ""2"", ""target_type"": ""decision"", ""target_label"": ""Still Logged in?"", ""type_of_edge"": ""solid"", ""relationship_value"": """", ""relationship_type"": ""follows""}, {""source"": ""2"", ""source_type"": ""decision"", ""source_label"": ""Still Logged in?"", ""target"": ""3"", ""target_type"": ""process"", ""target_label"": ""Session time out"", ""type_of_edge"": ""solid"", ""relationship_value"": ""No"", ""relationship_type"": ""branches""}, {""source"": ""3"", ""source_type"": ""process"", ""source_label"": ""Session time out"", ""target"": ""4"", ""target_type"": ""process"", ""target_label"": ""Login Again"", ""type_of_edge"": ""solid"", ""relationship_value"": """", ""relationship_type"": ""follows""}, {""source"": ""2"", ""source_type"": ""decision"", ""source_label"": ""Still Logged in?"", ""target"": ""5"", ""target_type"": ""process"", ""target_label"": ""Go On"", ""type_of_edge"": ""solid"", ""relationship_value"": ""Yes"", ""relationship_type"": ""branches""}, {""source"": ""5"", ""source_type"": ""process"", ""source_label"": ""Go On"", ""target"": ""2"", ""target_type"": ""decision"", ""target_label"": ""Still Logged in?"", ""type_of_edge"": ""solid"", ""relationship_value"": """", ""relationship_type"": ""follows""}, {""source"": ""4"", ""source_type"": ""process"", ""source_label"": ""Login Again"", ""target"": ""6"", ""target_type"": ""decision"", ""target_label"": ""Logged in?"", ""type_of_edge"": ""solid"", ""relationship_value"": """", ""relationship_type"": ""follows""}, {""source"": ""6"", ""source_type"": ""decision"", ""source_label"": ""Logged in?"", ""target"": ""7"", ""target_type"": ""process"", ""target_label"": ""Pause Counting"", ""type_of_edge"": ""solid"", ""relationship_value"": ""No"", ""relationship_type"": ""branches""}, {""source"": ""6"", ""source_type"": ""decision"", ""source_label"": ""Logged in?"", ""target"": ""5"", ""target_type"": ""process"", ""target_label"": ""Go On"", ""type_of_edge"": ""solid"", ""relationship_value"": ""Yes"", ""relationship_type"": ""branches""}]}"
224.png,"{""nodes"": [{""id"": ""1"", ""type_of_node"": ""start"", ""shape"": ""start_event"", ""label"": ""Start""}, {""id"": ""2"", ""type_of_node"": ""process"", ""shape"": ""task"", ""label"": ""Probelm""}, {""id"": ""3"", ""type_of_node"": ""process"", ""shape"": ""task"", ""label"": ""Develop an Algorithm""}, {""id"": ""4"", ""type_of_node"": ""process"", ""shape"": ""task"", ""label"": ""Think creativity""}, {""id"": ""5"", ""type_of_node"": ""process"", ""shape"": ""task"", ""label"": ""Create an Action Plan""}, {""id"": ""6"", ""type_of_node"": ""process"", ""shape"": ""task"", ""label"": ""Discuss""}, {""id"": ""7"", ""type_of_node"": ""process"", ""shape"": ""task"", ""label"": ""Test the Solution""}, {""id"": ""8"", ""type_of_node"": ""decision"", ""shape"": ""gateway"", ""label"": ""Is the Problem Solved?""}, {""id"": ""9"", ""type_of_node"": ""terminator"", ""shape"": ""end_event"", ""label"": ""End""}], ""edges"": [{""source"": ""1"", ""source_type"": ""start"", ""source_label"": ""Start"", ""target"": ""2"", ""target_type"": ""process"", ""target_label"": ""Probelm"", ""type_of_edge"": ""solid"", ""relationship_value"": """", ""relationship_type"": ""follows""}, {""source"": ""2"", ""source_type"": ""process"", ""source_label"": ""Probelm"", ""target"": ""3"", ""target_type"": ""process"", ""target_label"": ""Develop an Algorithm"", ""type_of_edge"": ""solid"", ""relationship_value"": """", ""relationship_type"": ""follows""}, {""source"": ""3"", ""source_type"": ""process"", ""source_label"": ""Develop an Algorithm"", ""target"": ""4"", ""target_type"": ""process"", ""target_label"": ""Think creativity"", ""type_of_edge"": ""solid"", ""relationship_value"": """", ""relationship_type"": ""follows""}, {""source"": ""4"", ""source_type"": ""process"", ""source_label"": ""Think creativity"", ""target"": ""5"", ""target_type"": ""process"", ""target_label"": ""Create an Action Plan"", ""type_of_edge"": ""solid"", ""relationship_value"": """", ""relationship_type"": ""follows""}, {""source"": ""5"", ""source_type"": ""process"", ""source_label"": ""Create an Action Plan"", ""target"": ""6"", ""target_type"": ""process"", ""target_label"": ""Discuss"", ""type_of_edge"": ""solid"", ""relationship_value"": """", ""relationship_type"": ""follows""}, {""source"": ""6"", ""source_type"": ""process"", ""source_label"": ""Discuss"", ""target"": ""7"", ""target_type"": ""process"", ""target_label"": ""Test the Solution"", ""type_of_edge"": ""solid"", ""relationship_value"": """", ""relationship_type"": ""follows""}, {""source"": ""7"", ""source_type"": ""process"", ""source_label"": ""Test the Solution"", ""target"": ""8"", ""target_type"": ""decision"", ""target_label"": ""Is the Problem Solved?"", ""type_of_edge"": ""solid"", ""relationship_value"": """", ""relationship_type"": ""follows""}, {""source"": ""8"", ""source_type"": ""decision"", ""source_label"": ""Is the Problem Solved?"", ""target"": ""4"", ""target_type"": ""process"", ""target_label"": ""Think creativity"", ""type_of_edge"": ""solid"", ""relationship_value"": ""No"", ""relationship_type"": ""branches""}, {""source"": ""8"", ""source_type"": ""decision"", ""source_label"": ""Is the Problem Solved?"", ""target"": ""9"", ""target_type"": ""terminator"", ""target_label"": ""End"", ""type_of_edge"": ""solid"", ""relationship_value"": ""Yes"", ""relationship_type"": ""branches""}]}"
432.png,"{""nodes"": [{""id"": ""1"", ""type_of_node"": ""start"", ""shape"": ""start_event"", ""label"": ""Begin""}, {""id"": ""2"", ""type_of_node"": ""process"", ""shape"": ""task"", ""label"": ""Total patients""}, {""id"": ""3"", ""type_of_node"": ""process"", ""shape"": ""task"", ""label"": ""Serious patients""}, {""id"": ""4"", ""type_of_node"": ""process"", ""shape"": ""task"", ""label"": ""Operation needed""}, {""id"": ""5"", ""type_of_node"": ""process"", ""shape"": ""task"", ""label"": ""Doctor needed""}, {""id"": ""6"", ""type_of_node"": ""process"", ""shape"": ""task"", ""label"": ""No operation needed""}, {""id"": ""7"", ""type_of_node"": ""process"", ""shape"": ""task"", ""label"": ""PACC Group""}, {""id"": ""8"", ""type_of_node"": ""terminator"", ""shape"": ""end_event"", ""label"": ""Get well soon""}], ""edges"": [{""source"": ""1"", ""source_type"": ""start"", ""source_label"": ""Begin"", ""target"": ""2"", ""target_type"": ""process"", ""target_label"": ""Total patients"", ""type_of_edge"": ""solid"", ""relationship_value"": """", ""relationship_type"": ""follows""}, {""source"": ""2"", ""source_type"": ""process"", ""source_label"": ""Total patients"", ""target"": ""3"", ""target_type"": ""process"", ""target_label"": ""Serious patients"", ""type_of_edge"": ""solid"", ""relationship_value"": """", ""relationship_type"": ""follows""}, {""source"": ""3"", ""source_type"": ""process"", ""source_label"": ""Serious patients"", ""target"": ""4"", ""target_type"": ""process"", ""target_label"": ""Operation needed"", ""type_of_edge"": ""solid"", ""relationship_value"": """", ""relationship_type"": ""branches""}, {""source"": ""3"", ""source_type"": ""process"", ""source_label"": ""Serious patients"", ""target"": ""5"", ""target_type"": ""process"", ""target_label"": ""Doctor needed"", ""type_of_edge"": ""solid"", ""relationship_value"": """", ""relationship_type"": ""branches""}, {""source"": ""3"", ""source_type"": ""process"", ""source_label"": ""Serious patients"", ""target"": ""6"", ""target_type"": ""process"", ""target_label"": ""No operation needed"", ""type_of_edge"": ""solid"", ""relationship_value"": """", ""relationship_type"": ""branches""}, {""source"": ""4"", ""source_type"": ""process"", ""source_label"": ""Operation needed"", ""target"": ""7"", ""target_type"": ""process"", ""target_label"": ""PACC Group"", ""type_of_edge"": ""solid"", ""relationship_value"": """", ""relationship_type"": ""follows""}, {""source"": ""5"", ""source_type"": ""process"", ""source_label"": ""Doctor needed"", ""target"": ""8"", ""target_type"": ""terminator"", ""target_label"": ""Get well soon"", ""type_of_edge"": ""solid"", ""relationship_value"": """", ""relationship_type"": ""follows""}, {""source"": ""6"", ""source_type"": ""process"", ""source_label"": ""No operation needed"", ""target"": ""8"", ""target_type"": ""terminator"", ""target_label"": ""Get well soon"", ""type_of_edge"": ""solid"", ""relationship_value"": """", ""relationship_type"": ""follows""}]}"
29.png,"{""nodes"": [{""id"": ""1"", ""type_of_node"": ""start"", ""shape"": ""start_event"", ""label"": ""Connection""}, {""id"": ""2"", ""type_of_node"": ""process"", ""shape"": ""task"", ""label"": ""Take all values""}, {""id"": ""3"", ""type_of_node"": ""process"", ""shape"": ""task"", ""label"": ""Input Hours Per Week""}, {""id"": ""4"", ""type_of_node"": ""process"", ""shape"": ""task"", ""label"": ""Hourly Pay x Hours Per Week""}, {""id"": ""5"", ""type_of_node"": ""decision"", ""shape"": ""gateway"", ""label"": ""weeklypay>400""}, {""id"": ""6"", ""type_of_node"": ""process"", ""shape"": ""task"", ""label"": ""Output can afford to live along""}, {""id"": ""7"", ""type_of_node"": ""process"", ""shape"": ""task"", ""label"": ""Poor condition""}, {""id"": ""8"", ""type_of_node"": ""terminator"", ""shape"": ""end_event"", ""label"": ""End""}], ""edges"": [{""source"": ""1"", ""source_type"": ""start"", ""source_label"": ""Connection"", ""target"": ""2"", ""target_type"": ""process"", ""target_label"": ""Take all values"", ""type_of_edge"": ""solid"", ""relationship_value"": """", ""relationship_type"": ""follows""}, {""source"": ""2"", ""source_type"": ""process"", ""source_label"": ""Take all values"", ""target"": ""3"", ""target_type"": ""process"", ""target_label"": ""Input Hours Per Week"", ""type_of_edge"": ""solid"", ""relationship_value"": """", ""relationship_type"": ""follows""}, {""source"": ""3"", ""source_type"": ""process"", ""source_label"": ""Input Hours Per Week"", ""target"": ""4"", ""target_type"": ""process"", ""target_label"": ""Hourly Pay x Hours Per Week"", ""type_of_edge"": ""solid"", ""relationship_value"": """", ""relationship_type"": ""follows""}, {""source"": ""4"", ""source_type"": ""process"", ""source_label"": ""Hourly Pay x Hours Per Week"", ""target"": ""5"", ""target_type"": ""decision"", ""target_label"": ""weeklypay>400"", ""type_of_edge"": ""solid"", ""relationship_value"": """", ""relationship_type"": ""follows""}, {""source"": ""5"", ""source_type"": ""decision"", ""source_label"": ""weeklypay>400"", ""target"": ""6"", ""target_type"": ""process"", ""target_label"": ""Output can afford to live along"", ""type_of_edge"": ""solid"", ""relationship_value"": ""true"", ""relationship_type"": ""branches""}, {""source"": ""5"", ""source_type"": ""decision"", ""source_label"": ""weeklypay>400"", ""target"": ""7"", ""target_type"": ""process"", ""target_label"": ""Poor condition"", ""type_of_edge"": ""solid"", ""relationship_value"": ""false"", ""relationship_type"": ""branches""}, {""source"": ""6"", ""source_type"": ""process"", ""source_label"": ""Output can afford to live along"", ""target"": ""8"", ""target_type"": ""terminator"", ""target_label"": ""End"", ""type_of_edge"": ""solid"", ""relationship_value"": """", ""relationship_type"": ""follows""}, {""source"": ""7"", ""source_type"": ""process"", ""source_label"": ""Poor condition"", ""target"": ""8"", ""target_type"": ""terminator"", ""target_label"": ""End"", ""type_of_edge"": ""solid"", ""relationship_value"": """", ""relationship_type"": ""follows""}]}"
902.png,"{""nodes"": [{""id"": ""0"", ""type_of_node"": ""start"", ""shape"": ""start_event"", ""label"": ""start""}, {""id"": ""1"", ""type_of_node"": ""decision"", ""shape"": ""gateway"", ""label"": ""have you ever draw big flowchart""}, {""id"": ""2"", ""type_of_node"": ""process"", ""shape"": ""task"", ""label"": ""Awesome""}, {""id"": ""3"", ""type_of_node"": ""process"", ""shape"": ""task"", ""label"": ""Draw""}, {""id"": ""4"", ""type_of_node"": ""process"", ""shape"": ""task"", ""label"": ""Okay""}, {""id"": ""5"", ""type_of_node"": ""process"", ""shape"": ""task"", ""label"": ""it's just boxes How hard can it be?""}, {""id"": ""6"", ""type_of_node"": ""process"", ""shape"": ""task"", ""label"": ""easy""}, {""id"": ""7"", ""type_of_node"": ""process"", ""shape"": ""task"", ""label"": ""Langchain is the best frameworki""}, {""id"": ""8"", ""type_of_node"": ""terminator"", ""shape"": ""end_event"", ""label"": ""End""}], ""edges"": [{""source"": ""0"", ""source_type"": ""start"", ""source_label"": ""start"", ""target"": ""1"", ""target_type"": ""decision"", ""target_label"": ""have you ever draw big flowchart"", ""type_of_edge"": ""solid"", ""relationship_value"": """", ""relationship_type"": ""follows""}, {""source"": ""1"", ""source_type"": ""decision"", ""source_label"": ""have you ever draw big flowchart"", ""target"": ""2"", ""target_type"": ""process"", ""target_label"": ""Awesome"", ""type_of_edge"": ""solid"", ""relationship_value"": ""No"", ""relationship_type"": ""branches""}, {""source"": ""1"", ""source_type"": ""decision"", ""source_label"": ""have you ever draw big flowchart"", ""target"": ""5"", ""target_type"": ""process"", ""target_label"": ""it's just boxes How hard can it be?"", ""type_of_edge"": ""solid"", ""relationship_value"": ""Yes"", ""relationship_type"": ""branches""}, {""source"": ""2"", ""source_type"": ""process"", ""source_label"": ""Awesome"", ""target"": ""3"", ""target_type"": ""process"", ""target_label"": ""Draw"", ""type_of_edge"": ""solid"", ""relationship_value"": """", ""relationship_type"": ""follows""}, {""source"": ""3"", ""source_type"": ""process"", ""source_label"": ""Draw"", ""target"": ""4"", ""target_type"": ""process"", ""target_label"": ""Okay"", ""type_of_edge"": ""solid"", ""relationship_value"": """", ""relationship_type"": ""follows""}, {""source"": ""4"", ""source_type"": ""process"", ""source_label"": ""Okay"", ""target"": ""8"", ""target_type"": ""terminator"", ""target_label"": ""End"", ""type_of_edge"": ""solid"", ""relationship_value"": """", ""relationship_type"": ""follows""}, {""source"": ""5"", ""source_type"": ""process"", ""source_label"": ""it's just boxes How hard can it be?"", ""target"": ""6"", ""target_type"": ""process"", ""target_label"": ""easy"", ""type_of_edge"": ""solid"", ""relationship_value"": """", ""relationship_type"": ""follows""}, {""source"": ""6"", ""source_type"": ""process"", ""source_label"": ""easy"", ""target"": ""7"", ""target_type"": ""process"", ""target_label"": ""Langchain is the best frameworki"", ""type_of_edge"": ""solid"", ""relationship_value"": """", ""relationship_type"": ""follows""}, {""source"": ""7"", ""source_type"": ""process"", ""source_label"": ""Langchain is the best frameworki"", ""target"": ""8"", ""target_type"": ""terminator"", ""target_label"": ""End"", ""type_of_edge"": ""solid"", ""relationship_value"": """", ""relationship_type"": ""follows""}]}"
94.png,"{""nodes"": [{""id"": ""1"", ""type_of_node"": ""start"", ""shape"": ""start_event"", ""label"": ""Start""}, {""id"": ""2"", ""type_of_node"": ""process"", ""shape"": ""task"", ""label"": ""Initialize i""}, {""id"": ""3"", ""type_of_node"": ""terminator"", ""shape"": ""end_event"", ""label"": ""Terminate Process""}, {""id"": ""4"", ""type_of_node"": ""decision"", ""shape"": ""gateway"", ""label"": ""Enough Quotes?""}, {""id"": ""5"", ""type_of_node"": ""process"", ""shape"": ""task"", ""label"": ""Ready""}, {""id"": ""6"", ""type_of_node"": ""decision"", ""shape"": ""gateway"", ""label"": ""Purchase Approval?""}, {""id"": ""7"", ""type_of_node"": ""terminator"", ""shape"": ""end_event"", ""label"": ""End""}], ""edges"": [{""source"": ""1"", ""source_type"": ""start"", ""source_label"": ""Start"", ""target"": ""2"", ""target_type"": ""process"", ""target_label"": ""Initialize i"", ""type_of_edge"": ""solid"", ""relationship_value"": """", ""relationship_type"": ""follows""}, {""source"": ""2"", ""source_type"": ""process"", ""source_label"": ""Initialize i"", ""target"": ""3"", ""target_type"": ""process"", ""target_label"": ""Terminate Process"", ""type_of_edge"": ""solid"", ""relationship_value"": ""i>N"", ""relationship_type"": ""branches""}, {""source"": ""2"", ""source_type"": ""process"", ""source_label"": ""Initialize i"", ""target"": ""4"", ""target_type"": ""decision"", ""target_label"": ""Enough Quotes?"", ""type_of_edge"": ""solid"", ""relationship_value"": """", ""relationship_type"": ""branches""}, {""source"": ""4"", ""source_type"": ""decision"", ""source_label"": ""Enough Quotes?"", ""target"": ""2"", ""target_type"": ""process"", ""target_label"": ""Initialize i"", ""type_of_edge"": ""solid"", ""relationship_value"": ""tender++"", ""relationship_type"": ""branches""}, {""source"": ""4"", ""source_type"": ""decision"", ""source_label"": ""Enough Quotes?"", ""target"": ""5"", ""target_type"": ""process"", ""target_label"": ""Ready"", ""type_of_edge"": ""solid"", ""relationship_value"": ""Yes"", ""relationship_type"": ""branches""}, {""source"": ""5"", ""source_type"": ""process"", ""source_label"": ""Ready"", ""target"": ""6"", ""target_type"": ""decision"", ""target_label"": ""Purchase Approval?"", ""type_of_edge"": ""solid"", ""relationship_value"": """", ""relationship_type"": ""follows""}, {""source"": ""6"", ""source_type"": ""decision"", ""source_label"": ""Purchase Approval?"", ""target"": ""3"", ""target_type"": ""process"", ""target_label"": ""Terminate Process"", ""type_of_edge"": ""solid"", ""relationship_value"": ""Rejected"", ""relationship_type"": ""branches""}, {""source"": ""6"", ""source_type"": ""decision"", ""source_label"": ""Purchase Approval?"", ""target"": ""7"", ""target_type"": ""terminator"", ""target_label"": ""End"", ""type_of_edge"": ""solid"", ""relationship_value"": ""Yes"", ""relationship_type"": ""branches""}]}"
63.png,"{""nodes"": [{""id"": ""1"", ""type_of_node"": ""start"", ""shape"": ""start_event"", ""label"": ""Start""}, {""id"": ""2"", ""type_of_node"": ""process"", ""shape"": ""task"", ""label"": ""INPUT numbers""}, {""id"": ""3"", ""type_of_node"": ""decision"", ""shape"": ""gateway"", ""label"": ""Perform operation""}, {""id"": ""4"", ""type_of_node"": ""process"", ""shape"": ""task"", ""label"": ""Find Average""}, {""id"": ""5"", ""type_of_node"": ""process"", ""shape"": ""task"", ""label"": ""INPUT latest""}, {""id"": ""6"", ""type_of_node"": ""process"", ""shape"": ""task"", ""label"": ""total=total+latest""}, {""id"": ""7"", ""type_of_node"": ""process"", ""shape"": ""task"", ""label"": ""OUTPUT \""The total of the numbers was\""+total""}, {""id"": ""8"", ""type_of_node"": ""process"", ""shape"": ""task"", ""label"": ""Print result""}, {""id"": ""9"", ""type_of_node"": ""terminator"", ""shape"": ""end_event"", ""label"": ""Stop""}], ""edges"": [{""source"": ""1"", ""source_type"": ""start"", ""source_label"": ""Start"", ""target"": ""2"", ""target_type"": ""process"", ""target_label"": ""INPUT numbers"", ""type_of_edge"": ""solid"", ""relationship_value"": """", ""relationship_type"": ""follows""}, {""source"": ""2"", ""source_type"": ""process"", ""source_label"": ""INPUT numbers"", ""target"": ""3"", ""target_type"": ""decision"", ""target_label"": ""Perform operation"", ""type_of_edge"": ""solid"", ""relationship_value"": """", ""relationship_type"": ""follows""}, {""source"": ""3"", ""source_type"": ""decision"", ""source_label"": ""Perform operation"", ""target"": ""4"", ""target_type"": ""process"", ""target_label"": ""Find Average"", ""type_of_edge"": ""solid"", ""relationship_value"": ""Yes"", ""relationship_type"": ""branches""}, {""source"": ""3"", ""source_type"": ""decision"", ""source_label"": ""Perform operation"", ""target"": ""5"", ""target_type"": ""process"", ""target_label"": ""INPUT latest"", ""type_of_edge"": ""solid"", ""relationship_value"": ""No"", ""relationship_type"": ""branches""}, {""source"": ""5"", ""source_type"": ""process"", ""source_label"": ""INPUT latest"", ""target"": ""6"", ""target_type"": ""process"", ""target_label"": ""total=total+latest"", ""type_of_edge"": ""solid"", ""relationship_value"": """", ""relationship_type"": ""follows""}, {""source"": ""6"", ""source_type"": ""process"", ""source_label"": ""total=total+latest"", ""target"": ""3"", ""target_type"": ""decision"", ""target_label"": ""Perform operation"", ""type_of_edge"": ""solid"", ""relationship_value"": """", ""relationship_type"": ""follows""}, {""source"": ""4"", ""source_type"": ""process"", ""source_label"": ""Find Average"", ""target"": ""7"", ""target_type"": ""process"", ""target_label"": ""OUTPUT \""The total of the numbers was\""+total"", ""type_of_edge"": ""solid"", ""relationship_value"": """", ""relationship_type"": ""follows""}, {""source"": ""7"", ""source_type"": ""process"", ""source_label"": ""OUTPUT \""The total of the numbers was\""+total"", ""target"": ""8"", ""target_type"": ""process"", ""target_label"": ""Print result"", ""type_of_edge"": ""solid"", ""relationship_value"": """", ""relationship_type"": ""follows""}, {""source"": ""8"", ""source_type"": ""process"", ""source_label"": ""Print result"", ""target"": ""9"", ""target_type"": ""terminator"", ""target_label"": ""Stop"", ""type_of_edge"": ""solid"", ""relationship_value"": """", ""relationship_type"": ""follows""}]}"
215.png,"{""nodes"": [{""id"": ""1"", ""type_of_node"": ""start"", ""shape"": ""start_event"", ""label"": ""Start""}, {""id"": ""2"", ""type_of_node"": ""process"", ""shape"": ""task"", ""label"": ""identity authentication""}, {""id"": ""3"", ""type_of_node"": ""decision"", ""shape"": ""gateway"", ""label"": ""identity verification""}, {""id"": ""4"", ""type_of_node"": ""process"", ""shape"": ""task"", ""label"": ""Try Again""}, {""id"": ""5"", ""type_of_node"": ""decision"", ""shape"": ""gateway"", ""label"": ""Profile""}, {""id"": ""6"", ""type_of_node"": ""process"", ""shape"": ""task"", ""label"": ""User""}, {""id"": ""7"", ""type_of_node"": ""process"", ""shape"": ""task"", ""label"": ""identity management""}], ""edges"": [{""source"": ""1"", ""source_type"": ""start"", ""source_label"": ""Start"", ""target"": ""2"", ""target_type"": ""process"", ""target_label"": ""identity authentication"", ""type_of_edge"": ""solid"", ""relationship_value"": """", ""relationship_type"": ""follows""}, {""source"": ""2"", ""source_type"": ""process"", ""source_label"": ""identity authentication"", ""target"": ""3"", ""target_type"": ""decision"", ""target_label"": ""identity verification"", ""type_of_edge"": ""solid"", ""relationship_value"": """", ""relationship_type"": ""follows""}, {""source"": ""3"", ""source_type"": ""decision"", ""source_label"": ""identity verification"", ""target"": ""4"", ""target_type"": ""process"", ""target_label"": ""Try Again"", ""type_of_edge"": ""solid"", ""relationship_value"": ""N"", ""relationship_type"": ""branches""}, {""source"": ""4"", ""source_type"": ""process"", ""source_label"": ""Try Again"", ""target"": ""3"", ""target_type"": ""decision"", ""target_label"": ""identity verification"", ""type_of_edge"": ""solid"", ""relationship_value"": """", ""relationship_type"": ""follows""}, {""source"": ""3"", ""source_type"": ""decision"", ""source_label"": ""identity verification"", ""target"": ""5"", ""target_type"": ""decision"", ""target_label"": ""Profile"", ""type_of_edge"": ""solid"", ""relationship_value"": ""Y"", ""relationship_type"": ""branches""}, {""source"": ""5"", ""source_type"": ""decision"", ""source_label"": ""Profile"", ""target"": ""6"", ""target_type"": ""process"", ""target_label"": ""User"", ""type_of_edge"": ""solid"", ""relationship_value"": ""N"", ""relationship_type"": ""branches""}, {""source"": ""5"", ""source_type"": ""decision"", ""source_label"": ""Profile"", ""target"": ""7"", ""target_type"": ""process"", ""target_label"": ""identity management"", ""type_of_edge"": ""solid"", ""relationship_value"": ""Y"", ""relationship_type"": ""branches""}]}"
800.png,"{""nodes"": [{""id"": ""n1"", ""type_of_node"": ""process"", ""shape"": ""task"", ""label"": ""Assessment""}, {""id"": ""n2"", ""type_of_node"": ""process"", ""shape"": ""task"", ""label"": ""Team work""}, {""id"": ""n3"", ""type_of_node"": ""process"", ""shape"": ""task"", ""label"": ""Work""}, {""id"": ""n4"", ""type_of_node"": ""process"", ""shape"": ""task"", ""label"": ""Gather""}, {""id"": ""n5"", ""type_of_node"": ""process"", ""shape"": ""task"", ""label"": ""Complete""}, {""id"": ""n6"", ""type_of_node"": ""process"", ""shape"": ""task"", ""label"": ""Closure""}, {""id"": ""n7"", ""type_of_node"": ""process"", ""shape"": ""task"", ""label"": ""Primary closure""}, {""id"": ""n8"", ""type_of_node"": ""process"", ""shape"": ""task"", ""label"": ""Bandaging""}, {""id"": ""n9"", ""type_of_node"": ""process"", ""shape"": ""task"", ""label"": ""Delayed primary closure""}, {""id"": ""n10"", ""type_of_node"": ""process"", ""shape"": ""task"", ""label"": ""Secondary closure""}], ""edges"": [{""source"": ""n1"", ""source_type"": ""process"", ""source_label"": ""Assessment"", ""target"": ""n2"", ""target_type"": ""process"", ""target_label"": ""Team work"", ""type_of_edge"": ""solid"", ""relationship_value"": """", ""relationship_type"": ""follows""}, {""source"": ""n2"", ""source_type"": ""process"", ""source_label"": ""Team work"", ""target"": ""n3"", ""target_type"": ""process"", ""target_label"": ""Work"", ""type_of_edge"": ""solid"", ""relationship_value"": """", ""relationship_type"": ""follows""}, {""source"": ""n3"", ""source_type"": ""process"", ""source_label"": ""Work"", ""target"": ""n4"", ""target_type"": ""process"", ""target_label"": ""Gather"", ""type_of_edge"": ""solid"", ""relationship_value"": """", ""relationship_type"": ""follows""}, {""source"": ""n4"", ""source_type"": ""process"", ""source_label"": ""Gather"", ""target"": ""n5"", ""target_type"": ""process"", ""target_label"": ""Complete"", ""type_of_edge"": ""solid"", ""relationship_value"": """", ""relationship_type"": ""follows""}, {""source"": ""n5"", ""source_type"": ""process"", ""source_label"": ""Complete"", ""target"": ""n6"", ""target_type"": ""process"", ""target_label"": ""Closure"", ""type_of_edge"": ""solid"", ""relationship_value"": """", ""relationship_type"": ""follows""}, {""source"": ""n6"", ""source_type"": ""process"", ""source_label"": ""Closure"", ""target"": ""n7"", ""target_type"": ""process"", ""target_label"": ""Primary closure"", ""type_of_edge"": ""solid"", ""relationship_value"": """", ""relationship_type"": ""branches""}, {""source"": ""n6"", ""source_type"": ""process"", ""source_label"": ""Closure"", ""target"": ""n8"", ""target_type"": ""process"", ""target_label"": ""Bandaging"", ""type_of_edge"": ""solid"", ""relationship_value"": """", ""relationship_type"": ""branches""}, {""source"": ""n8"", ""source_type"": ""process"", ""source_label"": ""Bandaging"", ""target"": ""n9"", ""target_type"": ""process"", ""target_label"": ""Delayed primary closure"", ""type_of_edge"": ""solid"", ""relationship_value"": """", ""relationship_type"": ""branches""}, {""source"": ""n8"", ""source_type"": ""process"", ""source_label"": ""Bandaging"", ""target"": ""n10"", ""target_type"": ""process"", ""target_label"": ""Secondary closure"", ""type_of_edge"": ""solid"", ""relationship_value"": """", ""relationship_type"": ""branches""}]}"
735.png,"{""nodes"": [{""id"": ""1"", ""type_of_node"": ""process"", ""shape"": ""task"", ""label"": ""Analog retrieval""}, {""id"": ""2"", ""type_of_node"": ""process"", ""shape"": ""task"", ""label"": ""Sampling""}, {""id"": ""3"", ""type_of_node"": ""process"", ""shape"": ""task"", ""label"": ""Analogical Inference""}, {""id"": ""4"", ""type_of_node"": ""terminator"", ""shape"": ""end_event"", ""label"": ""End""}], ""edges"": [{""source"": ""1"", ""source_type"": ""process"", ""source_label"": ""Analog retrieval"", ""target"": ""2"", ""target_type"": ""process"", ""target_label"": ""Sampling"", ""type_of_edge"": ""solid"", ""relationship_value"": ""learning"", ""relationship_type"": ""follows""}, {""source"": ""2"", ""source_type"": ""process"", ""source_label"": ""Sampling"", ""target"": ""3"", ""target_type"": ""process"", ""target_label"": ""Analogical Inference"", ""type_of_edge"": ""solid"", ""relationship_value"": ""Self-supervised learning"", ""relationship_type"": ""follows""}, {""source"": ""3"", ""source_type"": ""process"", ""source_label"": ""Analogical Inference"", ""target"": ""4"", ""target_type"": ""terminator"", ""target_label"": ""End"", ""type_of_edge"": ""solid"", ""relationship_value"": """", ""relationship_type"": ""follows""}]}"
520.png,"{""nodes"": [{""id"": ""1"", ""type_of_node"": ""start"", ""shape"": ""start_event"", ""label"": ""Begin""}, {""id"": ""2"", ""type_of_node"": ""process"", ""shape"": ""task"", ""label"": ""READ num1""}, {""id"": ""3"", ""type_of_node"": ""process"", ""shape"": ""task"", ""label"": ""I=1 bun=1""}, {""id"": ""4"", ""type_of_node"": ""decision"", ""shape"": ""gateway"", ""label"": ""Is I<num1""}, {""id"": ""5"", ""type_of_node"": ""process"", ""shape"": ""task"", ""label"": ""PRINT bun""}, {""id"": ""6"", ""type_of_node"": ""process"", ""shape"": ""task"", ""label"": ""I=I+1""}, {""id"": ""7"", ""type_of_node"": ""process"", ""shape"": ""task"", ""label"": ""bun=bun*I""}, {""id"": ""8"", ""type_of_node"": ""terminator"", ""shape"": ""end_event"", ""label"": ""Stop""}], ""edges"": [{""source"": ""1"", ""source_type"": ""start"", ""source_label"": ""Begin"", ""target"": ""2"", ""target_type"": ""process"", ""target_label"": ""READ num1"", ""type_of_edge"": ""solid"", ""relationship_value"": """", ""relationship_type"": ""follows""}, {""source"": ""2"", ""source_type"": ""process"", ""source_label"": ""READ num1"", ""target"": ""3"", ""target_type"": ""process"", ""target_label"": ""I=1 bun=1"", ""type_of_edge"": ""solid"", ""relationship_value"": """", ""relationship_type"": ""follows""}, {""source"": ""3"", ""source_type"": ""process"", ""source_label"": ""I=1 bun=1"", ""target"": ""4"", ""target_type"": ""decision"", ""target_label"": ""Is I<num1"", ""type_of_edge"": ""solid"", ""relationship_value"": """", ""relationship_type"": ""follows""}, {""source"": ""4"", ""source_type"": ""decision"", ""source_label"": ""Is I<num1"", ""target"": ""5"", ""target_type"": ""process"", ""target_label"": ""PRINT bun"", ""type_of_edge"": ""solid"", ""relationship_value"": ""False"", ""relationship_type"": ""branches""}, {""source"": ""4"", ""source_type"": ""decision"", ""source_label"": ""Is I<num1"", ""target"": ""6"", ""target_type"": ""process"", ""target_label"": ""I=I+1"", ""type_of_edge"": ""solid"", ""relationship_value"": ""True"", ""relationship_type"": ""branches""}, {""source"": ""6"", ""source_type"": ""process"", ""source_label"": ""I=I+1"", ""target"": ""7"", ""target_type"": ""process"", ""target_label"": ""bun=bun*I"", ""type_of_edge"": ""solid"", ""relationship_value"": """", ""relationship_type"": ""follows""}, {""source"": ""7"", ""source_type"": ""process"", ""source_label"": ""bun=bun*I"", ""target"": ""4"", ""target_type"": ""decision"", ""target_label"": ""Is I<num1"", ""type_of_edge"": ""solid"", ""relationship_value"": """", ""relationship_type"": ""branches""}, {""source"": ""5"", ""source_type"": ""process"", ""source_label"": ""PRINT bun"", ""target"": ""8"", ""target_type"": ""terminator"", ""target_label"": ""Stop"", ""type_of_edge"": ""solid"", ""relationship_value"": """", ""relationship_type"": ""follows""}, {""source"": ""7"", ""source_type"": ""process"", ""source_label"": ""bun=bun*I"", ""target"": ""8"", ""target_type"": ""terminator"", ""target_label"": ""Stop"", ""type_of_edge"": ""solid"", ""relationship_value"": """", ""relationship_type"": ""branches""}]}"
577.png,"{""nodes"": [{""id"": ""1"", ""type_of_node"": ""start"", ""shape"": ""start_event"", ""label"": ""Begin""}, {""id"": ""2"", ""type_of_node"": ""process"", ""shape"": ""task"", ""label"": ""Online Application""}, {""id"": ""3"", ""type_of_node"": ""process"", ""shape"": ""task"", ""label"": ""Applicant meets with a loan officer to discuss their needs""}, {""id"": ""4"", ""type_of_node"": ""process"", ""shape"": ""task"", ""label"": ""Process Application""}, {""id"": ""5"", ""type_of_node"": ""decision"", ""shape"": ""gateway"", ""label"": ""Application reviewed by the office manager""}, {""id"": ""6"", ""type_of_node"": ""process"", ""shape"": ""task"", ""label"": ""Application Rejected""}, {""id"": ""7"", ""type_of_node"": ""process"", ""shape"": ""task"", ""label"": ""Application Approved""}, {""id"": ""8"", ""type_of_node"": ""terminator"", ""shape"": ""end_event"", ""label"": ""END""}], ""edges"": [{""source"": ""1"", ""source_type"": ""start"", ""source_label"": ""Begin"", ""target"": ""2"", ""target_type"": ""process"", ""target_label"": ""Online Application"", ""type_of_edge"": ""solid"", ""relationship_value"": """", ""relationship_type"": ""follows""}, {""source"": ""2"", ""source_type"": ""process"", ""source_label"": ""Online Application"", ""target"": ""3"", ""target_type"": ""process"", ""target_label"": ""Applicant meets with a loan officer to discuss their needs"", ""type_of_edge"": ""solid"", ""relationship_value"": """", ""relationship_type"": ""follows""}, {""source"": ""3"", ""source_type"": ""process"", ""source_label"": ""Applicant meets with a loan officer to discuss their needs"", ""target"": ""4"", ""target_type"": ""process"", ""target_label"": ""Process Application"", ""type_of_edge"": ""solid"", ""relationship_value"": """", ""relationship_type"": ""follows""}, {""source"": ""4"", ""source_type"": ""process"", ""source_label"": ""Process Application"", ""target"": ""5"", ""target_type"": ""decision"", ""target_label"": ""Application reviewed by the office manager"", ""type_of_edge"": ""solid"", ""relationship_value"": """", ""relationship_type"": ""follows""}, {""source"": ""5"", ""source_type"": ""decision"", ""source_label"": ""Application reviewed by the office manager"", ""target"": ""6"", ""target_type"": ""process"", ""target_label"": ""Application Rejected"", ""type_of_edge"": ""solid"", ""relationship_value"": ""N"", ""relationship_type"": ""branches""}, {""source"": ""5"", ""source_type"": ""decision"", ""source_label"": ""Application reviewed by the office manager"", ""target"": ""7"", ""target_type"": ""process"", ""target_label"": ""Application Approved"", ""type_of_edge"": ""solid"", ""relationship_value"": ""Y"", ""relationship_type"": ""branches""}, {""source"": ""7"", ""source_type"": ""process"", ""source_label"": ""Application Approved"", ""target"": ""8"", ""target_type"": ""terminator"", ""target_label"": ""END"", ""type_of_edge"": ""solid"", ""relationship_value"": """", ""relationship_type"": ""follows""}]}"
212.png,"{""nodes"": [{""id"": ""1"", ""type_of_node"": ""start"", ""shape"": ""start_event"", ""label"": ""START""}, {""id"": ""2"", ""type_of_node"": ""process"", ""shape"": ""task"", ""label"": ""K is equal to 0""}, {""id"": ""3"", ""type_of_node"": ""process"", ""shape"": ""task"", ""label"": ""LOOP""}, {""id"": ""4"", ""type_of_node"": ""decision"", ""shape"": ""gateway"", ""label"": ""YES OR NO?""}, {""id"": ""5"", ""type_of_node"": ""process"", ""shape"": ""task"", ""label"": ""Calculate K as K+1""}, {""id"": ""6"", ""type_of_node"": ""process"", ""shape"": ""task"", ""label"": ""PRINT K""}, {""id"": ""7"", ""type_of_node"": ""terminator"", ""shape"": ""end_event"", ""label"": ""STOP""}], ""edges"": [{""source"": ""1"", ""source_type"": ""start"", ""source_label"": ""START"", ""target"": ""2"", ""target_type"": ""process"", ""target_label"": ""K is equal to 0"", ""type_of_edge"": ""solid"", ""relationship_value"": """", ""relationship_type"": ""follows""}, {""source"": ""2"", ""source_type"": ""process"", ""source_label"": ""K is equal to 0"", ""target"": ""3"", ""target_type"": ""process"", ""target_label"": ""LOOP"", ""type_of_edge"": ""solid"", ""relationship_value"": """", ""relationship_type"": ""follows""}, {""source"": ""3"", ""source_type"": ""process"", ""source_label"": ""LOOP"", ""target"": ""4"", ""target_type"": ""decision"", ""target_label"": ""YES OR NO?"", ""type_of_edge"": ""solid"", ""relationship_value"": """", ""relationship_type"": ""follows""}, {""source"": ""4"", ""source_type"": ""decision"", ""source_label"": ""YES OR NO?"", ""target"": ""5"", ""target_type"": ""process"", ""target_label"": ""Calculate K as K+1"", ""type_of_edge"": ""solid"", ""relationship_value"": ""Yes"", ""relationship_type"": ""branches""}, {""source"": ""5"", ""source_type"": ""process"", ""source_label"": ""Calculate K as K+1"", ""target"": ""3"", ""target_type"": ""process"", ""target_label"": ""LOOP"", ""type_of_edge"": ""solid"", ""relationship_value"": """", ""relationship_type"": ""follows""}, {""source"": ""4"", ""source_type"": ""decision"", ""source_label"": ""YES OR NO?"", ""target"": ""6"", ""target_type"": ""process"", ""target_label"": ""PRINT K"", ""type_of_edge"": ""solid"", ""relationship_value"": ""No"", ""relationship_type"": ""branches""}, {""source"": ""6"", ""source_type"": ""process"", ""source_label"": ""PRINT K"", ""target"": ""7"", ""target_type"": ""terminator"", ""target_label"": ""STOP"", ""type_of_edge"": ""solid"", ""relationship_value"": """", ""relationship_type"": ""follows""}]}"
356.png,"{""nodes"": [{""id"": ""1"", ""type_of_node"": ""start"", ""shape"": ""start_event"", ""label"": ""start""}, {""id"": ""2"", ""type_of_node"": ""process"", ""shape"": ""task"", ""label"": ""Input data user""}, {""id"": ""3"", ""type_of_node"": ""process"", ""shape"": ""task"", ""label"": ""Enter ID""}, {""id"": ""4"", ""type_of_node"": ""process"", ""shape"": ""task"", ""label"": ""Authentication""}, {""id"": ""5"", ""type_of_node"": ""process"", ""shape"": ""data_store"", ""label"": ""Memory""}, {""id"": ""6"", ""type_of_node"": ""process"", ""shape"": ""task"", ""label"": ""Result""}, {""id"": ""7"", ""type_of_node"": ""terminator"", ""shape"": ""end_event"", ""label"": ""end""}], ""edges"": [{""source"": ""1"", ""source_type"": ""start"", ""source_label"": ""start"", ""target"": ""2"", ""target_type"": ""process"", ""target_label"": ""Input data user"", ""type_of_edge"": ""solid"", ""relationship_value"": """", ""relationship_type"": ""follows""}, {""source"": ""2"", ""source_type"": ""process"", ""source_label"": ""Input data user"", ""target"": ""3"", ""target_type"": ""process"", ""target_label"": ""Enter ID"", ""type_of_edge"": ""solid"", ""relationship_value"": """", ""relationship_type"": ""follows""}, {""source"": ""3"", ""source_type"": ""process"", ""source_label"": ""Enter ID"", ""target"": ""4"", ""target_type"": ""process"", ""target_label"": ""Authentication"", ""type_of_edge"": ""solid"", ""relationship_value"": """", ""relationship_type"": ""follows""}, {""source"": ""4"", ""source_type"": ""process"", ""source_label"": ""Authentication"", ""target"": ""5"", ""target_type"": ""process"", ""target_label"": ""Memory"", ""type_of_edge"": ""solid"", ""relationship_value"": """", ""relationship_type"": ""follows""}, {""source"": ""5"", ""source_type"": ""process"", ""source_label"": ""Memory"", ""target"": ""6"", ""target_type"": ""process"", ""target_label"": ""Result"", ""type_of_edge"": ""solid"", ""relationship_value"": """", ""relationship_type"": ""follows""}, {""source"": ""6"", ""source_type"": ""process"", ""source_label"": ""Result"", ""target"": ""7"", ""target_type"": ""terminator"", ""target_label"": ""end"", ""type_of_edge"": ""solid"", ""relationship_value"": """", ""relationship_type"": ""follows""}]}"
457.png,"{""nodes"": [{""id"": ""1"", ""type_of_node"": ""start"", ""shape"": ""start_event"", ""label"": ""Begin""}, {""id"": ""2"", ""type_of_node"": ""decision"", ""shape"": ""gateway"", ""label"": ""Has 5 attempts""}, {""id"": ""3"", ""type_of_node"": ""process"", ""shape"": ""task"", ""label"": ""Block""}, {""id"": ""4"", ""type_of_node"": ""process"", ""shape"": ""task"", ""label"": ""Login""}, {""id"": ""5"", ""type_of_node"": ""process"", ""shape"": ""task"", ""label"": ""Alert""}, {""id"": ""6"", ""type_of_node"": ""decision"", ""shape"": ""gateway"", ""label"": ""Authorized""}, {""id"": ""7"", ""type_of_node"": ""process"", ""shape"": ""task"", ""label"": ""Allow""}, {""id"": ""8"", ""type_of_node"": ""terminator"", ""shape"": ""end_event"", ""label"": ""Stop""}], ""edges"": [{""source"": ""1"", ""source_type"": ""start"", ""source_label"": ""Begin"", ""target"": ""2"", ""target_type"": ""decision"", ""target_label"": ""Has 5 attempts"", ""type_of_edge"": ""solid"", ""relationship_value"": """", ""relationship_type"": ""follows""}, {""source"": ""2"", ""source_type"": ""decision"", ""source_label"": ""Has 5 attempts"", ""target"": ""3"", ""target_type"": ""process"", ""target_label"": ""Block"", ""type_of_edge"": ""solid"", ""relationship_value"": ""Yes"", ""relationship_type"": ""branches""}, {""source"": ""2"", ""source_type"": ""decision"", ""source_label"": ""Has 5 attempts"", ""target"": ""4"", ""target_type"": ""process"", ""target_label"": ""Login"", ""type_of_edge"": ""solid"", ""relationship_value"": ""No"", ""relationship_type"": ""branches""}, {""source"": ""3"", ""source_type"": ""process"", ""source_label"": ""Block"", ""target"": ""5"", ""target_type"": ""process"", ""target_label"": ""Alert"", ""type_of_edge"": ""solid"", ""relationship_value"": """", ""relationship_type"": ""follows""}, {""source"": ""4"", ""source_type"": ""process"", ""source_label"": ""Login"", ""target"": ""6"", ""target_type"": ""decision"", ""target_label"": ""Authorized"", ""type_of_edge"": ""solid"", ""relationship_value"": """", ""relationship_type"": ""follows""}, {""source"": ""5"", ""source_type"": ""process"", ""source_label"": ""Alert"", ""target"": ""8"", ""target_type"": ""terminator"", ""target_label"": ""Stop"", ""type_of_edge"": ""solid"", ""relationship_value"": """", ""relationship_type"": ""follows""}, {""source"": ""6"", ""source_type"": ""decision"", ""source_label"": ""Authorized"", ""target"": ""2"", ""target_type"": ""decision"", ""target_label"": ""Has 5 attempts"", ""type_of_edge"": ""solid"", ""relationship_value"": ""No"", ""relationship_type"": ""branches""}, {""source"": ""6"", ""source_type"": ""decision"", ""source_label"": ""Authorized"", ""target"": ""7"", ""target_type"": ""process"", ""target_label"": ""Allow"", ""type_of_edge"": ""solid"", ""relationship_value"": ""Yes"", ""relationship_type"": ""branches""}, {""source"": ""7"", ""source_type"": ""process"", ""source_label"": ""Allow"", ""target"": ""8"", ""target_type"": ""terminator"", ""target_label"": ""Stop"", ""type_of_edge"": ""solid"", ""relationship_value"": """", ""relationship_type"": ""follows""}]}"
394.png,"{""nodes"": [{""id"": ""1"", ""type_of_node"": ""start"", ""shape"": ""start_event"", ""label"": ""Start""}, {""id"": ""2"", ""type_of_node"": ""process"", ""shape"": ""task"", ""label"": ""Power On""}, {""id"": ""3"", ""type_of_node"": ""process"", ""shape"": ""task"", ""label"": ""Look for previous data""}, {""id"": ""4"", ""type_of_node"": ""process"", ""shape"": ""task"", ""label"": ""Generate Map and Location""}, {""id"": ""5"", ""type_of_node"": ""process"", ""shape"": ""task"", ""label"": ""Plan route""}, {""id"": ""6"", ""type_of_node"": ""process"", ""shape"": ""task"", ""label"": ""Route""}, {""id"": ""7"", ""type_of_node"": ""terminator"", ""shape"": ""end_event"", ""label"": ""Stop""}], ""edges"": [{""source"": ""1"", ""source_type"": ""start"", ""source_label"": ""Start"", ""target"": ""2"", ""target_type"": ""process"", ""target_label"": ""Power On"", ""type_of_edge"": ""solid"", ""relationship_value"": """", ""relationship_type"": ""follows""}, {""source"": ""2"", ""source_type"": ""process"", ""source_label"": ""Power On"", ""target"": ""3"", ""target_type"": ""process"", ""target_label"": ""Look for previous data"", ""type_of_edge"": ""solid"", ""relationship_value"": """", ""relationship_type"": ""follows""}, {""source"": ""3"", ""source_type"": ""process"", ""source_label"": ""Look for previous data"", ""target"": ""4"", ""target_type"": ""process"", ""target_label"": ""Generate Map and Location"", ""type_of_edge"": ""solid"", ""relationship_value"": """", ""relationship_type"": ""follows""}, {""source"": ""4"", ""source_type"": ""process"", ""source_label"": ""Generate Map and Location"", ""target"": ""5"", ""target_type"": ""process"", ""target_label"": ""Plan route"", ""type_of_edge"": ""solid"", ""relationship_value"": """", ""relationship_type"": ""follows""}, {""source"": ""5"", ""source_type"": ""process"", ""source_label"": ""Plan route"", ""target"": ""6"", ""target_type"": ""process"", ""target_label"": ""Route"", ""type_of_edge"": ""solid"", ""relationship_value"": """", ""relationship_type"": ""branches""}, {""source"": ""5"", ""source_type"": ""process"", ""source_label"": ""Plan route"", ""target"": ""7"", ""target_type"": ""terminator"", ""target_label"": ""Stop"", ""type_of_edge"": ""solid"", ""relationship_value"": """", ""relationship_type"": ""branches""}]}"
14.png,"{""nodes"": [{""id"": ""1"", ""type_of_node"": ""start"", ""shape"": ""start_event"", ""label"": ""Begin""}, {""id"": ""2"", ""type_of_node"": ""process"", ""shape"": ""task"", ""label"": ""Door Knock""}, {""id"": ""3"", ""type_of_node"": ""decision"", ""shape"": ""gateway"", ""label"": ""Ready to wake up""}, {""id"": ""4"", ""type_of_node"": ""process"", ""shape"": ""task"", ""label"": ""Get up""}, {""id"": ""5"", ""type_of_node"": ""process"", ""shape"": ""task"", ""label"": ""Sleep""}, {""id"": ""6"", ""type_of_node"": ""process"", ""shape"": ""task"", ""label"": ""Forget it""}], ""edges"": [{""source"": ""1"", ""source_type"": ""start"", ""source_label"": ""Begin"", ""target"": ""2"", ""target_type"": ""process"", ""target_label"": ""Door Knock"", ""type_of_edge"": ""solid"", ""relationship_value"": """", ""relationship_type"": ""follows""}, {""source"": ""2"", ""source_type"": ""process"", ""source_label"": ""Door Knock"", ""target"": ""3"", ""target_type"": ""decision"", ""target_label"": ""Ready to wake up"", ""type_of_edge"": ""solid"", ""relationship_value"": """", ""relationship_type"": ""follows""}, {""source"": ""3"", ""source_type"": ""decision"", ""source_label"": ""Ready to wake up"", ""target"": ""4"", ""target_type"": ""process"", ""target_label"": ""Get up"", ""type_of_edge"": ""solid"", ""relationship_value"": ""Yes"", ""relationship_type"": ""branches""}, {""source"": ""3"", ""source_type"": ""decision"", ""source_label"": ""Ready to wake up"", ""target"": ""5"", ""target_type"": ""process"", ""target_label"": ""Sleep"", ""type_of_edge"": ""solid"", ""relationship_value"": ""No"", ""relationship_type"": ""branches""}, {""source"": ""5"", ""source_type"": ""process"", ""source_label"": ""Sleep"", ""target"": ""6"", ""target_type"": ""process"", ""target_label"": ""Forget it"", ""type_of_edge"": ""solid"", ""relationship_value"": """", ""relationship_type"": ""follows""}, {""source"": ""6"", ""source_type"": ""process"", ""source_label"": ""Forget it"", ""target"": ""2"", ""target_type"": ""process"", ""target_label"": ""Door Knock"", ""type_of_edge"": ""solid"", ""relationship_value"": """", ""relationship_type"": ""follows""}]}"
3.png,"{""nodes"": [{""id"": ""1"", ""type_of_node"": ""start"", ""shape"": ""start_event"", ""label"": ""Begin""}, {""id"": ""2"", ""type_of_node"": ""process"", ""shape"": ""task"", ""label"": ""SUM=0""}, {""id"": ""3"", ""type_of_node"": ""process"", ""shape"": ""task"", ""label"": ""Input N""}, {""id"": ""4"", ""type_of_node"": ""decision"", ""shape"": ""gateway"", ""label"": ""N!=0?""}, {""id"": ""5"", ""type_of_node"": ""process"", ""shape"": ""task"", ""label"": ""Print SUM""}, {""id"": ""6"", ""type_of_node"": ""process"", ""shape"": ""task"", ""label"": ""REM=N%10""}, {""id"": ""7"", ""type_of_node"": ""process"", ""shape"": ""task"", ""label"": ""SUM=SUM+REM""}, {""id"": ""8"", ""type_of_node"": ""process"", ""shape"": ""task"", ""label"": ""N=N/10""}, {""id"": ""9"", ""type_of_node"": ""terminator"", ""shape"": ""end_event"", ""label"": ""Stop""}], ""edges"": [{""source"": ""1"", ""source_type"": ""start"", ""source_label"": ""Begin"", ""target"": ""2"", ""target_type"": ""process"", ""target_label"": ""SUM=0"", ""type_of_edge"": ""solid"", ""relationship_value"": """", ""relationship_type"": ""follows""}, {""source"": ""2"", ""source_type"": ""process"", ""source_label"": ""SUM=0"", ""target"": ""3"", ""target_type"": ""process"", ""target_label"": ""Input N"", ""type_of_edge"": ""solid"", ""relationship_value"": """", ""relationship_type"": ""follows""}, {""source"": ""3"", ""source_type"": ""process"", ""source_label"": ""Input N"", ""target"": ""4"", ""target_type"": ""decision"", ""target_label"": ""N!=0?"", ""type_of_edge"": ""solid"", ""relationship_value"": """", ""relationship_type"": ""follows""}, {""source"": ""4"", ""source_type"": ""decision"", ""source_label"": ""N!=0?"", ""target"": ""5"", ""target_type"": ""process"", ""target_label"": ""Print SUM"", ""type_of_edge"": ""solid"", ""relationship_value"": ""False"", ""relationship_type"": ""follows""}, {""source"": ""4"", ""source_type"": ""decision"", ""source_label"": ""N!=0?"", ""target"": ""6"", ""target_type"": ""process"", ""target_label"": ""REM=N%10"", ""type_of_edge"": ""solid"", ""relationship_value"": ""TRUE"", ""relationship_type"": ""follows""}, {""source"": ""6"", ""source_type"": ""process"", ""source_label"": ""REM=N%10"", ""target"": ""7"", ""target_type"": ""process"", ""target_label"": ""SUM=SUM+REM"", ""type_of_edge"": ""solid"", ""relationship_value"": """", ""relationship_type"": ""follows""}, {""source"": ""7"", ""source_type"": ""process"", ""source_label"": ""SUM=SUM+REM"", ""target"": ""8"", ""target_type"": ""process"", ""target_label"": ""N=N/10"", ""type_of_edge"": ""solid"", ""relationship_value"": """", ""relationship_type"": ""follows""}, {""source"": ""8"", ""source_type"": ""process"", ""source_label"": ""N=N/10"", ""target"": ""4"", ""target_type"": ""decision"", ""target_label"": ""N!=0?"", ""type_of_edge"": ""solid"", ""relationship_value"": """", ""relationship_type"": ""follows""}, {""source"": ""5"", ""source_type"": ""process"", ""source_label"": ""Print SUM"", ""target"": ""9"", ""target_type"": ""terminator"", ""target_label"": ""Stop"", ""type_of_edge"": ""solid"", ""relationship_value"": """", ""relationship_type"": ""follows""}]}"
919.png,"{""nodes"": [{""id"": ""1"", ""type_of_node"": ""start"", ""shape"": ""start_event"", ""label"": ""Start""}, {""id"": ""2"", ""type_of_node"": ""decision"", ""shape"": ""gateway"", ""label"": ""Have an account?""}, {""id"": ""3"", ""type_of_node"": ""process"", ""shape"": ""task"", ""label"": ""Register""}, {""id"": ""4"", ""type_of_node"": ""process"", ""shape"": ""task"", ""label"": ""Login""}, {""id"": ""5"", ""type_of_node"": ""process"", ""shape"": ""task"", ""label"": ""Book a flight""}, {""id"": ""6"", ""type_of_node"": ""decision"", ""shape"": ""gateway"", ""label"": ""Confirm Booking""}, {""id"": ""7"", ""type_of_node"": ""process"", ""shape"": ""task"", ""label"": ""Reserve""}, {""id"": ""8"", ""type_of_node"": ""terminator"", ""shape"": ""end_event"", ""label"": ""End""}], ""edges"": [{""source"": ""1"", ""source_type"": ""start"", ""source_label"": ""Start"", ""target"": ""2"", ""target_type"": ""decision"", ""target_label"": ""Have an account?"", ""type_of_edge"": ""solid"", ""relationship_value"": """", ""relationship_type"": ""follows""}, {""source"": ""2"", ""source_type"": ""decision"", ""source_label"": ""Have an account?"", ""target"": ""3"", ""target_type"": ""process"", ""target_label"": ""Register"", ""type_of_edge"": ""solid"", ""relationship_value"": ""No"", ""relationship_type"": ""branches""}, {""source"": ""2"", ""source_type"": ""decision"", ""source_label"": ""Have an account?"", ""target"": ""4"", ""target_type"": ""process"", ""target_label"": ""Login"", ""type_of_edge"": ""solid"", ""relationship_value"": ""Yes"", ""relationship_type"": ""branches""}, {""source"": ""3"", ""source_type"": ""process"", ""source_label"": ""Register"", ""target"": ""4"", ""target_type"": ""process"", ""target_label"": ""Login"", ""type_of_edge"": ""solid"", ""relationship_value"": """", ""relationship_type"": ""follows""}, {""source"": ""4"", ""source_type"": ""process"", ""source_label"": ""Login"", ""target"": ""5"", ""target_type"": ""process"", ""target_label"": ""Book a flight"", ""type_of_edge"": ""solid"", ""relationship_value"": """", ""relationship_type"": ""follows""}, {""source"": ""6"", ""source_type"": ""decision"", ""source_label"": ""Confirm Booking"", ""target"": ""5"", ""target_type"": ""process"", ""target_label"": ""Book a flight"", ""type_of_edge"": ""solid"", ""relationship_value"": ""No"", ""relationship_type"": ""follows""}, {""source"": ""6"", ""source_type"": ""decision"", ""source_label"": ""Confirm Booking"", ""target"": ""7"", ""target_type"": ""process"", ""target_label"": ""Reserve"", ""type_of_edge"": ""solid"", ""relationship_value"": ""Yes"", ""relationship_type"": ""follows""}, {""source"": ""7"", ""source_type"": ""process"", ""source_label"": ""Reserve"", ""target"": ""8"", ""target_type"": ""terminator"", ""target_label"": ""End"", ""type_of_edge"": ""solid"", ""relationship_value"": """", ""relationship_type"": ""follows""}]}"
416.png,"{""nodes"": [{""id"": ""1"", ""type_of_node"": ""start"", ""shape"": ""start_event"", ""label"": ""Start""}, {""id"": ""2"", ""type_of_node"": ""process"", ""shape"": ""task"", ""label"": ""Greet customer""}, {""id"": ""3"", ""type_of_node"": ""process"", ""shape"": ""task"", ""label"": ""Talk with them""}, {""id"": ""4"", ""type_of_node"": ""decision"", ""shape"": ""gateway"", ""label"": ""Need help""}, {""id"": ""5"", ""type_of_node"": ""process"", ""shape"": ""task"", ""label"": ""Call manager""}, {""id"": ""6"", ""type_of_node"": ""process"", ""shape"": ""task"", ""label"": ""Manager assist""}, {""id"": ""7"", ""type_of_node"": ""terminator"", ""shape"": ""end_event"", ""label"": ""End""}], ""edges"": [{""source"": ""1"", ""source_type"": ""start"", ""source_label"": ""Start"", ""target"": ""2"", ""target_type"": ""process"", ""target_label"": ""Greet customer"", ""type_of_edge"": ""solid"", ""relationship_value"": """", ""relationship_type"": ""follows""}, {""source"": ""2"", ""source_type"": ""process"", ""source_label"": ""Greet customer"", ""target"": ""3"", ""target_type"": ""process"", ""target_label"": ""Talk with them"", ""type_of_edge"": ""solid"", ""relationship_value"": """", ""relationship_type"": ""follows""}, {""source"": ""3"", ""source_type"": ""process"", ""source_label"": ""Talk with them"", ""target"": ""4"", ""target_type"": ""decision"", ""target_label"": ""Need help"", ""type_of_edge"": ""solid"", ""relationship_value"": """", ""relationship_type"": ""follows""}, {""source"": ""4"", ""source_type"": ""decision"", ""source_label"": ""Need help"", ""target"": ""7"", ""target_type"": ""terminator"", ""target_label"": ""End"", ""type_of_edge"": ""solid"", ""relationship_value"": ""No"", ""relationship_type"": ""branches""}, {""source"": ""4"", ""source_type"": ""decision"", ""source_label"": ""Need help"", ""target"": ""5"", ""target_type"": ""process"", ""target_label"": ""Call manager"", ""type_of_edge"": ""solid"", ""relationship_value"": ""Yes"", ""relationship_type"": ""branches""}, {""source"": ""5"", ""source_type"": ""process"", ""source_label"": ""Call manager"", ""target"": ""6"", ""target_type"": ""process"", ""target_label"": ""Manager assist"", ""type_of_edge"": ""solid"", ""relationship_value"": """", ""relationship_type"": ""follows""}, {""source"": ""6"", ""source_type"": ""process"", ""source_label"": ""Manager assist"", ""target"": ""7"", ""target_type"": ""terminator"", ""target_label"": ""End"", ""type_of_edge"": ""solid"", ""relationship_value"": """", ""relationship_type"": ""follows""}]}"
607.png,"{""nodes"": [{""id"": ""1"", ""type_of_node"": ""start"", ""shape"": ""start_event"", ""label"": ""Start""}, {""id"": ""2"", ""type_of_node"": ""process"", ""shape"": ""task"", ""label"": ""Initial""}, {""id"": ""3"", ""type_of_node"": ""decision"", ""shape"": ""gateway"", ""label"": ""Process""}, {""id"": ""4"", ""type_of_node"": ""process"", ""shape"": ""task"", ""label"": ""Data""}, {""id"": ""5"", ""type_of_node"": ""process"", ""shape"": ""task"", ""label"": ""Data""}, {""id"": ""6"", ""type_of_node"": ""process"", ""shape"": ""task"", ""label"": ""Document""}], ""edges"": [{""source"": ""1"", ""source_type"": ""start"", ""source_label"": ""Start"", ""target"": ""2"", ""target_type"": ""process"", ""target_label"": ""Initial"", ""type_of_edge"": ""solid"", ""relationship_value"": """", ""relationship_type"": ""follows""}, {""source"": ""2"", ""source_type"": ""process"", ""source_label"": ""Initial"", ""target"": ""3"", ""target_type"": ""decision"", ""target_label"": ""Process"", ""type_of_edge"": ""solid"", ""relationship_value"": """", ""relationship_type"": ""follows""}, {""source"": ""3"", ""source_type"": ""decision"", ""source_label"": ""Process"", ""target"": ""4"", ""target_type"": ""process"", ""target_label"": ""Data"", ""type_of_edge"": ""solid"", ""relationship_value"": ""Yes"", ""relationship_type"": ""branches""}, {""source"": ""3"", ""source_type"": ""decision"", ""source_label"": ""Process"", ""target"": ""5"", ""target_type"": ""process"", ""target_label"": ""Data"", ""type_of_edge"": ""solid"", ""relationship_value"": ""No"", ""relationship_type"": ""branches""}, {""source"": ""4"", ""source_type"": ""process"", ""source_label"": ""Data"", ""target"": ""6"", ""target_type"": ""process"", ""target_label"": ""Document"", ""type_of_edge"": ""solid"", ""relationship_value"": """", ""relationship_type"": ""follows""}, {""source"": ""5"", ""source_type"": ""process"", ""source_label"": ""Data"", ""target"": ""6"", ""target_type"": ""process"", ""target_label"": ""Document"", ""type_of_edge"": ""solid"", ""relationship_value"": """", ""relationship_type"": ""follows""}]}"
701.png,"{""nodes"": [{""id"": ""1"", ""type_of_node"": ""process"", ""shape"": ""task"", ""label"": ""Log In""}, {""id"": ""2"", ""type_of_node"": ""decision"", ""shape"": ""gateway"", ""label"": ""Logged in""}, {""id"": ""3"", ""type_of_node"": ""process"", ""shape"": ""task"", ""label"": ""OpenID""}, {""id"": ""4"", ""type_of_node"": ""process"", ""shape"": ""task"", ""label"": ""Home""}], ""edges"": [{""source"": ""1"", ""source_type"": ""process"", ""source_label"": ""Log In"", ""target"": ""2"", ""target_type"": ""decision"", ""target_label"": ""Logged in"", ""type_of_edge"": ""solid"", ""relationship_value"": """", ""relationship_type"": ""follows""}, {""source"": ""2"", ""source_type"": ""decision"", ""source_label"": ""Logged in"", ""target"": ""3"", ""target_type"": ""process"", ""target_label"": ""OpenID"", ""type_of_edge"": ""solid"", ""relationship_value"": ""No"", ""relationship_type"": ""branches""}, {""source"": ""2"", ""source_type"": ""decision"", ""source_label"": ""Logged in"", ""target"": ""4"", ""target_type"": ""process"", ""target_label"": ""Home"", ""type_of_edge"": ""solid"", ""relationship_value"": ""Yes"", ""relationship_type"": ""branches""}, {""source"": ""3"", ""source_type"": ""process"", ""source_label"": ""OpenID"", ""target"": ""4"", ""target_type"": ""process"", ""target_label"": ""Home"", ""type_of_edge"": ""solid"", ""relationship_value"": """", ""relationship_type"": ""follows""}]}"
428.png,"{""nodes"": [{""id"": ""1"", ""type_of_node"": ""start"", ""shape"": ""start_event"", ""label"": ""Start""}, {""id"": ""2"", ""type_of_node"": ""process"", ""shape"": ""task"", ""label"": ""Input A,B,C""}, {""id"": ""3"", ""type_of_node"": ""decision"", ""shape"": ""gateway"", ""label"": ""IS A>B?""}, {""id"": ""4"", ""type_of_node"": ""decision"", ""shape"": ""gateway"", ""label"": ""IS B>C?""}, {""id"": ""5"", ""type_of_node"": ""decision"", ""shape"": ""gateway"", ""label"": ""IS A>C?""}, {""id"": ""6"", ""type_of_node"": ""process"", ""shape"": ""task"", ""label"": ""PRINT B""}, {""id"": ""7"", ""type_of_node"": ""process"", ""shape"": ""task"", ""label"": ""PRINT C""}, {""id"": ""8"", ""type_of_node"": ""process"", ""shape"": ""task"", ""label"": ""PRINT A""}, {""id"": ""9"", ""type_of_node"": ""terminator"", ""shape"": ""end_event"", ""label"": ""Stop""}], ""edges"": [{""source"": ""1"", ""source_type"": ""start"", ""source_label"": ""Start"", ""target"": ""2"", ""target_type"": ""process"", ""target_label"": ""Input A,B,C"", ""type_of_edge"": ""solid"", ""relationship_value"": """", ""relationship_type"": ""follows""}, {""source"": ""2"", ""source_type"": ""process"", ""source_label"": ""Input A,B,C"", ""target"": ""3"", ""target_type"": ""decision"", ""target_label"": ""IS A>B?"", ""type_of_edge"": ""solid"", ""relationship_value"": """", ""relationship_type"": ""follows""}, {""source"": ""3"", ""source_type"": ""decision"", ""source_label"": ""IS A>B?"", ""target"": ""4"", ""target_type"": ""decision"", ""target_label"": ""IS B>C?"", ""type_of_edge"": ""solid"", ""relationship_value"": ""No"", ""relationship_type"": ""branches""}, {""source"": ""3"", ""source_type"": ""decision"", ""source_label"": ""IS A>B?"", ""target"": ""5"", ""target_type"": ""decision"", ""target_label"": ""IS A>C?"", ""type_of_edge"": ""solid"", ""relationship_value"": ""Yes"", ""relationship_type"": ""branches""}, {""source"": ""4"", ""source_type"": ""decision"", ""source_label"": ""IS B>C?"", ""target"": ""6"", ""target_type"": ""process"", ""target_label"": ""PRINT B"", ""type_of_edge"": ""solid"", ""relationship_value"": ""Yes"", ""relationship_type"": ""branches""}, {""source"": ""4"", ""source_type"": ""decision"", ""source_label"": ""IS B>C?"", ""target"": ""6"", ""target_type"": ""process"", ""target_label"": ""PRINT B"", ""type_of_edge"": ""solid"", ""relationship_value"": ""No"", ""relationship_type"": ""branches""}, {""source"": ""5"", ""source_type"": ""decision"", ""source_label"": ""IS A>C?"", ""target"": ""8"", ""target_type"": ""process"", ""target_label"": ""PRINT A"", ""type_of_edge"": ""solid"", ""relationship_value"": ""Yes"", ""relationship_type"": ""branches""}, {""source"": ""5"", ""source_type"": ""decision"", ""source_label"": ""IS A>C?"", ""target"": ""7"", ""target_type"": ""process"", ""target_label"": ""PRINT C"", ""type_of_edge"": ""solid"", ""relationship_value"": ""No"", ""relationship_type"": ""branches""}, {""source"": ""6"", ""source_type"": ""process"", ""source_label"": ""PRINT B"", ""target"": ""9"", ""target_type"": ""terminator"", ""target_label"": ""Stop"", ""type_of_edge"": ""solid"", ""relationship_value"": """", ""relationship_type"": ""follows""}, {""source"": ""7"", ""source_type"": ""process"", ""source_label"": ""PRINT C"", ""target"": ""9"", ""target_type"": ""terminator"", ""target_label"": ""Stop"", ""type_of_edge"": ""solid"", ""relationship_value"": """", ""relationship_type"": ""follows""}, {""source"": ""8"", ""source_type"": ""process"", ""source_label"": ""PRINT A"", ""target"": ""9"", ""target_type"": ""terminator"", ""target_label"": ""Stop"", ""type_of_edge"": ""solid"", ""relationship_value"": """", ""relationship_type"": ""follows""}]}"
709.png,"{""nodes"": [{""id"": ""1"", ""type_of_node"": ""start"", ""shape"": ""start_event"", ""label"": ""Begin""}, {""id"": ""2"", ""type_of_node"": ""process"", ""shape"": ""task"", ""label"": ""Run Main FLASH""}, {""id"": ""3"", ""type_of_node"": ""decision"", ""shape"": ""gateway"", ""label"": ""Is the Main FLASH Application OK?""}, {""id"": ""4"", ""type_of_node"": ""process"", ""shape"": ""task"", ""label"": ""Initialize IAP Interface""}, {""id"": ""5"", ""type_of_node"": ""process"", ""shape"": ""task"", ""label"": ""Main Application""}, {""id"": ""6"", ""type_of_node"": ""decision"", ""shape"": ""gateway"", ""label"": ""Is IAP Request Received?""}, {""id"": ""7"", ""type_of_node"": ""process"", ""shape"": ""task"", ""label"": ""Reprogram Main Application""}, {""id"": ""8"", ""type_of_node"": ""terminator"", ""shape"": ""end_event"", ""label"": ""RESET""}], ""edges"": [{""source"": ""1"", ""source_type"": ""start"", ""source_label"": ""Begin"", ""target"": ""2"", ""target_type"": ""process"", ""target_label"": ""Run Main FLASH"", ""type_of_edge"": ""solid"", ""relationship_value"": """", ""relationship_type"": ""follows""}, {""source"": ""2"", ""source_type"": ""process"", ""source_label"": ""Run Main FLASH"", ""target"": ""3"", ""target_type"": ""decision"", ""target_label"": ""Is the Main FLASH Application OK?"", ""type_of_edge"": ""solid"", ""relationship_value"": """", ""relationship_type"": ""follows""}, {""source"": ""3"", ""source_type"": ""decision"", ""source_label"": ""Is the Main FLASH Application OK?"", ""target"": ""4"", ""target_type"": ""process"", ""target_label"": ""Initialize IAP Interface"", ""type_of_edge"": ""solid"", ""relationship_value"": ""No"", ""relationship_type"": ""branches""}, {""source"": ""3"", ""source_type"": ""decision"", ""source_label"": ""Is the Main FLASH Application OK?"", ""target"": ""5"", ""target_type"": ""process"", ""target_label"": ""Main Application"", ""type_of_edge"": ""solid"", ""relationship_value"": ""Yes"", ""relationship_type"": ""branches""}, {""source"": ""5"", ""source_type"": ""process"", ""source_label"": ""Main Application"", ""target"": ""4"", ""target_type"": ""process"", ""target_label"": ""Initialize IAP Interface"", ""type_of_edge"": ""solid"", ""relationship_value"": """", ""relationship_type"": ""follows""}, {""source"": ""4"", ""source_type"": ""process"", ""source_label"": ""Initialize IAP Interface"", ""target"": ""6"", ""target_type"": ""decision"", ""target_label"": ""Is IAP Request Received?"", ""type_of_edge"": ""solid"", ""relationship_value"": """", ""relationship_type"": ""follows""}, {""source"": ""6"", ""source_type"": ""decision"", ""source_label"": ""Is IAP Request Received?"", ""target"": ""6"", ""target_type"": ""decision"", ""target_label"": ""Is IAP Request Received?"", ""type_of_edge"": ""solid"", ""relationship_value"": ""No"", ""relationship_type"": ""branches""}, {""source"": ""6"", ""source_type"": ""decision"", ""source_label"": ""Is IAP Request Received?"", ""target"": ""7"", ""target_type"": ""process"", ""target_label"": ""Reprogram Main Application"", ""type_of_edge"": ""solid"", ""relationship_value"": ""Yes"", ""relationship_type"": ""branches""}, {""source"": ""7"", ""source_type"": ""process"", ""source_label"": ""Reprogram Main Application"", ""target"": ""8"", ""target_type"": ""terminator"", ""target_label"": ""RESET"", ""type_of_edge"": ""solid"", ""relationship_value"": """", ""relationship_type"": ""follows""}]}"
134.png,"{""nodes"": [{""id"": ""1"", ""type_of_node"": ""start"", ""shape"": ""start_event"", ""label"": ""Start""}, {""id"": ""2"", ""type_of_node"": ""process"", ""shape"": ""task"", ""label"": ""Read AI0, AI1 and AI2""}, {""id"": ""3"", ""type_of_node"": ""process"", ""shape"": ""task"", ""label"": ""Convert values to standard""}, {""id"": ""4"", ""type_of_node"": ""decision"", ""shape"": ""gateway"", ""label"": ""Current Value>Safety Thresholds""}, {""id"": ""5"", ""type_of_node"": ""process"", ""shape"": ""task"", ""label"": ""Display warning with visual indicator""}, {""id"": ""6"", ""type_of_node"": ""process"", ""shape"": ""task"", ""label"": ""Print Message""}, {""id"": ""7"", ""type_of_node"": ""process"", ""shape"": ""task"", ""label"": ""Print Output""}, {""id"": ""8"", ""type_of_node"": ""process"", ""shape"": ""task"", ""label"": ""Log the data in txt files for future analysis""}, {""id"": ""9"", ""type_of_node"": ""terminator"", ""shape"": ""end_event"", ""label"": ""End""}], ""edges"": [{""source"": ""1"", ""source_type"": ""start"", ""source_label"": ""Start"", ""target"": ""2"", ""target_type"": ""process"", ""target_label"": ""Read AI0, AI1 and AI2"", ""type_of_edge"": ""solid"", ""relationship_value"": """", ""relationship_type"": ""follows""}, {""source"": ""2"", ""source_type"": ""process"", ""source_label"": ""Read AI0, AI1 and AI2"", ""target"": ""3"", ""target_type"": ""process"", ""target_label"": ""Convert values to standard"", ""type_of_edge"": ""solid"", ""relationship_value"": """", ""relationship_type"": ""follows""}, {""source"": ""3"", ""source_type"": ""process"", ""source_label"": ""Convert values to standard"", ""target"": ""4"", ""target_type"": ""decision"", ""target_label"": ""Current Value>Safety Thresholds"", ""type_of_edge"": ""solid"", ""relationship_value"": """", ""relationship_type"": ""follows""}, {""source"": ""4"", ""source_type"": ""decision"", ""source_label"": ""Current Value>Safety Thresholds"", ""target"": ""5"", ""target_type"": ""process"", ""target_label"": ""Display warning with visual indicator"", ""type_of_edge"": ""solid"", ""relationship_value"": ""Yes"", ""relationship_type"": ""branches""}, {""source"": ""4"", ""source_type"": ""decision"", ""source_label"": ""Current Value>Safety Thresholds"", ""target"": ""6"", ""target_type"": ""process"", ""target_label"": ""Print Message"", ""type_of_edge"": ""solid"", ""relationship_value"": ""No"", ""relationship_type"": ""branches""}, {""source"": ""7"", ""source_type"": ""process"", ""source_label"": ""Print Output"", ""target"": ""8"", ""target_type"": ""process"", ""target_label"": ""Log the data in txt files for future analysis"", ""type_of_edge"": ""solid"", ""relationship_value"": """", ""relationship_type"": ""follows""}, {""source"": ""8"", ""source_type"": ""process"", ""source_label"": ""Log the data in txt files for future analysis"", ""target"": ""2"", ""target_type"": ""process"", ""target_label"": ""Read AI0, AI1 and AI2"", ""type_of_edge"": ""solid"", ""relationship_value"": """", ""relationship_type"": ""follows""}, {""source"": ""8"", ""source_type"": ""process"", ""source_label"": ""Log the data in txt files for future analysis"", ""target"": ""9"", ""target_type"": ""terminator"", ""target_label"": ""End"", ""type_of_edge"": ""solid"", ""relationship_value"": """", ""relationship_type"": ""follows""}]}"
818.png,"{""nodes"": [{""id"": ""1"", ""type_of_node"": ""process"", ""shape"": ""task"", ""label"": ""Input""}, {""id"": ""2"", ""type_of_node"": ""process"", ""shape"": ""task"", ""label"": ""Filtering""}, {""id"": ""3"", ""type_of_node"": ""process"", ""shape"": ""task"", ""label"": ""Connect ribs""}, {""id"": ""4"", ""type_of_node"": ""process"", ""shape"": ""task"", ""label"": ""Skeleton""}, {""id"": ""5"", ""type_of_node"": ""process"", ""shape"": ""task"", ""label"": ""Segmentation Using Level set""}], ""edges"": [{""source"": ""1"", ""source_type"": ""process"", ""source_label"": ""Input"", ""target"": ""2"", ""target_type"": ""process"", ""target_label"": ""Filtering"", ""type_of_edge"": ""solid"", ""relationship_value"": """", ""relationship_type"": ""follows""}, {""source"": ""2"", ""source_type"": ""process"", ""source_label"": ""Filtering"", ""target"": ""3"", ""target_type"": ""process"", ""target_label"": ""Connect ribs"", ""type_of_edge"": ""solid"", ""relationship_value"": """", ""relationship_type"": ""follows""}, {""source"": ""3"", ""source_type"": ""process"", ""source_label"": ""Connect ribs"", ""target"": ""4"", ""target_type"": ""process"", ""target_label"": ""Skeleton"", ""type_of_edge"": ""solid"", ""relationship_value"": """", ""relationship_type"": ""follows""}, {""source"": ""4"", ""source_type"": ""process"", ""source_label"": ""Skeleton"", ""target"": ""5"", ""target_type"": ""process"", ""target_label"": ""Segmentation Using Level set"", ""type_of_edge"": ""solid"", ""relationship_value"": """", ""relationship_type"": ""follows""}]}"
49.png,"{""nodes"": [{""id"": ""1"", ""type_of_node"": ""start"", ""shape"": ""start_event"", ""label"": ""Start""}, {""id"": ""2"", ""type_of_node"": ""process"", ""shape"": ""task"", ""label"": ""Read P,R,N""}, {""id"": ""3"", ""type_of_node"": ""process"", ""shape"": ""task"", ""label"": ""Calculate I=(P*R*N)/100""}, {""id"": ""4"", ""type_of_node"": ""process"", ""shape"": ""task"", ""label"": ""Print Output""}, {""id"": ""5"", ""type_of_node"": ""terminator"", ""shape"": ""end_event"", ""label"": ""Stop""}], ""edges"": [{""source"": ""1"", ""source_type"": ""start"", ""source_label"": ""Start"", ""target"": ""2"", ""target_type"": ""process"", ""target_label"": ""Read P,R,N"", ""type_of_edge"": ""solid"", ""relationship_value"": """", ""relationship_type"": ""follows""}, {""source"": ""2"", ""source_type"": ""process"", ""source_label"": ""Read P,R,N"", ""target"": ""3"", ""target_type"": ""process"", ""target_label"": ""Calculate I=(P*R*N)/100"", ""type_of_edge"": ""solid"", ""relationship_value"": """", ""relationship_type"": ""follows""}, {""source"": ""3"", ""source_type"": ""process"", ""source_label"": ""Calculate I=(P*R*N)/100"", ""target"": ""4"", ""target_type"": ""process"", ""target_label"": ""Print Output"", ""type_of_edge"": ""solid"", ""relationship_value"": """", ""relationship_type"": ""follows""}, {""source"": ""4"", ""source_type"": ""process"", ""source_label"": ""Print Output"", ""target"": ""5"", ""target_type"": ""terminator"", ""target_label"": ""Stop"", ""type_of_edge"": ""solid"", ""relationship_value"": """", ""relationship_type"": ""follows""}]}"
148.png,"{""nodes"": [{""id"": ""1"", ""type_of_node"": ""start"", ""shape"": ""start_event"", ""label"": ""Start""}, {""id"": ""2"", ""type_of_node"": ""process"", ""shape"": ""task"", ""label"": ""Initialize""}, {""id"": ""3"", ""type_of_node"": ""process"", ""shape"": ""task"", ""label"": ""L = p . l""}, {""id"": ""4"", ""type_of_node"": ""process"", ""shape"": ""task"", ""label"": ""Print""}, {""id"": ""5"", ""type_of_node"": ""terminator"", ""shape"": ""end_event"", ""label"": ""End""}], ""edges"": [{""source"": ""1"", ""source_type"": ""start"", ""source_label"": ""Start"", ""target"": ""2"", ""target_type"": ""process"", ""target_label"": ""Initialize"", ""type_of_edge"": ""solid"", ""relationship_value"": """", ""relationship_type"": ""follows""}, {""source"": ""2"", ""source_type"": ""process"", ""source_label"": ""Initialize"", ""target"": ""3"", ""target_type"": ""process"", ""target_label"": ""L = p . l"", ""type_of_edge"": ""solid"", ""relationship_value"": """", ""relationship_type"": ""follows""}, {""source"": ""3"", ""source_type"": ""process"", ""source_label"": ""L = p . l"", ""target"": ""4"", ""target_type"": ""process"", ""target_label"": ""Print"", ""type_of_edge"": ""solid"", ""relationship_value"": """", ""relationship_type"": ""follows""}, {""source"": ""4"", ""source_type"": ""process"", ""source_label"": ""Print"", ""target"": ""5"", ""target_type"": ""terminator"", ""target_label"": ""End"", ""type_of_edge"": ""solid"", ""relationship_value"": """", ""relationship_type"": ""follows""}]}"
332.png,"{""nodes"": [{""id"": ""1"", ""type_of_node"": ""start"", ""shape"": ""start_event"", ""label"": ""Start""}, {""id"": ""2"", ""type_of_node"": ""process"", ""shape"": ""task"", ""label"": ""Input""}, {""id"": ""3"", ""type_of_node"": ""process"", ""shape"": ""task"", ""label"": ""C=5/9*(F-32)""}, {""id"": ""4"", ""type_of_node"": ""process"", ""shape"": ""task"", ""label"": ""Display""}, {""id"": ""5"", ""type_of_node"": ""terminator"", ""shape"": ""end_event"", ""label"": ""End""}], ""edges"": [{""source"": ""1"", ""source_type"": ""start"", ""source_label"": ""Start"", ""target"": ""2"", ""target_type"": ""process"", ""target_label"": ""Input"", ""type_of_edge"": ""solid"", ""relationship_value"": """", ""relationship_type"": ""follows""}, {""source"": ""2"", ""source_type"": ""process"", ""source_label"": ""Input"", ""target"": ""3"", ""target_type"": ""process"", ""target_label"": ""C=5/9*(F-32)"", ""type_of_edge"": ""solid"", ""relationship_value"": """", ""relationship_type"": ""follows""}, {""source"": ""3"", ""source_type"": ""process"", ""source_label"": ""C=5/9*(F-32)"", ""target"": ""4"", ""target_type"": ""process"", ""target_label"": ""Display"", ""type_of_edge"": ""solid"", ""relationship_value"": """", ""relationship_type"": ""follows""}, {""source"": ""4"", ""source_type"": ""process"", ""source_label"": ""Display"", ""target"": ""5"", ""target_type"": ""terminator"", ""target_label"": ""End"", ""type_of_edge"": ""solid"", ""relationship_value"": """", ""relationship_type"": ""follows""}]}"
44.png,"{""nodes"": [{""id"": ""1"", ""type_of_node"": ""start"", ""shape"": ""start_event"", ""label"": ""Begin""}, {""id"": ""2"", ""type_of_node"": ""process"", ""shape"": ""task"", ""label"": ""This is an example of flow chart symbols""}, {""id"": ""3"", ""type_of_node"": ""process"", ""shape"": ""task"", ""label"": ""num1\nnum2""}, {""id"": ""4"", ""type_of_node"": ""decision"", ""shape"": ""gateway"", ""label"": ""num1>num2""}, {""id"": ""5"", ""type_of_node"": ""process"", ""shape"": ""task"", ""label"": ""Update""}, {""id"": ""6"", ""type_of_node"": ""process"", ""shape"": ""task"", ""label"": ""num1++\nnum2--""}, {""id"": ""7"", ""type_of_node"": ""process"", ""shape"": ""task"", ""label"": ""Display: num1, num2""}, {""id"": ""8"", ""type_of_node"": ""terminator"", ""shape"": ""end_event"", ""label"": ""End""}], ""edges"": [{""source"": ""1"", ""source_type"": ""start"", ""source_label"": ""Begin"", ""target"": ""2"", ""target_type"": ""process"", ""target_label"": ""This is an example of flow chart symbols"", ""type_of_edge"": ""solid"", ""relationship_value"": """", ""relationship_type"": ""follows""}, {""source"": ""2"", ""source_type"": ""process"", ""source_label"": ""This is an example of flow chart symbols"", ""target"": ""3"", ""target_type"": ""process"", ""target_label"": ""num1\nnum2"", ""type_of_edge"": ""solid"", ""relationship_value"": """", ""relationship_type"": ""follows""}, {""source"": ""3"", ""source_type"": ""process"", ""source_label"": ""num1\nnum2"", ""target"": ""4"", ""target_type"": ""decision"", ""target_label"": ""num1>num2"", ""type_of_edge"": ""solid"", ""relationship_value"": """", ""relationship_type"": ""follows""}, {""source"": ""4"", ""source_type"": ""decision"", ""source_label"": ""num1>num2"", ""target"": ""5"", ""target_type"": ""process"", ""target_label"": ""Update"", ""type_of_edge"": ""solid"", ""relationship_value"": ""True"", ""relationship_type"": ""branches""}, {""source"": ""4"", ""source_type"": ""decision"", ""source_label"": ""num1>num2"", ""target"": ""6"", ""target_type"": ""process"", ""target_label"": ""num1++\nnum2--"", ""type_of_edge"": ""solid"", ""relationship_value"": ""False"", ""relationship_type"": ""branches""}, {""source"": ""6"", ""source_type"": ""process"", ""source_label"": ""num1++\nnum2--"", ""target"": ""7"", ""target_type"": ""process"", ""target_label"": ""Display: num1, num2"", ""type_of_edge"": ""solid"", ""relationship_value"": """", ""relationship_type"": ""follows""}, {""source"": ""5"", ""source_type"": ""process"", ""source_label"": ""Update"", ""target"": ""7"", ""target_type"": ""process"", ""target_label"": ""Display: num1, num2"", ""type_of_edge"": ""solid"", ""relationship_value"": """", ""relationship_type"": ""follows""}, {""source"": ""7"", ""source_type"": ""process"", ""source_label"": ""Display: num1, num2"", ""target"": ""8"", ""target_type"": ""terminator"", ""target_label"": ""End"", ""type_of_edge"": ""solid"", ""relationship_value"": """", ""relationship_type"": ""follows""}]}"
930.png,"{""nodes"": [{""id"": ""1"", ""type_of_node"": ""start"", ""shape"": ""start_event"", ""label"": ""Start""}, {""id"": ""2"", ""type_of_node"": ""process"", ""shape"": ""task"", ""label"": ""c = 1""}, {""id"": ""3"", ""type_of_node"": ""decision"", ""shape"": ""gateway"", ""label"": ""is c < 6""}, {""id"": ""4"", ""type_of_node"": ""process"", ""shape"": ""task"", ""label"": ""Print 3*c""}, {""id"": ""5"", ""type_of_node"": ""process"", ""shape"": ""task"", ""label"": ""c = c + 1""}, {""id"": ""6"", ""type_of_node"": ""terminator"", ""shape"": ""end_event"", ""label"": ""Stop""}], ""edges"": [{""source"": ""1"", ""source_type"": ""start"", ""source_label"": ""Start"", ""target"": ""2"", ""target_type"": ""process"", ""target_label"": ""c = 1"", ""type_of_edge"": ""solid"", ""relationship_value"": """", ""relationship_type"": ""follows""}, {""source"": ""2"", ""source_type"": ""process"", ""source_label"": ""c = 1"", ""target"": ""3"", ""target_type"": ""decision"", ""target_label"": ""is c < 6"", ""type_of_edge"": ""solid"", ""relationship_value"": """", ""relationship_type"": ""follows""}, {""source"": ""3"", ""source_type"": ""decision"", ""source_label"": ""is c < 6"", ""target"": ""4"", ""target_type"": ""process"", ""target_label"": ""Print 3*c"", ""type_of_edge"": ""solid"", ""relationship_value"": ""Yes"", ""relationship_type"": ""branches""}, {""source"": ""4"", ""source_type"": ""process"", ""source_label"": ""Print 3*c"", ""target"": ""5"", ""target_type"": ""process"", ""target_label"": ""c = c + 1"", ""type_of_edge"": ""solid"", ""relationship_value"": """", ""relationship_type"": ""follows""}, {""source"": ""5"", ""source_type"": ""process"", ""source_label"": ""c = c + 1"", ""target"": ""3"", ""target_type"": ""decision"", ""target_label"": ""is c < 6"", ""type_of_edge"": ""solid"", ""relationship_value"": """", ""relationship_type"": ""follows""}, {""source"": ""3"", ""source_type"": ""decision"", ""source_label"": ""is c < 6"", ""target"": ""6"", ""target_type"": ""terminator"", ""target_label"": ""Stop"", ""type_of_edge"": ""solid"", ""relationship_value"": ""No"", ""relationship_type"": ""branches""}]}"
341.png,"{""nodes"": [{""id"": ""1"", ""type_of_node"": ""start"", ""shape"": ""start_event"", ""label"": ""Start""}, {""id"": ""2"", ""type_of_node"": ""process"", ""shape"": ""task"", ""label"": ""Read Temperature""}, {""id"": ""3"", ""type_of_node"": ""decision"", ""shape"": ""gateway"", ""label"": ""Temperature<32?""}, {""id"": ""4"", ""type_of_node"": ""process"", ""shape"": ""task"", ""label"": ""Not so cold""}, {""id"": ""5"", ""type_of_node"": ""process"", ""shape"": ""task"", ""label"": ""Cold""}, {""id"": ""6"", ""type_of_node"": ""terminator"", ""shape"": ""end_event"", ""label"": ""End""}], ""edges"": [{""source"": ""1"", ""source_type"": ""start"", ""source_label"": ""Start"", ""target"": ""2"", ""target_type"": ""process"", ""target_label"": ""Read Temperature"", ""type_of_edge"": ""solid"", ""relationship_value"": """", ""relationship_type"": ""follows""}, {""source"": ""2"", ""source_type"": ""process"", ""source_label"": ""Read Temperature"", ""target"": ""3"", ""target_type"": ""decision"", ""target_label"": ""Temperature<32?"", ""type_of_edge"": ""solid"", ""relationship_value"": """", ""relationship_type"": ""follows""}, {""source"": ""3"", ""source_type"": ""decision"", ""source_label"": ""Temperature<32?"", ""target"": ""4"", ""target_type"": ""process"", ""target_label"": ""Not so cold"", ""type_of_edge"": ""solid"", ""relationship_value"": ""YES"", ""relationship_type"": ""branches""}, {""source"": ""3"", ""source_type"": ""decision"", ""source_label"": ""Temperature<32?"", ""target"": ""5"", ""target_type"": ""process"", ""target_label"": ""Cold"", ""type_of_edge"": ""solid"", ""relationship_value"": ""NO"", ""relationship_type"": ""branches""}, {""source"": ""4"", ""source_type"": ""process"", ""source_label"": ""Not so cold"", ""target"": ""6"", ""target_type"": ""terminator"", ""target_label"": ""End"", ""type_of_edge"": ""solid"", ""relationship_value"": """", ""relationship_type"": ""follows""}, {""source"": ""5"", ""source_type"": ""process"", ""source_label"": ""Cold"", ""target"": ""6"", ""target_type"": ""terminator"", ""target_label"": ""End"", ""type_of_edge"": ""solid"", ""relationship_value"": """", ""relationship_type"": ""follows""}]}"
125.png,"{""nodes"": [{""id"": ""1"", ""type_of_node"": ""start"", ""shape"": ""start_event"", ""label"": ""START""}, {""id"": ""2"", ""type_of_node"": ""process"", ""shape"": ""task"", ""label"": ""Sum=0\nN=50""}, {""id"": ""3"", ""type_of_node"": ""process"", ""shape"": ""task"", ""label"": ""Update""}, {""id"": ""4"", ""type_of_node"": ""process"", ""shape"": ""task"", ""label"": ""Sum = Sum + N""}, {""id"": ""5"", ""type_of_node"": ""decision"", ""shape"": ""gateway"", ""label"": ""N = 99?""}, {""id"": ""6"", ""type_of_node"": ""process"", ""shape"": ""task"", ""label"": ""PRINT SUM""}, {""id"": ""7"", ""type_of_node"": ""terminator"", ""shape"": ""end_event"", ""label"": ""END""}], ""edges"": [{""source"": ""1"", ""source_type"": ""start"", ""source_label"": ""START"", ""target"": ""2"", ""target_type"": ""process"", ""target_label"": ""Sum=0\nN=50"", ""type_of_edge"": ""solid"", ""relationship_value"": """", ""relationship_type"": ""follows""}, {""source"": ""2"", ""source_type"": ""process"", ""source_label"": ""Sum=0\nN=50"", ""target"": ""3"", ""target_type"": ""process"", ""target_label"": ""Update"", ""type_of_edge"": ""solid"", ""relationship_value"": """", ""relationship_type"": ""follows""}, {""source"": ""3"", ""source_type"": ""process"", ""source_label"": ""Update"", ""target"": ""4"", ""target_type"": ""process"", ""target_label"": ""Sum = Sum + N"", ""type_of_edge"": ""solid"", ""relationship_value"": """", ""relationship_type"": ""follows""}, {""source"": ""4"", ""source_type"": ""process"", ""source_label"": ""Sum = Sum + N"", ""target"": ""5"", ""target_type"": ""decision"", ""target_label"": ""N = 99?"", ""type_of_edge"": ""solid"", ""relationship_value"": """", ""relationship_type"": ""follows""}, {""source"": ""5"", ""source_type"": ""decision"", ""source_label"": ""N = 99?"", ""target"": ""3"", ""target_type"": ""process"", ""target_label"": ""Update"", ""type_of_edge"": ""solid"", ""relationship_value"": ""NO"", ""relationship_type"": ""branches""}, {""source"": ""5"", ""source_type"": ""decision"", ""source_label"": ""N = 99?"", ""target"": ""6"", ""target_type"": ""process"", ""target_label"": ""PRINT SUM"", ""type_of_edge"": ""solid"", ""relationship_value"": ""YES"", ""relationship_type"": ""branches""}, {""source"": ""6"", ""source_type"": ""process"", ""source_label"": ""PRINT SUM"", ""target"": ""7"", ""target_type"": ""terminator"", ""target_label"": ""END"", ""type_of_edge"": ""solid"", ""relationship_value"": """", ""relationship_type"": ""follows""}]}"
109.png,"{""nodes"": [{""id"": ""1"", ""type_of_node"": ""start"", ""shape"": ""start_event"", ""label"": ""Start-up""}, {""id"": ""2"", ""type_of_node"": ""process"", ""shape"": ""task"", ""label"": ""Input variables""}, {""id"": ""3"", ""type_of_node"": ""process"", ""shape"": ""task"", ""label"": ""Operator""}, {""id"": ""4"", ""type_of_node"": ""process"", ""shape"": ""task"", ""label"": ""Main function""}, {""id"": ""5"", ""type_of_node"": ""process"", ""shape"": ""task"", ""label"": ""MPU WDT1 setup""}, {""id"": ""6"", ""type_of_node"": ""process"", ""shape"": ""task"", ""label"": ""Configuration""}, {""id"": ""7"", ""type_of_node"": ""terminator"", ""shape"": ""end_event"", ""label"": ""Finish""}], ""edges"": [{""source"": ""1"", ""source_type"": ""start"", ""source_label"": ""Start-up"", ""target"": ""2"", ""target_type"": ""process"", ""target_label"": ""Input variables"", ""type_of_edge"": ""solid"", ""relationship_value"": """", ""relationship_type"": ""follows""}, {""source"": ""2"", ""source_type"": ""process"", ""source_label"": ""Input variables"", ""target"": ""3"", ""target_type"": ""process"", ""target_label"": ""Operator"", ""type_of_edge"": ""solid"", ""relationship_value"": """", ""relationship_type"": ""follows""}, {""source"": ""3"", ""source_type"": ""process"", ""source_label"": ""Operator"", ""target"": ""4"", ""target_type"": ""process"", ""target_label"": ""Main function"", ""type_of_edge"": ""solid"", ""relationship_value"": """", ""relationship_type"": ""follows""}, {""source"": ""4"", ""source_type"": ""process"", ""source_label"": ""Main function"", ""target"": ""5"", ""target_type"": ""process"", ""target_label"": ""MPU WDT1 setup"", ""type_of_edge"": ""solid"", ""relationship_value"": """", ""relationship_type"": ""follows""}, {""source"": ""5"", ""source_type"": ""process"", ""source_label"": ""MPU WDT1 setup"", ""target"": ""6"", ""target_type"": ""process"", ""target_label"": ""Configuration"", ""type_of_edge"": ""solid"", ""relationship_value"": """", ""relationship_type"": ""follows""}, {""source"": ""6"", ""source_type"": ""process"", ""source_label"": ""Configuration"", ""target"": ""7"", ""target_type"": ""terminator"", ""target_label"": ""Finish"", ""type_of_edge"": ""solid"", ""relationship_value"": """", ""relationship_type"": ""follows""}]}"
655.png,"{""nodes"": [{""id"": ""1"", ""type_of_node"": ""start"", ""shape"": ""start_event"", ""label"": ""Start""}, {""id"": ""2"", ""type_of_node"": ""process"", ""shape"": ""task"", ""label"": ""Read Value""}, {""id"": ""3"", ""type_of_node"": ""decision"", ""shape"": ""gateway"", ""label"": ""Temp<32?""}, {""id"": ""4"", ""type_of_node"": ""process"", ""shape"": ""task"", ""label"": ""Print Cold""}, {""id"": ""5"", ""type_of_node"": ""process"", ""shape"": ""task"", ""label"": ""Print Not Cold""}, {""id"": ""6"", ""type_of_node"": ""terminator"", ""shape"": ""end_event"", ""label"": ""End""}], ""edges"": [{""source"": ""1"", ""source_type"": ""start"", ""source_label"": ""Start"", ""target"": ""2"", ""target_type"": ""process"", ""target_label"": ""Read Value"", ""type_of_edge"": ""solid"", ""relationship_value"": """", ""relationship_type"": ""follows""}, {""source"": ""2"", ""source_type"": ""process"", ""source_label"": ""Read Value"", ""target"": ""3"", ""target_type"": ""decision"", ""target_label"": ""Temp<32?"", ""type_of_edge"": ""solid"", ""relationship_value"": """", ""relationship_type"": ""follows""}, {""source"": ""3"", ""source_type"": ""decision"", ""source_label"": ""Temp<32?"", ""target"": ""4"", ""target_type"": ""process"", ""target_label"": ""Print Cold"", ""type_of_edge"": ""solid"", ""relationship_value"": ""Yes"", ""relationship_type"": ""branches""}, {""source"": ""3"", ""source_type"": ""decision"", ""source_label"": ""Temp<32?"", ""target"": ""5"", ""target_type"": ""process"", ""target_label"": ""Print Not Cold"", ""type_of_edge"": ""solid"", ""relationship_value"": ""No"", ""relationship_type"": ""branches""}, {""source"": ""4"", ""source_type"": ""process"", ""source_label"": ""Print Cold"", ""target"": ""6"", ""target_type"": ""terminator"", ""target_label"": ""End"", ""type_of_edge"": ""solid"", ""relationship_value"": """", ""relationship_type"": ""follows""}, {""source"": ""5"", ""source_type"": ""process"", ""source_label"": ""Print Not Cold"", ""target"": ""6"", ""target_type"": ""terminator"", ""target_label"": ""End"", ""type_of_edge"": ""solid"", ""relationship_value"": """", ""relationship_type"": ""follows""}]}"
4.png,"{""nodes"": [{""id"": ""1"", ""type_of_node"": ""start"", ""shape"": ""start_event"", ""label"": ""Begin""}, {""id"": ""2"", ""type_of_node"": ""process"", ""shape"": ""task"", ""label"": ""Initialize weights and biases With random values""}, {""id"": ""3"", ""type_of_node"": ""process"", ""shape"": ""task"", ""label"": ""Perform oprations""}, {""id"": ""4"", ""type_of_node"": ""process"", ""shape"": ""task"", ""label"": ""Calculate Error""}, {""id"": ""5"", ""type_of_node"": ""decision"", ""shape"": ""gateway"", ""label"": ""Error<=Error""}, {""id"": ""6"", ""type_of_node"": ""decision"", ""shape"": ""gateway"", ""label"": ""Epoch>=Epoch""}, {""id"": ""7"", ""type_of_node"": ""process"", ""shape"": ""task"", ""label"": ""Update weights and biases""}, {""id"": ""8"", ""type_of_node"": ""process"", ""shape"": ""task"", ""label"": ""Epoch=epoch+1""}, {""id"": ""9"", ""type_of_node"": ""terminator"", ""shape"": ""end_event"", ""label"": ""End""}], ""edges"": [{""source"": ""1"", ""source_type"": ""start"", ""source_label"": ""Begin"", ""target"": ""2"", ""target_type"": ""process"", ""target_label"": ""Initialize weights and biases With random values"", ""type_of_edge"": ""solid"", ""relationship_value"": """", ""relationship_type"": ""follows""}, {""source"": ""2"", ""source_type"": ""process"", ""source_label"": ""Initialize weights and biases With random values"", ""target"": ""3"", ""target_type"": ""process"", ""target_label"": ""Perform oprations"", ""type_of_edge"": ""solid"", ""relationship_value"": """", ""relationship_type"": ""follows""}, {""source"": ""3"", ""source_type"": ""process"", ""source_label"": ""Perform oprations"", ""target"": ""4"", ""target_type"": ""process"", ""target_label"": ""Calculate Error"", ""type_of_edge"": ""solid"", ""relationship_value"": """", ""relationship_type"": ""follows""}, {""source"": ""4"", ""source_type"": ""process"", ""source_label"": ""Calculate Error"", ""target"": ""5"", ""target_type"": ""decision"", ""target_label"": ""Error<=Error"", ""type_of_edge"": ""solid"", ""relationship_value"": """", ""relationship_type"": ""follows""}, {""source"": ""5"", ""source_type"": ""decision"", ""source_label"": ""Error<Error"", ""target"": ""9"", ""target_type"": ""terminator"", ""target_label"": ""End"", ""type_of_edge"": ""solid"", ""relationship_value"": ""Yes"", ""relationship_type"": ""follows""}, {""source"": ""5"", ""source_type"": ""decision"", ""source_label"": ""Error<=Error"", ""target"": ""6"", ""target_type"": ""decision"", ""target_label"": ""Epoch>=Epoch"", ""type_of_edge"": ""solid"", ""relationship_value"": ""No"", ""relationship_type"": ""follows""}, {""source"": ""6"", ""source_type"": ""decision"", ""source_label"": ""Epoch>=Epoch"", ""target"": ""9"", ""target_type"": ""terminator"", ""target_label"": ""End"", ""type_of_edge"": ""solid"", ""relationship_value"": ""Yes"", ""relationship_type"": ""follows""}, {""source"": ""6"", ""source_type"": ""decision"", ""source_label"": ""Epoch>=Epoch"", ""target"": ""7"", ""target_type"": ""process"", ""target_label"": ""Update weights and biases"", ""type_of_edge"": ""solid"", ""relationship_value"": ""No"", ""relationship_type"": ""follows""}, {""source"": ""7"", ""source_type"": ""process"", ""source_label"": ""Update weights and biases"", ""target"": ""8"", ""target_type"": ""process"", ""target_label"": ""Epoch=epoch+1"", ""type_of_edge"": ""solid"", ""relationship_value"": """", ""relationship_type"": ""follows""}, {""source"": ""8"", ""source_type"": ""process"", ""source_label"": ""Epoch=epoch+1"", ""target"": ""3"", ""target_type"": ""process"", ""target_label"": ""Perform oprations"", ""type_of_edge"": ""solid"", ""relationship_value"": """", ""relationship_type"": ""follows""}]}"
728.png,"{""nodes"": [{""id"": ""1"", ""type_of_node"": ""start"", ""shape"": ""start_event"", ""label"": ""Lamp doesn't work""}, {""id"": ""2"", ""type_of_node"": ""decision"", ""shape"": ""gateway"", ""label"": ""Lamp plugged in?""}, {""id"": ""3"", ""type_of_node"": ""process"", ""shape"": ""task"", ""label"": ""Plug in lamp""}, {""id"": ""4"", ""type_of_node"": ""decision"", ""shape"": ""gateway"", ""label"": ""Lamp plugged in?""}, {""id"": ""5"", ""type_of_node"": ""process"", ""shape"": ""task"", ""label"": ""Replace bulb""}, {""id"": ""6"", ""type_of_node"": ""process"", ""shape"": ""task"", ""label"": ""PRINT K""}], ""edges"": [{""source"": ""1"", ""source_type"": ""start"", ""source_label"": ""Lamp doesn't work"", ""target"": ""2"", ""target_type"": ""decision"", ""target_label"": ""Lamp plugged in?"", ""type_of_edge"": ""solid"", ""relationship_value"": """", ""relationship_type"": ""follows""}, {""source"": ""2"", ""source_type"": ""decision"", ""source_label"": ""Lamp plugged in?"", ""target"": ""3"", ""target_type"": ""process"", ""target_label"": ""Plug in lamp"", ""type_of_edge"": ""solid"", ""relationship_value"": ""No"", ""relationship_type"": ""branches""}, {""source"": ""2"", ""source_type"": ""decision"", ""source_label"": ""Lamp plugged in?"", ""target"": ""4"", ""target_type"": ""decision"", ""target_label"": ""Lamp plugged in?"", ""type_of_edge"": ""solid"", ""relationship_value"": ""Yes"", ""relationship_type"": ""branches""}, {""source"": ""4"", ""source_type"": ""decision"", ""source_label"": ""Lamp plugged in?"", ""target"": ""5"", ""target_type"": ""process"", ""target_label"": ""Replace bulb"", ""type_of_edge"": ""solid"", ""relationship_value"": ""Yes"", ""relationship_type"": ""branches""}, {""source"": ""4"", ""source_type"": ""decision"", ""source_label"": ""Lamp plugged in?"", ""target"": ""6"", ""target_type"": ""process"", ""target_label"": ""PRINT K"", ""type_of_edge"": ""solid"", ""relationship_value"": ""No"", ""relationship_type"": ""branches""}]}"
813.png,"{""nodes"": [{""id"": ""1"", ""type_of_node"": ""start"", ""shape"": ""start_event"", ""label"": ""Topic""}, {""id"": ""2"", ""type_of_node"": ""decision"", ""shape"": ""gateway"", ""label"": ""Power signal""}, {""id"": ""3"", ""type_of_node"": ""process"", ""shape"": ""task"", ""label"": ""Processor""}, {""id"": ""4"", ""type_of_node"": ""process"", ""shape"": ""task"", ""label"": ""Output""}, {""id"": ""5"", ""type_of_node"": ""terminator"", ""shape"": ""end_event"", ""label"": ""End""}], ""edges"": [{""source"": ""1"", ""source_type"": ""start"", ""source_label"": ""Topic"", ""target"": ""2"", ""target_type"": ""decision"", ""target_label"": ""Power signal"", ""type_of_edge"": ""solid"", ""relationship_value"": """", ""relationship_type"": ""follows""}, {""source"": ""2"", ""source_type"": ""decision"", ""source_label"": ""Power signal"", ""target"": ""3"", ""target_type"": ""process"", ""target_label"": ""Processor"", ""type_of_edge"": ""solid"", ""relationship_value"": ""Stream"", ""relationship_type"": ""follows""}, {""source"": ""3"", ""source_type"": ""process"", ""source_label"": ""Processor"", ""target"": ""4"", ""target_type"": ""process"", ""target_label"": ""Output"", ""type_of_edge"": ""solid"", ""relationship_value"": ""Stream"", ""relationship_type"": ""follows""}, {""source"": ""4"", ""source_type"": ""process"", ""source_label"": ""Output"", ""target"": ""5"", ""target_type"": ""terminator"", ""target_label"": ""End"", ""type_of_edge"": ""solid"", ""relationship_value"": """", ""relationship_type"": ""follows""}]}"
412.png,"{""nodes"": [{""id"": ""1"", ""type_of_node"": ""start"", ""shape"": ""start_event"", ""label"": ""Begin""}, {""id"": ""2"", ""type_of_node"": ""process"", ""shape"": ""task"", ""label"": ""Read A""}, {""id"": ""3"", ""type_of_node"": ""decision"", ""shape"": ""gateway"", ""label"": ""A>0""}, {""id"": ""4"", ""type_of_node"": ""process"", ""shape"": ""task"", ""label"": ""Positive""}, {""id"": ""5"", ""type_of_node"": ""process"", ""shape"": ""task"", ""label"": ""Negative""}, {""id"": ""6"", ""type_of_node"": ""terminator"", ""shape"": ""end_event"", ""label"": ""Stop""}], ""edges"": [{""source"": ""1"", ""source_type"": ""start"", ""source_label"": ""Begin"", ""target"": ""2"", ""target_type"": ""process"", ""target_label"": ""Read A"", ""type_of_edge"": ""solid"", ""relationship_value"": """", ""relationship_type"": ""follows""}, {""source"": ""2"", ""source_type"": ""process"", ""source_label"": ""Read A"", ""target"": ""3"", ""target_type"": ""decision"", ""target_label"": ""A>0"", ""type_of_edge"": ""solid"", ""relationship_value"": """", ""relationship_type"": ""follows""}, {""source"": ""3"", ""source_type"": ""decision"", ""source_label"": ""A>0"", ""target"": ""4"", ""target_type"": ""process"", ""target_label"": ""Positive"", ""type_of_edge"": ""solid"", ""relationship_value"": ""Yes"", ""relationship_type"": ""branches""}, {""source"": ""3"", ""source_type"": ""decision"", ""source_label"": ""A>0"", ""target"": ""5"", ""target_type"": ""process"", ""target_label"": ""Negative"", ""type_of_edge"": ""solid"", ""relationship_value"": ""No"", ""relationship_type"": ""branches""}, {""source"": ""4"", ""source_type"": ""process"", ""source_label"": ""Positive"", ""target"": ""6"", ""target_type"": ""terminator"", ""target_label"": ""Stop"", ""type_of_edge"": ""solid"", ""relationship_value"": """", ""relationship_type"": ""follows""}, {""source"": ""5"", ""source_type"": ""process"", ""source_label"": ""Negative"", ""target"": ""6"", ""target_type"": ""terminator"", ""target_label"": ""Stop"", ""type_of_edge"": ""solid"", ""relationship_value"": """", ""relationship_type"": ""follows""}]}"
250.png,"{""nodes"": [{""id"": ""begin"", ""type_of_node"": ""start"", ""shape"": ""start_event"", ""label"": ""BEGIN""}, {""id"": ""enter_limit"", ""type_of_node"": ""process"", ""shape"": ""task"", ""label"": ""Enter Limit""}, {""id"": ""initialize_number"", ""type_of_node"": ""process"", ""shape"": ""task"", ""label"": ""Initialize number""}, {""id"": ""set_sum_to_0"", ""type_of_node"": ""process"", ""shape"": ""task"", ""label"": ""Set Sum equal to 0""}, {""id"": ""do"", ""type_of_node"": ""process"", ""shape"": ""task"", ""label"": ""DO""}, {""id"": ""if_sum_greater_than_limit"", ""type_of_node"": ""decision"", ""shape"": ""gateway"", ""label"": ""If Sum > Limit""}, {""id"": ""update_values"", ""type_of_node"": ""process"", ""shape"": ""task"", ""label"": ""Update values""}, {""id"": ""decrease_loss"", ""type_of_node"": ""process"", ""shape"": ""task"", ""label"": ""Decrease loss""}, {""id"": ""display_number_and_sum"", ""type_of_node"": ""process"", ""shape"": ""task"", ""label"": ""Display Number and Sum""}, {""id"": ""end"", ""type_of_node"": ""terminator"", ""shape"": ""end_event"", ""label"": ""END""}], ""edges"": [{""source"": ""begin"", ""source_type"": ""start"", ""source_label"": ""BEGIN"", ""target"": ""enter_limit"", ""target_type"": ""process"", ""target_label"": ""Enter Limit"", ""type_of_edge"": ""solid"", ""relationship_value"": """", ""relationship_type"": ""follows""}, {""source"": ""enter_limit"", ""source_type"": ""process"", ""source_label"": ""Enter Limit"", ""target"": ""initialize_number"", ""target_type"": ""process"", ""target_label"": ""Initialize number"", ""type_of_edge"": ""solid"", ""relationship_value"": """", ""relationship_type"": ""follows""}, {""source"": ""initialize_number"", ""source_type"": ""process"", ""source_label"": ""Initialize number"", ""target"": ""set_sum_to_0"", ""target_type"": ""process"", ""target_label"": ""Set Sum equal to 0"", ""type_of_edge"": ""solid"", ""relationship_value"": """", ""relationship_type"": ""follows""}, {""source"": ""set_sum_to_0"", ""source_type"": ""process"", ""source_label"": ""Set Sum equal to 0"", ""target"": ""do"", ""target_type"": ""process"", ""target_label"": ""DO"", ""type_of_edge"": ""solid"", ""relationship_value"": """", ""relationship_type"": ""follows""}, {""source"": ""do"", ""source_type"": ""process"", ""source_label"": ""DO"", ""target"": ""if_sum_greater_than_limit"", ""target_type"": ""decision"", ""target_label"": ""If Sum > Limit"", ""type_of_edge"": ""solid"", ""relationship_value"": """", ""relationship_type"": ""follows""}, {""source"": ""if_sum_greater_than_limit"", ""source_type"": ""decision"", ""source_label"": ""If Sum > Limit"", ""target"": ""update_values"", ""target_type"": ""process"", ""target_label"": ""Update values"", ""type_of_edge"": ""solid"", ""relationship_value"": ""false"", ""relationship_type"": ""depends_on""}, {""source"": ""if_sum_greater_than_limit"", ""source_type"": ""decision"", ""source_label"": ""If Sum > Limit"", ""target"": ""display_number_and_sum"", ""target_type"": ""process"", ""target_label"": ""Display Number and Sum"", ""type_of_edge"": ""solid"", ""relationship_value"": ""true"", ""relationship_type"": ""depends_on""}, {""source"": ""update_values"", ""source_type"": ""process"", ""source_label"": ""Update values"", ""target"": ""decrease_loss"", ""target_type"": ""process"", ""target_label"": ""Decrease loss"", ""type_of_edge"": ""solid"", ""relationship_value"": """", ""relationship_type"": ""follows""}, {""source"": ""decrease_loss"", ""source_type"": ""process"", ""source_label"": ""Decrease loss"", ""target"": ""do"", ""target_type"": ""process"", ""target_label"": ""DO"", ""type_of_edge"": ""solid"", ""relationship_value"": """", ""relationship_type"": ""follows""}, {""source"": ""display_number_and_sum"", ""source_type"": ""process"", ""source_label"": ""Display Number and Sum"", ""target"": ""end"", ""target_type"": ""terminator"", ""target_label"": ""END"", ""type_of_edge"": ""solid"", ""relationship_value"": """", ""relationship_type"": ""follows""}]}"
929.png,"{""nodes"": [{""id"": ""1"", ""type_of_node"": ""start"", ""shape"": ""start_event"", ""label"": ""Start""}, {""id"": ""2"", ""type_of_node"": ""process"", ""shape"": ""task"", ""label"": ""Input N""}, {""id"": ""3"", ""type_of_node"": ""process"", ""shape"": ""task"", ""label"": ""Remainder = N\nmodulo 2""}, {""id"": ""4"", ""type_of_node"": ""decision"", ""shape"": ""gateway"", ""label"": ""Remainder = 0?""}, {""id"": ""5"", ""type_of_node"": ""process"", ""shape"": ""task"", ""label"": ""Answer = EVEN""}, {""id"": ""6"", ""type_of_node"": ""process"", ""shape"": ""task"", ""label"": ""Answer = ODD""}, {""id"": ""7"", ""type_of_node"": ""process"", ""shape"": ""task"", ""label"": ""Output Answer""}, {""id"": ""8"", ""type_of_node"": ""terminator"", ""shape"": ""end_event"", ""label"": ""End""}], ""edges"": [{""source"": ""1"", ""source_type"": ""start"", ""source_label"": ""Start"", ""target"": ""2"", ""target_type"": ""process"", ""target_label"": ""Input N"", ""type_of_edge"": ""solid"", ""relationship_value"": """", ""relationship_type"": ""follows""}, {""source"": ""2"", ""source_type"": ""process"", ""source_label"": ""Input N"", ""target"": ""3"", ""target_type"": ""process"", ""target_label"": ""Remainder = N\nmodulo 2"", ""type_of_edge"": ""solid"", ""relationship_value"": """", ""relationship_type"": ""follows""}, {""source"": ""3"", ""source_type"": ""process"", ""source_label"": ""Remainder = N\nmodulo 2"", ""target"": ""4"", ""target_type"": ""decision"", ""target_label"": ""Remainder = 0?"", ""type_of_edge"": ""solid"", ""relationship_value"": """", ""relationship_type"": ""follows""}, {""source"": ""4"", ""source_type"": ""decision"", ""source_label"": ""Remainder = 0?"", ""target"": ""5"", ""target_type"": ""process"", ""target_label"": ""Answer = EVEN"", ""type_of_edge"": ""solid"", ""relationship_value"": ""YES"", ""relationship_type"": ""branches""}, {""source"": ""4"", ""source_type"": ""decision"", ""source_label"": ""Remainder = 0?"", ""target"": ""6"", ""target_type"": ""process"", ""target_label"": ""Answer = ODD"", ""type_of_edge"": ""solid"", ""relationship_value"": ""NO"", ""relationship_type"": ""branches""}, {""source"": ""5"", ""source_type"": ""process"", ""source_label"": ""Answer = EVEN"", ""target"": ""7"", ""target_type"": ""process"", ""target_label"": ""Ouput Answer"", ""type_of_edge"": ""solid"", ""relationship_value"": """", ""relationship_type"": ""follows""}, {""source"": ""6"", ""source_type"": ""process"", ""source_label"": ""Answer = ODD"", ""target"": ""7"", ""target_type"": ""process"", ""target_label"": ""Ouput Answer"", ""type_of_edge"": ""solid"", ""relationship_value"": """", ""relationship_type"": ""follows""}, {""source"": ""7"", ""source_type"": ""process"", ""source_label"": ""Ouput Answer"", ""target"": ""8"", ""target_type"": ""terminator"", ""target_label"": ""End"", ""type_of_edge"": ""solid"", ""relationship_value"": """", ""relationship_type"": ""follows""}]}"
470.png,"{""nodes"": [{""id"": ""1"", ""type_of_node"": ""start"", ""shape"": ""start_event"", ""label"": ""Begin""}, {""id"": ""2"", ""type_of_node"": ""process"", ""shape"": ""task"", ""label"": ""Create a swarm of particles""}, {""id"": ""3"", ""type_of_node"": ""process"", ""shape"": ""task"", ""label"": ""Calculate each particle's fitness""}, {""id"": ""4"", ""type_of_node"": ""process"", ""shape"": ""task"", ""label"": ""Determine best value""}, {""id"": ""5"", ""type_of_node"": ""process"", ""shape"": ""task"", ""label"": ""Update Value""}, {""id"": ""6"", ""type_of_node"": ""decision"", ""shape"": ""gateway"", ""label"": ""Termination""}, {""id"": ""7"", ""type_of_node"": ""terminator"", ""shape"": ""end_event"", ""label"": ""End""}], ""edges"": [{""source"": ""1"", ""source_type"": ""start"", ""source_label"": ""Begin"", ""target"": ""2"", ""target_type"": ""process"", ""target_label"": ""Create a swarm of particles"", ""type_of_edge"": ""solid"", ""relationship_value"": """", ""relationship_type"": ""follows""}, {""source"": ""2"", ""source_type"": ""process"", ""source_label"": ""Create a swarm of particles"", ""target"": ""3"", ""target_type"": ""process"", ""target_label"": ""Calculate each particle's fitness"", ""type_of_edge"": ""solid"", ""relationship_value"": """", ""relationship_type"": ""follows""}, {""source"": ""3"", ""source_type"": ""process"", ""source_label"": ""Calculate each particle's fitness"", ""target"": ""4"", ""target_type"": ""process"", ""target_label"": ""Determine best value"", ""type_of_edge"": ""solid"", ""relationship_value"": """", ""relationship_type"": ""follows""}, {""source"": ""4"", ""source_type"": ""process"", ""source_label"": ""Determine best value"", ""target"": ""5"", ""target_type"": ""process"", ""target_label"": ""Update Value"", ""type_of_edge"": ""solid"", ""relationship_value"": """", ""relationship_type"": ""follows""}, {""source"": ""5"", ""source_type"": ""process"", ""source_label"": ""Update Value"", ""target"": ""6"", ""target_type"": ""decision"", ""target_label"": ""Termination"", ""type_of_edge"": ""solid"", ""relationship_value"": """", ""relationship_type"": ""follows""}, {""source"": ""6"", ""source_type"": ""decision"", ""source_label"": ""Termination"", ""target"": ""3"", ""target_type"": ""process"", ""target_label"": ""Calculate each particle's fitness"", ""type_of_edge"": ""solid"", ""relationship_value"": ""No"", ""relationship_type"": ""branches""}, {""source"": ""6"", ""source_type"": ""decision"", ""source_label"": ""Termination"", ""target"": ""7"", ""target_type"": ""terminator"", ""target_label"": ""End"", ""type_of_edge"": ""solid"", ""relationship_value"": ""Yes"", ""relationship_type"": ""branches""}]}"
279.png,"{""nodes"": [{""id"": ""1"", ""type_of_node"": ""start"", ""shape"": ""start_event"", ""label"": ""Start""}, {""id"": ""2"", ""type_of_node"": ""process"", ""shape"": ""task"", ""label"": ""Find changes in work""}, {""id"": ""3"", ""type_of_node"": ""decision"", ""shape"": ""gateway"", ""label"": ""Approval""}, {""id"": ""4"", ""type_of_node"": ""process"", ""shape"": ""task"", ""label"": ""Ignore change""}, {""id"": ""5"", ""type_of_node"": ""process"", ""shape"": ""task"", ""label"": ""Method""}, {""id"": ""6"", ""type_of_node"": ""decision"", ""shape"": ""gateway"", ""label"": ""Agree?""}, {""id"": ""7"", ""type_of_node"": ""process"", ""shape"": ""task"", ""label"": ""Expand""}, {""id"": ""8"", ""type_of_node"": ""process"", ""shape"": ""task"", ""label"": ""Discard""}, {""id"": ""9"", ""type_of_node"": ""terminator"", ""shape"": ""end_event"", ""label"": ""END""}], ""edges"": [{""source"": ""1"", ""source_type"": ""start"", ""source_label"": ""Start"", ""target"": ""2"", ""target_type"": ""process"", ""target_label"": ""Find changes in work"", ""type_of_edge"": ""solid"", ""relationship_value"": """", ""relationship_type"": ""follows""}, {""source"": ""2"", ""source_type"": ""process"", ""source_label"": ""Find changes in work"", ""target"": ""3"", ""target_type"": ""decision"", ""target_label"": ""Approval"", ""type_of_edge"": ""solid"", ""relationship_value"": """", ""relationship_type"": ""follows""}, {""source"": ""3"", ""source_type"": ""decision"", ""source_label"": ""Approval"", ""target"": ""4"", ""target_type"": ""process"", ""target_label"": ""Ignore change"", ""type_of_edge"": ""solid"", ""relationship_value"": ""No"", ""relationship_type"": ""branches""}, {""source"": ""3"", ""source_type"": ""decision"", ""source_label"": ""Approval"", ""target"": ""5"", ""target_type"": ""process"", ""target_label"": ""Method"", ""type_of_edge"": ""solid"", ""relationship_value"": ""Yes"", ""relationship_type"": ""branches""}, {""source"": ""5"", ""source_type"": ""process"", ""source_label"": ""Method"", ""target"": ""6"", ""target_type"": ""decision"", ""target_label"": ""Agree?"", ""type_of_edge"": ""solid"", ""relationship_value"": """", ""relationship_type"": ""follows""}, {""source"": ""6"", ""source_type"": ""decision"", ""source_label"": ""Agree?"", ""target"": ""7"", ""target_type"": ""process"", ""target_label"": ""Expand"", ""type_of_edge"": ""solid"", ""relationship_value"": ""Yes"", ""relationship_type"": ""branches""}, {""source"": ""6"", ""source_type"": ""decision"", ""source_label"": ""Agree?"", ""target"": ""8"", ""target_type"": ""process"", ""target_label"": ""Discard"", ""type_of_edge"": ""solid"", ""relationship_value"": ""No"", ""relationship_type"": ""branches""}, {""source"": ""7"", ""source_type"": ""process"", ""source_label"": ""Expand"", ""target"": ""9"", ""target_type"": ""terminator"", ""target_label"": ""END"", ""type_of_edge"": ""solid"", ""relationship_value"": """", ""relationship_type"": ""follows""}, {""source"": ""8"", ""source_type"": ""process"", ""source_label"": ""Discard"", ""target"": ""9"", ""target_type"": ""terminator"", ""target_label"": ""END"", ""type_of_edge"": ""solid"", ""relationship_value"": """", ""relationship_type"": ""follows""}, {""source"": ""4"", ""source_type"": ""process"", ""source_label"": ""Ignore change"", ""target"": ""9"", ""target_type"": ""terminator"", ""target_label"": ""END"", ""type_of_edge"": ""solid"", ""relationship_value"": """", ""relationship_type"": ""follows""}]}"
521.png,"{""nodes"": [{""id"": ""1"", ""type_of_node"": ""start"", ""shape"": ""start_event"", ""label"": ""Start""}, {""id"": ""2"", ""type_of_node"": ""process"", ""shape"": ""task"", ""label"": ""Open Email""}, {""id"": ""3"", ""type_of_node"": ""process"", ""shape"": ""task"", ""label"": ""Read mail""}, {""id"": ""4"", ""type_of_node"": ""decision"", ""shape"": ""gateway"", ""label"": ""Input Structured?""}, {""id"": ""5"", ""type_of_node"": ""process"", ""shape"": ""task"", ""label"": ""Process Manually""}, {""id"": ""6"", ""type_of_node"": ""process"", ""shape"": ""task"", ""label"": ""Extract Data""}, {""id"": ""7"", ""type_of_node"": ""process"", ""shape"": ""task"", ""label"": ""Lookup Product Description""}, {""id"": ""8"", ""type_of_node"": ""decision"", ""shape"": ""gateway"", ""label"": ""Match Found?""}, {""id"": ""9"", ""type_of_node"": ""process"", ""shape"": ""task"", ""label"": ""Send Email to Update File""}, {""id"": ""10"", ""type_of_node"": ""terminator"", ""shape"": ""end_event"", ""label"": ""End""}], ""edges"": [{""source"": ""1"", ""source_type"": ""start"", ""source_label"": ""Start"", ""target"": ""2"", ""target_type"": ""process"", ""target_label"": ""Open Email"", ""type_of_edge"": ""solid"", ""relationship_value"": """", ""relationship_type"": ""follows""}, {""source"": ""2"", ""source_type"": ""process"", ""source_label"": ""Open Email"", ""target"": ""3"", ""target_type"": ""process"", ""target_label"": ""Read mail"", ""type_of_edge"": ""solid"", ""relationship_value"": """", ""relationship_type"": ""follows""}, {""source"": ""3"", ""source_type"": ""process"", ""source_label"": ""Read mail"", ""target"": ""4"", ""target_type"": ""decision"", ""target_label"": ""Input Structured?"", ""type_of_edge"": ""solid"", ""relationship_value"": """", ""relationship_type"": ""follows""}, {""source"": ""4"", ""source_type"": ""decision"", ""source_label"": ""Input Structured?"", ""target"": ""5"", ""target_type"": ""process"", ""target_label"": ""Process Manually"", ""type_of_edge"": ""solid"", ""relationship_value"": ""No"", ""relationship_type"": ""branches""}, {""source"": ""4"", ""source_type"": ""decision"", ""source_label"": ""Input Structured?"", ""target"": ""6"", ""target_type"": ""process"", ""target_label"": ""Extract Data"", ""type_of_edge"": ""solid"", ""relationship_value"": ""YES"", ""relationship_type"": ""branches""}, {""source"": ""6"", ""source_type"": ""process"", ""source_label"": ""Extract Data"", ""target"": ""7"", ""target_type"": ""process"", ""target_label"": ""Lookup Product Description"", ""type_of_edge"": ""solid"", ""relationship_value"": """", ""relationship_type"": ""follows""}, {""source"": ""7"", ""source_type"": ""process"", ""source_label"": ""Lookup Product Description"", ""target"": ""8"", ""target_type"": ""decision"", ""target_label"": ""Match Found?"", ""type_of_edge"": ""solid"", ""relationship_value"": """", ""relationship_type"": ""follows""}, {""source"": ""8"", ""source_type"": ""decision"", ""source_label"": ""Match Found?"", ""target"": ""9"", ""target_type"": ""process"", ""target_label"": ""Send Email to Update File"", ""type_of_edge"": ""solid"", ""relationship_value"": ""No"", ""relationship_type"": ""follows""}, {""source"": ""5"", ""source_type"": ""process"", ""source_label"": ""Process Manually"", ""target"": ""10"", ""target_type"": ""terminator"", ""target_label"": ""End"", ""type_of_edge"": ""solid"", ""relationship_value"": """", ""relationship_type"": ""follows""}, {""source"": ""9"", ""source_type"": ""process"", ""source_label"": ""Send Email to Update File"", ""target"": ""10"", ""target_type"": ""terminator"", ""target_label"": ""End"", ""type_of_edge"": ""solid"", ""relationship_value"": """", ""relationship_type"": ""follows""}]}"
8.png,"{""nodes"": [{""id"": ""1"", ""type_of_node"": ""start"", ""shape"": ""start_event"", ""label"": ""Begin""}, {""id"": ""2"", ""type_of_node"": ""process"", ""shape"": ""task"", ""label"": ""Login""}, {""id"": ""3"", ""type_of_node"": ""decision"", ""shape"": ""gateway"", ""label"": ""Login correct?""}, {""id"": ""4"", ""type_of_node"": ""process"", ""shape"": ""task"", ""label"": ""Front Page""}], ""edges"": [{""source"": ""1"", ""source_type"": ""start"", ""source_label"": ""Begin"", ""target"": ""2"", ""target_type"": ""process"", ""target_label"": ""Login"", ""type_of_edge"": ""solid"", ""relationship_value"": """", ""relationship_type"": ""follows""}, {""source"": ""2"", ""source_type"": ""process"", ""source_label"": ""Login"", ""target"": ""3"", ""target_type"": ""decision"", ""target_label"": ""Login correct?"", ""type_of_edge"": ""solid"", ""relationship_value"": """", ""relationship_type"": ""follows""}, {""source"": ""3"", ""source_type"": ""decision"", ""source_label"": ""Login correct?"", ""target"": ""4"", ""target_type"": ""process"", ""target_label"": ""Front Page"", ""type_of_edge"": ""solid"", ""relationship_value"": """", ""relationship_type"": ""follows""}, {""source"": ""3"", ""source_type"": ""decision"", ""source_label"": ""Login correct?"", ""target"": ""2"", ""target_type"": ""process"", ""target_label"": ""Login"", ""type_of_edge"": ""solid"", ""relationship_value"": ""Correct"", ""relationship_type"": ""follows""}]}"
908.png,"{""nodes"": [{""id"": ""1"", ""type_of_node"": ""start"", ""shape"": ""start_event"", ""label"": ""Start""}, {""id"": ""2"", ""type_of_node"": ""process"", ""shape"": ""task"", ""label"": ""Enter""}, {""id"": ""3"", ""type_of_node"": ""process"", ""shape"": ""task"", ""label"": ""Home page""}, {""id"": ""4"", ""type_of_node"": ""process"", ""shape"": ""task"", ""label"": ""Enter Email ID and Password""}, {""id"": ""5"", ""type_of_node"": ""decision"", ""shape"": ""gateway"", ""label"": ""Email ID and Password is correct""}, {""id"": ""6"", ""type_of_node"": ""process"", ""shape"": ""task"", ""label"": ""Log in error""}, {""id"": ""7"", ""type_of_node"": ""process"", ""shape"": ""task"", ""label"": ""Display Account""}, {""id"": ""8"", ""type_of_node"": ""terminator"", ""shape"": ""end_event"", ""label"": ""Stop""}], ""edges"": [{""source"": ""1"", ""source_type"": ""start"", ""source_label"": ""Start"", ""target"": ""2"", ""target_type"": ""process"", ""target_label"": ""Enter"", ""type_of_edge"": ""solid"", ""relationship_value"": """", ""relationship_type"": ""follows""}, {""source"": ""2"", ""source_type"": ""process"", ""source_label"": ""Enter"", ""target"": ""3"", ""target_type"": ""process"", ""target_label"": ""Home page"", ""type_of_edge"": ""solid"", ""relationship_value"": """", ""relationship_type"": ""follows""}, {""source"": ""3"", ""source_type"": ""process"", ""source_label"": ""Home page"", ""target"": ""4"", ""target_type"": ""process"", ""target_label"": ""Enter Email ID and Password"", ""type_of_edge"": ""solid"", ""relationship_value"": """", ""relationship_type"": ""follows""}, {""source"": ""4"", ""source_type"": ""process"", ""source_label"": ""Enter Email ID and Password"", ""target"": ""5"", ""target_type"": ""decision"", ""target_label"": ""Email ID and Password is correct"", ""type_of_edge"": ""solid"", ""relationship_value"": """", ""relationship_type"": ""follows""}, {""source"": ""5"", ""source_type"": ""decision"", ""source_label"": ""Email ID and Password is correct"", ""target"": ""6"", ""target_type"": ""process"", ""target_label"": ""Log in error"", ""type_of_edge"": ""solid"", ""relationship_value"": ""No"", ""relationship_type"": ""branches""}, {""source"": ""6"", ""source_type"": ""process"", ""source_label"": ""Log in error"", ""target"": ""4"", ""target_type"": ""process"", ""target_label"": ""Enter Email ID and Password"", ""type_of_edge"": ""solid"", ""relationship_value"": """", ""relationship_type"": ""follows""}, {""source"": ""5"", ""source_type"": ""decision"", ""source_label"": ""Email ID and Password is correct"", ""target"": ""7"", ""target_type"": ""process"", ""target_label"": ""Display Account"", ""type_of_edge"": ""solid"", ""relationship_value"": ""Yes"", ""relationship_type"": ""branches""}, {""source"": ""7"", ""source_type"": ""process"", ""source_label"": ""Display Account"", ""target"": ""8"", ""target_type"": ""terminator"", ""target_label"": ""Stop"", ""type_of_edge"": ""solid"", ""relationship_value"": """", ""relationship_type"": ""follows""}]}"
10.png,"{""nodes"": [{""id"": ""1"", ""type_of_node"": ""start"", ""shape"": ""start_event"", ""label"": ""Begin""}, {""id"": ""2"", ""type_of_node"": ""decision"", ""shape"": ""gateway"", ""label"": ""Are you okay""}, {""id"": ""3"", ""type_of_node"": ""process"", ""shape"": ""task"", ""label"": ""DO SOMETHING""}, {""id"": ""4"", ""type_of_node"": ""process"", ""shape"": ""task"", ""label"": ""DO SOMETHING""}], ""edges"": [{""source"": ""1"", ""source_type"": ""start"", ""source_label"": ""Begin"", ""target"": ""2"", ""target_type"": ""decision"", ""target_label"": ""Are you okay"", ""type_of_edge"": ""solid"", ""relationship_value"": """", ""relationship_type"": ""follows""}, {""source"": ""2"", ""source_type"": ""decision"", ""source_label"": ""Are you okay"", ""target"": ""3"", ""target_type"": ""process"", ""target_label"": ""DO SOMETHING"", ""type_of_edge"": ""solid"", ""relationship_value"": ""YES"", ""relationship_type"": ""branches""}, {""source"": ""2"", ""source_type"": ""decision"", ""source_label"": ""Are you okay"", ""target"": ""4"", ""target_type"": ""process"", ""target_label"": ""DO SOMETHING"", ""type_of_edge"": ""solid"", ""relationship_value"": ""NO"", ""relationship_type"": ""branches""}]}"
153.png,"{""nodes"": [{""id"": ""1"", ""type_of_node"": ""start"", ""shape"": ""start_event"", ""label"": ""Begin""}, {""id"": ""2"", ""type_of_node"": ""process"", ""shape"": ""task"", ""label"": ""Switch On lights""}, {""id"": ""3"", ""type_of_node"": ""process"", ""shape"": ""task"", ""label"": ""Turn the LED connected to QO off""}, {""id"": ""4"", ""type_of_node"": ""decision"", ""shape"": ""gateway"", ""label"": ""Check if the LDR connected to A1 is in darkness""}, {""id"": ""5"", ""type_of_node"": ""process"", ""shape"": ""task"", ""label"": ""Switch Off lights""}, {""id"": ""6"", ""type_of_node"": ""process"", ""shape"": ""task"", ""label"": ""Turn the LED connected to QO on""}], ""edges"": [{""source"": ""1"", ""source_type"": ""start"", ""source_label"": ""Begin"", ""target"": ""2"", ""target_type"": ""process"", ""target_label"": ""Switch On lights"", ""type_of_edge"": ""solid"", ""relationship_value"": """", ""relationship_type"": ""follows""}, {""source"": ""2"", ""source_type"": ""process"", ""source_label"": ""Switch On lights"", ""target"": ""3"", ""target_type"": ""process"", ""target_label"": ""Turn the LED connected to QO off"", ""type_of_edge"": ""solid"", ""relationship_value"": """", ""relationship_type"": ""follows""}, {""source"": ""3"", ""source_type"": ""process"", ""source_label"": ""Turn the LED connected to QO off"", ""target"": ""4"", ""target_type"": ""decision"", ""target_label"": ""Check if the LDR connected to A is in darkness"", ""type_of_edge"": ""solid"", ""relationship_value"": """", ""relationship_type"": ""follows""}, {""source"": ""4"", ""source_type"": ""decision"", ""source_label"": ""Check if the LDR connected to A is in darkness"", ""target"": ""5"", ""target_type"": ""process"", ""target_label"": ""Switch Off lights"", ""type_of_edge"": ""solid"", ""relationship_value"": ""N"", ""relationship_type"": ""branches""}, {""source"": ""5"", ""source_type"": ""process"", ""source_label"": ""Switch Off lights"", ""target"": ""4"", ""target_type"": ""decision"", ""target_label"": ""Check if the LDR connected to A is in darkness"", ""type_of_edge"": ""solid"", ""relationship_value"": """", ""relationship_type"": ""follows""}, {""source"": ""4"", ""source_type"": ""decision"", ""source_label"": ""Check if the LDR connected to A is in darkness"", ""target"": ""6"", ""target_type"": ""process"", ""target_label"": ""Turn the LED connected to QO on"", ""type_of_edge"": ""solid"", ""relationship_value"": ""Y"", ""relationship_type"": ""branches""}, {""source"": ""6"", ""source_type"": ""process"", ""source_label"": ""Turn the LED connected to QO on"", ""target"": ""4"", ""target_type"": ""decision"", ""target_label"": ""Check if the LDR connected to A is in darkness"", ""type_of_edge"": ""solid"", ""relationship_value"": """", ""relationship_type"": ""follows""}]}"
914.png,"{""nodes"": [{""id"": ""1"", ""type_of_node"": ""start"", ""shape"": ""start_event"", ""label"": ""Start""}, {""id"": ""2"", ""type_of_node"": ""process"", ""shape"": ""task"", ""label"": ""Order 1""}, {""id"": ""3"", ""type_of_node"": ""decision"", ""shape"": ""gateway"", ""label"": ""Accept?""}, {""id"": ""4"", ""type_of_node"": ""process"", ""shape"": ""task"", ""label"": ""Create""}, {""id"": ""5"", ""type_of_node"": ""process"", ""shape"": ""task"", ""label"": ""Flowchart""}, {""id"": ""6"", ""type_of_node"": ""process"", ""shape"": ""task"", ""label"": ""Document""}, {""id"": ""7"", ""type_of_node"": ""process"", ""shape"": ""task"", ""label"": ""Code""}, {""id"": ""8"", ""type_of_node"": ""terminator"", ""shape"": ""end_event"", ""label"": ""End""}], ""edges"": [{""source"": ""1"", ""source_type"": ""start"", ""source_label"": ""Start"", ""target"": ""2"", ""target_type"": ""process"", ""target_label"": ""Order 1"", ""type_of_edge"": ""solid"", ""relationship_value"": """", ""relationship_type"": ""follows""}, {""source"": ""2"", ""source_type"": ""process"", ""source_label"": ""Order 1"", ""target"": ""3"", ""target_type"": ""decision"", ""target_label"": ""Accept?"", ""type_of_edge"": ""solid"", ""relationship_value"": """", ""relationship_type"": ""follows""}, {""source"": ""3"", ""source_type"": ""decision"", ""source_label"": ""Accept?"", ""target"": ""4"", ""target_type"": ""process"", ""target_label"": ""Create"", ""type_of_edge"": ""solid"", ""relationship_value"": ""Yes"", ""relationship_type"": ""branches""}, {""source"": ""4"", ""source_type"": ""process"", ""source_label"": ""Create"", ""target"": ""5"", ""target_type"": ""process"", ""target_label"": ""Flowchart"", ""type_of_edge"": ""solid"", ""relationship_value"": """", ""relationship_type"": ""follows""}, {""source"": ""3"", ""source_type"": ""decision"", ""source_label"": ""Accept?"", ""target"": ""6"", ""target_type"": ""process"", ""target_label"": ""Document"", ""type_of_edge"": ""solid"", ""relationship_value"": ""No"", ""relationship_type"": ""branches""}, {""source"": ""5"", ""source_type"": ""process"", ""source_label"": ""Flowchart"", ""target"": ""6"", ""target_type"": ""process"", ""target_label"": ""Document"", ""type_of_edge"": ""solid"", ""relationship_value"": """", ""relationship_type"": ""follows""}, {""source"": ""6"", ""source_type"": ""process"", ""source_label"": ""Document"", ""target"": ""7"", ""target_type"": ""process"", ""target_label"": ""Code"", ""type_of_edge"": ""solid"", ""relationship_value"": """", ""relationship_type"": ""follows""}, {""source"": ""7"", ""source_type"": ""process"", ""source_label"": ""Code"", ""target"": ""8"", ""target_type"": ""terminator"", ""target_label"": ""End"", ""type_of_edge"": ""solid"", ""relationship_value"": """", ""relationship_type"": ""follows""}]}"
238.png,"{""nodes"": [{""id"": ""start"", ""type_of_node"": ""start"", ""shape"": ""start_event"", ""label"": ""Start""}, {""id"": ""login"", ""type_of_node"": ""process"", ""shape"": ""task"", ""label"": ""Login""}, {""id"": ""verified"", ""type_of_node"": ""decision"", ""shape"": ""gateway"", ""label"": ""Verified?""}, {""id"": ""dashboard"", ""type_of_node"": ""process"", ""shape"": ""task"", ""label"": ""Dashboard""}, {""id"": ""click_report_incident"", ""type_of_node"": ""process"", ""shape"": ""task"", ""label"": ""Click on the report incident link""}, {""id"": ""fill_form"", ""type_of_node"": ""process"", ""shape"": ""task"", ""label"": ""Fill the form""}, {""id"": ""validation_module"", ""type_of_node"": ""process"", ""shape"": ""task"", ""label"": ""Validation Module""}, {""id"": ""need"", ""type_of_node"": ""decision"", ""shape"": ""gateway"", ""label"": ""Need?""}, {""id"": ""submit"", ""type_of_node"": ""process"", ""shape"": ""task"", ""label"": ""Submit""}, {""id"": ""update_form"", ""type_of_node"": ""process"", ""shape"": ""task"", ""label"": ""Update form""}, {""id"": ""view_comments"", ""type_of_node"": ""process"", ""shape"": ""task"", ""label"": ""View comments on the post""}, {""id"": ""stop"", ""type_of_node"": ""terminator"", ""shape"": ""end_event"", ""label"": ""Stop""}], ""edges"": [{""source"": ""start"", ""source_type"": ""start"", ""source_label"": ""Start"", ""target"": ""login"", ""target_type"": ""process"", ""target_label"": ""Login"", ""type_of_edge"": ""solid"", ""relationship_value"": """", ""relationship_type"": ""follows""}, {""source"": ""login"", ""source_type"": ""process"", ""source_label"": ""Login"", ""target"": ""verified"", ""target_type"": ""decision"", ""target_label"": ""Verified?"", ""type_of_edge"": ""solid"", ""relationship_value"": """", ""relationship_type"": ""follows""}, {""source"": ""verified"", ""source_type"": ""decision"", ""source_label"": ""Verified?"", ""target"": ""dashboard"", ""target_type"": ""process"", ""target_label"": ""Dashboard"", ""type_of_edge"": ""solid"", ""relationship_value"": ""Yes"", ""relationship_type"": ""depends_on""}, {""source"": ""verified"", ""source_type"": ""decision"", ""source_label"": ""Verified?"", ""target"": ""login"", ""target_type"": ""process"", ""target_label"": ""Login"", ""type_of_edge"": ""solid"", ""relationship_value"": ""No"", ""relationship_type"": ""depends_on""}, {""source"": ""dashboard"", ""source_type"": ""process"", ""source_label"": ""Dashboard"", ""target"": ""click_report_incident"", ""target_type"": ""process"", ""target_label"": ""Click on the report incident link"", ""type_of_edge"": ""solid"", ""relationship_value"": """", ""relationship_type"": ""follows""}, {""source"": ""click_report_incident"", ""source_type"": ""process"", ""source_label"": ""Click on the report incident link"", ""target"": ""fill_form"", ""target_type"": ""process"", ""target_label"": ""Fill the form"", ""type_of_edge"": ""solid"", ""relationship_value"": """", ""relationship_type"": ""follows""}, {""source"": ""fill_form"", ""source_type"": ""process"", ""source_label"": ""Fill the form"", ""target"": ""validation_module"", ""target_type"": ""process"", ""target_label"": ""Validation Module"", ""type_of_edge"": ""solid"", ""relationship_value"": """", ""relationship_type"": ""follows""}, {""source"": ""validation_module"", ""source_type"": ""process"", ""source_label"": ""Validation Module"", ""target"": ""need"", ""target_type"": ""decision"", ""target_label"": ""Need?"", ""type_of_edge"": ""solid"", ""relationship_value"": """", ""relationship_type"": ""follows""}, {""source"": ""need"", ""source_type"": ""decision"", ""source_label"": ""Need?"", ""target"": ""view_comments"", ""target_type"": ""process"", ""target_label"": ""View comments on the post"", ""type_of_edge"": ""solid"", ""relationship_value"": ""Yes"", ""relationship_type"": ""depends_on""}, {""source"": ""need"", ""source_type"": ""decision"", ""source_label"": ""Need?"", ""target"": ""update_form"", ""target_type"": ""process"", ""target_label"": ""Update form"", ""type_of_edge"": ""solid"", ""relationship_value"": ""No"", ""relationship_type"": ""depends_on""}, {""source"": ""update_form"", ""source_type"": ""process"", ""source_label"": ""Update form"", ""target"": ""submit"", ""target_type"": ""process"", ""target_label"": ""Submit"", ""type_of_edge"": ""solid"", ""relationship_value"": """", ""relationship_type"": ""follows""}, {""source"": ""submit"", ""source_type"": ""process"", ""source_label"": ""Submit"", ""target"": ""validation_module"", ""target_type"": ""process"", ""target_label"": ""Validation Module"", ""type_of_edge"": ""solid"", ""relationship_value"": """", ""relationship_type"": ""follows""}, {""source"": ""view_comments"", ""source_type"": ""process"", ""source_label"": ""View comments on the post"", ""target"": ""stop"", ""target_type"": ""terminator"", ""target_label"": ""Stop"", ""type_of_edge"": ""solid"", ""relationship_value"": """", ""relationship_type"": ""follows""}]}"
411.png,"{""nodes"": [{""id"": ""1"", ""type_of_node"": ""start"", ""shape"": ""start_event"", ""label"": ""Begin""}, {""id"": ""2"", ""type_of_node"": ""process"", ""shape"": ""task"", ""label"": ""Input n""}, {""id"": ""3"", ""type_of_node"": ""decision"", ""shape"": ""gateway"", ""label"": ""n%2=0""}, {""id"": ""4"", ""type_of_node"": ""process"", ""shape"": ""task"", ""label"": ""Even""}, {""id"": ""5"", ""type_of_node"": ""process"", ""shape"": ""task"", ""label"": ""Odd""}, {""id"": ""6"", ""type_of_node"": ""terminator"", ""shape"": ""end_event"", ""label"": ""End""}], ""edges"": [{""source"": ""1"", ""source_type"": ""start"", ""source_label"": ""Begin"", ""target"": ""2"", ""target_type"": ""process"", ""target_label"": ""Input n"", ""type_of_edge"": ""solid"", ""relationship_value"": """", ""relationship_type"": ""follows""}, {""source"": ""2"", ""source_type"": ""process"", ""source_label"": ""Input n"", ""target"": ""3"", ""target_type"": ""decision"", ""target_label"": ""n%2=0"", ""type_of_edge"": ""solid"", ""relationship_value"": """", ""relationship_type"": ""follows""}, {""source"": ""3"", ""source_type"": ""decision"", ""source_label"": ""n%2=0"", ""target"": ""4"", ""target_type"": ""process"", ""target_label"": ""Even"", ""type_of_edge"": ""solid"", ""relationship_value"": ""Yes"", ""relationship_type"": ""branches""}, {""source"": ""3"", ""source_type"": ""decision"", ""source_label"": ""n%2=0"", ""target"": ""5"", ""target_type"": ""process"", ""target_label"": ""Odd"", ""type_of_edge"": ""solid"", ""relationship_value"": ""No"", ""relationship_type"": ""branches""}, {""source"": ""4"", ""source_type"": ""process"", ""source_label"": ""Even"", ""target"": ""6"", ""target_type"": ""terminator"", ""target_label"": ""End"", ""type_of_edge"": ""solid"", ""relationship_value"": """", ""relationship_type"": ""follows""}, {""source"": ""5"", ""source_type"": ""process"", ""source_label"": ""Odd"", ""target"": ""6"", ""target_type"": ""terminator"", ""target_label"": ""End"", ""type_of_edge"": ""solid"", ""relationship_value"": """", ""relationship_type"": ""follows""}]}"
672.png,"{""nodes"": [{""id"": ""1"", ""type_of_node"": ""start"", ""shape"": ""start_event"", ""label"": ""START""}, {""id"": ""2"", ""type_of_node"": ""process"", ""shape"": ""task"", ""label"": ""Read Inputs""}, {""id"": ""3"", ""type_of_node"": ""process"", ""shape"": ""task"", ""label"": ""Read command from Bluetooth Unit""}, {""id"": ""4"", ""type_of_node"": ""process"", ""shape"": ""task"", ""label"": ""Run sensors""}, {""id"": ""5"", ""type_of_node"": ""process"", ""shape"": ""task"", ""label"": ""Read sensor values""}, {""id"": ""6"", ""type_of_node"": ""process"", ""shape"": ""task"", ""label"": ""Send read sensor values To bluetooth unit""}], ""edges"": [{""source"": ""1"", ""source_type"": ""start"", ""source_label"": ""START"", ""target"": ""2"", ""target_type"": ""process"", ""target_label"": ""Read Inputs"", ""type_of_edge"": ""solid"", ""relationship_value"": """", ""relationship_type"": ""follows""}, {""source"": ""2"", ""source_type"": ""process"", ""source_label"": ""Read Inputs"", ""target"": ""3"", ""target_type"": ""process"", ""target_label"": ""Read command from Bluetooth Unit"", ""type_of_edge"": ""solid"", ""relationship_value"": """", ""relationship_type"": ""follows""}, {""source"": ""3"", ""source_type"": ""process"", ""source_label"": ""Read command from Bluetooth Unit"", ""target"": ""4"", ""target_type"": ""process"", ""target_label"": ""Run sensors"", ""type_of_edge"": ""solid"", ""relationship_value"": """", ""relationship_type"": ""follows""}, {""source"": ""4"", ""source_type"": ""process"", ""source_label"": ""Run sensors"", ""target"": ""5"", ""target_type"": ""process"", ""target_label"": ""Read sensor values"", ""type_of_edge"": ""solid"", ""relationship_value"": """", ""relationship_type"": ""follows""}, {""source"": ""5"", ""source_type"": ""process"", ""source_label"": ""Read sensor values"", ""target"": ""6"", ""target_type"": ""process"", ""target_label"": ""Send read sensor values To bluetooth unit"", ""type_of_edge"": ""solid"", ""relationship_value"": """", ""relationship_type"": ""follows""}, {""source"": ""6"", ""source_type"": ""process"", ""source_label"": ""Send read sensor values To bluetooth unit"", ""target"": ""3"", ""target_type"": ""process"", ""target_label"": ""Read command from Bluetooth Unit"", ""type_of_edge"": ""solid"", ""relationship_value"": """", ""relationship_type"": ""follows""}]}"
6.png,"{""nodes"": [{""id"": ""1"", ""type_of_node"": ""start"", ""shape"": ""start_event"", ""label"": ""Start""}, {""id"": ""2"", ""type_of_node"": ""decision"", ""shape"": ""gateway"", ""label"": ""Is target sector < max sector?""}, {""id"": ""3"", ""type_of_node"": ""process"", ""shape"": ""task"", ""label"": ""Increment Sector""}, {""id"": ""4"", ""type_of_node"": ""process"", ""shape"": ""task"", ""label"": ""Target Sector=0""}, {""id"": ""5"", ""type_of_node"": ""decision"", ""shape"": ""gateway"", ""label"": ""Want to update?""}, {""id"": ""6"", ""type_of_node"": ""process"", ""shape"": ""task"", ""label"": ""Increment head""}, {""id"": ""7"", ""type_of_node"": ""process"", ""shape"": ""task"", ""label"": ""Target head=0""}, {""id"": ""8"", ""type_of_node"": ""process"", ""shape"": ""task"", ""label"": ""Increment""}, {""id"": ""9"", ""type_of_node"": ""terminator"", ""shape"": ""end_event"", ""label"": ""End""}], ""edges"": [{""source"": ""1"", ""source_type"": ""start"", ""source_label"": ""Start"", ""target"": ""2"", ""target_type"": ""decision"", ""target_label"": ""Is target sector < max sector?"", ""type_of_edge"": ""solid"", ""relationship_value"": """", ""relationship_type"": ""follows""}, {""source"": ""2"", ""source_type"": ""decision"", ""source_label"": ""Is target sector < max sector?"", ""target"": ""3"", ""target_type"": ""process"", ""target_label"": ""Increment Sector"", ""type_of_edge"": ""solid"", ""relationship_value"": ""Yes"", ""relationship_type"": ""follows""}, {""source"": ""3"", ""source_type"": ""process"", ""source_label"": ""Increment Sector"", ""target"": ""9"", ""target_type"": ""terminator"", ""target_label"": ""End"", ""type_of_edge"": ""solid"", ""relationship_value"": """", ""relationship_type"": ""follows""}, {""source"": ""2"", ""source_type"": ""decision"", ""source_label"": ""Is target sector < max sector?"", ""target"": ""4"", ""target_type"": ""process"", ""target_label"": ""Target Sector=0"", ""type_of_edge"": ""solid"", ""relationship_value"": ""No"", ""relationship_type"": ""follows""}, {""source"": ""4"", ""source_type"": ""process"", ""source_label"": ""Target Sector=0"", ""target"": ""5"", ""target_type"": ""decision"", ""target_label"": ""Want to update?"", ""type_of_edge"": ""solid"", ""relationship_value"": """", ""relationship_type"": ""follows""}, {""source"": ""5"", ""source_type"": ""decision"", ""source_label"": ""Want to update?"", ""target"": ""6"", ""target_type"": ""process"", ""target_label"": ""Increment head"", ""type_of_edge"": ""solid"", ""relationship_value"": ""Yes"", ""relationship_type"": ""follows""}, {""source"": ""6"", ""source_type"": ""process"", ""source_label"": ""Increment head"", ""target"": ""9"", ""target_type"": ""terminator"", ""target_label"": ""End"", ""type_of_edge"": ""solid"", ""relationship_value"": """", ""relationship_type"": ""follows""}, {""source"": ""5"", ""source_type"": ""decision"", ""source_label"": ""Want to update?"", ""target"": ""7"", ""target_type"": ""process"", ""target_label"": ""Target head=0"", ""type_of_edge"": ""solid"", ""relationship_value"": ""No"", ""relationship_type"": ""follows""}, {""source"": ""7"", ""source_type"": ""process"", ""source_label"": ""Target head=0"", ""target"": ""8"", ""target_type"": ""process"", ""target_label"": ""Increment"", ""type_of_edge"": ""solid"", ""relationship_value"": """", ""relationship_type"": ""follows""}, {""source"": ""8"", ""source_type"": ""process"", ""source_label"": ""Increment"", ""target"": ""9"", ""target_type"": ""terminator"", ""target_label"": ""End"", ""type_of_edge"": ""solid"", ""relationship_value"": """", ""relationship_type"": ""follows""}]}"
761.png,"{""nodes"": [{""id"": ""1"", ""type_of_node"": ""start"", ""shape"": ""start_event"", ""label"": ""Begin""}, {""id"": ""2"", ""type_of_node"": ""process"", ""shape"": ""task"", ""label"": ""Initial Population""}, {""id"": ""3"", ""type_of_node"": ""process"", ""shape"": ""task"", ""label"": ""Fitness Evaluation""}, {""id"": ""4"", ""type_of_node"": ""process"", ""shape"": ""task"", ""label"": ""Tournament Selection""}, {""id"": ""5"", ""type_of_node"": ""process"", ""shape"": ""task"", ""label"": ""Team Selection""}, {""id"": ""6"", ""type_of_node"": ""process"", ""shape"": ""task"", ""label"": ""Finalize Team""}, {""id"": ""7"", ""type_of_node"": ""process"", ""shape"": ""task"", ""label"": ""New Generation""}, {""id"": ""8"", ""type_of_node"": ""decision"", ""shape"": ""gateway"", ""label"": ""condition fulfil?""}, {""id"": ""9"", ""type_of_node"": ""terminator"", ""shape"": ""end_event"", ""label"": ""connector""}], ""edges"": [{""source"": ""1"", ""source_type"": ""start"", ""source_label"": ""Begin"", ""target"": ""2"", ""target_type"": ""process"", ""target_label"": ""Initial Population"", ""type_of_edge"": ""solid"", ""relationship_value"": """", ""relationship_type"": ""follows""}, {""source"": ""2"", ""source_type"": ""process"", ""source_label"": ""Initial Population"", ""target"": ""3"", ""target_type"": ""process"", ""target_label"": ""Fitness Evaluation"", ""type_of_edge"": ""solid"", ""relationship_value"": """", ""relationship_type"": ""follows""}, {""source"": ""3"", ""source_type"": ""process"", ""source_label"": ""Fitness Evaluation"", ""target"": ""4"", ""target_type"": ""process"", ""target_label"": ""Tournament Selection"", ""type_of_edge"": ""solid"", ""relationship_value"": """", ""relationship_type"": ""follows""}, {""source"": ""4"", ""source_type"": ""process"", ""source_label"": ""Tournament Selection"", ""target"": ""5"", ""target_type"": ""process"", ""target_label"": ""Team Selection"", ""type_of_edge"": ""solid"", ""relationship_value"": """", ""relationship_type"": ""follows""}, {""source"": ""5"", ""source_type"": ""process"", ""source_label"": ""Team Selection"", ""target"": ""6"", ""target_type"": ""process"", ""target_label"": ""Finalize Team"", ""type_of_edge"": ""solid"", ""relationship_value"": """", ""relationship_type"": ""follows""}, {""source"": ""6"", ""source_type"": ""process"", ""source_label"": ""Finalize Team"", ""target"": ""7"", ""target_type"": ""process"", ""target_label"": ""New Generation"", ""type_of_edge"": ""solid"", ""relationship_value"": """", ""relationship_type"": ""follows""}, {""source"": ""7"", ""source_type"": ""process"", ""source_label"": ""New Generation"", ""target"": ""8"", ""target_type"": ""decision"", ""target_label"": ""condition fulfil?"", ""type_of_edge"": ""solid"", ""relationship_value"": """", ""relationship_type"": ""follows""}, {""source"": ""8"", ""source_type"": ""decision"", ""source_label"": ""condition fulfil?"", ""target"": ""4"", ""target_type"": ""process"", ""target_label"": ""Tournament Selection"", ""type_of_edge"": ""solid"", ""relationship_value"": ""NO"", ""relationship_type"": ""branches""}, {""source"": ""8"", ""source_type"": ""decision"", ""source_label"": ""condition fulfil?"", ""target"": ""9"", ""target_type"": ""terminator"", ""target_label"": ""connector"", ""type_of_edge"": ""solid"", ""relationship_value"": ""YES"", ""relationship_type"": ""branches""}]}"
45.png,"{""nodes"": [{""id"": ""1"", ""type_of_node"": ""start"", ""shape"": ""start_event"", ""label"": ""Start""}, {""id"": ""2"", ""type_of_node"": ""process"", ""shape"": ""task"", ""label"": ""Process 1""}, {""id"": ""3"", ""type_of_node"": ""decision"", ""shape"": ""gateway"", ""label"": ""Decision""}, {""id"": ""4"", ""type_of_node"": ""process"", ""shape"": ""task"", ""label"": ""Process 2""}, {""id"": ""5"", ""type_of_node"": ""process"", ""shape"": ""task"", ""label"": ""Process 3""}, {""id"": ""6"", ""type_of_node"": ""terminator"", ""shape"": ""end_event"", ""label"": ""Stop""}], ""edges"": [{""source"": ""1"", ""source_type"": ""start"", ""source_label"": ""Start"", ""target"": ""2"", ""target_type"": ""process"", ""target_label"": ""Process 1"", ""type_of_edge"": ""solid"", ""relationship_value"": """", ""relationship_type"": ""follows""}, {""source"": ""2"", ""source_type"": ""process"", ""source_label"": ""Process 1"", ""target"": ""3"", ""target_type"": ""decision"", ""target_label"": ""Decision"", ""type_of_edge"": ""solid"", ""relationship_value"": """", ""relationship_type"": ""follows""}, {""source"": ""3"", ""source_type"": ""decision"", ""source_label"": ""Decision"", ""target"": ""4"", ""target_type"": ""process"", ""target_label"": ""Process 2"", ""type_of_edge"": ""solid"", ""relationship_value"": ""No"", ""relationship_type"": ""follows""}, {""source"": ""4"", ""source_type"": ""process"", ""source_label"": ""Process 2"", ""target"": ""2"", ""target_type"": ""process"", ""target_label"": ""Process 1"", ""type_of_edge"": ""solid"", ""relationship_value"": """", ""relationship_type"": ""follows""}, {""source"": ""3"", ""source_type"": ""decision"", ""source_label"": ""Decision"", ""target"": ""5"", ""target_type"": ""process"", ""target_label"": ""Process 3"", ""type_of_edge"": ""solid"", ""relationship_value"": ""Yes"", ""relationship_type"": ""follows""}, {""source"": ""5"", ""source_type"": ""process"", ""source_label"": ""Process 3"", ""target"": ""6"", ""target_type"": ""terminator"", ""target_label"": ""Stop"", ""type_of_edge"": ""solid"", ""relationship_value"": """", ""relationship_type"": ""follows""}]}"
35.png,"{""nodes"": [{""id"": ""1"", ""type_of_node"": ""start"", ""shape"": ""start_event"", ""label"": ""Start""}, {""id"": ""2"", ""type_of_node"": ""decision"", ""shape"": ""gateway"", ""label"": ""If Condition""}, {""id"": ""3"", ""type_of_node"": ""process"", ""shape"": ""task"", ""label"": ""If Body""}, {""id"": ""4"", ""type_of_node"": ""process"", ""shape"": ""task"", ""label"": ""Else Body""}, {""id"": ""5"", ""type_of_node"": ""process"", ""shape"": ""task"", ""label"": ""Statement just below if""}, {""id"": ""6"", ""type_of_node"": ""terminator"", ""shape"": ""end_event"", ""label"": ""Exit""}], ""edges"": [{""source"": ""1"", ""source_type"": ""start"", ""source_label"": ""Start"", ""target"": ""2"", ""target_type"": ""decision"", ""target_label"": ""If Condition"", ""type_of_edge"": ""solid"", ""relationship_value"": """", ""relationship_type"": ""follows""}, {""source"": ""2"", ""source_type"": ""decision"", ""source_label"": ""If Condition"", ""target"": ""3"", ""target_type"": ""process"", ""target_label"": ""If Body"", ""type_of_edge"": ""solid"", ""relationship_value"": ""True"", ""relationship_type"": ""branches""}, {""source"": ""2"", ""source_type"": ""decision"", ""source_label"": ""If Condition"", ""target"": ""4"", ""target_type"": ""process"", ""target_label"": ""Else Body"", ""type_of_edge"": ""solid"", ""relationship_value"": ""False"", ""relationship_type"": ""branches""}, {""source"": ""3"", ""source_type"": ""process"", ""source_label"": ""If Body"", ""target"": ""5"", ""target_type"": ""process"", ""target_label"": ""Statement just below if"", ""type_of_edge"": ""solid"", ""relationship_value"": """", ""relationship_type"": ""follows""}, {""source"": ""4"", ""source_type"": ""process"", ""source_label"": ""Else Body"", ""target"": ""5"", ""target_type"": ""process"", ""target_label"": ""Statement just below if"", ""type_of_edge"": ""solid"", ""relationship_value"": """", ""relationship_type"": ""follows""}, {""source"": ""5"", ""source_type"": ""process"", ""source_label"": ""Statement just below if"", ""target"": ""6"", ""target_type"": ""terminator"", ""target_label"": ""Exit"", ""type_of_edge"": ""solid"", ""relationship_value"": """", ""relationship_type"": ""follows""}]}"
433.png,"{""nodes"": [{""id"": ""1"", ""type_of_node"": ""start"", ""shape"": ""start_event"", ""label"": ""Begin""}, {""id"": ""2"", ""type_of_node"": ""process"", ""shape"": ""task"", ""label"": ""Input Data""}, {""id"": ""3"", ""type_of_node"": ""process"", ""shape"": ""task"", ""label"": ""Looking for Entropy""}, {""id"": ""4"", ""type_of_node"": ""process"", ""shape"": ""task"", ""label"": ""Gain""}, {""id"": ""5"", ""type_of_node"": ""process"", ""shape"": ""task"", ""label"": ""Highest Gain""}, {""id"": ""6"", ""type_of_node"": ""process"", ""shape"": ""task"", ""label"": ""Creating a Node Branch""}, {""id"": ""7"", ""type_of_node"": ""decision"", ""shape"": ""gateway"", ""label"": ""Finished""}, {""id"": ""8"", ""type_of_node"": ""terminator"", ""shape"": ""end_event"", ""label"": ""Stop""}], ""edges"": [{""source"": ""1"", ""source_type"": ""start"", ""source_label"": ""Begin"", ""target"": ""2"", ""target_type"": ""process"", ""target_label"": ""Input Data"", ""type_of_edge"": ""solid"", ""relationship_value"": """", ""relationship_type"": ""follows""}, {""source"": ""2"", ""source_type"": ""process"", ""source_label"": ""Input Data"", ""target"": ""3"", ""target_type"": ""process"", ""target_label"": ""Looking for Entropy"", ""type_of_edge"": ""solid"", ""relationship_value"": """", ""relationship_type"": ""follows""}, {""source"": ""3"", ""source_type"": ""process"", ""source_label"": ""Looking for Entropy"", ""target"": ""4"", ""target_type"": ""process"", ""target_label"": ""Gain"", ""type_of_edge"": ""solid"", ""relationship_value"": """", ""relationship_type"": ""follows""}, {""source"": ""4"", ""source_type"": ""process"", ""source_label"": ""Gain"", ""target"": ""5"", ""target_type"": ""process"", ""target_label"": ""Highest Gain"", ""type_of_edge"": ""solid"", ""relationship_value"": """", ""relationship_type"": ""follows""}, {""source"": ""5"", ""source_type"": ""process"", ""source_label"": ""Highest Gain"", ""target"": ""6"", ""target_type"": ""process"", ""target_label"": ""Creating a Node Branch"", ""type_of_edge"": ""solid"", ""relationship_value"": """", ""relationship_type"": ""follows""}, {""source"": ""6"", ""source_type"": ""process"", ""source_label"": ""Creating a Node Branch"", ""target"": ""7"", ""target_type"": ""decision"", ""target_label"": ""Finished"", ""type_of_edge"": ""solid"", ""relationship_value"": """", ""relationship_type"": ""follows""}, {""source"": ""7"", ""source_type"": ""decision"", ""source_label"": ""Finished"", ""target"": ""8"", ""target_type"": ""terminator"", ""target_label"": ""Stop"", ""type_of_edge"": ""solid"", ""relationship_value"": ""Yes"", ""relationship_type"": ""branches""}, {""source"": ""7"", ""source_type"": ""decision"", ""source_label"": ""Finished"", ""target"": ""4"", ""target_type"": ""process"", ""target_label"": ""Gain"", ""type_of_edge"": ""solid"", ""relationship_value"": ""No"", ""relationship_type"": ""branches""}]}"
446.png,"{""nodes"": [{""id"": ""1"", ""type_of_node"": ""start"", ""shape"": ""start_event"", ""label"": ""Begin""}, {""id"": ""2"", ""type_of_node"": ""process"", ""shape"": ""task"", ""label"": ""Step 1""}, {""id"": ""3"", ""type_of_node"": ""decision"", ""shape"": ""gateway"", ""label"": ""Decision""}, {""id"": ""4"", ""type_of_node"": ""process"", ""shape"": ""task"", ""label"": ""Step 2""}, {""id"": ""5"", ""type_of_node"": ""terminator"", ""shape"": ""end_event"", ""label"": ""End""}], ""edges"": [{""source"": ""1"", ""source_type"": ""start"", ""source_label"": ""Begin"", ""target"": ""2"", ""target_type"": ""process"", ""target_label"": ""Step 1"", ""type_of_edge"": ""solid"", ""relationship_value"": """", ""relationship_type"": ""follows""}, {""source"": ""2"", ""source_type"": ""process"", ""source_label"": ""Step 1"", ""target"": ""3"", ""target_type"": ""decision"", ""target_label"": ""Decision"", ""type_of_edge"": ""solid"", ""relationship_value"": """", ""relationship_type"": ""follows""}, {""source"": ""3"", ""source_type"": ""decision"", ""source_label"": ""Decision"", ""target"": ""2"", ""target_type"": ""process"", ""target_label"": ""Step 1"", ""type_of_edge"": ""solid"", ""relationship_value"": ""No"", ""relationship_type"": ""branches""}, {""source"": ""3"", ""source_type"": ""decision"", ""source_label"": ""Decision"", ""target"": ""4"", ""target_type"": ""process"", ""target_label"": ""Step 2"", ""type_of_edge"": ""solid"", ""relationship_value"": ""Yes"", ""relationship_type"": ""branches""}, {""source"": ""4"", ""source_type"": ""process"", ""source_label"": ""Step 2"", ""target"": ""5"", ""target_type"": ""terminator"", ""target_label"": ""End"", ""type_of_edge"": ""solid"", ""relationship_value"": """", ""relationship_type"": ""follows""}]}"
380.png,"{""nodes"": [{""id"": ""1"", ""type_of_node"": ""start"", ""shape"": ""start_event"", ""label"": ""Start""}, {""id"": ""2"", ""type_of_node"": ""process"", ""shape"": ""task"", ""label"": ""Read Inputs""}, {""id"": ""3"", ""type_of_node"": ""process"", ""shape"": ""task"", ""label"": ""Calculate S""}, {""id"": ""4"", ""type_of_node"": ""process"", ""shape"": ""task"", ""label"": ""Calculate\narea =sqrt( s*(s-a)*(s-b)*(s-c))""}, {""id"": ""5"", ""type_of_node"": ""process"", ""shape"": ""task"", ""label"": ""Print area""}, {""id"": ""6"", ""type_of_node"": ""terminator"", ""shape"": ""end_event"", ""label"": ""End""}], ""edges"": [{""source"": ""1"", ""source_type"": ""start"", ""source_label"": ""Start"", ""target"": ""2"", ""target_type"": ""process"", ""target_label"": ""Read Inputs"", ""type_of_edge"": ""solid"", ""relationship_value"": """", ""relationship_type"": ""follows""}, {""source"": ""2"", ""source_type"": ""process"", ""source_label"": ""Read Inputs"", ""target"": ""3"", ""target_type"": ""process"", ""target_label"": ""Calculate S"", ""type_of_edge"": ""solid"", ""relationship_value"": """", ""relationship_type"": ""follows""}, {""source"": ""3"", ""source_type"": ""process"", ""source_label"": ""Calculate S"", ""target"": ""4"", ""target_type"": ""process"", ""target_label"": ""Calculate\narea =sqrt( s*(s-a)*(s-b)*(s-c))"", ""type_of_edge"": ""solid"", ""relationship_value"": """", ""relationship_type"": ""follows""}, {""source"": ""4"", ""source_type"": ""process"", ""source_label"": ""Calculate\narea =sqrt( s*(s-a)*(s-b)*(s-c))"", ""target"": ""5"", ""target_type"": ""process"", ""target_label"": ""Print area"", ""type_of_edge"": ""solid"", ""relationship_value"": """", ""relationship_type"": ""follows""}, {""source"": ""5"", ""source_type"": ""process"", ""source_label"": ""Print area"", ""target"": ""6"", ""target_type"": ""terminator"", ""target_label"": ""End"", ""type_of_edge"": ""solid"", ""relationship_value"": """", ""relationship_type"": ""follows""}]}"
900.png,"{""nodes"": [{""id"": ""1"", ""type_of_node"": ""start"", ""shape"": ""start_event"", ""label"": ""Start""}, {""id"": ""2"", ""type_of_node"": ""process"", ""shape"": ""task"", ""label"": ""Process""}, {""id"": ""3"", ""type_of_node"": ""decision"", ""shape"": ""gateway"", ""label"": ""Decision""}, {""id"": ""4"", ""type_of_node"": ""process"", ""shape"": ""task"", ""label"": ""Data""}, {""id"": ""5"", ""type_of_node"": ""process"", ""shape"": ""task"", ""label"": ""Enjoy""}, {""id"": ""6"", ""type_of_node"": ""process"", ""shape"": ""task"", ""label"": ""Enjoy""}, {""id"": ""7"", ""type_of_node"": ""terminator"", ""shape"": ""end_event"", ""label"": ""End""}], ""edges"": [{""source"": ""1"", ""source_type"": ""start"", ""source_label"": ""Start"", ""target"": ""2"", ""target_type"": ""process"", ""target_label"": ""Process"", ""type_of_edge"": ""solid"", ""relationship_value"": """", ""relationship_type"": ""follows""}, {""source"": ""2"", ""source_type"": ""process"", ""source_label"": ""Process"", ""target"": ""3"", ""target_type"": ""decision"", ""target_label"": ""Decision"", ""type_of_edge"": ""solid"", ""relationship_value"": """", ""relationship_type"": ""follows""}, {""source"": ""3"", ""source_type"": ""decision"", ""source_label"": ""Decision"", ""target"": ""4"", ""target_type"": ""process"", ""target_label"": ""Data"", ""type_of_edge"": ""solid"", ""relationship_value"": ""Yes"", ""relationship_type"": ""branches""}, {""source"": ""3"", ""source_type"": ""decision"", ""source_label"": ""Decision"", ""target"": ""5"", ""target_type"": ""process"", ""target_label"": ""Enjoy"", ""type_of_edge"": ""solid"", ""relationship_value"": ""No"", ""relationship_type"": ""branches""}, {""source"": ""4"", ""source_type"": ""process"", ""source_label"": ""Data"", ""target"": ""6"", ""target_type"": ""process"", ""target_label"": ""Enjoy"", ""type_of_edge"": ""solid"", ""relationship_value"": """", ""relationship_type"": ""follows""}, {""source"": ""6"", ""source_type"": ""process"", ""source_label"": ""Enjoy"", ""target"": ""7"", ""target_type"": ""terminator"", ""target_label"": ""End"", ""type_of_edge"": ""solid"", ""relationship_value"": """", ""relationship_type"": ""follows""}]}"
118.png,"{""nodes"": [{""id"": ""1"", ""type_of_node"": ""start"", ""shape"": ""start_event"", ""label"": ""Start""}, {""id"": ""2"", ""type_of_node"": ""process"", ""shape"": ""task"", ""label"": ""Input""}, {""id"": ""3"", ""type_of_node"": ""decision"", ""shape"": ""gateway"", ""label"": ""if (angka % 2 == 1)""}, {""id"": ""4"", ""type_of_node"": ""process"", ""shape"": ""task"", ""label"": ""Non prime""}, {""id"": ""5"", ""type_of_node"": ""process"", ""shape"": ""task"", ""label"": ""Prime Number""}, {""id"": ""6"", ""type_of_node"": ""terminator"", ""shape"": ""end_event"", ""label"": ""Finish""}], ""edges"": [{""source"": ""1"", ""source_type"": ""start"", ""source_label"": ""Start"", ""target"": ""2"", ""target_type"": ""process"", ""target_label"": ""Input"", ""type_of_edge"": ""solid"", ""relationship_value"": """", ""relationship_type"": ""follows""}, {""source"": ""2"", ""source_type"": ""process"", ""source_label"": ""Input"", ""target"": ""3"", ""target_type"": ""decision"", ""target_label"": ""if (angka % 2 == 1)"", ""type_of_edge"": ""solid"", ""relationship_value"": """", ""relationship_type"": ""follows""}, {""source"": ""3"", ""source_type"": ""decision"", ""source_label"": ""if (angka % 2 == 1)"", ""target"": ""4"", ""target_type"": ""process"", ""target_label"": ""Non prime"", ""type_of_edge"": ""solid"", ""relationship_value"": ""False"", ""relationship_type"": ""branches""}, {""source"": ""3"", ""source_type"": ""decision"", ""source_label"": ""if (angka % 2 == 1)"", ""target"": ""5"", ""target_type"": ""process"", ""target_label"": ""Prime Number"", ""type_of_edge"": ""solid"", ""relationship_value"": ""True"", ""relationship_type"": ""branches""}, {""source"": ""4"", ""source_type"": ""process"", ""source_label"": ""Non prime"", ""target"": ""6"", ""target_type"": ""terminator"", ""target_label"": ""Finish"", ""type_of_edge"": ""solid"", ""relationship_value"": """", ""relationship_type"": ""follows""}, {""source"": ""5"", ""source_type"": ""process"", ""source_label"": ""Prime Number"", ""target"": ""6"", ""target_type"": ""terminator"", ""target_label"": ""Finish"", ""type_of_edge"": ""solid"", ""relationship_value"": """", ""relationship_type"": ""follows""}]}"
591.png,"{""nodes"": [{""id"": ""1"", ""type_of_node"": ""start"", ""shape"": ""start_event"", ""label"": ""Start""}, {""id"": ""2"", ""type_of_node"": ""process"", ""shape"": ""task"", ""label"": ""Scan Bar code""}, {""id"": ""3"", ""type_of_node"": ""process"", ""shape"": ""task"", ""label"": ""\""Reader\"" decrypts message and sends it to \""3D object management interface\""""}, {""id"": ""4"", ""type_of_node"": ""process"", ""shape"": ""task"", ""label"": ""Check the website""}, {""id"": ""5"", ""type_of_node"": ""process"", ""shape"": ""task"", ""label"": ""The back-end server checks data and compares it with \""3D objects database\""""}, {""id"": ""6"", ""type_of_node"": ""decision"", ""shape"": ""gateway"", ""label"": ""Does data match the detail in \""3D obects database\""""}, {""id"": ""7"", ""type_of_node"": ""process"", ""shape"": ""task"", ""label"": ""An error message is displayed on the user screen""}, {""id"": ""8"", ""type_of_node"": ""process"", ""shape"": ""task"", ""label"": ""The 3D object is displayed on the user screen""}], ""edges"": [{""source"": ""1"", ""source_type"": ""start"", ""source_label"": ""Start"", ""target"": ""2"", ""target_type"": ""process"", ""target_label"": ""Scan Bar code"", ""type_of_edge"": ""solid"", ""relationship_value"": """", ""relationship_type"": ""follows""}, {""source"": ""2"", ""source_type"": ""process"", ""source_label"": ""Scan Bar code"", ""target"": ""3"", ""target_type"": ""process"", ""target_label"": ""\""Reader\"" decrypts message and sends it to \""3D object management interface\"""", ""type_of_edge"": ""solid"", ""relationship_value"": """", ""relationship_type"": ""follows""}, {""source"": ""3"", ""source_type"": ""process"", ""source_label"": ""\""Reader\"" decrypts message and sends it to \""3D object management interface\"""", ""target"": ""4"", ""target_type"": ""process"", ""target_label"": ""Check the website"", ""type_of_edge"": ""solid"", ""relationship_value"": """", ""relationship_type"": ""follows""}, {""source"": ""4"", ""source_type"": ""process"", ""source_label"": ""Check the website"", ""target"": ""5"", ""target_type"": ""process"", ""target_label"": ""The back-end server checks data and compares it with \""3D objects database\"""", ""type_of_edge"": ""solid"", ""relationship_value"": """", ""relationship_type"": ""follows""}, {""source"": ""5"", ""source_type"": ""process"", ""source_label"": ""The back-end server checks data and compares it with \""3D objects database\"""", ""target"": ""6"", ""target_type"": ""decision"", ""target_label"": ""Does data match the detail in \""3D obects database\"""", ""type_of_edge"": ""solid"", ""relationship_value"": """", ""relationship_type"": ""follows""}, {""source"": ""6"", ""source_type"": ""decision"", ""source_label"": ""Does data match the detail in \""3D obects database\"""", ""target"": ""7"", ""target_type"": ""process"", ""target_label"": ""An error message is displayed on the user screen"", ""type_of_edge"": ""solid"", ""relationship_value"": ""No"", ""relationship_type"": ""branches""}, {""source"": ""6"", ""source_type"": ""decision"", ""source_label"": ""Does data match the detail in \""3D obects database\"""", ""target"": ""8"", ""target_type"": ""process"", ""target_label"": ""The 3D object is displayed on the user screen"", ""type_of_edge"": ""solid"", ""relationship_value"": ""Yes"", ""relationship_type"": ""branches""}]}"
120.png,"{""nodes"": [{""id"": ""1"", ""type_of_node"": ""start"", ""shape"": ""start_event"", ""label"": ""Start""}, {""id"": ""2"", ""type_of_node"": ""process"", ""shape"": ""task"", ""label"": ""Input Total Score""}, {""id"": ""3"", ""type_of_node"": ""decision"", ""shape"": ""gateway"", ""label"": ""If total score>800""}, {""id"": ""4"", ""type_of_node"": ""process"", ""shape"": ""task"", ""label"": ""Not good college""}, {""id"": ""5"", ""type_of_node"": ""process"", ""shape"": ""task"", ""label"": ""Good college""}, {""id"": ""6"", ""type_of_node"": ""terminator"", ""shape"": ""end_event"", ""label"": ""End""}], ""edges"": [{""source"": ""1"", ""source_type"": ""start"", ""source_label"": ""Start"", ""target"": ""2"", ""target_type"": ""process"", ""target_label"": ""Input Total Score"", ""type_of_edge"": ""solid"", ""relationship_value"": """", ""relationship_type"": ""follows""}, {""source"": ""2"", ""source_type"": ""process"", ""source_label"": ""Input Total Score"", ""target"": ""3"", ""target_type"": ""decision"", ""target_label"": ""If total score>800"", ""type_of_edge"": ""solid"", ""relationship_value"": """", ""relationship_type"": ""follows""}, {""source"": ""3"", ""source_type"": ""decision"", ""source_label"": ""If total score>800"", ""target"": ""4"", ""target_type"": ""process"", ""target_label"": ""Not good college"", ""type_of_edge"": ""solid"", ""relationship_value"": ""No"", ""relationship_type"": ""branches""}, {""source"": ""3"", ""source_type"": ""decision"", ""source_label"": ""If total score>800"", ""target"": ""5"", ""target_type"": ""process"", ""target_label"": ""Good college"", ""type_of_edge"": ""solid"", ""relationship_value"": ""Yes"", ""relationship_type"": ""branches""}, {""source"": ""4"", ""source_type"": ""process"", ""source_label"": ""Not good college"", ""target"": ""6"", ""target_type"": ""terminator"", ""target_label"": ""End"", ""type_of_edge"": ""solid"", ""relationship_value"": """", ""relationship_type"": ""follows""}, {""source"": ""5"", ""source_type"": ""process"", ""source_label"": ""Good college"", ""target"": ""6"", ""target_type"": ""terminator"", ""target_label"": ""End"", ""type_of_edge"": ""solid"", ""relationship_value"": """", ""relationship_type"": ""follows""}]}"
99.png,"{""nodes"": [{""id"": ""start"", ""type_of_node"": ""start"", ""shape"": ""start_event"", ""label"": ""Start""}, {""id"": ""hard_work"", ""type_of_node"": ""process"", ""shape"": ""task"", ""label"": ""Hard work""}, {""id"": ""franchise"", ""type_of_node"": ""process"", ""shape"": ""task"", ""label"": ""Franchise""}, {""id"": ""success"", ""type_of_node"": ""decision"", ""shape"": ""gateway"", ""label"": ""Success""}, {""id"": ""order_more"", ""type_of_node"": ""process"", ""shape"": ""task"", ""label"": ""Order more""}, {""id"": ""sold"", ""type_of_node"": ""decision"", ""shape"": ""gateway"", ""label"": ""Sold""}, {""id"": ""expandable"", ""type_of_node"": ""decision"", ""shape"": ""gateway"", ""label"": ""Expandable""}, {""id"": ""open_more_store"", ""type_of_node"": ""process"", ""shape"": ""task"", ""label"": ""Open more store""}, {""id"": ""new_strategy"", ""type_of_node"": ""process"", ""shape"": ""task"", ""label"": ""New Strategy""}, {""id"": ""end"", ""type_of_node"": ""terminator"", ""shape"": ""end_event"", ""label"": ""End""}], ""edges"": [{""source"": ""start"", ""source_type"": ""start"", ""source_label"": ""Start"", ""target"": ""hard_work"", ""target_type"": ""process"", ""target_label"": ""Hard work"", ""type_of_edge"": ""solid"", ""relationship_value"": """", ""relationship_type"": ""follows""}, {""source"": ""hard_work"", ""source_type"": ""process"", ""source_label"": ""Hard work"", ""target"": ""franchise"", ""target_type"": ""process"", ""target_label"": ""Franchise"", ""type_of_edge"": ""solid"", ""relationship_value"": """", ""relationship_type"": ""branches""}, {""source"": ""hard_work"", ""source_type"": ""process"", ""source_label"": ""Hard work"", ""target"": ""new_strategy"", ""target_type"": ""process"", ""target_label"": ""New Strategy"", ""type_of_edge"": ""solid"", ""relationship_value"": """", ""relationship_type"": ""branches""}, {""source"": ""franchise"", ""source_type"": ""process"", ""source_label"": ""Franchise"", ""target"": ""success"", ""target_type"": ""decision"", ""target_label"": ""Success"", ""type_of_edge"": ""solid"", ""relationship_value"": """", ""relationship_type"": ""follows""}, {""source"": ""success"", ""source_type"": ""decision"", ""source_label"": ""Success"", ""target"": ""order_more"", ""target_type"": ""process"", ""target_label"": ""Order more"", ""type_of_edge"": ""solid"", ""relationship_value"": ""Yes"", ""relationship_type"": ""depends_on""}, {""source"": ""success"", ""source_type"": ""decision"", ""source_label"": ""Success"", ""target"": ""new_strategy"", ""target_type"": ""process"", ""target_label"": ""New Strategy"", ""type_of_edge"": ""solid"", ""relationship_value"": ""No"", ""relationship_type"": ""depends_on""}, {""source"": ""order_more"", ""source_type"": ""process"", ""source_label"": ""Order more"", ""target"": ""sold"", ""target_type"": ""decision"", ""target_label"": ""Sold"", ""type_of_edge"": ""solid"", ""relationship_value"": """", ""relationship_type"": ""follows""}, {""source"": ""sold"", ""source_type"": ""decision"", ""source_label"": ""Sold"", ""target"": ""expandable"", ""target_type"": ""decision"", ""target_label"": ""Expandable"", ""type_of_edge"": ""solid"", ""relationship_value"": ""Yes"", ""relationship_type"": ""depends_on""}, {""source"": ""sold"", ""source_type"": ""decision"", ""source_label"": ""Sold"", ""target"": ""new_strategy"", ""target_type"": ""process"", ""target_label"": ""New Strategy"", ""type_of_edge"": ""solid"", ""relationship_value"": ""No"", ""relationship_type"": ""depends_on""}, {""source"": ""expandable"", ""source_type"": ""decision"", ""source_label"": ""Expandable"", ""target"": ""open_more_store"", ""target_type"": ""process"", ""target_label"": ""Open more store"", ""type_of_edge"": ""solid"", ""relationship_value"": ""Yes"", ""relationship_type"": ""depends_on""}, {""source"": ""expandable"", ""source_type"": ""decision"", ""source_label"": ""Expandable"", ""target"": ""end"", ""target_type"": ""terminator"", ""target_label"": ""End"", ""type_of_edge"": ""solid"", ""relationship_value"": ""No"", ""relationship_type"": ""depends_on""}, {""source"": ""open_more_store"", ""source_type"": ""process"", ""source_label"": ""Open more store"", ""target"": ""success"", ""target_type"": ""decision"", ""target_label"": ""Success"", ""type_of_edge"": ""solid"", ""relationship_value"": """", ""relationship_type"": ""follows""}]}"
2.png,"{""nodes"": [{""id"": ""1"", ""type_of_node"": ""start"", ""shape"": ""start_event"", ""label"": ""Start""}, {""id"": ""2"", ""type_of_node"": ""process"", ""shape"": ""task"", ""label"": ""Initialize""}, {""id"": ""3"", ""type_of_node"": ""decision"", ""shape"": ""gateway"", ""label"": ""Decision""}, {""id"": ""4"", ""type_of_node"": ""process"", ""shape"": ""task"", ""label"": ""Process""}, {""id"": ""5"", ""type_of_node"": ""delay"", ""shape"": ""task"", ""label"": ""Delay""}, {""id"": ""6"", ""type_of_node"": ""process"", ""shape"": ""task"", ""label"": ""Print result""}, {""id"": ""7"", ""type_of_node"": ""terminator"", ""shape"": ""end_event"", ""label"": ""End""}], ""edges"": [{""source"": ""1"", ""source_type"": ""start"", ""source_label"": ""Start"", ""target"": ""2"", ""target_type"": ""process"", ""target_label"": ""Initialize"", ""type_of_edge"": ""solid"", ""relationship_value"": """", ""relationship_type"": ""follows""}, {""source"": ""2"", ""source_type"": ""process"", ""source_label"": ""Initialize"", ""target"": ""3"", ""target_type"": ""decision"", ""target_label"": ""Decision"", ""type_of_edge"": ""solid"", ""relationship_value"": """", ""relationship_type"": ""follows""}, {""source"": ""3"", ""source_type"": ""decision"", ""source_label"": ""Decision"", ""target"": ""4"", ""target_type"": ""process"", ""target_label"": ""Process"", ""type_of_edge"": ""dashed"", ""relationship_value"": ""No"", ""relationship_type"": ""branches""}, {""source"": ""4"", ""source_type"": ""process"", ""source_label"": ""Process"", ""target"": ""5"", ""target_type"": ""delay"", ""target_label"": ""Delay"", ""type_of_edge"": ""dashed"", ""relationship_value"": """", ""relationship_type"": ""follows""}, {""source"": ""5"", ""source_type"": ""delay"", ""source_label"": ""Delay"", ""target"": ""2"", ""target_type"": ""process"", ""target_label"": ""Initialize"", ""type_of_edge"": ""dashed"", ""relationship_value"": """", ""relationship_type"": ""follows""}, {""source"": ""3"", ""source_type"": ""decision"", ""source_label"": ""Decision"", ""target"": ""6"", ""target_type"": ""process"", ""target_label"": ""Print result"", ""type_of_edge"": ""solid"", ""relationship_value"": ""Yes"", ""relationship_type"": ""branches""}, {""source"": ""6"", ""source_type"": ""process"", ""source_label"": ""Print result"", ""target"": ""7"", ""target_type"": ""terminator"", ""target_label"": ""End"", ""type_of_edge"": ""solid"", ""relationship_value"": """", ""relationship_type"": ""follows""}]}"
937.png,"{""nodes"": [{""id"": ""start"", ""type_of_node"": ""start"", ""shape"": ""start_event"", ""label"": ""START""}, {""id"": ""greet"", ""type_of_node"": ""process"", ""shape"": ""task"", ""label"": ""Greet""}, {""id"": ""enter_id"", ""type_of_node"": ""process"", ""shape"": ""task"", ""label"": ""Enter ID""}, {""id"": ""input_driver_info"", ""type_of_node"": ""process"", ""shape"": ""task"", ""label"": ""INPUT DRIVER INFORMATION""}, {""id"": ""verify_finger_scan"", ""type_of_node"": ""process"", ""shape"": ""task"", ""label"": ""Verify finger scan""}, {""id"": ""scan_finger_again"", ""type_of_node"": ""process"", ""shape"": ""task"", ""label"": ""SCAN FINGER AGAIN""}, {""id"": ""scan_match_decision"", ""type_of_node"": ""decision"", ""shape"": ""gateway"", ""label"": ""1ST AND 2ND SCAN MATCH?""}, {""id"": ""login"", ""type_of_node"": ""process"", ""shape"": ""task"", ""label"": ""Login""}, {""id"": ""stop"", ""type_of_node"": ""terminator"", ""shape"": ""end_event"", ""label"": ""STOP""}, {""id"": ""accept_no_commands"", ""type_of_node"": ""process"", ""shape"": ""task"", ""label"": ""ACCEPT NO COMMANDS""}], ""edges"": [{""source"": ""start"", ""source_type"": ""start"", ""source_label"": ""START"", ""target"": ""greet"", ""target_type"": ""process"", ""target_label"": ""Greet"", ""type_of_edge"": ""solid"", ""relationship_value"": """", ""relationship_type"": ""follows""}, {""source"": ""greet"", ""source_type"": ""process"", ""source_label"": ""Greet"", ""target"": ""enter_id"", ""target_type"": ""process"", ""target_label"": ""Enter ID"", ""type_of_edge"": ""solid"", ""relationship_value"": """", ""relationship_type"": ""branches""}, {""source"": ""greet"", ""source_type"": ""process"", ""source_label"": ""Greet"", ""target"": ""accept_no_commands"", ""target_type"": ""process"", ""target_label"": ""ACCEPT NO COMMANDS"", ""type_of_edge"": ""dashed"", ""relationship_value"": ""FAILURE"", ""relationship_type"": ""branches""}, {""source"": ""enter_id"", ""source_type"": ""process"", ""source_label"": ""Enter ID"", ""target"": ""input_driver_info"", ""target_type"": ""process"", ""target_label"": ""INPUT DRIVER INFORMATION"", ""type_of_edge"": ""solid"", ""relationship_value"": """", ""relationship_type"": ""follows""}, {""source"": ""input_driver_info"", ""source_type"": ""process"", ""source_label"": ""INPUT DRIVER INFORMATION"", ""target"": ""verify_finger_scan"", ""target_type"": ""process"", ""target_label"": ""Verify finger scan"", ""type_of_edge"": ""solid"", ""relationship_value"": """", ""relationship_type"": ""follows""}, {""source"": ""verify_finger_scan"", ""source_type"": ""process"", ""source_label"": ""Verify finger scan"", ""target"": ""scan_finger_again"", ""target_type"": ""process"", ""target_label"": ""SCAN FINGER AGAIN"", ""type_of_edge"": ""solid"", ""relationship_value"": """", ""relationship_type"": ""follows""}, {""source"": ""scan_finger_again"", ""source_type"": ""process"", ""source_label"": ""SCAN FINGER AGAIN"", ""target"": ""scan_match_decision"", ""target_type"": ""decision"", ""target_label"": ""1ST AND 2ND SCAN MATCH?"", ""type_of_edge"": ""solid"", ""relationship_value"": """", ""relationship_type"": ""follows""}, {""source"": ""scan_match_decision"", ""source_type"": ""decision"", ""source_label"": ""1ST AND 2ND SCAN MATCH?"", ""target"": ""login"", ""target_type"": ""process"", ""target_label"": ""Login"", ""type_of_edge"": ""solid"", ""relationship_value"": ""YES"", ""relationship_type"": ""branches""}, {""source"": ""scan_match_decision"", ""source_type"": ""decision"", ""source_label"": ""1ST AND 2ND SCAN MATCH?"", ""target"": ""enter_id"", ""target_type"": ""process"", ""target_label"": ""Enter ID"", ""type_of_edge"": ""solid"", ""relationship_value"": ""NO"", ""relationship_type"": ""branches""}, {""source"": ""login"", ""source_type"": ""process"", ""source_label"": ""Login"", ""target"": ""stop"", ""target_type"": ""terminator"", ""target_label"": ""STOP"", ""type_of_edge"": ""solid"", ""relationship_value"": """", ""relationship_type"": ""follows""}]}"
576.png,"{""nodes"": [{""id"": ""1"", ""type_of_node"": ""start"", ""shape"": ""start_event"", ""label"": ""Begin""}, {""id"": ""2"", ""type_of_node"": ""process"", ""shape"": ""task"", ""label"": ""1. Record Customer's Application""}, {""id"": ""3"", ""type_of_node"": ""process"", ""shape"": ""task"", ""label"": ""2. Initial Processing""}, {""id"": ""4"", ""type_of_node"": ""process"", ""shape"": ""task"", ""label"": ""3. Obtain Documents from Customer""}, {""id"": ""5"", ""type_of_node"": ""process"", ""shape"": ""task"", ""label"": ""4. Documentation""}, {""id"": ""6"", ""type_of_node"": ""process"", ""shape"": ""task"", ""label"": ""5. Evaluate""}, {""id"": ""7"", ""type_of_node"": ""process"", ""shape"": ""task"", ""label"": ""6. Approval""}, {""id"": ""8"", ""type_of_node"": ""process"", ""shape"": ""task"", ""label"": ""7. Loan Granted""}, {""id"": ""9"", ""type_of_node"": ""terminator"", ""shape"": ""end_event"", ""label"": ""Finish""}], ""edges"": [{""source"": ""1"", ""source_type"": ""start"", ""source_label"": ""Begin"", ""target"": ""2"", ""target_type"": ""process"", ""target_label"": ""1. Record Customer's Application"", ""type_of_edge"": ""solid"", ""relationship_value"": """", ""relationship_type"": ""follows""}, {""source"": ""2"", ""source_type"": ""process"", ""source_label"": ""1. Record Customer's Application"", ""target"": ""3"", ""target_type"": ""process"", ""target_label"": ""2. Initial Processing"", ""type_of_edge"": ""solid"", ""relationship_value"": """", ""relationship_type"": ""follows""}, {""source"": ""3"", ""source_type"": ""process"", ""source_label"": ""2. Initial Processing"", ""target"": ""4"", ""target_type"": ""process"", ""target_label"": ""3. Obtain Documents from Customer"", ""type_of_edge"": ""solid"", ""relationship_value"": """", ""relationship_type"": ""follows""}, {""source"": ""4"", ""source_type"": ""process"", ""source_label"": ""3. Obtain Documents from Customer"", ""target"": ""5"", ""target_type"": ""process"", ""target_label"": ""4. Documentation"", ""type_of_edge"": ""solid"", ""relationship_value"": """", ""relationship_type"": ""follows""}, {""source"": ""5"", ""source_type"": ""process"", ""source_label"": ""4. Documentation"", ""target"": ""6"", ""target_type"": ""process"", ""target_label"": ""5. Evaluate"", ""type_of_edge"": ""solid"", ""relationship_value"": """", ""relationship_type"": ""follows""}, {""source"": ""6"", ""source_type"": ""process"", ""source_label"": ""5. Evaluate"", ""target"": ""7"", ""target_type"": ""process"", ""target_label"": ""6. Approval"", ""type_of_edge"": ""solid"", ""relationship_value"": """", ""relationship_type"": ""follows""}, {""source"": ""7"", ""source_type"": ""process"", ""source_label"": ""6. Approval"", ""target"": ""8"", ""target_type"": ""process"", ""target_label"": ""7. Loan Granted"", ""type_of_edge"": ""solid"", ""relationship_value"": """", ""relationship_type"": ""follows""}, {""source"": ""8"", ""source_type"": ""process"", ""source_label"": ""7. Loan Granted"", ""target"": ""9"", ""target_type"": ""terminator"", ""target_label"": ""Finish"", ""type_of_edge"": ""solid"", ""relationship_value"": """", ""relationship_type"": ""follows""}]}"
563.png,"{""nodes"": [{""id"": ""1"", ""type_of_node"": ""start"", ""shape"": ""start_event"", ""label"": ""Start""}, {""id"": ""2"", ""type_of_node"": ""process"", ""shape"": ""task"", ""label"": ""Log in""}, {""id"": ""3"", ""type_of_node"": ""process"", ""shape"": ""task"", ""label"": ""Change ID""}, {""id"": ""4"", ""type_of_node"": ""process"", ""shape"": ""task"", ""label"": ""Change Password""}, {""id"": ""5"", ""type_of_node"": ""process"", ""shape"": ""task"", ""label"": ""Forgot Password""}, {""id"": ""6"", ""type_of_node"": ""process"", ""shape"": ""task"", ""label"": ""Successful""}, {""id"": ""7"", ""type_of_node"": ""terminator"", ""shape"": ""end_event"", ""label"": ""End""}], ""edges"": [{""source"": ""1"", ""source_type"": ""start"", ""source_label"": ""Start"", ""target"": ""2"", ""target_type"": ""process"", ""target_label"": ""Log in"", ""type_of_edge"": ""solid"", ""relationship_value"": """", ""relationship_type"": ""follows""}, {""source"": ""2"", ""source_type"": ""process"", ""source_label"": ""Log in"", ""target"": ""3"", ""target_type"": ""process"", ""target_label"": ""Change ID"", ""type_of_edge"": ""solid"", ""relationship_value"": """", ""relationship_type"": ""follows""}, {""source"": ""3"", ""source_type"": ""process"", ""source_label"": ""Change ID"", ""target"": ""4"", ""target_type"": ""process"", ""target_label"": ""Change Password"", ""type_of_edge"": ""solid"", ""relationship_value"": """", ""relationship_type"": ""follows""}, {""source"": ""4"", ""source_type"": ""process"", ""source_label"": ""Change Password"", ""target"": ""5"", ""target_type"": ""process"", ""target_label"": ""Forgot Password"", ""type_of_edge"": ""solid"", ""relationship_value"": """", ""relationship_type"": ""follows""}, {""source"": ""5"", ""source_type"": ""process"", ""source_label"": ""Forgot Password"", ""target"": ""6"", ""target_type"": ""process"", ""target_label"": ""Successful"", ""type_of_edge"": ""solid"", ""relationship_value"": """", ""relationship_type"": ""follows""}, {""source"": ""6"", ""source_type"": ""process"", ""source_label"": ""Successful"", ""target"": ""7"", ""target_type"": ""terminator"", ""target_label"": ""End"", ""type_of_edge"": ""solid"", ""relationship_value"": """", ""relationship_type"": ""follows""}]}"
68.png,"{""nodes"": [{""id"": ""1"", ""type_of_node"": ""start"", ""shape"": ""start_event"", ""label"": ""Begin""}, {""id"": ""2"", ""type_of_node"": ""process"", ""shape"": ""task"", ""label"": ""Pour Cold Water""}, {""id"": ""3"", ""type_of_node"": ""decision"", ""shape"": ""gateway"", ""label"": ""Set Water Level Reached?""}, {""id"": ""4"", ""type_of_node"": ""process"", ""shape"": ""task"", ""label"": ""Pour Hot Water""}, {""id"": ""5"", ""type_of_node"": ""decision"", ""shape"": ""gateway"", ""label"": ""Check Water Temperature""}, {""id"": ""6"", ""type_of_node"": ""process"", ""shape"": ""task"", ""label"": ""Washing Process (Pump ON)""}, {""id"": ""7"", ""type_of_node"": ""decision"", ""shape"": ""gateway"", ""label"": ""Check Time Limit""}, {""id"": ""8"", ""type_of_node"": ""terminator"", ""shape"": ""end_event"", ""label"": ""End""}], ""edges"": [{""source"": ""1"", ""source_type"": ""start"", ""source_label"": ""Begin"", ""target"": ""2"", ""target_type"": ""process"", ""target_label"": ""Pour Cold Water"", ""type_of_edge"": ""solid"", ""relationship_value"": """", ""relationship_type"": ""follows""}, {""source"": ""2"", ""source_type"": ""process"", ""source_label"": ""Pour Cold Water"", ""target"": ""3"", ""target_type"": ""decision"", ""target_label"": ""Set Water Level Reached?"", ""type_of_edge"": ""solid"", ""relationship_value"": """", ""relationship_type"": ""follows""}, {""source"": ""3"", ""source_type"": ""decision"", ""source_label"": ""Set Water Level Reached?"", ""target"": ""2"", ""target_type"": ""process"", ""target_label"": ""Pour Cold Water"", ""type_of_edge"": ""solid"", ""relationship_value"": ""No"", ""relationship_type"": ""branches""}, {""source"": ""3"", ""source_type"": ""decision"", ""source_label"": ""Set Water Level Reached?"", ""target"": ""4"", ""target_type"": ""process"", ""target_label"": ""Pour Hot Water"", ""type_of_edge"": ""solid"", ""relationship_value"": ""Yes"", ""relationship_type"": ""branches""}, {""source"": ""4"", ""source_type"": ""process"", ""source_label"": ""Pour Hot Water"", ""target"": ""5"", ""target_type"": ""decision"", ""target_label"": ""Check Water Temperature"", ""type_of_edge"": ""solid"", ""relationship_value"": """", ""relationship_type"": ""follows""}, {""source"": ""5"", ""source_type"": ""decision"", ""source_label"": ""Check Water Temperature"", ""target"": ""4"", ""target_type"": ""process"", ""target_label"": ""Pour Hot Water"", ""type_of_edge"": ""solid"", ""relationship_value"": ""No"", ""relationship_type"": ""branches""}, {""source"": ""5"", ""source_type"": ""decision"", ""source_label"": ""Check Water Temperature"", ""target"": ""6"", ""target_type"": ""process"", ""target_label"": ""Washing Process (Pump ON)"", ""type_of_edge"": ""solid"", ""relationship_value"": ""Yes"", ""relationship_type"": ""branches""}, {""source"": ""6"", ""source_type"": ""process"", ""source_label"": ""Washing Process (Pump ON)"", ""target"": ""7"", ""target_type"": ""decision"", ""target_label"": ""Check Time Limit"", ""type_of_edge"": ""solid"", ""relationship_value"": """", ""relationship_type"": ""follows""}, {""source"": ""7"", ""source_type"": ""decision"", ""source_label"": ""Check Time Limit"", ""target"": ""6"", ""target_type"": ""process"", ""target_label"": ""Washing Process (Pump ON)"", ""type_of_edge"": ""solid"", ""relationship_value"": ""No"", ""relationship_type"": ""branches""}, {""source"": ""7"", ""source_type"": ""decision"", ""source_label"": ""Check Time Limit"", ""target"": ""8"", ""target_type"": ""terminator"", ""target_label"": ""End"", ""type_of_edge"": ""solid"", ""relationship_value"": ""Yes"", ""relationship_type"": ""branches""}]}"
259.png,"{""nodes"": [{""id"": ""1"", ""type_of_node"": ""start"", ""shape"": ""start_event"", ""label"": ""Start""}, {""id"": ""2"", ""type_of_node"": ""process"", ""shape"": ""task"", ""label"": ""Set up the training pattern""}, {""id"": ""3"", ""type_of_node"": ""process"", ""shape"": ""task"", ""label"": ""Set up the structure""}, {""id"": ""4"", ""type_of_node"": ""process"", ""shape"": ""task"", ""label"": ""Use the training pattern""}, {""id"": ""5"", ""type_of_node"": ""decision"", ""shape"": ""gateway"", ""label"": ""Training finished?""}, {""id"": ""6"", ""type_of_node"": ""process"", ""shape"": ""task"", ""label"": ""Save the connection weights""}, {""id"": ""7"", ""type_of_node"": ""process"", ""shape"": ""task"", ""label"": ""Power quality Analysis""}, {""id"": ""8"", ""type_of_node"": ""terminator"", ""shape"": ""end_event"", ""label"": ""End""}], ""edges"": [{""source"": ""1"", ""source_type"": ""start"", ""source_label"": ""Start"", ""target"": ""2"", ""target_type"": ""process"", ""target_label"": ""Set up the training pattern"", ""type_of_edge"": ""solid"", ""relationship_value"": """", ""relationship_type"": ""follows""}, {""source"": ""2"", ""source_type"": ""process"", ""source_label"": ""Set up the training pattern"", ""target"": ""3"", ""target_type"": ""process"", ""target_label"": ""Set up the structure"", ""type_of_edge"": ""solid"", ""relationship_value"": """", ""relationship_type"": ""follows""}, {""source"": ""3"", ""source_type"": ""process"", ""source_label"": ""Set up the structure"", ""target"": ""4"", ""target_type"": ""process"", ""target_label"": ""Use the training pattern"", ""type_of_edge"": ""solid"", ""relationship_value"": """", ""relationship_type"": ""follows""}, {""source"": ""4"", ""source_type"": ""process"", ""source_label"": ""Use the training pattern"", ""target"": ""5"", ""target_type"": ""decision"", ""target_label"": ""Training finished?"", ""type_of_edge"": ""solid"", ""relationship_value"": """", ""relationship_type"": ""follows""}, {""source"": ""5"", ""source_type"": ""decision"", ""source_label"": ""Training finished?"", ""target"": ""4"", ""target_type"": ""process"", ""target_label"": ""Use the training pattern"", ""type_of_edge"": ""solid"", ""relationship_value"": ""no"", ""relationship_type"": ""branches""}, {""source"": ""5"", ""source_type"": ""decision"", ""source_label"": ""Training finished?"", ""target"": ""6"", ""target_type"": ""process"", ""target_label"": ""Save the connection weights"", ""type_of_edge"": ""solid"", ""relationship_value"": ""yes"", ""relationship_type"": ""branches""}, {""source"": ""6"", ""source_type"": ""process"", ""source_label"": ""Save the connection weights"", ""target"": ""7"", ""target_type"": ""process"", ""target_label"": ""Power quality Analysis"", ""type_of_edge"": ""solid"", ""relationship_value"": """", ""relationship_type"": ""follows""}, {""source"": ""7"", ""source_type"": ""process"", ""source_label"": ""Power quality Analysis"", ""target"": ""8"", ""target_type"": ""terminator"", ""target_label"": ""End"", ""type_of_edge"": ""solid"", ""relationship_value"": """", ""relationship_type"": ""follows""}]}"
624.png,"{""nodes"": [{""id"": ""fruits"", ""type_of_node"": ""start"", ""shape"": ""start_event"", ""label"": ""Fruits""}, {""id"": ""input_mango_pitaya_durian"", ""type_of_node"": ""process"", ""shape"": ""task"", ""label"": ""Input mango, pitaya, durian""}, {""id"": ""prefer_pitaya_to_durian"", ""type_of_node"": ""decision"", ""shape"": ""gateway"", ""label"": ""Prefer pitaya to durian?""}, {""id"": ""prefer_mango_to_pitaya"", ""type_of_node"": ""decision"", ""shape"": ""gateway"", ""label"": ""Prefer mango to pitaya?""}, {""id"": ""prefer_mango_durian"", ""type_of_node"": ""decision"", ""shape"": ""gateway"", ""label"": ""Prefer mango to durian?""}, {""id"": ""go_for_mango"", ""type_of_node"": ""process"", ""shape"": ""task"", ""label"": ""Go for mango""}, {""id"": ""go_for_pitaya"", ""type_of_node"": ""process"", ""shape"": ""task"", ""label"": ""Go for pitaya""}, {""id"": ""go_for_pitaya_1"", ""type_of_node"": ""process"", ""shape"": ""task"", ""label"": ""Go for pitaya""}, {""id"": ""end"", ""type_of_node"": ""terminator"", ""shape"": ""end_event"", ""label"": ""End""}], ""edges"": [{""source_"": ""fruits"", ""source_type"": ""start"", ""source_label"": ""Fruits"", ""target"": ""input_mango_pitaya_durian"", ""target_type"": ""process"", ""target_label"": ""Input mango, pitaya, durian"", ""type_of_edge"": ""solid"", ""relationship_value"": """", ""relationship_type"": ""follows""}, {""source_"": ""input_mango_pitaya_durian"", ""source_type"": ""process"", ""source_label"": ""Input mango, pitaya, durian"", ""target"": ""prefer_mango_to_pitaya"", ""target_type"": ""decision"", ""target_label"": ""Prefer mango to pitaya?"", ""type_of_edge"": ""solid"", ""relationship_value"": """", ""relationship_type"": ""follows""}, {""source_"": ""prefer_mango_to_pitaya"", ""source_type"": ""decision"", ""source_label"": ""Prefer mango to pitaya?"", ""target"": ""prefer_pitaya_to_durian"", ""target_type"": ""decision"", ""target_label"": ""Prefer pitaya to durian?"", ""type_of_edge"": ""solid"", ""relationship_value"": """", ""relationship_type"": ""branches""}, {""source_"": ""prefer_mango_to_pitaya"", ""source_type"": ""decision"", ""source_label"": ""Prefer mango to pitaya?"", ""target"": ""prefer_mango_durian"", ""target_type"": ""decision"", ""target_label"": ""Prefer mango to durian?"", ""type_of_edge"": ""solid"", ""relationship_value"": """", ""relationship_type"": ""branches""}, {""source_"": ""prefer_pitaya_to_durian"", ""source_type"": ""decision"", ""source_label"": ""Prefer pitaya to durian?"", ""target"": ""go_for_mango"", ""target_type"": ""process"", ""target_label"": ""Go for mango"", ""type_of_edge"": ""solid"", ""relationship_value"": ""No"", ""relationship_type"": ""depends_on""}, {""source_"": ""prefer_pitaya_to_durian"", ""source_type"": ""decision"", ""source_label"": ""Prefer pitaya to durian?"", ""target"": ""go_for_mango"", ""target_type"": ""process"", ""target_label"": ""Go for mango"", ""type_of_edge"": ""solid"", ""relationship_value"": ""Yes"", ""relationship_type"": ""depends_on""}, {""source_"": ""prefer_mango_durian"", ""source_type"": ""decision"", ""source_label"": ""Prefer mango to durian?"", ""target"": ""go_for_pitaya_"", ""target_type"": ""process"", ""target_label"": ""Go for pitaya"", ""type_of_edge"": ""solid"", ""relationship_value"": ""No"", ""relationship_type"": ""depends_on""}, {""source_"": ""prefer_mango_durian"", ""source_type"": ""decision"", ""source_label"": ""Prefer mango to durian?"", ""target"": ""go_for_pitaya_1"", ""target_type"": ""process"", ""target_label"": ""Go for pitaya"", ""type_of_edge"": ""solid"", ""relationship_value"": ""Yes"", ""relationship_type"": ""depends_on""}, {""source_"": ""go_for_mango"", ""source_type"": ""process"", ""source_label"": ""Go for mango"", ""target"": ""end"", ""target_type"": ""terminator"", ""target_label"": ""End"", ""type_of_edge"": ""solid"", ""relationship_value"": """", ""relationship_type"": ""follows""}, {""source_"": ""go_for_pitaya"", ""source_type"": ""process"", ""source_label"": ""Go for pitaya"", ""target"": ""end"", ""target_type"": ""terminator"", ""target_label"": ""End"", ""type_of_edge"": ""solid"", ""relationship_value"": """", ""relationship_type"": ""follows""}, {""source_"": ""go_for_pitaya_1"", ""source_type"": ""process"", ""source_label"": ""Go for pitaya"", ""target"": ""end"", ""target_type"": ""terminator"", ""target_label"": ""End"", ""type_of_edge"": ""solid"", ""relationship_value"": """", ""relationship_type"": ""follows""}]}"
322.png,"{""nodes"": [{""id"": ""1"", ""type_of_node"": ""start"", ""shape"": ""start_event"", ""label"": ""Start""}, {""id"": ""2"", ""type_of_node"": ""process"", ""shape"": ""task"", ""label"": ""Read""}, {""id"": ""3"", ""type_of_node"": ""process"", ""shape"": ""task"", ""label"": ""Update value""}, {""id"": ""4"", ""type_of_node"": ""process"", ""shape"": ""task"", ""label"": ""Print""}, {""id"": ""5"", ""type_of_node"": ""decision"", ""shape"": ""gateway"", ""label"": ""X>0""}, {""id"": ""6"", ""type_of_node"": ""terminator"", ""shape"": ""end_event"", ""label"": ""End""}], ""edges"": [{""source"": ""1"", ""source_type"": ""start"", ""source_label"": ""Start"", ""target"": ""2"", ""target_type"": ""process"", ""target_label"": ""Read"", ""type_of_edge"": ""solid"", ""relationship_value"": """", ""relationship_type"": ""follows""}, {""source"": ""2"", ""source_type"": ""process"", ""source_label"": ""Read"", ""target"": ""3"", ""target_type"": ""process"", ""target_label"": ""Update value"", ""type_of_edge"": ""solid"", ""relationship_value"": """", ""relationship_type"": ""follows""}, {""source"": ""3"", ""source_type"": ""process"", ""source_label"": ""Update value"", ""target"": ""4"", ""target_type"": ""process"", ""target_label"": ""Print"", ""type_of_edge"": ""solid"", ""relationship_value"": """", ""relationship_type"": ""follows""}, {""source"": ""4"", ""source_type"": ""process"", ""source_label"": ""Print"", ""target"": ""5"", ""target_type"": ""decision"", ""target_label"": ""X>0"", ""type_of_edge"": ""solid"", ""relationship_value"": """", ""relationship_type"": ""follows""}, {""source"": ""5"", ""source_type"": ""decision"", ""source_label"": ""X>0"", ""target"": ""3"", ""target_type"": ""process"", ""target_label"": ""Update value"", ""type_of_edge"": ""solid"", ""relationship_value"": ""YES"", ""relationship_type"": ""branches""}, {""source"": ""5"", ""source_type"": ""decision"", ""source_label"": ""X>0"", ""target"": ""6"", ""target_type"": ""terminator"", ""target_label"": ""End"", ""type_of_edge"": ""solid"", ""relationship_value"": ""NO"", ""relationship_type"": ""branches""}]}"
239.png,"{""nodes"": [{""id"": ""1"", ""type_of_node"": ""start"", ""shape"": ""start_event"", ""label"": ""Start""}, {""id"": ""2"", ""type_of_node"": ""process"", ""shape"": ""task"", ""label"": ""Input""}, {""id"": ""3"", ""type_of_node"": ""process"", ""shape"": ""task"", ""label"": ""C=A+B""}, {""id"": ""4"", ""type_of_node"": ""process"", ""shape"": ""task"", ""label"": ""Print B""}, {""id"": ""5"", ""type_of_node"": ""terminator"", ""shape"": ""end_event"", ""label"": ""End""}], ""edges"": [{""source"": ""1"", ""source_type"": ""start"", ""source_label"": ""Start"", ""target"": ""2"", ""target_type"": ""process"", ""target_label"": ""Input"", ""type_of_edge"": ""solid"", ""relationship_value"": """", ""relationship_type"": ""follows""}, {""source"": ""2"", ""source_type"": ""process"", ""source_label"": ""Input"", ""target"": ""3"", ""target_type"": ""process"", ""target_label"": ""C=A+B"", ""type_of_edge"": ""solid"", ""relationship_value"": """", ""relationship_type"": ""follows""}, {""source"": ""3"", ""source_type"": ""process"", ""source_label"": ""C=A+B"", ""target"": ""4"", ""target_type"": ""process"", ""target_label"": ""Print B"", ""type_of_edge"": ""solid"", ""relationship_value"": """", ""relationship_type"": ""follows""}, {""source"": ""4"", ""source_type"": ""process"", ""source_label"": ""Print B"", ""target"": ""5"", ""target_type"": ""terminator"", ""target_label"": ""End"", ""type_of_edge"": ""solid"", ""relationship_value"": """", ""relationship_type"": ""follows""}]}"
170.png,"{""nodes"": [{""id"": ""1"", ""type_of_node"": ""start"", ""shape"": ""start_event"", ""label"": ""Start""}, {""id"": ""2"", ""type_of_node"": ""process"", ""shape"": ""task"", ""label"": ""Read Inputs""}, {""id"": ""3"", ""type_of_node"": ""process"", ""shape"": ""task"", ""label"": ""Let Factor=1, I=1""}, {""id"": ""4"", ""type_of_node"": ""decision"", ""shape"": ""gateway"", ""label"": ""I is greater than N""}, {""id"": ""5"", ""type_of_node"": ""process"", ""shape"": ""task"", ""label"": ""Show Factor on output""}, {""id"": ""6"", ""type_of_node"": ""terminator"", ""shape"": ""end_event"", ""label"": ""End""}, {""id"": ""7"", ""type_of_node"": ""process"", ""shape"": ""task"", ""label"": ""Update""}, {""id"": ""8"", ""type_of_node"": ""process"", ""shape"": ""task"", ""label"": ""Add 1 to I""}], ""edges"": [{""source"": ""1"", ""source_type"": ""start"", ""source_label"": ""Start"", ""target"": ""2"", ""target_type"": ""process"", ""target_label"": ""Read Inputs"", ""type_of_edge"": ""solid"", ""relationship_value"": """", ""relationship_type"": ""follows""}, {""source"": ""2"", ""source_type"": ""process"", ""source_label"": ""Read Inputs"", ""target"": ""3"", ""target_type"": ""process"", ""target_label"": ""Let Factor=1, I=1"", ""type_of_edge"": ""solid"", ""relationship_value"": """", ""relationship_type"": ""follows""}, {""source"": ""3"", ""source_type"": ""process"", ""source_label"": ""Let Factor=1, I=1"", ""target"": ""4"", ""target_type"": ""decision"", ""target_label"": ""I is greater than N"", ""type_of_edge"": ""solid"", ""relationship_value"": """", ""relationship_type"": ""follows""}, {""source"": ""4"", ""source_type"": ""decision"", ""source_label"": ""I is greater than N"", ""target"": ""5"", ""target_type"": ""process"", ""target_label"": ""Show Factor on output"", ""type_of_edge"": ""solid"", ""relationship_value"": ""Yes"", ""relationship_type"": ""branches""}, {""source"": ""5"", ""source_type"": ""process"", ""source_label"": ""Show Factor on output"", ""target"": ""6"", ""target_type"": ""terminator"", ""target_label"": ""End"", ""type_of_edge"": ""solid"", ""relationship_value"": """", ""relationship_type"": ""follows""}, {""source"": ""4"", ""source_type"": ""decision"", ""source_label"": ""I is greater than N"", ""target"": ""7"", ""target_type"": ""process"", ""target_label"": ""Update"", ""type_of_edge"": ""solid"", ""relationship_value"": ""No"", ""relationship_type"": ""branches""}, {""source"": ""7"", ""source_type"": ""process"", ""source_label"": ""Update"", ""target"": ""8"", ""target_type"": ""process"", ""target_label"": ""Add 1 to I"", ""type_of_edge"": ""solid"", ""relationship_value"": """", ""relationship_type"": ""follows""}, {""source"": ""8"", ""source_type"": ""process"", ""source_label"": ""Add 1 to I"", ""target"": ""4"", ""target_type"": ""decision"", ""target_label"": ""I is greater than N"", ""type_of_edge"": ""solid"", ""relationship_value"": """", ""relationship_type"": ""follows""}]}"
542.png,"{""nodes"": [{""id"": ""1"", ""type_of_node"": ""start"", ""shape"": ""start_event"", ""label"": ""A""}, {""id"": ""2"", ""type_of_node"": ""process"", ""shape"": ""task"", ""label"": ""Process step 3""}, {""id"": ""3"", ""type_of_node"": ""process"", ""shape"": ""task"", ""label"": ""Process step 4""}, {""id"": ""4"", ""type_of_node"": ""process"", ""shape"": ""task"", ""label"": ""Process step 5""}, {""id"": ""5"", ""type_of_node"": ""process"", ""shape"": ""task"", ""label"": ""Process step 6""}, {""id"": ""6"", ""type_of_node"": ""terminator"", ""shape"": ""end_event"", ""label"": ""End""}], ""edges"": [{""source"": ""1"", ""source_type"": ""start"", ""source_label"": ""A"", ""target"": ""2"", ""target_type"": ""process"", ""target_label"": ""Process step 3"", ""type_of_edge"": ""solid"", ""relationship_value"": """", ""relationship_type"": ""follows""}, {""source"": ""2"", ""source_type"": ""process"", ""source_label"": ""Process step 3"", ""target"": ""3"", ""target_type"": ""process"", ""target_label"": ""Process step 4"", ""type_of_edge"": ""solid"", ""relationship_value"": """", ""relationship_type"": ""follows""}, {""source"": ""3"", ""source_type"": ""process"", ""source_label"": ""Process step 4"", ""target"": ""4"", ""target_type"": ""process"", ""target_label"": ""Process step 5"", ""type_of_edge"": ""solid"", ""relationship_value"": """", ""relationship_type"": ""follows""}, {""source"": ""4"", ""source_type"": ""process"", ""source_label"": ""Process step 5"", ""target"": ""5"", ""target_type"": ""process"", ""target_label"": ""Process step 6"", ""type_of_edge"": ""solid"", ""relationship_value"": """", ""relationship_type"": ""follows""}, {""source"": ""5"", ""source_type"": ""process"", ""source_label"": ""Process step 6"", ""target"": ""6"", ""target_type"": ""terminator"", ""target_label"": ""End"", ""type_of_edge"": ""solid"", ""relationship_value"": """", ""relationship_type"": ""follows""}]}"
765.png,"{""nodes"": [{""id"": ""1"", ""type_of_node"": ""start"", ""shape"": ""start_event"", ""label"": ""Begin""}, {""id"": ""2"", ""type_of_node"": ""process"", ""shape"": ""task"", ""label"": ""Make coffee""}, {""id"": ""3"", ""type_of_node"": ""decision"", ""shape"": ""gateway"", ""label"": ""Browse the web?""}, {""id"": ""4"", ""type_of_node"": ""process"", ""shape"": ""task"", ""label"": ""Okay then""}, {""id"": ""5"", ""type_of_node"": ""process"", ""shape"": ""task"", ""label"": ""See you later""}, {""id"": ""6"", ""type_of_node"": ""terminator"", ""shape"": ""end_event"", ""label"": ""Thing done""}], ""edges"": [{""source"": ""1"", ""source_type"": ""start"", ""source_label"": ""Begin"", ""target"": ""2"", ""target_type"": ""process"", ""target_label"": ""Make coffee"", ""type_of_edge"": ""solid"", ""relationship_value"": """", ""relationship_type"": ""follows""}, {""source"": ""2"", ""source_type"": ""process"", ""source_label"": ""Make coffee"", ""target"": ""3"", ""target_type"": ""decision"", ""target_label"": ""Browse the web?"", ""type_of_edge"": ""solid"", ""relationship_value"": """", ""relationship_type"": ""follows""}, {""source"": ""3"", ""source_type"": ""decision"", ""source_label"": ""Browse the web?"", ""target"": ""2"", ""target_type"": ""process"", ""target_label"": ""Make coffee"", ""type_of_edge"": ""solid"", ""relationship_value"": ""Yes"", ""relationship_type"": ""branches""}, {""source"": ""3"", ""source_type"": ""decision"", ""source_label"": ""Browse the web?"", ""target"": ""4"", ""target_type"": ""process"", ""target_label"": ""Okay then"", ""type_of_edge"": ""solid"", ""relationship_value"": ""No"", ""relationship_type"": ""branches""}, {""source"": ""4"", ""source_type"": ""process"", ""source_label"": ""Okay then"", ""target"": ""5"", ""target_type"": ""process"", ""target_label"": ""See you later"", ""type_of_edge"": ""solid"", ""relationship_value"": """", ""relationship_type"": ""follows""}, {""source"": ""5"", ""source_type"": ""process"", ""source_label"": ""See you later"", ""target"": ""6"", ""target_type"": ""terminator"", ""target_label"": ""Thing done"", ""type_of_edge"": ""solid"", ""relationship_value"": """", ""relationship_type"": ""follows""}]}"
163.png,"{""nodes"": [{""id"": ""1"", ""type_of_node"": ""start"", ""shape"": ""start_event"", ""label"": ""Begin""}, {""id"": ""2"", ""type_of_node"": ""decision"", ""shape"": ""gateway"", ""label"": ""Work""}, {""id"": ""3"", ""type_of_node"": ""process"", ""shape"": ""task"", ""label"": ""add""}, {""id"": ""4"", ""type_of_node"": ""process"", ""shape"": ""task"", ""label"": ""Process""}, {""id"": ""5"", ""type_of_node"": ""process"", ""shape"": ""task"", ""label"": ""update""}, {""id"": ""6"", ""type_of_node"": ""terminator"", ""shape"": ""end_event"", ""label"": ""End""}], ""edges"": [{""source"": ""1"", ""source_type"": ""start"", ""source_label"": ""Begin"", ""target"": ""2"", ""target_type"": ""decision"", ""target_label"": ""Work"", ""type_of_edge"": ""solid"", ""relationship_value"": """", ""relationship_type"": ""follows""}, {""source"": ""2"", ""source_type"": ""decision"", ""source_label"": ""Work"", ""target"": ""3"", ""target_type"": ""process"", ""target_label"": ""add"", ""type_of_edge"": ""solid"", ""relationship_value"": ""Yes"", ""relationship_type"": ""branches""}, {""source"": ""2"", ""source_type"": ""decision"", ""source_label"": ""Work"", ""target"": ""4"", ""target_type"": ""process"", ""target_label"": ""Process"", ""type_of_edge"": ""solid"", ""relationship_value"": ""No"", ""relationship_type"": ""branches""}, {""source"": ""4"", ""source_type"": ""process"", ""source_label"": ""Process"", ""target"": ""5"", ""target_type"": ""process"", ""target_label"": ""update"", ""type_of_edge"": ""solid"", ""relationship_value"": """", ""relationship_type"": ""follows""}, {""source"": ""3"", ""source_type"": ""process"", ""source_label"": ""add"", ""target"": ""6"", ""target_type"": ""terminator"", ""target_label"": ""End"", ""type_of_edge"": ""solid"", ""relationship_value"": """", ""relationship_type"": ""follows""}, {""source"": ""5"", ""source_type"": ""process"", ""source_label"": ""update"", ""target"": ""6"", ""target_type"": ""terminator"", ""target_label"": ""End"", ""type_of_edge"": ""solid"", ""relationship_value"": """", ""relationship_type"": ""follows""}]}"
284.png,"{""nodes"": [{""id"": ""1"", ""type_of_node"": ""start"", ""shape"": ""start_event"", ""label"": ""Start""}, {""id"": ""2"", ""type_of_node"": ""process"", ""shape"": ""task"", ""label"": ""Identify Problem""}, {""id"": ""3"", ""type_of_node"": ""process"", ""shape"": ""task"", ""label"": ""work on it""}, {""id"": ""4"", ""type_of_node"": ""process"", ""shape"": ""task"", ""label"": ""Note them down in a diagram or table""}, {""id"": ""5"", ""type_of_node"": ""process"", ""shape"": ""task"", ""label"": ""Ask for assistant""}, {""id"": ""6"", ""type_of_node"": ""decision"", ""shape"": ""gateway"", ""label"": ""Need more help?""}, {""id"": ""7"", ""type_of_node"": ""process"", ""shape"": ""task"", ""label"": ""Find solutions to the root causes identified""}, {""id"": ""8"", ""type_of_node"": ""terminator"", ""shape"": ""end_event"", ""label"": ""End""}], ""edges"": [{""source"": ""1"", ""source_type"": ""start"", ""source_label"": ""Start"", ""target"": ""2"", ""target_type"": ""process"", ""target_label"": ""Identify Problem"", ""type_of_edge"": ""solid"", ""relationship_value"": """", ""relationship_type"": ""follows""}, {""source"": ""2"", ""source_type"": ""process"", ""source_label"": ""Identify Problem"", ""target"": ""3"", ""target_type"": ""process"", ""target_label"": ""work on it"", ""type_of_edge"": ""solid"", ""relationship_value"": """", ""relationship_type"": ""follows""}, {""source"": ""3"", ""source_type"": ""process"", ""source_label"": ""work on it"", ""target"": ""4"", ""target_type"": ""process"", ""target_label"": ""Note them down in a diagram or table"", ""type_of_edge"": ""solid"", ""relationship_value"": """", ""relationship_type"": ""follows""}, {""source"": ""4"", ""source_type"": ""process"", ""source_label"": ""Note them down in a diagram or table"", ""target"": ""5"", ""target_type"": ""process"", ""target_label"": ""Ask for assistant"", ""type_of_edge"": ""solid"", ""relationship_value"": """", ""relationship_type"": ""follows""}, {""source"": ""5"", ""source_type"": ""process"", ""source_label"": ""Ask for assistant"", ""target"": ""6"", ""target_type"": ""decision"", ""target_label"": ""Need more help?"", ""type_of_edge"": ""solid"", ""relationship_value"": """", ""relationship_type"": ""follows""}, {""source"": ""6"", ""source_type"": ""decision"", ""source_label"": ""Need more help?"", ""target"": ""5"", ""target_type"": ""process"", ""target_label"": ""Ask for assistant"", ""type_of_edge"": ""solid"", ""relationship_value"": ""No"", ""relationship_type"": ""branches""}, {""source"": ""6"", ""source_type"": ""decision"", ""source_label"": ""Need more help?"", ""target"": ""7"", ""target_type"": ""process"", ""target_label"": ""Find solutions to the root causes identified"", ""type_of_edge"": ""solid"", ""relationship_value"": ""Yes"", ""relationship_type"": ""branches""}, {""source"": ""7"", ""source_type"": ""process"", ""source_label"": ""Find solutions to the root causes identified"", ""target"": ""8"", ""target_type"": ""terminator"", ""target_label"": ""End"", ""type_of_edge"": ""solid"", ""relationship_value"": """", ""relationship_type"": ""follows""}]}"
652.png,"{""nodes"": [{""id"": ""start"", ""type_of_node"": ""start"", ""shape"": ""start_event"", ""label"": ""Start""}, {""id"": ""documentation_work"", ""type_of_node"": ""process"", ""shape"": ""task"", ""label"": ""Documentation Work""}, {""id"": ""print_cycle_count_sheets"", ""type_of_node"": ""process"", ""shape"": ""task"", ""label"": ""Print cycle count sheets""}, {""id"": ""perform_physical_count_of_stock"", ""type_of_node"": ""process"", ""shape"": ""task"", ""label"": ""Perform physical count of stock""}, {""id"": ""enter_physical_counts"", ""type_of_node"": ""process"", ""shape"": ""task"", ""label"": ""Enter physical counts""}, {""id"": ""report_differences"", ""type_of_node"": ""process"", ""shape"": ""task"", ""label"": ""Report differences""}, {""id"": ""recount_inventory"", ""type_of_node"": ""decision"", ""shape"": ""gateway"", ""label"": ""Recount inventory?""}, {""id"": ""display_documents"", ""type_of_node"": ""process"", ""shape"": ""task"", ""label"": ""Display documents""}, {""id"": ""perform_physical_count_of_stock_1"", ""type_of_node"": ""process"", ""shape"": ""task"", ""label"": ""Perform physical count of stock""}, {""id"": ""post_inventory_documents"", ""type_of_node"": ""process"", ""shape"": ""task"", ""label"": ""Post inventory documents""}, {""id"": ""end"", ""type_of_node"": ""terminator"", ""shape"": ""end_event"", ""label"": ""End""}], ""edges"": [{""source_"": ""start"", ""source_type"": ""start"", ""source_label"": ""Start"", ""target"": ""documentation_work"", ""target_type"": ""process"", ""target_label"": ""Documentation Work"", ""type_of_edge"": ""solid"", ""relationship_value"": """", ""relationship_type"": ""follows""}, {""source_"": ""documentation_work"", ""source_type"": ""process"", ""source_label"": ""Documentation Work"", ""target"": ""print_cycle_count_sheets"", ""target_type"": ""process"", ""target_label"": ""Print cycle count sheets"", ""type_of_edge"": ""solid"", ""relationship_value"": """", ""relationship_type"": ""follows""}, {""source_"": ""print_cycle_count_sheets"", ""source_type"": ""process"", ""source_label"": ""Print cycle count sheets"", ""target"": ""perform_physical_count_of_stock"", ""target_type"": ""process"", ""target_label"": ""Perform physical count of stock"", ""type_of_edge"": ""solid"", ""relationship_value"": """", ""relationship_type"": ""follows""}, {""source_"": ""perform_physical_count_of_stock"", ""source_type"": ""process"", ""source_label"": ""Perform physical count of stock"", ""target"": ""enter_physical_counts"", ""target_type"": ""process"", ""target_label"": ""Enter physical counts"", ""type_of_edge"": ""solid"", ""relationship_value"": """", ""relationship_type"": ""follows""}, {""source_"": ""enter_physical_counts"", ""source_type"": ""process"", ""source_label"": ""Enter physical counts"", ""target"": ""report_differences"", ""target_type"": ""process"", ""target_label"": ""Report differences"", ""type_of_edge"": ""solid"", ""relationship_value"": """", ""relationship_type"": ""follows""}, {""source_"": ""report_differences"", ""source_type"": ""process"", ""source_label"": ""Report differences"", ""target"": ""recount_inventory"", ""target_type"": ""decision"", ""target_label"": ""Recount inventory?"", ""type_of_edge"": ""solid"", ""relationship_value"": """", ""relationship_type"": ""follows""}, {""source_"": ""recount_inventory"", ""source_type"": ""decision"", ""source_label"": ""Recount inventory?"", ""target"": ""post_inventory_documents"", ""target_type"": ""process"", ""target_label"": ""Post inventory documents"", ""type_of_edge"": ""solid"", ""relationship_value"": ""No"", ""relationship_type"": ""depends_on""}, {""source_"": ""recount_inventory"", ""source_type"": ""decision"", ""source_label"": ""Recount inventory?"", ""target"": ""display_documents"", ""target_type"": ""process"", ""target_label"": ""Display documents"", ""type_of_edge"": ""solid"", ""relationship_value"": ""Yes"", ""relationship_type"": ""depends_on""}, {""source_"": ""display_documents"", ""source_type"": ""process"", ""source_label"": ""Display documents"", ""target"": ""perform_physical_count_of_stock_1"", ""target_type"": ""process"", ""target_label"": ""Perform physical count of stock"", ""type_of_edge"": ""solid"", ""relationship_value"": """", ""relationship_type"": ""follows""}, {""source_"": ""perform_physical_count_of_stock_1"", ""source_type"": ""process"", ""source_label"": ""Perform physical count of stock"", ""target"": ""report_differences"", ""target_type"": ""process"", ""target_label"": ""Report differences"", ""type_of_edge"": ""solid"", ""relationship_value"": """", ""relationship_type"": ""follows""}, {""source_"": ""post_inventory_documents"", ""source_type"": ""process"", ""source_label"": ""Post inventory documents"", ""target"": ""end"", ""target_type"": ""terminator"", ""target_label"": ""End"", ""type_of_edge"": ""solid"", ""relationship_value"": """", ""relationship_type"": ""follows""}]}"
65.png,"{""nodes"": [{""id"": ""1"", ""type_of_node"": ""start"", ""shape"": ""start_event"", ""label"": ""Start""}, {""id"": ""2"", ""type_of_node"": ""process"", ""shape"": ""task"", ""label"": ""Collide""}, {""id"": ""3"", ""type_of_node"": ""process"", ""shape"": ""task"", ""label"": ""Wake up""}, {""id"": ""4"", ""type_of_node"": ""process"", ""shape"": ""task"", ""label"": ""Run""}, {""id"": ""5"", ""type_of_node"": ""terminator"", ""shape"": ""end_event"", ""label"": ""End""}], ""edges"": [{""source"": ""1"", ""source_type"": ""start"", ""source_label"": ""Start"", ""target"": ""2"", ""target_type"": ""process"", ""target_label"": ""Collide"", ""type_of_edge"": ""solid"", ""relationship_value"": """", ""relationship_type"": ""follows""}, {""source"": ""2"", ""source_type"": ""process"", ""source_label"": ""Collide"", ""target"": ""3"", ""target_type"": ""process"", ""target_label"": ""Wake up"", ""type_of_edge"": ""solid"", ""relationship_value"": """", ""relationship_type"": ""follows""}, {""source"": ""3"", ""source_type"": ""process"", ""source_label"": ""Wake up"", ""target"": ""4"", ""target_type"": ""process"", ""target_label"": ""Run"", ""type_of_edge"": ""solid"", ""relationship_value"": """", ""relationship_type"": ""follows""}, {""source"": ""4"", ""source_type"": ""process"", ""source_label"": ""Run"", ""target"": ""5"", ""target_type"": ""terminator"", ""target_label"": ""End"", ""type_of_edge"": ""solid"", ""relationship_value"": """", ""relationship_type"": ""follows""}]}"
258.png,"{""nodes"": [{""id"": ""1"", ""type_of_node"": ""start"", ""shape"": ""start_event"", ""label"": ""Start Loop""}, {""id"": ""2"", ""type_of_node"": ""decision"", ""shape"": ""gateway"", ""label"": ""Initialize""}, {""id"": ""3"", ""type_of_node"": ""terminator"", ""shape"": ""end_event"", ""label"": ""End Loop""}, {""id"": ""4"", ""type_of_node"": ""process"", ""shape"": ""task"", ""label"": ""Process""}, {""id"": ""5"", ""type_of_node"": ""process"", ""shape"": ""task"", ""label"": ""Increment or Decrement""}], ""edges"": [{""source"": ""1"", ""source_type"": ""start"", ""source_label"": ""Start Loop"", ""target"": ""2"", ""target_type"": ""decision"", ""target_label"": ""Initialize"", ""type_of_edge"": ""solid"", ""relationship_value"": """", ""relationship_type"": ""follows""}, {""source"": ""2"", ""source_type"": ""decision"", ""source_label"": ""Initialize"", ""target"": ""3"", ""target_type"": ""terminator"", ""target_label"": ""End Loop"", ""type_of_edge"": ""solid"", ""relationship_value"": ""False"", ""relationship_type"": ""branches""}, {""source"": ""2"", ""source_type"": ""decision"", ""source_label"": ""Initialize"", ""target"": ""4"", ""target_type"": ""process"", ""target_label"": ""Process"", ""type_of_edge"": ""solid"", ""relationship_value"": ""True"", ""relationship_type"": ""branches""}, {""source"": ""4"", ""source_type"": ""process"", ""source_label"": ""Process"", ""target"": ""5"", ""target_type"": ""process"", ""target_label"": ""Increment or Decrement"", ""type_of_edge"": ""solid"", ""relationship_value"": """", ""relationship_type"": ""follows""}, {""source"": ""5"", ""source_type"": ""process"", ""source_label"": ""Increment or Decrement"", ""target"": ""2"", ""target_type"": ""decision"", ""target_label"": ""Initialize"", ""type_of_edge"": ""solid"", ""relationship_value"": """", ""relationship_type"": ""follows""}]}"
351.png,"{""nodes"": [{""id"": ""1"", ""type_of_node"": ""start"", ""shape"": ""start_event"", ""label"": ""Start""}, {""id"": ""2"", ""type_of_node"": ""process"", ""shape"": ""task"", ""label"": ""Input""}, {""id"": ""3"", ""type_of_node"": ""process"", ""shape"": ""task"", ""label"": ""C=A+B""}, {""id"": ""4"", ""type_of_node"": ""process"", ""shape"": ""task"", ""label"": ""Print A""}, {""id"": ""5"", ""type_of_node"": ""terminator"", ""shape"": ""end_event"", ""label"": ""End""}], ""edges"": [{""source"": ""1"", ""source_type"": ""start"", ""source_label"": ""Start"", ""target"": ""2"", ""target_type"": ""process"", ""target_label"": ""Input"", ""type_of_edge"": ""solid"", ""relationship_value"": """", ""relationship_type"": ""follows""}, {""source"": ""2"", ""source_type"": ""process"", ""source_label"": ""Input"", ""target"": ""3"", ""target_type"": ""process"", ""target_label"": ""C=A+B"", ""type_of_edge"": ""solid"", ""relationship_value"": """", ""relationship_type"": ""follows""}, {""source"": ""3"", ""source_type"": ""process"", ""source_label"": ""C=A+B"", ""target"": ""4"", ""target_type"": ""process"", ""target_label"": ""Print A"", ""type_of_edge"": ""solid"", ""relationship_value"": """", ""relationship_type"": ""follows""}, {""source"": ""4"", ""source_type"": ""process"", ""source_label"": ""Print A"", ""target"": ""5"", ""target_type"": ""terminator"", ""target_label"": ""End"", ""type_of_edge"": ""solid"", ""relationship_value"": """", ""relationship_type"": ""follows""}]}"
598.png,"{""nodes"": [{""id"": ""1"", ""type_of_node"": ""start"", ""shape"": ""start_event"", ""label"": ""New Member""}, {""id"": ""2"", ""type_of_node"": ""process"", ""shape"": ""task"", ""label"": ""Login""}, {""id"": ""3"", ""type_of_node"": ""process"", ""shape"": ""task"", ""label"": ""Authentication""}, {""id"": ""4"", ""type_of_node"": ""process"", ""shape"": ""task"", ""label"": ""D1""}, {""id"": ""5"", ""type_of_node"": ""process"", ""shape"": ""task"", ""label"": ""Validation""}, {""id"": ""6"", ""type_of_node"": ""process"", ""shape"": ""task"", ""label"": ""Print info""}, {""id"": ""7"", ""type_of_node"": ""process"", ""shape"": ""task"", ""label"": ""D2""}], ""edges"": [{""source"": ""1"", ""source_type"": ""start"", ""source_label"": ""New Member"", ""target"": ""2"", ""target_type"": ""process"", ""target_label"": ""Login"", ""type_of_edge"": ""solid"", ""relationship_value"": ""User name Password"", ""relationship_type"": ""follows""}, {""source"": ""2"", ""source_type"": ""process"", ""source_label"": ""Login"", ""target"": ""3"", ""target_type"": ""process"", ""target_label"": ""Authentication"", ""type_of_edge"": ""solid"", ""relationship_value"": """", ""relationship_type"": ""follows""}, {""source"": ""3"", ""source_type"": ""process"", ""source_label"": ""Authentication"", ""target"": ""4"", ""target_type"": ""process"", ""target_label"": ""D1"", ""type_of_edge"": ""solid"", ""relationship_value"": """", ""relationship_type"": ""branches""}, {""source"": ""3"", ""source_type"": ""process"", ""source_label"": ""Authentication"", ""target"": ""5"", ""target_type"": ""process"", ""target_label"": ""Validation"", ""type_of_edge"": ""solid"", ""relationship_value"": ""ADP Username\nADP Password"", ""relationship_type"": ""branches""}, {""source"": ""3"", ""source_type"": ""process"", ""source_label"": ""Authentication"", ""target"": ""6"", ""target_type"": ""process"", ""target_label"": ""Print info"", ""type_of_edge"": ""solid"", ""relationship_value"": ""If not a member"", ""relationship_type"": ""branches""}, {""source"": ""3"", ""source_type"": ""process"", ""source_label"": ""Authentication"", ""target"": ""5"", ""target_type"": ""process"", ""target_label"": ""Validation"", ""type_of_edge"": ""solid"", ""relationship_value"": ""if existing member"", ""relationship_type"": ""branches""}, {""source"": ""6"", ""source_type"": ""process"", ""source_label"": ""Print info"", ""target"": ""1"", ""target_type"": ""start"", ""target_label"": ""New Member"", ""type_of_edge"": ""solid"", ""relationship_value"": """", ""relationship_type"": ""follows""}, {""source"": ""6"", ""source_type"": ""process"", ""source_label"": ""Validation"", ""target"": ""8"", ""target_type"": ""decision"", ""target_label"": ""D2"", ""type_of_edge"": ""solid"", ""relationship_value"": ""ADP Username\nADP Password"", ""relationship_type"": ""follows""}]}"
663.png,"{""nodes"": [{""id"": ""1"", ""type_of_node"": ""start"", ""shape"": ""start_event"", ""label"": ""Leave home""}, {""id"": ""2"", ""type_of_node"": ""process"", ""shape"": ""task"", ""label"": ""Check time""}, {""id"": ""3"", ""type_of_node"": ""decision"", ""shape"": ""gateway"", ""label"": ""Before 7 am?""}, {""id"": ""4"", ""type_of_node"": ""process"", ""shape"": ""task"", ""label"": ""Take bus""}, {""id"": ""5"", ""type_of_node"": ""process"", ""shape"": ""task"", ""label"": ""Take Car""}, {""id"": ""6"", ""type_of_node"": ""terminator"", ""shape"": ""end_event"", ""label"": ""Reach school""}], ""edges"": [{""source"": ""1"", ""source_type"": ""start"", ""source_label"": ""Leave home"", ""target"": ""2"", ""target_type"": ""process"", ""target_label"": ""Check time"", ""type_of_edge"": ""solid"", ""relationship_value"": """", ""relationship_type"": ""follows""}, {""source"": ""2"", ""source_type"": ""process"", ""source_label"": ""Check time"", ""target"": ""3"", ""target_type"": ""decision"", ""target_label"": ""Before 7 am?"", ""type_of_edge"": ""solid"", ""relationship_value"": """", ""relationship_type"": ""follows""}, {""source"": ""3"", ""source_type"": ""decision"", ""source_label"": ""Before 7 am?"", ""target"": ""4"", ""target_type"": ""process"", ""target_label"": ""Take bus"", ""type_of_edge"": ""solid"", ""relationship_value"": ""NO"", ""relationship_type"": ""branches""}, {""source"": ""3"", ""source_type"": ""decision"", ""source_label"": ""Before 7 am?"", ""target"": ""5"", ""target_type"": ""process"", ""target_label"": ""Take Car"", ""type_of_edge"": ""solid"", ""relationship_value"": ""YES"", ""relationship_type"": ""branches""}, {""source"": ""4"", ""source_type"": ""process"", ""source_label"": ""Take bus"", ""target"": ""6"", ""target_type"": ""terminator"", ""target_label"": ""Reach school"", ""type_of_edge"": ""solid"", ""relationship_value"": """", ""relationship_type"": ""follows""}, {""source"": ""5"", ""source_type"": ""process"", ""source_label"": ""Take Car"", ""target"": ""6"", ""target_type"": ""terminator"", ""target_label"": ""Reach school"", ""type_of_edge"": ""solid"", ""relationship_value"": """", ""relationship_type"": ""follows""}]}"
55.png,"{""nodes"": [{""id"": ""1"", ""type_of_node"": ""start"", ""shape"": ""start_event"", ""label"": ""Begin""}, {""id"": ""2"", ""type_of_node"": ""decision"", ""shape"": ""gateway"", ""label"": ""Condition""}, {""id"": ""3"", ""type_of_node"": ""process"", ""shape"": ""task"", ""label"": ""Loop Body""}, {""id"": ""4"", ""type_of_node"": ""terminator"", ""shape"": ""end_event"", ""label"": ""End of loop""}], ""edges"": [{""source"": ""1"", ""source_type"": ""start"", ""source_label"": ""Begin"", ""target"": ""2"", ""target_type"": ""decision"", ""target_label"": ""Condition"", ""type_of_edge"": ""solid"", ""relationship_value"": """", ""relationship_type"": ""follows""}, {""source"": ""2"", ""source_type"": ""decision"", ""source_label"": ""Condition"", ""target"": ""4"", ""target_type"": ""terminator"", ""target_label"": ""End of loop"", ""type_of_edge"": ""solid"", ""relationship_value"": ""False"", ""relationship_type"": ""branches""}, {""source"": ""2"", ""source_type"": ""decision"", ""source_label"": ""Condition"", ""target"": ""3"", ""target_type"": ""process"", ""target_label"": ""Loop Body"", ""type_of_edge"": ""solid"", ""relationship_value"": ""True"", ""relationship_type"": ""branches""}, {""source"": ""3"", ""source_type"": ""process"", ""source_label"": ""Loop Body"", ""target"": ""2"", ""target_type"": ""decision"", ""target_label"": ""Condition"", ""type_of_edge"": ""solid"", ""relationship_value"": """", ""relationship_type"": ""follows""}]}"
309.png,"{""nodes"": [{""id"": ""1"", ""type_of_node"": ""start"", ""shape"": ""start_event"", ""label"": ""Start""}, {""id"": ""2"", ""type_of_node"": ""process"", ""shape"": ""task"", ""label"": ""Get ready for bath""}, {""id"": ""3"", ""type_of_node"": ""process"", ""shape"": ""task"", ""label"": ""Remove clothes""}, {""id"": ""4"", ""type_of_node"": ""process"", ""shape"": ""task"", ""label"": ""Get into bath""}, {""id"": ""5"", ""type_of_node"": ""process"", ""shape"": ""task"", ""label"": ""Wash""}, {""id"": ""6"", ""type_of_node"": ""process"", ""shape"": ""task"", ""label"": ""Get out of bath""}, {""id"": ""7"", ""type_of_node"": ""process"", ""shape"": ""task"", ""label"": ""Switch off the light""}, {""id"": ""8"", ""type_of_node"": ""process"", ""shape"": ""task"", ""label"": ""Get dressed""}], ""edges"": [{""source"": ""1"", ""source_type"": ""start"", ""source_label"": ""Start"", ""target"": ""2"", ""target_type"": ""process"", ""target_label"": ""Get ready for bath"", ""type_of_edge"": ""solid"", ""relationship_value"": """", ""relationship_type"": ""follows""}, {""source"": ""2"", ""source_type"": ""process"", ""source_label"": ""Get ready for bath"", ""target"": ""3"", ""target_type"": ""process"", ""target_label"": ""Remove clothes"", ""type_of_edge"": ""solid"", ""relationship_value"": """", ""relationship_type"": ""follows""}, {""source"": ""3"", ""source_type"": ""process"", ""source_label"": ""Remove clothes"", ""target"": ""4"", ""target_type"": ""process"", ""target_label"": ""Get into bath"", ""type_of_edge"": ""solid"", ""relationship_value"": """", ""relationship_type"": ""follows""}, {""source"": ""4"", ""source_type"": ""process"", ""source_label"": ""Get into bath"", ""target"": ""5"", ""target_type"": ""process"", ""target_label"": ""Wash"", ""type_of_edge"": ""solid"", ""relationship_value"": """", ""relationship_type"": ""follows""}, {""source"": ""5"", ""source_type"": ""process"", ""source_label"": ""Wash"", ""target"": ""6"", ""target_type"": ""process"", ""target_label"": ""Get out of bath"", ""type_of_edge"": ""solid"", ""relationship_value"": """", ""relationship_type"": ""follows""}, {""source"": ""6"", ""source_type"": ""process"", ""source_label"": ""Get out of bath"", ""target"": ""7"", ""target_type"": ""process"", ""target_label"": ""Switch off the light"", ""type_of_edge"": ""solid"", ""relationship_value"": """", ""relationship_type"": ""follows""}, {""source"": ""7"", ""source_type"": ""process"", ""source_label"": ""Switch off the light"", ""target"": ""8"", ""target_type"": ""process"", ""target_label"": ""Get dressed"", ""type_of_edge"": ""solid"", ""relationship_value"": """", ""relationship_type"": ""follows""}]}"
940.png,"{""nodes"": [{""id"": ""0"", ""type_of_node"": ""start"", ""shape"": ""start_event"", ""label"": ""Begin""}, {""id"": ""1"", ""type_of_node"": ""process"", ""shape"": ""task"", ""label"": ""Enter to the website""}, {""id"": ""2"", ""type_of_node"": ""decision"", ""shape"": ""gateway"", ""label"": ""have an account?""}, {""id"": ""3"", ""type_of_node"": ""process"", ""shape"": ""task"", ""label"": ""Sign up""}, {""id"": ""4"", ""type_of_node"": ""process"", ""shape"": ""task"", ""label"": ""Fill details""}, {""id"": ""5"", ""type_of_node"": ""process"", ""shape"": ""task"", ""label"": ""Submit""}, {""id"": ""6"", ""type_of_node"": ""process"", ""shape"": ""task"", ""label"": ""Login""}, {""id"": ""7"", ""type_of_node"": ""process"", ""shape"": ""task"", ""label"": ""Enter e-mail and password""}, {""id"": ""8"", ""type_of_node"": ""decision"", ""shape"": ""gateway"", ""label"": ""e-mail and password valid?""}, {""id"": ""9"", ""type_of_node"": ""process"", ""shape"": ""task"", ""label"": ""Profile""}, {""id"": ""10"", ""type_of_node"": ""terminator"", ""shape"": ""end_event"", ""label"": ""end""}], ""edges"": [{""source"": ""0"", ""source_type"": ""start"", ""source_label"": ""Begin"", ""target"": ""1"", ""target_type"": ""process"", ""target_label"": ""Enter to the website"", ""type_of_edge"": ""solid"", ""relationship_value"": """", ""relationship_type"": ""follows""}, {""source"": ""1"", ""source_type"": ""start"", ""source_label"": ""Enter to the website"", ""target"": ""2"", ""target_type"": ""decision"", ""target_label"": ""have an account?"", ""type_of_edge"": ""solid"", ""relationship_value"": """", ""relationship_type"": ""follows""}, {""source"": ""2"", ""source_type"": ""decision"", ""source_label"": ""have an account?"", ""target"": ""3"", ""target_type"": ""process"", ""target_label"": ""Sign up"", ""type_of_edge"": ""solid"", ""relationship_value"": ""No"", ""relationship_type"": ""branches""}, {""source"": ""2"", ""source_type"": ""decision"", ""source_label"": ""have an account?"", ""target"": ""6"", ""target_type"": ""process"", ""target_label"": ""Login"", ""type_of_edge"": ""solid"", ""relationship_value"": ""Yes"", ""relationship_type"": ""branches""}, {""source"": ""3"", ""source_type"": ""process"", ""source_label"": ""Sign up"", ""target"": ""4"", ""target_type"": ""process"", ""target_label"": ""Fill details"", ""type_of_edge"": ""solid"", ""relationship_value"": """", ""relationship_type"": ""follows""}, {""source"": ""4"", ""source_type"": ""process"", ""source_label"": ""Fill details"", ""target"": ""5"", ""target_type"": ""process"", ""target_label"": ""Submit"", ""type_of_edge"": ""solid"", ""relationship_value"": """", ""relationship_type"": ""follows""}, {""source"": ""5"", ""source_type"": ""process"", ""source_label"": ""Submit"", ""target"": ""6"", ""target_type"": ""process"", ""target_label"": ""Login"", ""type_of_edge"": ""solid"", ""relationship_value"": """", ""relationship_type"": ""follows""}, {""source"": ""6"", ""source_type"": ""process"", ""source_label"": ""Login"", ""target"": ""7"", ""target_type"": ""process"", ""target_label"": ""Enter e-mail and password"", ""type_of_edge"": ""solid"", ""relationship_value"": """", ""relationship_type"": ""follows""}, {""source"": ""7"", ""source_type"": ""process"", ""source_label"": ""Enter e-mail and password"", ""target"": ""8"", ""target_type"": ""decision"", ""target_label"": ""e-mail and password valid?"", ""type_of_edge"": ""solid"", ""relationship_value"": """", ""relationship_type"": ""follows""}, {""source"": ""8"", ""source_type"": ""decision"", ""source_label"": ""e-mail and password valid?"", ""target"": ""6"", ""target_type"": ""process"", ""target_label"": ""Login"", ""type_of_edge"": ""solid"", ""relationship_value"": ""no"", ""relationship_type"": ""branches""}, {""source"": ""8"", ""source_type"": ""decision"", ""source_label"": ""e-mail and password valid?"", ""target"": ""9"", ""target_type"": ""process"", ""target_label"": ""Profile"", ""type_of_edge"": ""solid"", ""relationship_value"": ""yes"", ""relationship_type"": ""branches""}, {""source"": ""9"", ""source_type"": ""process"", ""source_label"": ""Profile"", ""target"": ""10"", ""target_type"": ""terminator"", ""target_label"": ""end"", ""type_of_edge"": ""solid"", ""relationship_value"": """", ""relationship_type"": ""follows""}]}"
293.png,"{""nodes"": [{""id"": ""1"", ""type_of_node"": ""start"", ""shape"": ""start_event"", ""label"": ""Start""}, {""id"": ""2"", ""type_of_node"": ""decision"", ""shape"": ""gateway"", ""label"": ""Login Page""}, {""id"": ""3"", ""type_of_node"": ""process"", ""shape"": ""task"", ""label"": ""Reconfirm""}, {""id"": ""4"", ""type_of_node"": ""process"", ""shape"": ""task"", ""label"": ""Check""}, {""id"": ""5"", ""type_of_node"": ""process"", ""shape"": ""task"", ""label"": ""NewsFeed""}, {""id"": ""6"", ""type_of_node"": ""process"", ""shape"": ""task"", ""label"": ""Like""}, {""id"": ""7"", ""type_of_node"": ""terminator"", ""shape"": ""end_event"", ""label"": ""End""}], ""edges"": [{""source"": ""1"", ""source_type"": ""start"", ""source_label"": ""Start"", ""target"": ""2"", ""target_type"": ""decision"", ""target_label"": ""Login Page"", ""type_of_edge"": ""solid"", ""relationship_value"": """", ""relationship_type"": ""follows""}, {""source"": ""2"", ""source_type"": ""decision"", ""source_label"": ""Login Page"", ""target"": ""3"", ""target_type"": ""process"", ""target_label"": ""Reconfirm"", ""type_of_edge"": ""solid"", ""relationship_value"": ""No"", ""relationship_type"": ""branches""}, {""source"": ""2"", ""source_type"": ""decision"", ""source_label"": ""Login Page"", ""target"": ""4"", ""target_type"": ""process"", ""target_label"": ""Check"", ""type_of_edge"": ""solid"", ""relationship_value"": ""Yes"", ""relationship_type"": ""branches""}, {""source"": ""3"", ""source_type"": ""process"", ""source_label"": ""Reconfirm"", ""target"": ""2"", ""target_type"": ""decision"", ""target_label"": ""Login Page"", ""type_of_edge"": ""solid"", ""relationship_value"": """", ""relationship_type"": ""follows""}, {""source"": ""4"", ""source_type"": ""process"", ""source_label"": ""Check"", ""target"": ""5"", ""target_type"": ""process"", ""target_label"": ""NewsFeed"", ""type_of_edge"": ""solid"", ""relationship_value"": """", ""relationship_type"": ""follows""}, {""source"": ""5"", ""source_type"": ""process"", ""source_label"": ""NewsFeed"", ""target"": ""6"", ""target_type"": ""process"", ""target_label"": ""Like"", ""type_of_edge"": ""solid"", ""relationship_value"": """", ""relationship_type"": ""follows""}, {""source"": ""6"", ""source_type"": ""process"", ""source_label"": ""Like"", ""target"": ""7"", ""target_type"": ""terminator"", ""target_label"": ""End"", ""type_of_edge"": ""solid"", ""relationship_value"": """", ""relationship_type"": ""follows""}]}"
147.png,"{""nodes"": [{""id"": ""1"", ""type_of_node"": ""start"", ""shape"": ""start_event"", ""label"": ""Start""}, {""id"": ""2"", ""type_of_node"": ""process"", ""shape"": ""task"", ""label"": ""Enter""}, {""id"": ""3"", ""type_of_node"": ""process"", ""shape"": ""task"", ""label"": ""Home page""}, {""id"": ""4"", ""type_of_node"": ""process"", ""shape"": ""task"", ""label"": ""Enter Email ID and Password""}, {""id"": ""5"", ""type_of_node"": ""decision"", ""shape"": ""gateway"", ""label"": ""Is Email ID and Password Correct?""}, {""id"": ""6"", ""type_of_node"": ""process"", ""shape"": ""task"", ""label"": ""Log in error""}, {""id"": ""7"", ""type_of_node"": ""process"", ""shape"": ""task"", ""label"": ""Display Account""}, {""id"": ""8"", ""type_of_node"": ""terminator"", ""shape"": ""end_event"", ""label"": ""Stop""}], ""edges"": [{""source"": ""1"", ""source_type"": ""start"", ""source_label"": ""Start"", ""target"": ""2"", ""target_type"": ""process"", ""target_label"": ""Enter"", ""type_of_edge"": ""solid"", ""relationship_value"": """", ""relationship_type"": ""follows""}, {""source"": ""2"", ""source_type"": ""process"", ""source_label"": ""Enter"", ""target"": ""3"", ""target_type"": ""process"", ""target_label"": ""Home page"", ""type_of_edge"": ""solid"", ""relationship_value"": """", ""relationship_type"": ""follows""}, {""source"": ""3"", ""source_type"": ""process"", ""source_label"": ""Home page"", ""target"": ""4"", ""target_type"": ""process"", ""target_label"": ""Enter Email ID and Password"", ""type_of_edge"": ""solid"", ""relationship_value"": """", ""relationship_type"": ""follows""}, {""source"": ""4"", ""source_type"": ""process"", ""source_label"": ""Enter Email ID and Password"", ""target"": ""5"", ""target_type"": ""decision"", ""target_label"": ""Is Email ID and Password Correct?"", ""type_of_edge"": ""solid"", ""relationship_value"": """", ""relationship_type"": ""follows""}, {""source"": ""5"", ""source_type"": ""decision"", ""source_label"": ""Is Email ID and Password Correct?"", ""target"": ""6"", ""target_type"": ""process"", ""target_label"": ""Log in error"", ""type_of_edge"": ""solid"", ""relationship_value"": ""No"", ""relationship_type"": ""branches""}, {""source"": ""6"", ""source_type"": ""process"", ""source_label"": ""Log in error"", ""target"": ""4"", ""target_type"": ""process"", ""target_label"": ""Enter Email ID and Password"", ""type_of_edge"": ""solid"", ""relationship_value"": """", ""relationship_type"": ""follows""}, {""source"": ""5"", ""source_type"": ""decision"", ""source_label"": ""Is Email ID and Password Correct?"", ""target"": ""7"", ""target_type"": ""process"", ""target_label"": ""Display Account"", ""type_of_edge"": ""solid"", ""relationship_value"": ""Yes"", ""relationship_type"": ""branches""}, {""source"": ""7"", ""source_type"": ""process"", ""source_label"": ""Display Account"", ""target"": ""8"", ""target_type"": ""terminator"", ""target_label"": ""Stop"", ""type_of_edge"": ""solid"", ""relationship_value"": """", ""relationship_type"": ""follows""}]}"
358.png,"{""nodes"": [{""id"": ""1"", ""type_of_node"": ""start"", ""shape"": ""start_event"", ""label"": ""Start""}, {""id"": ""2"", ""type_of_node"": ""process"", ""shape"": ""task"", ""label"": ""Enter numbers""}, {""id"": ""3"", ""type_of_node"": ""process"", ""shape"": ""task"", ""label"": ""Process""}, {""id"": ""4"", ""type_of_node"": ""process"", ""shape"": ""task"", ""label"": ""Output""}, {""id"": ""5"", ""type_of_node"": ""terminator"", ""shape"": ""end_event"", ""label"": ""end""}], ""edges"": [{""source"": ""1"", ""source_type"": ""start"", ""source_label"": ""Start"", ""target"": ""2"", ""target_type"": ""process"", ""target_label"": ""Enter numbers"", ""type_of_edge"": ""solid"", ""relationship_value"": """", ""relationship_type"": ""follows""}, {""source"": ""2"", ""source_type"": ""process"", ""source_label"": ""Enter numbers"", ""target"": ""3"", ""target_type"": ""process"", ""target_label"": ""Process"", ""type_of_edge"": ""solid"", ""relationship_value"": """", ""relationship_type"": ""follows""}, {""source"": ""3"", ""source_type"": ""process"", ""source_label"": ""Process"", ""target"": ""4"", ""target_type"": ""process"", ""target_label"": ""Output"", ""type_of_edge"": ""solid"", ""relationship_value"": """", ""relationship_type"": ""follows""}, {""source"": ""4"", ""source_type"": ""process"", ""source_label"": ""Output"", ""target"": ""5"", ""target_type"": ""terminator"", ""target_label"": ""end"", ""type_of_edge"": ""solid"", ""relationship_value"": """", ""relationship_type"": ""follows""}]}"
934.png,"{""nodes"": [{""id"": ""0"", ""type_of_node"": ""start"", ""shape"": ""start_event"", ""label"": ""Start""}, {""id"": ""1"", ""type_of_node"": ""process"", ""shape"": ""task"", ""label"": ""Homepage""}, {""id"": ""2"", ""type_of_node"": ""decision"", ""shape"": ""gateway"", ""label"": ""have an account?""}, {""id"": ""3"", ""type_of_node"": ""process"", ""shape"": ""task"", ""label"": ""Sign up""}, {""id"": ""4"", ""type_of_node"": ""process"", ""shape"": ""task"", ""label"": ""Fill out the information""}, {""id"": ""5"", ""type_of_node"": ""process"", ""shape"": ""task"", ""label"": ""Submit""}, {""id"": ""6"", ""type_of_node"": ""process"", ""shape"": ""task"", ""label"": ""Login""}, {""id"": ""7"", ""type_of_node"": ""process"", ""shape"": ""task"", ""label"": ""Enter details""}, {""id"": ""8"", ""type_of_node"": ""decision"", ""shape"": ""gateway"", ""label"": ""e-mail and password valid?""}, {""id"": ""9"", ""type_of_node"": ""process"", ""shape"": ""task"", ""label"": ""loged in to the system""}, {""id"": ""10"", ""type_of_node"": ""terminator"", ""shape"": ""end_event"", ""label"": ""end""}], ""edges"": [{""source"": ""0"", ""source_type"": ""start"", ""source_label"": ""Start"", ""target"": ""1"", ""target_type"": ""process"", ""target_label"": ""Homepage"", ""type_of_edge"": ""solid"", ""relationship_value"": """", ""relationship_type"": ""follows""}, {""source"": ""1"", ""source_type"": ""start"", ""source_label"": ""Homepage"", ""target"": ""2"", ""target_type"": ""decision"", ""target_label"": ""have an account?"", ""type_of_edge"": ""solid"", ""relationship_value"": """", ""relationship_type"": ""follows""}, {""source"": ""2"", ""source_type"": ""decision"", ""source_label"": ""have an account?"", ""target"": ""3"", ""target_type"": ""process"", ""target_label"": ""Sign up"", ""type_of_edge"": ""solid"", ""relationship_value"": ""No"", ""relationship_type"": ""branches""}, {""source"": ""2"", ""source_type"": ""decision"", ""source_label"": ""have an account?"", ""target"": ""6"", ""target_type"": ""process"", ""target_label"": ""Login"", ""type_of_edge"": ""solid"", ""relationship_value"": ""yes"", ""relationship_type"": ""branches""}, {""source"": ""3"", ""source_type"": ""process"", ""source_label"": ""Sign up"", ""target"": ""4"", ""target_type"": ""process"", ""target_label"": ""Fill out the information"", ""type_of_edge"": ""solid"", ""relationship_value"": """", ""relationship_type"": ""follows""}, {""source"": ""4"", ""source_type"": ""process"", ""source_label"": ""Fill out the information"", ""target"": ""5"", ""target_type"": ""process"", ""target_label"": ""Submit"", ""type_of_edge"": ""solid"", ""relationship_value"": """", ""relationship_type"": ""follows""}, {""source"": ""5"", ""source_type"": ""process"", ""source_label"": ""Submit"", ""target"": ""6"", ""target_type"": ""process"", ""target_label"": ""Login"", ""type_of_edge"": ""solid"", ""relationship_value"": """", ""relationship_type"": ""follows""}, {""source"": ""6"", ""source_type"": ""process"", ""source_label"": ""Login"", ""target"": ""7"", ""target_type"": ""process"", ""target_label"": ""Enter details"", ""type_of_edge"": ""solid"", ""relationship_value"": """", ""relationship_type"": ""follows""}, {""source"": ""7"", ""source_type"": ""process"", ""source_label"": ""Enter details"", ""target"": ""8"", ""target_type"": ""decision"", ""target_label"": ""e-mail and password valid?"", ""type_of_edge"": ""solid"", ""relationship_value"": """", ""relationship_type"": ""follows""}, {""source"": ""8"", ""source_type"": ""decision"", ""source_label"": ""e-mail and password valid?"", ""target"": ""6"", ""target_type"": ""process"", ""target_label"": ""Login"", ""type_of_edge"": ""solid"", ""relationship_value"": ""no"", ""relationship_type"": ""branches""}, {""source"": ""8"", ""source_type"": ""decision"", ""source_label"": ""e-mail and password valid?"", ""target"": ""9"", ""target_type"": ""process"", ""target_label"": ""loged in to the system"", ""type_of_edge"": ""solid"", ""relationship_value"": ""yes"", ""relationship_type"": ""branches""}, {""source"": ""9"", ""source_type"": ""process"", ""source_label"": ""loged in to the system"", ""target"": ""10"", ""target_type"": ""terminator"", ""target_label"": ""end"", ""type_of_edge"": ""solid"", ""relationship_value"": """", ""relationship_type"": ""follows""}]}"
345.png,"{""nodes"": [{""id"": ""1"", ""type_of_node"": ""start"", ""shape"": ""start_event"", ""label"": ""Start""}, {""id"": ""2"", ""type_of_node"": ""process"", ""shape"": ""task"", ""label"": ""Input""}, {""id"": ""3"", ""type_of_node"": ""decision"", ""shape"": ""gateway"", ""label"": ""C<=10?""}, {""id"": ""4"", ""type_of_node"": ""process"", ""shape"": ""task"", ""label"": ""Output""}, {""id"": ""5"", ""type_of_node"": ""process"", ""shape"": ""task"", ""label"": ""C = C + 1""}, {""id"": ""6"", ""type_of_node"": ""terminator"", ""shape"": ""end_event"", ""label"": ""End""}], ""edges"": [{""source"": ""1"", ""source_type"": ""start"", ""source_label"": ""Start"", ""target"": ""2"", ""target_type"": ""process"", ""target_label"": ""Input"", ""type_of_edge"": ""solid"", ""relationship_value"": """", ""relationship_type"": ""follows""}, {""source"": ""2"", ""source_type"": ""process"", ""source_label"": ""Input"", ""target"": ""3"", ""target_type"": ""decision"", ""target_label"": ""C<=10?"", ""type_of_edge"": ""solid"", ""relationship_value"": """", ""relationship_type"": ""follows""}, {""source"": ""3"", ""source_type"": ""decision"", ""source_label"": ""C<=10?"", ""target"": ""4"", ""target_type"": ""process"", ""target_label"": ""Output"", ""type_of_edge"": ""solid"", ""relationship_value"": ""T"", ""relationship_type"": ""branches""}, {""source"": ""3"", ""source_type"": ""decision"", ""source_label"": ""C<=10?"", ""target"": ""6"", ""target_type"": ""terminator"", ""target_label"": ""End"", ""type_of_edge"": ""solid"", ""relationship_value"": ""F"", ""relationship_type"": ""branches""}, {""source"": ""4"", ""source_type"": ""process"", ""source_label"": ""Output"", ""target"": ""5"", ""target_type"": ""process"", ""target_label"": ""C = C + 1"", ""type_of_edge"": ""solid"", ""relationship_value"": """", ""relationship_type"": ""follows""}, {""source"": ""5"", ""source_type"": ""process"", ""source_label"": ""C = C + 1"", ""target"": ""3"", ""target_type"": ""decision"", ""target_label"": ""C<=10?"", ""type_of_edge"": ""solid"", ""relationship_value"": """", ""relationship_type"": ""follows""}, {""source"": ""5"", ""source_type"": ""process"", ""source_label"": ""C = C + 1"", ""target"": ""6"", ""target_type"": ""terminator"", ""target_label"": ""End"", ""type_of_edge"": ""solid"", ""relationship_value"": """", ""relationship_type"": ""follows""}]}"
556.png,"{""nodes"": [{""id"": ""1"", ""type_of_node"": ""start"", ""shape"": ""start_event"", ""label"": ""Begin""}, {""id"": ""2"", ""type_of_node"": ""decision"", ""shape"": ""gateway"", ""label"": ""Are you happy?""}, {""id"": ""3"", ""type_of_node"": ""process"", ""shape"": ""task"", ""label"": ""Yes a lot""}, {""id"": ""4"", ""type_of_node"": ""process"", ""shape"": ""task"", ""label"": ""Want to be happy?""}], ""edges"": [{""source"": ""1"", ""source_type"": ""start"", ""source_label"": ""Begin"", ""target"": ""2"", ""target_type"": ""decision"", ""target_label"": ""Are you happy?"", ""type_of_edge"": ""solid"", ""relationship_value"": """", ""relationship_type"": ""follows""}, {""source"": ""2"", ""source_type"": ""decision"", ""source_label"": ""Are you happy?"", ""target"": ""3"", ""target_type"": ""process"", ""target_label"": ""Yes a lot"", ""type_of_edge"": ""solid"", ""relationship_value"": """", ""relationship_type"": ""branches""}, {""source"": ""2"", ""source_type"": ""decision"", ""source_label"": ""Are you happy?"", ""target"": ""4"", ""target_type"": ""process"", ""target_label"": ""Want to be happy?"", ""type_of_edge"": ""solid"", ""relationship_value"": """", ""relationship_type"": ""branches""}]}"
40.png,"{""nodes"": [{""id"": ""1"", ""type_of_node"": ""start"", ""shape"": ""start_event"", ""label"": ""Start""}, {""id"": ""2"", ""type_of_node"": ""decision"", ""shape"": ""gateway"", ""label"": ""Object detected in left""}, {""id"": ""3"", ""type_of_node"": ""decision"", ""shape"": ""gateway"", ""label"": ""Object detected in right""}, {""id"": ""4"", ""type_of_node"": ""process"", ""shape"": ""task"", ""label"": ""Turn Left""}, {""id"": ""5"", ""type_of_node"": ""process"", ""shape"": ""task"", ""label"": ""Turn Right""}], ""edges"": [{""source"": ""1"", ""source_type"": ""start"", ""source_label"": ""Start"", ""target"": ""2"", ""target_type"": ""decision"", ""target_label"": ""Object detected in left"", ""type_of_edge"": ""solid"", ""relationship_value"": """", ""relationship_type"": ""follows""}, {""source"": ""2"", ""source_type"": ""decision"", ""source_label"": ""Object detected in left"", ""target"": ""3"", ""target_type"": ""decision"", ""target_label"": ""Object detected in right"", ""type_of_edge"": ""solid"", ""relationship_value"": ""No"", ""relationship_type"": ""follows""}, {""source"": ""2"", ""source_type"": ""decision"", ""source_label"": ""Object detected in left"", ""target"": ""4"", ""target_type"": ""process"", ""target_label"": ""Turn Left"", ""type_of_edge"": ""solid"", ""relationship_value"": ""Yes"", ""relationship_type"": ""follows""}, {""source"": ""4"", ""source_type"": ""process"", ""source_label"": ""Turn Left"", ""target"": ""3"", ""target_type"": ""decision"", ""target_label"": ""Object detected in right"", ""type_of_edge"": ""solid"", ""relationship_value"": """", ""relationship_type"": ""follows""}, {""source"": ""3"", ""source_type"": ""decision"", ""source_label"": ""Object detected in right"", ""target"": ""2"", ""target_type"": ""decision"", ""target_label"": ""Object detected in left"", ""type_of_edge"": ""solid"", ""relationship_value"": ""No"", ""relationship_type"": ""follows""}, {""source"": ""3"", ""source_type"": ""decision"", ""source_label"": ""Object detected in right"", ""target"": ""5"", ""target_type"": ""process"", ""target_label"": ""Turn Right"", ""type_of_edge"": ""solid"", ""relationship_value"": ""Yes"", ""relationship_type"": ""follows""}, {""source"": ""5"", ""source_type"": ""process"", ""source_label"": ""Turn Right"", ""target"": ""2"", ""target_type"": ""decision"", ""target_label"": ""Object detected in left"", ""type_of_edge"": ""solid"", ""relationship_value"": """", ""relationship_type"": ""follows""}]}"
113.png,"{""nodes"": [{""id"": ""1"", ""type_of_node"": ""decision"", ""shape"": ""gateway"", ""label"": ""Do you have time to flee?""}, {""id"": ""2"", ""type_of_node"": ""process"", ""shape"": ""task"", ""label"": ""Run quickly""}, {""id"": ""3"", ""type_of_node"": ""decision"", ""shape"": ""gateway"", ""label"": ""Are you wearing sun glasses?""}, {""id"": ""4"", ""type_of_node"": ""process"", ""shape"": ""task"", ""label"": ""Don't run""}, {""id"": ""5"", ""type_of_node"": ""decision"", ""shape"": ""gateway"", ""label"": ""Could you pretend to get a call?""}, {""id"": ""6"", ""type_of_node"": ""process"", ""shape"": ""task"", ""label"": ""No problem""}, {""id"": ""7"", ""type_of_node"": ""process"", ""shape"": ""task"", ""label"": ""Yeah! No need to say hi.""}, {""id"": ""8"", ""type_of_node"": ""terminator"", ""shape"": ""end_event"", ""label"": ""Finish""}], ""edges"": [{""source"": ""1"", ""source_type"": ""decision"", ""source_label"": ""Do you have time to flee?"", ""target"": ""2"", ""target_type"": ""process"", ""target_label"": ""Run quickly"", ""type_of_edge"": ""solid"", ""relationship_value"": ""Yes"", ""relationship_type"": ""branches""}, {""source"": ""2"", ""source_type"": ""process"", ""source_label"": ""Run quickly"", ""target"": ""7"", ""target_type"": ""process"", ""target_label"": ""Yeah! No need to say hi."", ""type_of_edge"": ""solid"", ""relationship_value"": """", ""relationship_type"": ""follows""}, {""source"": ""1"", ""source_type"": ""decision"", ""source_label"": ""Do you have time to flee?"", ""target"": ""3"", ""target_type"": ""decision"", ""target_label"": ""Are you wearing sun glasses?"", ""type_of_edge"": ""solid"", ""relationship_value"": ""No"", ""relationship_type"": ""branches""}, {""source"": ""3"", ""source_type"": ""decision"", ""source_label"": ""Are you wearing sun glasses?"", ""target"": ""4"", ""target_type"": ""process"", ""target_label"": ""Don't run"", ""type_of_edge"": ""solid"", ""relationship_value"": ""Yes"", ""relationship_type"": ""branches""}, {""source"": ""4"", ""source_type"": ""process"", ""source_label"": ""Don't run"", ""target"": ""7"", ""target_type"": ""process"", ""target_label"": ""Yeah! No need to say hi."", ""type_of_edge"": ""solid"", ""relationship_value"": """", ""relationship_type"": ""follows""}, {""source"": ""3"", ""source_type"": ""decision"", ""source_label"": ""Are you wearing sun glasses?"", ""target"": ""5"", ""target_type"": ""decision"", ""target_label"": ""Could you pretend to get a call?"", ""type_of_edge"": ""solid"", ""relationship_value"": ""No"", ""relationship_type"": ""branches""}, {""source"": ""5"", ""source_type"": ""decision"", ""source_label"": ""Could you pretend to get a call?"", ""target"": ""6"", ""target_type"": ""process"", ""target_label"": ""No problem"", ""type_of_edge"": ""solid"", ""relationship_value"": ""Yes"", ""relationship_type"": ""branches""}, {""source"": ""6"", ""source_type"": ""process"", ""source_label"": ""No problem"", ""target"": ""7"", ""target_type"": ""process"", ""target_label"": ""Yeah! No need to say hi."", ""type_of_edge"": ""solid"", ""relationship_value"": """", ""relationship_type"": ""follows""}, {""source"": ""5"", ""source_type"": ""decision"", ""source_label"": ""Could you pretend to get a call?"", ""target"": ""8"", ""target_type"": ""terminator"", ""target_label"": ""Finish"", ""type_of_edge"": ""solid"", ""relationship_value"": ""No"", ""relationship_type"": ""branches""}]}"
48.png,"{""nodes"": [{""id"": ""1"", ""type_of_node"": ""start"", ""shape"": ""start_event"", ""label"": ""START""}, {""id"": ""2"", ""type_of_node"": ""process"", ""shape"": ""task"", ""label"": ""count=1""}, {""id"": ""3"", ""type_of_node"": ""decision"", ""shape"": ""gateway"", ""label"": ""count<=3""}, {""id"": ""4"", ""type_of_node"": ""terminator"", ""shape"": ""end_event"", ""label"": ""STOP""}, {""id"": ""5"", ""type_of_node"": ""process"", ""shape"": ""task"", ""label"": ""INPUT""}, {""id"": ""6"", ""type_of_node"": ""process"", ""shape"": ""task"", ""label"": ""p*n*r/100""}, {""id"": ""7"", ""type_of_node"": ""process"", ""shape"": ""task"", ""label"": ""PRINT""}, {""id"": ""8"", ""type_of_node"": ""process"", ""shape"": ""task"", ""label"": ""count=count+1""}], ""edges"": [{""source"": ""1"", ""source_type"": ""start"", ""source_label"": ""START"", ""target"": ""2"", ""target_type"": ""process"", ""target_label"": ""count=1"", ""type_of_edge"": ""solid"", ""relationship_value"": """", ""relationship_type"": ""follows""}, {""source"": ""2"", ""source_type"": ""process"", ""source_label"": ""count=1"", ""target"": ""3"", ""target_type"": ""decision"", ""target_label"": ""count<=3"", ""type_of_edge"": ""solid"", ""relationship_value"": """", ""relationship_type"": ""follows""}, {""source"": ""3"", ""source_type"": ""decision"", ""source_label"": ""count<=3"", ""target"": ""4"", ""target_type"": ""terminator"", ""target_label"": ""STOP"", ""type_of_edge"": ""solid"", ""relationship_value"": ""No"", ""relationship_type"": ""branches""}, {""source"": ""3"", ""source_type"": ""decision"", ""source_label"": ""count<=3"", ""target"": ""5"", ""target_type"": ""process"", ""target_label"": ""INPUT"", ""type_of_edge"": ""solid"", ""relationship_value"": ""Yes"", ""relationship_type"": ""branches""}, {""source"": ""5"", ""source_type"": ""process"", ""source_label"": ""INPUT"", ""target"": ""6"", ""target_type"": ""process"", ""target_label"": ""p*n*r/100"", ""type_of_edge"": ""solid"", ""relationship_value"": """", ""relationship_type"": ""follows""}, {""source"": ""6"", ""source_type"": ""process"", ""source_label"": ""p*n*r/100"", ""target"": ""7"", ""target_type"": ""process"", ""target_label"": ""PRINT"", ""type_of_edge"": ""solid"", ""relationship_value"": """", ""relationship_type"": ""follows""}, {""source"": ""7"", ""source_type"": ""process"", ""source_label"": ""PRINT"", ""target"": ""8"", ""target_type"": ""process"", ""target_label"": ""count=count+1"", ""type_of_edge"": ""solid"", ""relationship_value"": """", ""relationship_type"": ""follows""}, {""source"": ""8"", ""source_type"": ""process"", ""source_label"": ""count=count+1"", ""target"": ""3"", ""target_type"": ""decision"", ""target_label"": ""count<=3"", ""type_of_edge"": ""solid"", ""relationship_value"": """", ""relationship_type"": ""follows""}]}"
192.png,"{""nodes"": [{""id"": ""1"", ""type_of_node"": ""start"", ""shape"": ""start_event"", ""label"": ""Begin""}, {""id"": ""2"", ""type_of_node"": ""decision"", ""shape"": ""gateway"", ""label"": ""Does the User has an account?""}, {""id"": ""3"", ""type_of_node"": ""process"", ""shape"": ""task"", ""label"": ""Go to website""}, {""id"": ""4"", ""type_of_node"": ""process"", ""shape"": ""task"", ""label"": ""\""Open an account\"" page open""}, {""id"": ""5"", ""type_of_node"": ""process"", ""shape"": ""task"", ""label"": ""User enter email""}, {""id"": ""6"", ""type_of_node"": ""process"", ""shape"": ""task"", ""label"": ""User enter password""}, {""id"": ""7"", ""type_of_node"": ""process"", ""shape"": ""task"", ""label"": ""User clicks on the login button""}, {""id"": ""8"", ""type_of_node"": ""decision"", ""shape"": ""gateway"", ""label"": ""Are the email and password is correct?""}, {""id"": ""9"", ""type_of_node"": ""process"", ""shape"": ""task"", ""label"": ""Close""}, {""id"": ""10"", ""type_of_node"": ""process"", ""shape"": ""task"", ""label"": ""Error message appears""}], ""edges"": [{""source"": ""1"", ""source_type"": ""start"", ""source_label"": ""Begin"", ""target"": ""2"", ""target_type"": ""decision"", ""target_label"": ""Does the User has an account?"", ""type_of_edge"": ""solid"", ""relationship_value"": """", ""relationship_type"": ""follows""}, {""source"": ""2"", ""source_type"": ""decision"", ""source_label"": ""Does the User has an account?"", ""target"": ""3"", ""target_type"": ""process"", ""target_label"": ""Go to website"", ""type_of_edge"": ""solid"", ""relationship_value"": ""No"", ""relationship_type"": ""branches""}, {""source"": ""3"", ""source_type"": ""process"", ""source_label"": ""Go to website"", ""target"": ""4"", ""target_type"": ""process"", ""target_label"": ""\""Open an account\"" page open"", ""type_of_edge"": ""solid"", ""relationship_value"": """", ""relationship_type"": ""follows""}, {""source"": ""2"", ""source_type"": ""decision"", ""source_label"": ""Does the User has an account?"", ""target"": ""5"", ""target_type"": ""process"", ""target_label"": ""User enter email"", ""type_of_edge"": ""solid"", ""relationship_value"": ""Yes"", ""relationship_type"": ""branches""}, {""source"": ""5"", ""source_type"": ""process"", ""source_label"": ""User enter email"", ""target"": ""6"", ""target_type"": ""process"", ""target_label"": ""User enter password"", ""type_of_edge"": ""solid"", ""relationship_value"": """", ""relationship_type"": ""follows""}, {""source"": ""6"", ""source_type"": ""process"", ""source_label"": ""User enter password"", ""target"": ""7"", ""target_type"": ""process"", ""target_label"": ""User clicks on the login button"", ""type_of_edge"": ""solid"", ""relationship_value"": """", ""relationship_type"": ""follows""}, {""source"": ""7"", ""source_type"": ""process"", ""source_label"": ""User clicks on the login button"", ""target"": ""8"", ""target_type"": ""decision"", ""target_label"": ""Are the email and password is correct?"", ""type_of_edge"": ""solid"", ""relationship_value"": """", ""relationship_type"": ""follows""}, {""source"": ""8"", ""source_type"": ""decision"", ""source_label"": ""Are the email and password is correct?"", ""target"": ""9"", ""target_type"": ""process"", ""target_label"": ""Close"", ""type_of_edge"": ""solid"", ""relationship_value"": ""No"", ""relationship_type"": ""branches""}, {""source"": ""8"", ""source_type"": ""decision"", ""source_label"": ""Are the email and password is correct?"", ""target"": ""10"", ""target_type"": ""process"", ""target_label"": ""Error message appears"", ""type_of_edge"": ""solid"", ""relationship_value"": ""Yes"", ""relationship_type"": ""branches""}]}"
620.png,"{""nodes"": [{""id"": ""1"", ""type_of_node"": ""start"", ""shape"": ""start_event"", ""label"": ""Start""}, {""id"": ""2"", ""type_of_node"": ""process"", ""shape"": ""task"", ""label"": ""Submit the registration form""}, {""id"": ""3"", ""type_of_node"": ""decision"", ""shape"": ""gateway"", ""label"": ""Form Complete?""}, {""id"": ""4"", ""type_of_node"": ""process"", ""shape"": ""task"", ""label"": ""Verify details""}, {""id"": ""5"", ""type_of_node"": ""decision"", ""shape"": ""gateway"", ""label"": ""Accept SUbmission?""}, {""id"": ""6"", ""type_of_node"": ""process"", ""shape"": ""task"", ""label"": ""Write Acceptance Letter""}, {""id"": ""7"", ""type_of_node"": ""process"", ""shape"": ""task"", ""label"": ""Return Document""}, {""id"": ""8"", ""type_of_node"": ""process"", ""shape"": ""task"", ""label"": ""Confirmation""}, {""id"": ""9"", ""type_of_node"": ""terminator"", ""shape"": ""end_event"", ""label"": ""End""}], ""edges"": [{""source"": ""1"", ""source_type"": ""start"", ""source_label"": ""Start"", ""target"": ""2"", ""target_type"": ""process"", ""target_label"": ""Submit the registration form"", ""type_of_edge"": ""solid"", ""relationship_value"": """", ""relationship_type"": ""follows""}, {""source"": ""2"", ""source_type"": ""process"", ""source_label"": ""Submit the registration form"", ""target"": ""3"", ""target_type"": ""decision"", ""target_label"": ""Form Complete?"", ""type_of_edge"": ""solid"", ""relationship_value"": """", ""relationship_type"": ""follows""}, {""source"": ""3"", ""source_type"": ""decision"", ""source_label"": ""Form Complete?"", ""target"": ""2"", ""target_type"": ""process"", ""target_label"": ""Submit the registration form"", ""type_of_edge"": ""solid"", ""relationship_value"": ""No"", ""relationship_type"": ""branches""}, {""source"": ""3"", ""source_type"": ""decision"", ""source_label"": ""Form Complete?"", ""target"": ""4"", ""target_type"": ""process"", ""target_label"": ""Verify details"", ""type_of_edge"": ""solid"", ""relationship_value"": ""Yes"", ""relationship_type"": ""branches""}, {""source"": ""4"", ""source_type"": ""process"", ""source_label"": ""Verify details"", ""target"": ""5"", ""target_type"": ""decision"", ""target_label"": ""Accept SUbmission?"", ""type_of_edge"": ""solid"", ""relationship_value"": """", ""relationship_type"": ""follows""}, {""source"": ""5"", ""source_type"": ""decision"", ""source_label"": ""Accept SUbmission?"", ""target"": ""6"", ""target_type"": ""process"", ""target_label"": ""Write Acceptance Letter"", ""type_of_edge"": ""solid"", ""relationship_value"": ""Yes"", ""relationship_type"": ""branches""}, {""source"": ""5"", ""source_type"": ""decision"", ""source_label"": ""Accept SUbmission?"", ""target"": ""7"", ""target_type"": ""process"", ""target_label"": ""Return Document"", ""type_of_edge"": ""solid"", ""relationship_value"": ""No"", ""relationship_type"": ""branches""}, {""source"": ""7"", ""source_type"": ""process"", ""source_label"": ""Return Document"", ""target"": ""9"", ""target_type"": ""terminator"", ""target_label"": ""End"", ""type_of_edge"": ""solid"", ""relationship_value"": """", ""relationship_type"": ""follows""}, {""source"": ""6"", ""source_type"": ""process"", ""source_label"": ""Write Acceptance Letter"", ""target"": ""8"", ""target_type"": ""process"", ""target_label"": ""Confirmation"", ""type_of_edge"": ""solid"", ""relationship_value"": """", ""relationship_type"": ""follows""}, {""source"": ""8"", ""source_type"": ""process"", ""source_label"": ""Confirmation"", ""target"": ""9"", ""target_type"": ""terminator"", ""target_label"": ""End"", ""type_of_edge"": ""solid"", ""relationship_value"": """", ""relationship_type"": ""follows""}]}"
262.png,"{""nodes"": [{""id"": ""1"", ""type_of_node"": ""start"", ""shape"": ""start_event"", ""label"": ""Start""}, {""id"": ""2"", ""type_of_node"": ""process"", ""shape"": ""task"", ""label"": ""READ""}, {""id"": ""3"", ""type_of_node"": ""process"", ""shape"": ""task"", ""label"": ""M=1 F=1""}, {""id"": ""4"", ""type_of_node"": ""process"", ""shape"": ""task"", ""label"": ""F=F*M""}, {""id"": ""5"", ""type_of_node"": ""decision"", ""shape"": ""gateway"", ""label"": ""M=N?""}, {""id"": ""6"", ""type_of_node"": ""process"", ""shape"": ""task"", ""label"": ""M=M+1""}, {""id"": ""7"", ""type_of_node"": ""process"", ""shape"": ""task"", ""label"": ""PRINT""}, {""id"": ""8"", ""type_of_node"": ""terminator"", ""shape"": ""end_event"", ""label"": ""END""}], ""edges"": [{""source"": ""1"", ""source_type"": ""start"", ""source_label"": ""Start"", ""target"": ""2"", ""target_type"": ""process"", ""target_label"": ""READ"", ""type_of_edge"": ""solid"", ""relationship_value"": """", ""relationship_type"": ""follows""}, {""source"": ""2"", ""source_type"": ""process"", ""source_label"": ""READ"", ""target"": ""3"", ""target_type"": ""process"", ""target_label"": ""M=1 F=1"", ""type_of_edge"": ""solid"", ""relationship_value"": """", ""relationship_type"": ""follows""}, {""source"": ""3"", ""source_type"": ""process"", ""source_label"": ""M=1 F=1"", ""target"": ""4"", ""target_type"": ""process"", ""target_label"": ""F=F*M"", ""type_of_edge"": ""solid"", ""relationship_value"": """", ""relationship_type"": ""follows""}, {""source"": ""4"", ""source_type"": ""process"", ""source_label"": ""F=F*M"", ""target"": ""5"", ""target_type"": ""decision"", ""target_label"": ""M=N?"", ""type_of_edge"": ""solid"", ""relationship_value"": """", ""relationship_type"": ""follows""}, {""source"": ""5"", ""source_type"": ""decision"", ""source_label"": ""M=N?"", ""target"": ""6"", ""target_type"": ""process"", ""target_label"": ""M=M+1"", ""type_of_edge"": ""solid"", ""relationship_value"": ""NO"", ""relationship_type"": ""branches""}, {""source"": ""6"", ""source_type"": ""process"", ""source_label"": ""M=M+1"", ""target"": ""4"", ""target_type"": ""process"", ""target_label"": ""F=F*M"", ""type_of_edge"": ""solid"", ""relationship_value"": """", ""relationship_type"": ""follows""}, {""source"": ""5"", ""source_type"": ""decision"", ""source_label"": ""M=N?"", ""target"": ""7"", ""target_type"": ""process"", ""target_label"": ""PRINT"", ""type_of_edge"": ""solid"", ""relationship_value"": ""YES"", ""relationship_type"": ""branches""}, {""source"": ""7"", ""source_type"": ""process"", ""source_label"": ""PRINT"", ""target"": ""8"", ""target_type"": ""terminator"", ""target_label"": ""END"", ""type_of_edge"": ""solid"", ""relationship_value"": """", ""relationship_type"": ""follows""}]}"
47.png,"{""nodes"": [{""id"": ""1"", ""type_of_node"": ""start"", ""shape"": ""start_event"", ""label"": ""Begin""}, {""id"": ""2"", ""type_of_node"": ""process"", ""shape"": ""task"", ""label"": ""Input length, width""}, {""id"": ""3"", ""type_of_node"": ""process"", ""shape"": ""task"", ""label"": ""Perimeter = 2 * (length + width)""}, {""id"": ""4"", ""type_of_node"": ""process"", ""shape"": ""task"", ""label"": ""Print output""}, {""id"": ""5"", ""type_of_node"": ""terminator"", ""shape"": ""end_event"", ""label"": ""Stop""}], ""edges"": [{""source"": ""1"", ""source_type"": ""start"", ""source_label"": ""Begin"", ""target"": ""2"", ""target_type"": ""process"", ""target_label"": ""Input length, width"", ""type_of_edge"": ""solid"", ""relationship_value"": """", ""relationship_type"": ""follows""}, {""source"": ""2"", ""source_type"": ""process"", ""source_label"": ""Input length, width"", ""target"": ""3"", ""target_type"": ""process"", ""target_label"": ""Perimeter = 2 * (length + width)"", ""type_of_edge"": ""solid"", ""relationship_value"": """", ""relationship_type"": ""follows""}, {""source"": ""3"", ""source_type"": ""process"", ""source_label"": ""Perimeter = 2 * (length + width)"", ""target"": ""4"", ""target_type"": ""process"", ""target_label"": ""Print output"", ""type_of_edge"": ""solid"", ""relationship_value"": """", ""relationship_type"": ""follows""}, {""source"": ""4"", ""source_type"": ""process"", ""source_label"": ""Print output"", ""target"": ""5"", ""target_type"": ""terminator"", ""target_label"": ""Stop"", ""type_of_edge"": ""solid"", ""relationship_value"": """", ""relationship_type"": ""follows""}]}"
347.png,"{""nodes"": [{""id"": ""1"", ""type_of_node"": ""start"", ""shape"": ""start_event"", ""label"": ""Start""}, {""id"": ""2"", ""type_of_node"": ""process"", ""shape"": ""task"", ""label"": ""Inputs""}, {""id"": ""3"", ""type_of_node"": ""process"", ""shape"": ""task"", ""label"": ""Find Area""}, {""id"": ""4"", ""type_of_node"": ""process"", ""shape"": ""task"", ""label"": ""Display""}, {""id"": ""5"", ""type_of_node"": ""terminator"", ""shape"": ""end_event"", ""label"": ""Stop""}], ""edges"": [{""source"": ""1"", ""source_type"": ""start"", ""source_label"": ""Start"", ""target"": ""2"", ""target_type"": ""process"", ""target_label"": ""Inputs"", ""type_of_edge"": ""solid"", ""relationship_value"": """", ""relationship_type"": ""follows""}, {""source"": ""2"", ""source_type"": ""process"", ""source_label"": ""Inputs"", ""target"": ""3"", ""target_type"": ""process"", ""target_label"": ""Find Area"", ""type_of_edge"": ""solid"", ""relationship_value"": """", ""relationship_type"": ""follows""}, {""source"": ""3"", ""source_type"": ""process"", ""source_label"": ""Find Area"", ""target"": ""4"", ""target_type"": ""process"", ""target_label"": ""Display"", ""type_of_edge"": ""solid"", ""relationship_value"": """", ""relationship_type"": ""follows""}, {""source"": ""4"", ""source_type"": ""process"", ""source_label"": ""Display"", ""target"": ""5"", ""target_type"": ""terminator"", ""target_label"": ""Stop"", ""type_of_edge"": ""solid"", ""relationship_value"": """", ""relationship_type"": ""follows""}]}"
907.png,"{""nodes"": [{""id"": ""1"", ""type_of_node"": ""start"", ""shape"": ""start_event"", ""label"": ""Start""}, {""id"": ""2"", ""type_of_node"": ""process"", ""shape"": ""task"", ""label"": ""Order 1""}, {""id"": ""3"", ""type_of_node"": ""process"", ""shape"": ""data_store"", ""label"": ""Data""}, {""id"": ""4"", ""type_of_node"": ""process"", ""shape"": ""task"", ""label"": ""Document""}, {""id"": ""5"", ""type_of_node"": ""decision"", ""shape"": ""gateway"", ""label"": ""Accept?""}, {""id"": ""6"", ""type_of_node"": ""process"", ""shape"": ""task"", ""label"": ""Work""}, {""id"": ""7"", ""type_of_node"": ""process"", ""shape"": ""task"", ""label"": ""Home""}, {""id"": ""8"", ""type_of_node"": ""terminator"", ""shape"": ""end_event"", ""label"": ""End""}], ""edges"": [{""source"": ""1"", ""source_type"": ""start"", ""source_label"": ""Start"", ""target"": ""2"", ""target_type"": ""process"", ""target_label"": ""Order 1"", ""type_of_edge"": ""solid"", ""relationship_value"": """", ""relationship_type"": ""follows""}, {""source"": ""2"", ""source_type"": ""process"", ""source_label"": ""Order 1"", ""target"": ""3"", ""target_type"": ""process"", ""target_label"": ""Data"", ""type_of_edge"": ""solid"", ""relationship_value"": """", ""relationship_type"": ""follows""}, {""source"": ""3"", ""source_type"": ""process"", ""source_label"": ""Data"", ""target"": ""4"", ""target_type"": ""process"", ""target_label"": ""Document"", ""type_of_edge"": ""solid"", ""relationship_value"": """", ""relationship_type"": ""follows""}, {""source"": ""4"", ""source_type"": ""process"", ""source_label"": ""Document"", ""target"": ""5"", ""target_type"": ""decision"", ""target_label"": ""Accept?"", ""type_of_edge"": ""solid"", ""relationship_value"": """", ""relationship_type"": ""follows""}, {""source"": ""2"", ""source_type"": ""process"", ""source_label"": ""Order 1"", ""target"": ""5"", ""target_type"": ""decision"", ""target_label"": ""Accept?"", ""type_of_edge"": ""solid"", ""relationship_value"": """", ""relationship_type"": ""follows""}, {""source"": ""5"", ""source_type"": ""decision"", ""source_label"": ""Accept?"", ""target"": ""6"", ""target_type"": ""process"", ""target_label"": ""Work"", ""type_of_edge"": ""solid"", ""relationship_value"": ""Yes"", ""relationship_type"": ""follows""}, {""source"": ""6"", ""source_type"": ""process"", ""source_label"": ""Work"", ""target"": ""7"", ""target_type"": ""process"", ""target_label"": ""Home"", ""type_of_edge"": ""solid"", ""relationship_value"": """", ""relationship_type"": ""follows""}, {""source"": ""7"", ""source_type"": ""process"", ""source_label"": ""Home"", ""target"": ""8"", ""target_type"": ""terminator"", ""target_label"": ""End"", ""type_of_edge"": ""solid"", ""relationship_value"": """", ""relationship_type"": ""follows""}]}"
93.png,"{""nodes"": [{""id"": ""1"", ""type_of_node"": ""start"", ""shape"": ""start_event"", ""label"": ""Start""}, {""id"": ""2"", ""type_of_node"": ""process"", ""shape"": ""task"", ""label"": ""Initialize""}, {""id"": ""3"", ""type_of_node"": ""decision"", ""shape"": ""gateway"", ""label"": ""Decision""}, {""id"": ""4"", ""type_of_node"": ""process"", ""shape"": ""task"", ""label"": ""Update""}, {""id"": ""5"", ""type_of_node"": ""terminator"", ""shape"": ""end_event"", ""label"": ""End""}], ""edges"": [{""source"": ""1"", ""source_type"": ""start"", ""source_label"": ""Start"", ""target"": ""2"", ""target_type"": ""process"", ""target_label"": ""Initialize"", ""type_of_edge"": ""solid"", ""relationship_value"": """", ""relationship_type"": ""follows""}, {""source"": ""2"", ""source_type"": ""process"", ""source_label"": ""Initialize"", ""target"": ""3"", ""target_type"": ""decision"", ""target_label"": ""Decision"", ""type_of_edge"": ""solid"", ""relationship_value"": """", ""relationship_type"": ""follows""}, {""source"": ""3"", ""source_type"": ""decision"", ""source_label"": ""Decision"", ""target"": ""4"", ""target_type"": ""process"", ""target_label"": ""Update"", ""type_of_edge"": ""solid"", ""relationship_value"": ""No"", ""relationship_type"": ""branches""}, {""source"": ""4"", ""source_type"": ""process"", ""source_label"": ""Update"", ""target"": ""2"", ""target_type"": ""process"", ""target_label"": ""Initialize"", ""type_of_edge"": ""solid"", ""relationship_value"": """", ""relationship_type"": ""follows""}, {""source"": ""3"", ""source_type"": ""decision"", ""source_label"": ""Decision"", ""target"": ""5"", ""target_type"": ""terminator"", ""target_label"": ""End"", ""type_of_edge"": ""solid"", ""relationship_value"": ""Yes"", ""relationship_type"": ""branches""}]}"
911.png,"{""nodes"": [{""id"": ""1"", ""type_of_node"": ""start"", ""shape"": ""start_event"", ""label"": ""Start""}, {""id"": ""2"", ""type_of_node"": ""process"", ""shape"": ""task"", ""label"": ""Declare variables a,b,D,x1,x2,rp and ip""}, {""id"": ""3"", ""type_of_node"": ""process"", ""shape"": ""task"", ""label"": ""Calculate discriminant, D<-b^2-4ac""}, {""id"": ""4"", ""type_of_node"": ""decision"", ""shape"": ""gateway"", ""label"": ""is D>=0?""}, {""id"": ""5"", ""type_of_node"": ""process"", ""shape"": ""task"", ""label"": ""r1 \u2190 (-b +\u221aD) / 2a\nr2 \u2190 (-b +\u221aD) / 2a""}, {""id"": ""6"", ""type_of_node"": ""process"", ""shape"": ""task"", ""label"": ""ip <- -b/21\nrp <- \u221a-D / 2a""}, {""id"": ""7"", ""type_of_node"": ""process"", ""shape"": ""task"", ""label"": ""x1 <- ip + j*ip\nx2 <- ip - j*ip""}, {""id"": ""8"", ""type_of_node"": ""process"", ""shape"": ""task"", ""label"": ""Display r1 and r2""}, {""id"": ""9"", ""type_of_node"": ""terminator"", ""shape"": ""end_event"", ""label"": ""Stop""}], ""edges"": [{""source"": ""1"", ""source_type"": ""start"", ""source_label"": ""Start"", ""target"": ""2"", ""target_type"": ""process"", ""target_label"": ""Declare variables a,b,D,x1,x2,rp and ip"", ""type_of_edge"": ""solid"", ""relationship_value"": """", ""relationship_type"": ""follows""}, {""source"": ""2"", ""source_type"": ""process"", ""source_label"": ""Declare variables a,b,D,x1,x2,rp and ip"", ""target"": ""3"", ""target_type"": ""process"", ""target_label"": ""Calculate discriminant, D<-b^2-4ac"", ""type_of_edge"": ""solid"", ""relationship_value"": """", ""relationship_type"": ""follows""}, {""source"": ""3"", ""source_type"": ""process"", ""source_label"": ""Calculate discriminant, D<-b^2-4ac"", ""target"": ""4"", ""target_type"": ""decision"", ""target_label"": ""is D>=0?"", ""type_of_edge"": ""solid"", ""relationship_value"": """", ""relationship_type"": ""follows""}, {""source"": ""4"", ""source_type"": ""decision"", ""source_label"": ""is D>=0?"", ""target"": ""5"", ""target_type"": ""process"", ""target_label"": ""r1 \u2190 (-b +\u221aD) / 2a\nr2 \u2190 (-b +\u221aD) / 2a"", ""type_of_edge"": ""solid"", ""relationship_value"": ""True"", ""relationship_type"": ""branches""}, {""source"": ""4"", ""source_type"": ""decision"", ""source_label"": ""is D>=0?"", ""target"": ""6"", ""target_type"": ""process"", ""target_label"": ""ip <- -b/21\nrp <- \u221a-D / 2a"", ""type_of_edge"": ""solid"", ""relationship_value"": ""False"", ""relationship_type"": ""branches""}, {""source"": ""6"", ""source_type"": ""process"", ""source_label"": ""ip <- -b/21\nrp <- \u221a-D / 2a"", ""target"": ""7"", ""target_type"": ""process"", ""target_label"": ""x1 <- ip + j*ip\nx2 <- ip - j*ip"", ""type_of_edge"": ""solid"", ""relationship_value"": """", ""relationship_type"": ""follows""}, {""source"": ""5"", ""source_type"": ""process"", ""source_label"": ""r1 \u2190 (-b +\u221aD) / 2a\nr2 \u2190 (-b +\u221aD) / 2a"", ""target"": ""8"", ""target_type"": ""process"", ""target_label"": ""Display r1 and r2"", ""type_of_edge"": ""solid"", ""relationship_value"": """", ""relationship_type"": ""follows""}, {""source"": ""7"", ""source_type"": ""process"", ""source_label"": ""x1 <- ip + j*ip\nx2 <- ip - j*ip"", ""target"": ""8"", ""target_type"": ""process"", ""target_label"": ""Display r1 and r2"", ""type_of_edge"": ""solid"", ""relationship_value"": """", ""relationship_type"": ""follows""}, {""source"": ""8"", ""source_type"": ""process"", ""source_label"": ""Display r1 and r2"", ""target"": ""9"", ""target_type"": ""terminator"", ""target_label"": ""Stop"", ""type_of_edge"": ""solid"", ""relationship_value"": """", ""relationship_type"": ""follows""}]}"
13.png,"{""nodes"": [{""id"": ""1"", ""type_of_node"": ""start"", ""shape"": ""start_event"", ""label"": ""START""}, {""id"": ""2"", ""type_of_node"": ""process"", ""shape"": ""task"", ""label"": ""Check Weather""}, {""id"": ""3"", ""type_of_node"": ""decision"", ""shape"": ""gateway"", ""label"": ""Is it raining?""}, {""id"": ""4"", ""type_of_node"": ""process"", ""shape"": ""task"", ""label"": ""Leave umbrella at home""}, {""id"": ""5"", ""type_of_node"": ""process"", ""shape"": ""task"", ""label"": ""Take an umbrella""}, {""id"": ""6"", ""type_of_node"": ""terminator"", ""shape"": ""end_event"", ""label"": ""END""}], ""edges"": [{""source"": ""1"", ""source_type"": ""start"", ""source_label"": ""START"", ""target"": ""2"", ""target_type"": ""process"", ""target_label"": ""Check Weather"", ""type_of_edge"": ""solid"", ""relationship_value"": """", ""relationship_type"": ""follows""}, {""source"": ""2"", ""source_type"": ""process"", ""source_label"": ""Check Weather"", ""target"": ""3"", ""target_type"": ""decision"", ""target_label"": ""Is it raining?"", ""type_of_edge"": ""solid"", ""relationship_value"": """", ""relationship_type"": ""follows""}, {""source"": ""3"", ""source_type"": ""decision"", ""source_label"": ""Is it raining?"", ""target"": ""4"", ""target_type"": ""process"", ""target_label"": ""Leave umbrella at home"", ""type_of_edge"": ""solid"", ""relationship_value"": ""NO"", ""relationship_type"": ""branches""}, {""source"": ""3"", ""source_type"": ""decision"", ""source_label"": ""Is it raining?"", ""target"": ""5"", ""target_type"": ""process"", ""target_label"": ""Take an umbrella"", ""type_of_edge"": ""solid"", ""relationship_value"": ""YES"", ""relationship_type"": ""branches""}, {""source"": ""4"", ""source_type"": ""process"", ""source_label"": ""Leave umbrella at home"", ""target"": ""6"", ""target_type"": ""terminator"", ""target_label"": ""END"", ""type_of_edge"": ""solid"", ""relationship_value"": """", ""relationship_type"": ""follows""}, {""source"": ""5"", ""source_type"": ""process"", ""source_label"": ""Take an umbrella"", ""target"": ""6"", ""target_type"": ""terminator"", ""target_label"": ""END"", ""type_of_edge"": ""solid"", ""relationship_value"": """", ""relationship_type"": ""follows""}]}"
905.png,"{""nodes"": [{""id"": ""1"", ""type_of_node"": ""start"", ""shape"": ""start_event"", ""label"": ""Start""}, {""id"": ""2"", ""type_of_node"": ""process"", ""shape"": ""task"", ""label"": ""Identify Problem""}, {""id"": ""3"", ""type_of_node"": ""process"", ""shape"": ""task"", ""label"": ""Work on it""}, {""id"": ""4"", ""type_of_node"": ""process"", ""shape"": ""task"", ""label"": ""Note them down in a diagram or table""}, {""id"": ""5"", ""type_of_node"": ""process"", ""shape"": ""task"", ""label"": ""Ask for assistant""}, {""id"": ""6"", ""type_of_node"": ""decision"", ""shape"": ""gateway"", ""label"": ""Need more help?""}, {""id"": ""7"", ""type_of_node"": ""process"", ""shape"": ""task"", ""label"": ""Find solutions to the root causes identified""}, {""id"": ""8"", ""type_of_node"": ""terminator"", ""shape"": ""end_event"", ""label"": ""End""}], ""edges"": [{""source"": ""1"", ""source_type"": ""start"", ""source_label"": ""Start"", ""target"": ""2"", ""target_type"": ""process"", ""target_label"": ""Identify Problem"", ""type_of_edge"": ""solid"", ""relationship_value"": """", ""relationship_type"": ""follows""}, {""source"": ""2"", ""source_type"": ""process"", ""source_label"": ""Identify Problem"", ""target"": ""3"", ""target_type"": ""process"", ""target_label"": ""Work on it"", ""type_of_edge"": ""solid"", ""relationship_value"": """", ""relationship_type"": ""follows""}, {""source"": ""3"", ""source_type"": ""process"", ""source_label"": ""Work on it"", ""target"": ""4"", ""target_type"": ""process"", ""target_label"": ""Note them down in a diagram or table"", ""type_of_edge"": ""solid"", ""relationship_value"": """", ""relationship_type"": ""follows""}, {""source"": ""4"", ""source_type"": ""process"", ""source_label"": ""Note them down in a diagram or table"", ""target"": ""5"", ""target_type"": ""process"", ""target_label"": ""Ask for assistant"", ""type_of_edge"": ""solid"", ""relationship_value"": """", ""relationship_type"": ""follows""}, {""source"": ""5"", ""source_type"": ""process"", ""source_label"": ""Ask for assistant"", ""target"": ""6"", ""target_type"": ""decision"", ""target_label"": ""Need more help?"", ""type_of_edge"": ""solid"", ""relationship_value"": """", ""relationship_type"": ""follows""}, {""source"": ""6"", ""source_type"": ""decision"", ""source_label"": ""Need more help?"", ""target"": ""5"", ""target_type"": ""process"", ""target_label"": ""Ask for assistant"", ""type_of_edge"": ""solid"", ""relationship_value"": ""No"", ""relationship_type"": ""branches""}, {""source"": ""6"", ""source_type"": ""decision"", ""source_label"": ""Need more help?"", ""target"": ""7"", ""target_type"": ""process"", ""target_label"": ""Find solutions to the root causes identified"", ""type_of_edge"": ""solid"", ""relationship_value"": ""Yes"", ""relationship_type"": ""branches""}, {""source"": ""7"", ""source_type"": ""process"", ""source_label"": ""Find solutions to the root causes identified"", ""target"": ""8"", ""target_type"": ""terminator"", ""target_label"": ""End"", ""type_of_edge"": ""solid"", ""relationship_value"": """", ""relationship_type"": ""follows""}]}"
753.png,"{""nodes"": [{""id"": ""1"", ""type_of_node"": ""start"", ""shape"": ""start_event"", ""label"": ""START""}, {""id"": ""2"", ""type_of_node"": ""process"", ""shape"": ""task"", ""label"": ""ACCEPT INPUT FROM USER""}, {""id"": ""3"", ""type_of_node"": ""decision"", ""shape"": ""gateway"", ""label"": ""CONDITION for(i=1;i<=a;i++)""}, {""id"": ""4"", ""type_of_node"": ""process"", ""shape"": ""task"", ""label"": ""Process""}, {""id"": ""5"", ""type_of_node"": ""process"", ""shape"": ""task"", ""label"": ""PRINT VALUE OF FACTORIAL""}, {""id"": ""6"", ""type_of_node"": ""terminator"", ""shape"": ""end_event"", ""label"": ""STOP""}], ""edges"": [{""source"": ""1"", ""source_type"": ""start"", ""source_label"": ""START"", ""target"": ""2"", ""target_type"": ""process"", ""target_label"": ""ACCEPT INPUT FROM USER"", ""type_of_edge"": ""solid"", ""relationship_value"": """", ""relationship_type"": ""follows""}, {""source"": ""2"", ""source_type"": ""process"", ""source_label"": ""ACCEPT INPUT FROM USER"", ""target"": ""3"", ""target_type"": ""decision"", ""target_label"": ""CONDITION for(i=1;i<=a;i++)"", ""type_of_edge"": ""solid"", ""relationship_value"": """", ""relationship_type"": ""follows""}, {""source"": ""3"", ""source_type"": ""decision"", ""source_label"": ""CONDITION for(i=1;i<=a;i++)"", ""target"": ""4"", ""target_type"": ""process"", ""target_label"": ""Process"", ""type_of_edge"": ""solid"", ""relationship_value"": ""CONDITION is TRUE"", ""relationship_type"": ""branches""}, {""source"": ""3"", ""source_type"": ""decision"", ""source_label"": ""CONDITION for(i=1;i<=a;i++)"", ""target"": ""5"", ""target_type"": ""process"", ""target_label"": ""PRINT VALUE OF FACTORIAL"", ""type_of_edge"": ""solid"", ""relationship_value"": ""CONDITION is FALSE"", ""relationship_type"": ""branches""}, {""source"": ""4"", ""source_type"": ""process"", ""source_label"": ""Process"", ""target"": ""3"", ""target_type"": ""decision"", ""target_label"": ""CONDITION for(i=1;i<=a;i++)"", ""type_of_edge"": ""solid"", ""relationship_value"": """", ""relationship_type"": ""branches""}, {""source"": ""4"", ""source_type"": ""process"", ""source_label"": ""Process"", ""target"": ""3"", ""target_type"": ""process"", ""target_label"": ""PRINT VALUE OF FACTORIAL"", ""type_of_edge"": ""solid"", ""relationship_value"": """", ""relationship_type"": ""branches""}, {""source"": ""5"", ""source_type"": ""process"", ""source_label"": ""PRINT VALUE OF FACTORIAL"", ""target"": ""6"", ""target_type"": ""terminator"", ""target_label"": ""STOP"", ""type_of_edge"": ""solid"", ""relationship_value"": """", ""relationship_type"": ""follows""}]}"
66.png,"{""nodes"": [{""id"": ""1"", ""type_of_node"": ""start"", ""shape"": ""start_event"", ""label"": ""Start""}, {""id"": ""2"", ""type_of_node"": ""process"", ""shape"": ""task"", ""label"": ""Payment gateway""}, {""id"": ""3"", ""type_of_node"": ""process"", ""shape"": ""task"", ""label"": ""Enter your amount and mode""}, {""id"": ""4"", ""type_of_node"": ""process"", ""shape"": ""task"", ""label"": ""Enter code""}, {""id"": ""5"", ""type_of_node"": ""process"", ""shape"": ""task"", ""label"": ""Select gateway""}, {""id"": ""6"", ""type_of_node"": ""decision"", ""shape"": ""gateway"", ""label"": ""Converging?""}, {""id"": ""7"", ""type_of_node"": ""terminator"", ""shape"": ""end_event"", ""label"": ""End""}], ""edges"": [{""source"": ""1"", ""source_type"": ""start"", ""source_label"": ""Start"", ""target"": ""2"", ""target_type"": ""process"", ""target_label"": ""Payment gateway"", ""type_of_edge"": ""solid"", ""relationship_value"": """", ""relationship_type"": ""follows""}, {""source"": ""2"", ""source_type"": ""process"", ""source_label"": ""Payment gateway"", ""target"": ""3"", ""target_type"": ""process"", ""target_label"": ""Enter your amount and mode"", ""type_of_edge"": ""solid"", ""relationship_value"": """", ""relationship_type"": ""follows""}, {""source"": ""3"", ""source_type"": ""process"", ""source_label"": ""Enter your amount and mode"", ""target"": ""4"", ""target_type"": ""process"", ""target_label"": ""Enter code"", ""type_of_edge"": ""solid"", ""relationship_value"": """", ""relationship_type"": ""follows""}, {""source"": ""4"", ""source_type"": ""process"", ""source_label"": ""Enter code"", ""target"": ""5"", ""target_type"": ""process"", ""target_label"": ""Select gateway"", ""type_of_edge"": ""solid"", ""relationship_value"": """", ""relationship_type"": ""follows""}, {""source"": ""5"", ""source_type"": ""process"", ""source_label"": ""Select gateway"", ""target"": ""6"", ""target_type"": ""decision"", ""target_label"": ""Converging?"", ""type_of_edge"": ""solid"", ""relationship_value"": """", ""relationship_type"": ""follows""}, {""source"": ""6"", ""source_type"": ""decision"", ""source_label"": ""Converging?"", ""target"": ""3"", ""target_type"": ""process"", ""target_label"": ""Enter your amount and mode"", ""type_of_edge"": ""solid"", ""relationship_value"": ""NO"", ""relationship_type"": ""branches""}, {""source"": ""6"", ""source_type"": ""decision"", ""source_label"": ""Converging?"", ""target"": ""7"", ""target_type"": ""terminator"", ""target_label"": ""End"", ""type_of_edge"": ""solid"", ""relationship_value"": ""YES"", ""relationship_type"": ""branches""}]}"
936.png,"{""nodes"": [{""id"": ""1"", ""type_of_node"": ""start"", ""shape"": ""start_event"", ""label"": ""Start""}, {""id"": ""2"", ""type_of_node"": ""process"", ""shape"": ""task"", ""label"": ""Input""}, {""id"": ""3"", ""type_of_node"": ""decision"", ""shape"": ""gateway"", ""label"": "" ""}, {""id"": ""4"", ""type_of_node"": ""process"", ""shape"": ""task"", ""label"": ""Process""}, {""id"": ""5"", ""type_of_node"": ""process"", ""shape"": ""task"", ""label"": ""Process""}, {""id"": ""6"", ""type_of_node"": ""terminator"", ""shape"": ""end_event"", ""label"": ""End""}], ""edges"": [{""source"": ""1"", ""source_type"": ""start"", ""source_label"": ""Start"", ""target"": ""2"", ""target_type"": ""process"", ""target_label"": ""Input"", ""type_of_edge"": ""solid"", ""relationship_value"": """", ""relationship_type"": ""follows""}, {""source"": ""2"", ""source_type"": ""process"", ""source_label"": ""Input"", ""target"": ""3"", ""target_type"": ""decision"", ""target_label"": "" "", ""type_of_edge"": ""solid"", ""relationship_value"": """", ""relationship_type"": ""follows""}, {""source"": ""3"", ""source_type"": ""decision"", ""source_label"": "" "", ""target"": ""4"", ""target_type"": ""process"", ""target_label"": ""Process"", ""type_of_edge"": ""solid"", ""relationship_value"": """", ""relationship_type"": ""branches""}, {""source"": ""3"", ""source_type"": ""decision"", ""source_label"": "" "", ""target"": ""5"", ""target_type"": ""process"", ""target_label"": ""Process"", ""type_of_edge"": ""solid"", ""relationship_value"": """", ""relationship_type"": ""branches""}, {""source"": ""4"", ""source_type"": ""process"", ""source_label"": ""Process"", ""target"": ""6"", ""target_type"": ""terminator"", ""target_label"": ""End"", ""type_of_edge"": ""solid"", ""relationship_value"": """", ""relationship_type"": ""follows""}, {""source"": ""5"", ""source_type"": ""process"", ""source_label"": ""Process"", ""target"": ""6"", ""target_type"": ""terminator"", ""target_label"": ""End"", ""type_of_edge"": ""solid"", ""relationship_value"": """", ""relationship_type"": ""follows""}]}"
413.png,"{""nodes"": [{""id"": ""1"", ""type_of_node"": ""start"", ""shape"": ""start_event"", ""label"": ""Begin""}, {""id"": ""2"", ""type_of_node"": ""process"", ""shape"": ""task"", ""label"": ""Pick up item""}, {""id"": ""3"", ""type_of_node"": ""decision"", ""shape"": ""gateway"", ""label"": ""Does this item spark joy for me?""}, {""id"": ""4"", ""type_of_node"": ""process"", ""shape"": ""task"", ""label"": ""Delete""}, {""id"": ""5"", ""type_of_node"": ""process"", ""shape"": ""task"", ""label"": ""Save""}], ""edges"": [{""source"": ""1"", ""source_type"": ""start"", ""source_label"": ""Begin"", ""target"": ""2"", ""target_type"": ""process"", ""target_label"": ""Pick up item"", ""type_of_edge"": ""solid"", ""relationship_value"": """", ""relationship_type"": ""follows""}, {""source"": ""2"", ""source_type"": ""process"", ""source_label"": ""Pick up item"", ""target"": ""3"", ""target_type"": ""decision"", ""target_label"": ""Does this item spark joy for me?"", ""type_of_edge"": ""solid"", ""relationship_value"": """", ""relationship_type"": ""follows""}, {""source"": ""3"", ""source_type"": ""decision"", ""source_label"": ""Does this item spark joy for me?"", ""target"": ""4"", ""target_type"": ""process"", ""target_label"": ""Delete"", ""type_of_edge"": ""solid"", ""relationship_value"": ""No"", ""relationship_type"": ""branches""}, {""source"": ""3"", ""source_type"": ""decision"", ""source_label"": ""Does this item spark joy for me?"", ""target"": ""5"", ""target_type"": ""process"", ""target_label"": ""Save"", ""type_of_edge"": ""solid"", ""relationship_value"": ""Yes"", ""relationship_type"": ""branches""}]}"
252.png,"{""nodes"": [{""id"": ""1"", ""type_of_node"": ""start"", ""shape"": ""start_event"", ""label"": ""Start""}, {""id"": ""2"", ""type_of_node"": ""process"", ""shape"": ""task"", ""label"": ""Initialize parameters of particle swarm""}, {""id"": ""3"", ""type_of_node"": ""process"", ""shape"": ""task"", ""label"": ""Calculate the fitness function""}, {""id"": ""4"", ""type_of_node"": ""process"", ""shape"": ""task"", ""label"": ""Compare with others fitness""}, {""id"": ""5"", ""type_of_node"": ""process"", ""shape"": ""task"", ""label"": ""Update the global best position of particle swarm""}, {""id"": ""6"", ""type_of_node"": ""process"", ""shape"": ""task"", ""label"": ""Find overall performance""}, {""id"": ""7"", ""type_of_node"": ""decision"", ""shape"": ""gateway"", ""label"": ""Does it satisfy the termination conditions?""}, {""id"": ""8"", ""type_of_node"": ""process"", ""shape"": ""task"", ""label"": ""Display the results""}, {""id"": ""9"", ""type_of_node"": ""terminator"", ""shape"": ""end_event"", ""label"": ""End""}], ""edges"": [{""source"": ""1"", ""source_type"": ""start"", ""source_label"": ""Start"", ""target"": ""2"", ""target_type"": ""process"", ""target_label"": ""Initialize parameters of particle swarm"", ""type_of_edge"": ""solid"", ""relationship_value"": """", ""relationship_type"": ""follows""}, {""source"": ""2"", ""source_type"": ""process"", ""source_label"": ""Initialize parameters of particle swarm"", ""target"": ""3"", ""target_type"": ""process"", ""target_label"": ""Calculate the fitness function"", ""type_of_edge"": ""solid"", ""relationship_value"": """", ""relationship_type"": ""follows""}, {""source"": ""3"", ""source_type"": ""process"", ""source_label"": ""Calculate the fitness function"", ""target"": ""4"", ""target_type"": ""process"", ""target_label"": ""Compare with others fitness"", ""type_of_edge"": ""solid"", ""relationship_value"": """", ""relationship_type"": ""follows""}, {""source"": ""4"", ""source_type"": ""process"", ""source_label"": ""Compare with others fitness"", ""target"": ""5"", ""target_type"": ""process"", ""target_label"": ""Update the global best position of particle swarm"", ""type_of_edge"": ""solid"", ""relationship_value"": """", ""relationship_type"": ""follows""}, {""source"": ""5"", ""source_type"": ""process"", ""source_label"": ""Update the global best position of particle swarm"", ""target"": ""6"", ""target_type"": ""process"", ""target_label"": ""Find overall performance"", ""type_of_edge"": ""solid"", ""relationship_value"": """", ""relationship_type"": ""follows""}, {""source"": ""6"", ""source_type"": ""process"", ""source_label"": ""Find overall performance"", ""target"": ""7"", ""target_type"": ""decision"", ""target_label"": ""Does it satisfy the termination conditions?"", ""type_of_edge"": ""solid"", ""relationship_value"": """", ""relationship_type"": ""follows""}, {""source"": ""7"", ""source_type"": ""decision"", ""source_label"": ""Does it satisfy the termination conditions?"", ""target"": ""3"", ""target_type"": ""process"", ""target_label"": ""Calculate the fitness function"", ""type_of_edge"": ""solid"", ""relationship_value"": ""N"", ""relationship_type"": ""branches""}, {""source"": ""7"", ""source_type"": ""decision"", ""source_label"": ""Does it satisfy the termination conditions?"", ""target"": ""8"", ""target_type"": ""process"", ""target_label"": ""Display the results"", ""type_of_edge"": ""solid"", ""relationship_value"": ""Y"", ""relationship_type"": ""branches""}, {""source"": ""8"", ""source_type"": ""process"", ""source_label"": ""Display the results"", ""target"": ""9"", ""target_type"": ""terminator"", ""target_label"": ""End"", ""type_of_edge"": ""solid"", ""relationship_value"": """", ""relationship_type"": ""follows""}]}"
310.png,"{""nodes"": [{""id"": ""1"", ""type_of_node"": ""start"", ""shape"": ""start_event"", ""label"": ""Start""}, {""id"": ""2"", ""type_of_node"": ""process"", ""shape"": ""task"", ""label"": ""Go to kitchen""}, {""id"": ""3"", ""type_of_node"": ""process"", ""shape"": ""task"", ""label"": ""Find food""}, {""id"": ""4"", ""type_of_node"": ""process"", ""shape"": ""task"", ""label"": ""Microwave it""}, {""id"": ""5"", ""type_of_node"": ""process"", ""shape"": ""task"", ""label"": ""Switch off light""}, {""id"": ""6"", ""type_of_node"": ""process"", ""shape"": ""task"", ""label"": ""Get out of kitchen""}, {""id"": ""7"", ""type_of_node"": ""terminator"", ""shape"": ""end_event"", ""label"": ""Enjoy dinner""}], ""edges"": [{""source"": ""1"", ""source_type"": ""start"", ""source_label"": ""Start"", ""target"": ""2"", ""target_type"": ""process"", ""target_label"": ""Go to kitchen"", ""type_of_edge"": ""solid"", ""relationship_value"": """", ""relationship_type"": ""follows""}, {""source"": ""2"", ""source_type"": ""process"", ""source_label"": ""Go to kitchen"", ""target"": ""3"", ""target_type"": ""process"", ""target_label"": ""Find food"", ""type_of_edge"": ""solid"", ""relationship_value"": """", ""relationship_type"": ""follows""}, {""source"": ""3"", ""source_type"": ""process"", ""source_label"": ""Find food"", ""target"": ""4"", ""target_type"": ""process"", ""target_label"": ""Microwave it"", ""type_of_edge"": ""solid"", ""relationship_value"": """", ""relationship_type"": ""follows""}, {""source"": ""4"", ""source_type"": ""process"", ""source_label"": ""Microwave it"", ""target"": ""5"", ""target_type"": ""process"", ""target_label"": ""Switch off light"", ""type_of_edge"": ""solid"", ""relationship_value"": """", ""relationship_type"": ""follows""}, {""source"": ""5"", ""source_type"": ""process"", ""source_label"": ""Switch off light"", ""target"": ""6"", ""target_type"": ""process"", ""target_label"": ""Get out of kitchen"", ""type_of_edge"": ""solid"", ""relationship_value"": """", ""relationship_type"": ""follows""}, {""source"": ""6"", ""source_type"": ""process"", ""source_label"": ""Get out of kitchen"", ""target"": ""7"", ""target_type"": ""terminator"", ""target_label"": ""Enjoy dinner"", ""type_of_edge"": ""solid"", ""relationship_value"": """", ""relationship_type"": ""follows""}]}"
274.png,"{""nodes"": [{""id"": ""1"", ""type_of_node"": ""start"", ""shape"": ""start_event"", ""label"": ""Start""}, {""id"": ""2"", ""type_of_node"": ""process"", ""shape"": ""task"", ""label"": ""Take Input""}, {""id"": ""3"", ""type_of_node"": ""decision"", ""shape"": ""gateway"", ""label"": ""If Number%2==0""}, {""id"": ""4"", ""type_of_node"": ""process"", ""shape"": ""task"", ""label"": ""Print: \""Number is odd\""""}, {""id"": ""5"", ""type_of_node"": ""process"", ""shape"": ""task"", ""label"": ""Print result""}, {""id"": ""6"", ""type_of_node"": ""terminator"", ""shape"": ""end_event"", ""label"": ""End""}], ""edges"": [{""source"": ""1"", ""source_type"": ""start"", ""source_label"": ""Start"", ""target"": ""2"", ""target_type"": ""process"", ""target_label"": ""Take Input"", ""type_of_edge"": ""solid"", ""relationship_value"": """", ""relationship_type"": ""follows""}, {""source"": ""2"", ""source_type"": ""process"", ""source_label"": ""Take Input"", ""target"": ""3"", ""target_type"": ""decision"", ""target_label"": ""If Number%2==0"", ""type_of_edge"": ""solid"", ""relationship_value"": """", ""relationship_type"": ""follows""}, {""source"": ""3"", ""source_type"": ""decision"", ""source_label"": ""If Number%2==0"", ""target"": ""4"", ""target_type"": ""process"", ""target_label"": ""Print: \""Number is odd\"""", ""type_of_edge"": ""solid"", ""relationship_value"": ""False"", ""relationship_type"": ""branches""}, {""source"": ""3"", ""source_type"": ""decision"", ""source_label"": ""If Number%2==0"", ""target"": ""5"", ""target_type"": ""process"", ""target_label"": ""Print result"", ""type_of_edge"": ""solid"", ""relationship_value"": ""True"", ""relationship_type"": ""branches""}, {""source"": ""5"", ""source_type"": ""process"", ""source_label"": ""Print result"", ""target"": ""6"", ""target_type"": ""terminator"", ""target_label"": ""End"", ""type_of_edge"": ""solid"", ""relationship_value"": """", ""relationship_type"": ""follows""}]}"
18.png,"{""nodes"": [{""id"": ""1"", ""type_of_node"": ""start"", ""shape"": ""start_event"", ""label"": ""Begin""}, {""id"": ""2"", ""type_of_node"": ""process"", ""shape"": ""task"", ""label"": ""Get n""}, {""id"": ""3"", ""type_of_node"": ""decision"", ""shape"": ""gateway"", ""label"": ""n%2==0""}, {""id"": ""4"", ""type_of_node"": ""process"", ""shape"": ""task"", ""label"": ""Even""}, {""id"": ""5"", ""type_of_node"": ""process"", ""shape"": ""task"", ""label"": ""Odd""}, {""id"": ""6"", ""type_of_node"": ""terminator"", ""shape"": ""end_event"", ""label"": ""Stop""}], ""edges"": [{""source"": ""1"", ""source_type"": ""start"", ""source_label"": ""Begin"", ""target"": ""2"", ""target_type"": ""process"", ""target_label"": ""Get n"", ""type_of_edge"": ""solid"", ""relationship_value"": """", ""relationship_type"": ""follows""}, {""source"": ""2"", ""source_type"": ""process"", ""source_label"": ""Get n"", ""target"": ""3"", ""target_type"": ""decision"", ""target_label"": ""n%2==0"", ""type_of_edge"": ""solid"", ""relationship_value"": """", ""relationship_type"": ""follows""}, {""source"": ""3"", ""source_type"": ""decision"", ""source_label"": ""n%2==0"", ""target"": ""4"", ""target_type"": ""process"", ""target_label"": ""Even"", ""type_of_edge"": ""solid"", ""relationship_value"": ""Yes"", ""relationship_type"": ""branches""}, {""source"": ""3"", ""source_type"": ""decision"", ""source_label"": ""n%2==0"", ""target"": ""5"", ""target_type"": ""process"", ""target_label"": ""Odd"", ""type_of_edge"": ""solid"", ""relationship_value"": ""No"", ""relationship_type"": ""branches""}, {""source"": ""4"", ""source_type"": ""process"", ""source_label"": ""Even"", ""target"": ""6"", ""target_type"": ""terminator"", ""target_label"": ""Stop"", ""type_of_edge"": ""solid"", ""relationship_value"": """", ""relationship_type"": ""follows""}, {""source"": ""5"", ""source_type"": ""process"", ""source_label"": ""Odd"", ""target"": ""6"", ""target_type"": ""terminator"", ""target_label"": ""Stop"", ""type_of_edge"": ""solid"", ""relationship_value"": """", ""relationship_type"": ""follows""}]}"
263.png,"{""nodes"": [{""id"": ""1"", ""type_of_node"": ""start"", ""shape"": ""start_event"", ""label"": ""START""}, {""id"": ""2"", ""type_of_node"": ""process"", ""shape"": ""task"", ""label"": ""Input Variable: K""}, {""id"": ""3"", ""type_of_node"": ""decision"", ""shape"": ""gateway"", ""label"": ""If K%2==0""}, {""id"": ""4"", ""type_of_node"": ""process"", ""shape"": ""task"", ""label"": ""Print: K is odd""}, {""id"": ""5"", ""type_of_node"": ""process"", ""shape"": ""task"", ""label"": ""Print: K is Even""}, {""id"": ""6"", ""type_of_node"": ""terminator"", ""shape"": ""end_event"", ""label"": ""STOP""}], ""edges"": [{""source"": ""1"", ""source_type"": ""start"", ""source_label"": ""START"", ""target"": ""2"", ""target_type"": ""process"", ""target_label"": ""Input Variable: K"", ""type_of_edge"": ""solid"", ""relationship_value"": """", ""relationship_type"": ""follows""}, {""source"": ""2"", ""source_type"": ""process"", ""source_label"": ""Input Variable: K"", ""target"": ""3"", ""target_type"": ""decision"", ""target_label"": ""If K%2==0"", ""type_of_edge"": ""solid"", ""relationship_value"": """", ""relationship_type"": ""follows""}, {""source"": ""3"", ""source_type"": ""decision"", ""source_label"": ""If K%2==0"", ""target"": ""4"", ""target_type"": ""process"", ""target_label"": ""Print: K is odd"", ""type_of_edge"": ""solid"", ""relationship_value"": ""False"", ""relationship_type"": ""branches""}, {""source"": ""3"", ""source_type"": ""decision"", ""source_label"": ""If K%2==0"", ""target"": ""5"", ""target_type"": ""process"", ""target_label"": ""Print: K is Even"", ""type_of_edge"": ""solid"", ""relationship_value"": ""True"", ""relationship_type"": ""branches""}, {""source"": ""5"", ""source_type"": ""process"", ""source_label"": ""Print: K is Even"", ""target"": ""6"", ""target_type"": ""terminator"", ""target_label"": ""STOP"", ""type_of_edge"": ""solid"", ""relationship_value"": """", ""relationship_type"": ""follows""}]}"
916.png,"{""nodes"": [{""id"": ""1"", ""type_of_node"": ""start"", ""shape"": ""start_event"", ""label"": ""Start""}, {""id"": ""2"", ""type_of_node"": ""decision"", ""shape"": ""gateway"", ""label"": ""Interested in watching movie""}, {""id"": ""3"", ""type_of_node"": ""process"", ""shape"": ""task"", ""label"": ""Well, go read a book then""}, {""id"": ""4"", ""type_of_node"": ""decision"", ""shape"": ""gateway"", ""label"": ""Know the story?""}, {""id"": ""5"", ""type_of_node"": ""process"", ""shape"": ""task"", ""label"": ""Think about what part of the process you need to see""}, {""id"": ""6"", ""type_of_node"": ""process"", ""shape"": ""task"", ""label"": ""Let's start""}], ""edges"": [{""source"": ""1"", ""source_type"": ""start"", ""source_label"": ""Start"", ""target"": ""2"", ""target_type"": ""decision"", ""target_label"": ""Interested in watching movie"", ""type_of_edge"": ""solid"", ""relationship_value"": """", ""relationship_type"": ""follows""}, {""source"": ""2"", ""source_type"": ""decision"", ""source_label"": ""Interested in watching movie"", ""target"": ""3"", ""target_type"": ""process"", ""target_label"": ""Well, go read a book then"", ""type_of_edge"": ""solid"", ""relationship_value"": ""no"", ""relationship_type"": ""branches""}, {""source"": ""2"", ""source_type"": ""decision"", ""source_label"": ""Interested in watching movie"", ""target"": ""4"", ""target_type"": ""decision"", ""target_label"": ""Know the story?"", ""type_of_edge"": ""solid"", ""relationship_value"": ""yes"", ""relationship_type"": ""branches""}, {""source"": ""4"", ""source_type"": ""decision"", ""source_label"": ""Know the story?"", ""target"": ""5"", ""target_type"": ""process"", ""target_label"": ""Think about what part of the process you need to see"", ""type_of_edge"": ""solid"", ""relationship_value"": ""no"", ""relationship_type"": ""branches""}, {""source"": ""4"", ""source_type"": ""decision"", ""source_label"": ""Know the story?"", ""target"": ""6"", ""target_type"": ""process"", ""target_label"": ""Let's start"", ""type_of_edge"": ""solid"", ""relationship_value"": ""yes"", ""relationship_type"": ""branches""}]}"
938.png,"{""nodes"": [{""id"": ""1"", ""type_of_node"": ""start"", ""shape"": ""start_event"", ""label"": ""Start""}, {""id"": ""2"", ""type_of_node"": ""process"", ""shape"": ""task"", ""label"": ""Step 1""}, {""id"": ""3"", ""type_of_node"": ""decision"", ""shape"": ""gateway"", ""label"": ""Decision""}, {""id"": ""4"", ""type_of_node"": ""process"", ""shape"": ""task"", ""label"": ""Step 2""}, {""id"": ""5"", ""type_of_node"": ""terminator"", ""shape"": ""end_event"", ""label"": ""End""}], ""edges"": [{""source"": ""1"", ""source_type"": ""start"", ""source_label"": ""Start"", ""target"": ""2"", ""target_type"": ""process"", ""target_label"": ""Step 1"", ""type_of_edge"": ""solid"", ""relationship_value"": """", ""relationship_type"": ""follows""}, {""source"": ""2"", ""source_type"": ""process"", ""source_label"": ""Step 1"", ""target"": ""3"", ""target_type"": ""decision"", ""target_label"": ""Decision"", ""type_of_edge"": ""solid"", ""relationship_value"": """", ""relationship_type"": ""follows""}, {""source"": ""3"", ""source_type"": ""decision"", ""source_label"": ""Decision"", ""target"": ""4"", ""target_type"": ""process"", ""target_label"": ""Step 2"", ""type_of_edge"": ""solid"", ""relationship_value"": ""No"", ""relationship_type"": ""branches""}, {""source"": ""3"", ""source_type"": ""decision"", ""source_label"": ""Decision"", ""target"": ""5"", ""target_type"": ""terminator"", ""target_label"": ""End"", ""type_of_edge"": ""solid"", ""relationship_value"": ""Yes"", ""relationship_type"": ""branches""}]}"
627.png,"{""nodes"": [{""id"": ""1"", ""type_of_node"": ""start"", ""shape"": ""start_event"", ""label"": ""Start""}, {""id"": ""2"", ""type_of_node"": ""process"", ""shape"": ""task"", ""label"": ""Door bell""}, {""id"": ""3"", ""type_of_node"": ""decision"", ""shape"": ""gateway"", ""label"": ""Ready to face the world?""}, {""id"": ""4"", ""type_of_node"": ""process"", ""shape"": ""task"", ""label"": ""Get Up""}, {""id"": ""5"", ""type_of_node"": ""process"", ""shape"": ""task"", ""label"": ""Ignore""}, {""id"": ""6"", ""type_of_node"": ""delay"", ""shape"": ""task"", ""label"": ""Delay inevitable for 5 minutes""}, {""id"": ""7"", ""type_of_node"": ""terminator"", ""shape"": ""end_event"", ""label"": ""End""}], ""edges"": [{""source"": ""1"", ""source_type"": ""start"", ""source_label"": ""Start"", ""target"": ""2"", ""target_type"": ""process"", ""target_label"": ""Door bell"", ""type_of_edge"": ""solid"", ""relationship_value"": """", ""relationship_type"": ""follows""}, {""source"": ""2"", ""source_type"": ""process"", ""source_label"": ""Door bell"", ""target"": ""3"", ""target_type"": ""decision"", ""target_label"": ""Ready to face the world?"", ""type_of_edge"": ""solid"", ""relationship_value"": """", ""relationship_type"": ""follows""}, {""source"": ""3"", ""source_type"": ""decision"", ""source_label"": ""Ready to face the world?"", ""target"": ""4"", ""target_type"": ""process"", ""target_label"": ""Get Up"", ""type_of_edge"": ""solid"", ""relationship_value"": ""Yes"", ""relationship_type"": ""branches""}, {""source"": ""3"", ""source_type"": ""decision"", ""source_label"": ""Ready to face the world?"", ""target"": ""5"", ""target_type"": ""process"", ""target_label"": ""Ignore"", ""type_of_edge"": ""solid"", ""relationship_value"": ""No"", ""relationship_type"": ""branches""}, {""source"": ""4"", ""source_type"": ""process"", ""source_label"": ""Get Up"", ""target"": ""7"", ""target_type"": ""terminator"", ""target_label"": ""End"", ""type_of_edge"": ""solid"", ""relationship_value"": """", ""relationship_type"": ""follows""}, {""source"": ""5"", ""source_type"": ""process"", ""source_label"": ""Ignore"", ""target"": ""6"", ""target_type"": ""delay"", ""target_label"": ""Delay inevitable for 5 minutes"", ""type_of_edge"": ""solid"", ""relationship_value"": """", ""relationship_type"": ""follows""}, {""source"": ""6"", ""source_type"": ""delay"", ""source_label"": ""Delay inevitable for 5 minutes"", ""target"": ""2"", ""target_type"": ""process"", ""target_label"": ""Door bell"", ""type_of_edge"": ""solid"", ""relationship_value"": """", ""relationship_type"": ""follows""}]}"
924.png,"{""nodes"": [{""id"": ""1"", ""type_of_node"": ""start"", ""shape"": ""start_event"", ""label"": ""Start""}, {""id"": ""2"", ""type_of_node"": ""process"", ""shape"": ""task"", ""label"": ""Process_1""}, {""id"": ""3"", ""type_of_node"": ""process"", ""shape"": ""task"", ""label"": ""Process_2""}, {""id"": ""4"", ""type_of_node"": ""terminator"", ""shape"": ""end_event"", ""label"": ""End""}], ""edges"": [{""source"": ""1"", ""source_type"": ""start"", ""source_label"": ""Start"", ""target"": ""2"", ""target_type"": ""process"", ""target_label"": ""Process_1"", ""type_of_edge"": ""solid"", ""relationship_value"": """", ""relationship_type"": ""follows""}, {""source"": ""2"", ""source_type"": ""process"", ""source_label"": ""Process_1"", ""target"": ""3"", ""target_type"": ""process"", ""target_label"": ""Process_2"", ""type_of_edge"": ""solid"", ""relationship_value"": """", ""relationship_type"": ""follows""}, {""source"": ""3"", ""source_type"": ""process"", ""source_label"": ""Process_2"", ""target"": ""4"", ""target_type"": ""terminator"", ""target_label"": ""End"", ""type_of_edge"": ""solid"", ""relationship_value"": """", ""relationship_type"": ""follows""}]}"
0.png,"{""nodes"": [{""id"": ""1"", ""type_of_node"": ""start"", ""shape"": ""start_event"", ""label"": ""Start""}, {""id"": ""2"", ""type_of_node"": ""process"", ""shape"": ""task"", ""label"": ""Check needs for project""}, {""id"": ""3"", ""type_of_node"": ""decision"", ""shape"": ""gateway"", ""label"": ""Is project well-defined?""}, {""id"": ""4"", ""type_of_node"": ""process"", ""shape"": ""task"", ""label"": ""Re-evaluate needs""}, {""id"": ""5"", ""type_of_node"": ""process"", ""shape"": ""task"", ""label"": ""Build prototype""}, {""id"": ""6"", ""type_of_node"": ""terminator"", ""shape"": ""end_event"", ""label"": ""END""}], ""edges"": [{""source"": ""1"", ""source_type"": ""start"", ""source_label"": ""Start"", ""target"": ""2"", ""target_type"": ""process"", ""target_label"": ""Check needs for project"", ""type_of_edge"": ""solid"", ""relationship_value"": """", ""relationship_type"": ""follows""}, {""source"": ""2"", ""source_type"": ""process"", ""source_label"": ""Check needs for project"", ""target"": ""3"", ""target_type"": ""decision"", ""target_label"": ""Is project well-defined?"", ""type_of_edge"": ""solid"", ""relationship_value"": """", ""relationship_type"": ""follows""}, {""source"": ""3"", ""source_type"": ""decision"", ""source_label"": ""Is project well-defined?"", ""target"": ""4"", ""target_type"": ""process"", ""target_label"": ""Re-evaluate needs"", ""type_of_edge"": ""solid"", ""relationship_value"": ""No"", ""relationship_type"": ""follows""}, {""source"": ""3"", ""source_type"": ""decision"", ""source_label"": ""Is project well-defined?"", ""target"": ""5"", ""target_type"": ""process"", ""target_label"": ""Build prototype"", ""type_of_edge"": ""solid"", ""relationship_value"": ""Yes"", ""relationship_type"": ""follows""}, {""source"": ""4"", ""source_type"": ""process"", ""source_label"": ""Re-evaluate needs"", ""target"": ""5"", ""target_type"": ""process"", ""target_label"": ""Build prototype"", ""type_of_edge"": ""solid"", ""relationship_value"": """", ""relationship_type"": ""follows""}, {""source"": ""5"", ""source_type"": ""process"", ""source_label"": ""Build prototype"", ""target"": ""6"", ""target_type"": ""terminator"", ""target_label"": ""END"", ""type_of_edge"": ""solid"", ""relationship_value"": """", ""relationship_type"": ""follows""}]}"
931.png,"{""nodes"": [{""id"": ""1"", ""type_of_node"": ""start"", ""shape"": ""start_event"", ""label"": ""Start""}, {""id"": ""2"", ""type_of_node"": ""process"", ""shape"": ""task"", ""label"": ""Read A""}, {""id"": ""3"", ""type_of_node"": ""decision"", ""shape"": ""gateway"", ""label"": ""Before lunch?""}, {""id"": ""4"", ""type_of_node"": ""process"", ""shape"": ""task"", ""label"": ""Accept""}, {""id"": ""5"", ""type_of_node"": ""terminator"", ""shape"": ""end_event"", ""label"": ""End""}], ""edges"": [{""source"": ""1"", ""source_type"": ""start"", ""source_label"": ""Start"", ""target"": ""2"", ""target_type"": ""process"", ""target_label"": ""Read A"", ""type_of_edge"": ""solid"", ""relationship_value"": """", ""relationship_type"": ""follows""}, {""source"": ""2"", ""source_type"": ""process"", ""source_label"": ""Read A"", ""target"": ""3"", ""target_type"": ""decision"", ""target_label"": ""Before lunch?"", ""type_of_edge"": ""solid"", ""relationship_value"": """", ""relationship_type"": ""follows""}, {""source"": ""3"", ""source_type"": ""decision"", ""source_label"": ""Before lunch?"", ""target"": ""4"", ""target_type"": ""process"", ""target_label"": ""Accept"", ""type_of_edge"": ""solid"", ""relationship_value"": ""Yes"", ""relationship_type"": ""branches""}, {""source"": ""3"", ""source_type"": ""decision"", ""source_label"": ""Before lunch?"", ""target"": ""5"", ""target_type"": ""terminator"", ""target_label"": ""End"", ""type_of_edge"": ""solid"", ""relationship_value"": ""No"", ""relationship_type"": ""branches""}]}"
11.png,"{""nodes"": [{""id"": ""1"", ""type_of_node"": ""start"", ""shape"": ""start_event"", ""label"": ""START""}, {""id"": ""2"", ""type_of_node"": ""process"", ""shape"": ""task"", ""label"": ""K is equal to 0""}, {""id"": ""3"", ""type_of_node"": ""process"", ""shape"": ""task"", ""label"": ""Calculate K as K+1""}, {""id"": ""4"", ""type_of_node"": ""process"", ""shape"": ""task"", ""label"": ""PRINT K""}, {""id"": ""5"", ""type_of_node"": ""terminator"", ""shape"": ""end_event"", ""label"": ""STOP""}], ""edges"": [{""source"": ""1"", ""source_type"": ""start"", ""source_label"": ""START"", ""target"": ""2"", ""target_type"": ""process"", ""target_label"": ""K is equal to 0"", ""type_of_edge"": ""solid"", ""relationship_value"": """", ""relationship_type"": ""follows""}, {""source"": ""2"", ""source_type"": ""process"", ""source_label"": ""K is equal to 0"", ""target"": ""3"", ""target_type"": ""process"", ""target_label"": ""Calculate K as K+1"", ""type_of_edge"": ""solid"", ""relationship_value"": """", ""relationship_type"": ""follows""}, {""source"": ""3"", ""source_type"": ""process"", ""source_label"": ""Calculate K as K+1"", ""target"": ""4"", ""target_type"": ""process"", ""target_label"": ""PRINT K"", ""type_of_edge"": ""solid"", ""relationship_value"": """", ""relationship_type"": ""follows""}, {""source"": ""4"", ""source_type"": ""process"", ""source_label"": ""PRINT K"", ""target"": ""5"", ""target_type"": ""terminator"", ""target_label"": ""STOP"", ""type_of_edge"": ""solid"", ""relationship_value"": """", ""relationship_type"": ""follows""}]}"
33.png,"{""nodes"": [{""id"": ""1"", ""type_of_node"": ""start"", ""shape"": ""start_event"", ""label"": ""Start""}, {""id"": ""2"", ""type_of_node"": ""process"", ""shape"": ""task"", ""label"": ""Read Temperature""}, {""id"": ""3"", ""type_of_node"": ""decision"", ""shape"": ""gateway"", ""label"": ""Check Temperature""}, {""id"": ""4"", ""type_of_node"": ""process"", ""shape"": ""task"", ""label"": ""Print \""Below Freezing\""""}, {""id"": ""5"", ""type_of_node"": ""process"", ""shape"": ""task"", ""label"": ""Print \""Above Freezing\""""}, {""id"": ""6"", ""type_of_node"": ""terminator"", ""shape"": ""end_event"", ""label"": ""End""}], ""edges"": [{""source"": ""1"", ""source_type"": ""start"", ""source_label"": ""Start"", ""target"": ""2"", ""target_type"": ""process"", ""target_label"": ""Read Temperature"", ""type_of_edge"": ""solid"", ""relationship_value"": """", ""relationship_type"": ""follows""}, {""source"": ""2"", ""source_type"": ""process"", ""source_label"": ""Read Temperature"", ""target"": ""3"", ""target_type"": ""decision"", ""target_label"": ""Check Temperature"", ""type_of_edge"": ""solid"", ""relationship_value"": """", ""relationship_type"": ""follows""}, {""source"": ""3"", ""source_type"": ""decision"", ""source_label"": ""Check Temperature"", ""target"": ""4"", ""target_type"": ""process"", ""target_label"": ""Print \""Below Freezing\"""", ""type_of_edge"": ""solid"", ""relationship_value"": ""YES"", ""relationship_type"": ""branches""}, {""source"": ""3"", ""source_type"": ""decision"", ""source_label"": ""Check Temperature"", ""target"": ""5"", ""target_type"": ""process"", ""target_label"": ""Print \""Above Freezing\"""", ""type_of_edge"": ""solid"", ""relationship_value"": ""NO"", ""relationship_type"": ""branches""}, {""source"": ""4"", ""source_type"": ""process"", ""source_label"": ""Print \""Below Freezing\"""", ""target"": ""6"", ""target_type"": ""terminator"", ""target_label"": ""End"", ""type_of_edge"": ""solid"", ""relationship_value"": """", ""relationship_type"": ""follows""}, {""source"": ""5"", ""source_type"": ""process"", ""source_label"": ""Print \""Above Freezing\"""", ""target"": ""6"", ""target_type"": ""terminator"", ""target_label"": ""End"", ""type_of_edge"": ""solid"", ""relationship_value"": """", ""relationship_type"": ""follows""}]}"
276.png,"{""nodes"": [{""id"": ""1"", ""type_of_node"": ""start"", ""shape"": ""start_event"", ""label"": ""Start""}, {""id"": ""2"", ""type_of_node"": ""process"", ""shape"": ""task"", ""label"": ""Input Salary""}, {""id"": ""3"", ""type_of_node"": ""process"", ""shape"": ""task"", ""label"": ""Find Increase in salary""}, {""id"": ""4"", ""type_of_node"": ""process"", ""shape"": ""task"", ""label"": ""Add increase to salary""}, {""id"": ""5"", ""type_of_node"": ""process"", ""shape"": ""task"", ""label"": ""Print result""}, {""id"": ""6"", ""type_of_node"": ""terminator"", ""shape"": ""end_event"", ""label"": ""End""}], ""edges"": [{""source"": ""1"", ""source_type"": ""start"", ""source_label"": ""Start"", ""target"": ""2"", ""target_type"": ""process"", ""target_label"": ""Input Salary"", ""type_of_edge"": ""solid"", ""relationship_value"": """", ""relationship_type"": ""follows""}, {""source"": ""2"", ""source_type"": ""process"", ""source_label"": ""Input Salary"", ""target"": ""3"", ""target_type"": ""process"", ""target_label"": ""Find Increase in salary"", ""type_of_edge"": ""solid"", ""relationship_value"": """", ""relationship_type"": ""follows""}, {""source"": ""3"", ""source_type"": ""process"", ""source_label"": ""Find Increase in salary"", ""target"": ""4"", ""target_type"": ""process"", ""target_label"": ""Add increase to salary"", ""type_of_edge"": ""solid"", ""relationship_value"": """", ""relationship_type"": ""follows""}, {""source"": ""4"", ""source_type"": ""process"", ""source_label"": ""Add increase to salary"", ""target"": ""5"", ""target_type"": ""process"", ""target_label"": ""Print result"", ""type_of_edge"": ""solid"", ""relationship_value"": """", ""relationship_type"": ""follows""}, {""source"": ""5"", ""source_type"": ""process"", ""source_label"": ""Print result"", ""target"": ""6"", ""target_type"": ""terminator"", ""target_label"": ""End"", ""type_of_edge"": ""solid"", ""relationship_value"": """", ""relationship_type"": ""follows""}]}"
335.png,"{""nodes"": [{""id"": ""1"", ""type_of_node"": ""start"", ""shape"": ""start_event"", ""label"": ""Start""}, {""id"": ""2"", ""type_of_node"": ""process"", ""shape"": ""task"", ""label"": ""count=0""}, {""id"": ""3"", ""type_of_node"": ""process"", ""shape"": ""task"", ""label"": ""Operation""}, {""id"": ""4"", ""type_of_node"": ""process"", ""shape"": ""task"", ""label"": ""count = count + 1""}, {""id"": ""5"", ""type_of_node"": ""decision"", ""shape"": ""gateway"", ""label"": ""Is count<10""}, {""id"": ""6"", ""type_of_node"": ""terminator"", ""shape"": ""end_event"", ""label"": ""Stop""}], ""edges"": [{""source"": ""1"", ""source_type"": ""start"", ""source_label"": ""Start"", ""target"": ""2"", ""target_type"": ""process"", ""target_label"": ""count=0"", ""type_of_edge"": ""solid"", ""relationship_value"": """", ""relationship_type"": ""follows""}, {""source"": ""2"", ""source_type"": ""process"", ""source_label"": ""count=0"", ""target"": ""3"", ""target_type"": ""process"", ""target_label"": ""Operation"", ""type_of_edge"": ""solid"", ""relationship_value"": """", ""relationship_type"": ""follows""}, {""source"": ""3"", ""source_type"": ""process"", ""source_label"": ""Operation"", ""target"": ""4"", ""target_type"": ""process"", ""target_label"": ""count = count + 1"", ""type_of_edge"": ""solid"", ""relationship_value"": """", ""relationship_type"": ""follows""}, {""source"": ""4"", ""source_type"": ""process"", ""source_label"": ""count = count + 1"", ""target"": ""5"", ""target_type"": ""decision"", ""target_label"": ""Is count<10"", ""type_of_edge"": ""solid"", ""relationship_value"": """", ""relationship_type"": ""follows""}, {""source"": ""5"", ""source_type"": ""decision"", ""source_label"": ""Is count<10"", ""target"": ""3"", ""target_type"": ""process"", ""target_label"": ""Operation"", ""type_of_edge"": ""solid"", ""relationship_value"": ""YES"", ""relationship_type"": ""branches""}, {""source"": ""5"", ""source_type"": ""decision"", ""source_label"": ""Is count<10"", ""target"": ""6"", ""target_type"": ""terminator"", ""target_label"": ""Stop"", ""type_of_edge"": ""solid"", ""relationship_value"": ""NO"", ""relationship_type"": ""branches""}]}"
910.png,"{""nodes"": [{""id"": ""1"", ""type_of_node"": ""start"", ""shape"": ""start_event"", ""label"": ""Start""}, {""id"": ""2"", ""type_of_node"": ""decision"", ""shape"": ""gateway"", ""label"": ""Is your apps main goal support the product?""}, {""id"": ""3"", ""type_of_node"": ""process"", ""shape"": ""task"", ""label"": ""Consider hit apps""}, {""id"": ""4"", ""type_of_node"": ""decision"", ""shape"": ""gateway"", ""label"": ""Is your app inherently viral?""}, {""id"": ""5"", ""type_of_node"": ""process"", ""shape"": ""task"", ""label"": ""Consider Free with IAPs""}, {""id"": ""6"", ""type_of_node"": ""decision"", ""shape"": ""gateway"", ""label"": ""Does user have Valid ID?""}, {""id"": ""7"", ""type_of_node"": ""decision"", ""shape"": ""gateway"", ""label"": ""Can you easily explain the apps value in screenshots?""}, {""id"": ""8"", ""type_of_node"": ""decision"", ""shape"": ""gateway"", ""label"": ""Is the app itself your core revenue stream""}, {""id"": ""9"", ""type_of_node"": ""process"", ""shape"": ""task"", ""label"": ""Paid Service""}], ""edges"": [{""source"": ""1"", ""source_type"": ""start"", ""source_label"": ""Start"", ""target"": ""2"", ""target_type"": ""decision"", ""target_label"": ""Is your apps main goal support the product?"", ""type_of_edge"": ""solid"", ""relationship_value"": """", ""relationship_type"": ""follows""}, {""source"": ""2"", ""source_type"": ""decision"", ""source_label"": ""Is your apps main goal support the product?"", ""target"": ""3"", ""target_type"": ""process"", ""target_label"": ""Consider hit apps"", ""type_of_edge"": ""solid"", ""relationship_value"": ""Yes"", ""relationship_type"": ""branches""}, {""source"": ""2"", ""source_type"": ""decision"", ""source_label"": ""Is your apps main goal support the product?"", ""target"": ""4"", ""target_type"": ""decision"", ""target_label"": ""Is your app inherently viral?"", ""type_of_edge"": ""solid"", ""relationship_value"": """", ""relationship_type"": ""branches""}, {""source"": ""4"", ""source_type"": ""decision"", ""source_label"": ""Is your app inherently viral?"", ""target"": ""5"", ""target_type"": ""process"", ""target_label"": ""Consider Free with IAPs"", ""type_of_edge"": ""solid"", ""relationship_value"": """", ""relationship_type"": ""branches""}, {""source"": ""4"", ""source_type"": ""decision"", ""source_label"": ""Is your app inherently viral?"", ""target"": ""6"", ""target_type"": ""decision"", ""target_label"": ""Does user have Valid ID?"", ""type_of_edge"": ""solid"", ""relationship_value"": """", ""relationship_type"": ""branches""}, {""source"": ""6"", ""source_type"": ""decision"", ""source_label"": ""Does user have Valid ID?"", ""target"": ""5"", ""target_type"": ""process"", ""target_label"": ""Consider Free with IAPs"", ""type_of_edge"": ""solid"", ""relationship_value"": """", ""relationship_type"": ""branches""}, {""source"": ""6"", ""source_type"": ""decision"", ""source_label"": ""Does user have Valid ID?"", ""target"": ""7"", ""target_type"": ""decision"", ""target_label"": ""Can you easily explain the apps value in screenshots?"", ""type_of_edge"": ""solid"", ""relationship_value"": """", ""relationship_type"": ""branches""}, {""source"": ""7"", ""source_type"": ""decision"", ""source_label"": ""Can you easily explain the apps value in screenshots?"", ""target"": ""8"", ""target_type"": ""decision"", ""target_label"": ""Is the app itself your core revenue stream"", ""type_of_edge"": ""solid"", ""relationship_value"": """", ""relationship_type"": ""branches""}, {""source"": ""7"", ""source_type"": ""decision"", ""source_label"": ""Can you easily explain the apps value in screenshots?"", ""target"": ""9"", ""target_type"": ""process"", ""target_label"": ""Paid Service"", ""type_of_edge"": ""solid"", ""relationship_value"": """", ""relationship_type"": ""branches""}, {""source"": ""8"", ""source_type"": ""decision"", ""source_label"": ""Is the app itself your core revenue stream"", ""target"": ""9"", ""target_type"": ""process"", ""target_label"": ""Paid Service"", ""type_of_edge"": ""solid"", ""relationship_value"": """", ""relationship_type"": ""follows""}]}"
295.png,"{""nodes"": [{""id"": ""1"", ""type_of_node"": ""start"", ""shape"": ""start_event"", ""label"": ""Begin""}, {""id"": ""2"", ""type_of_node"": ""decision"", ""shape"": ""gateway"", ""label"": ""Do You Understand Flowcharts?""}, {""id"": ""3"", ""type_of_node"": ""process"", ""shape"": ""task"", ""label"": ""Great!""}, {""id"": ""4"", ""type_of_node"": ""process"", ""shape"": ""task"", ""label"": ""Explain everyone""}, {""id"": ""5"", ""type_of_node"": ""decision"", ""shape"": ""gateway"", ""label"": ""Would You Like to Start With the Basics?""}, {""id"": ""6"", ""type_of_node"": ""process"", ""shape"": ""task"", ""label"": ""Read each detail""}, {""id"": ""7"", ""type_of_node"": ""process"", ""shape"": ""task"", ""label"": ""Further Reading About Flowcharts""}], ""edges"": [{""source"": ""1"", ""source_type"": ""start"", ""source_label"": ""Begin"", ""target"": ""2"", ""target_type"": ""decision"", ""target_label"": ""Do You Understand Flowcharts?"", ""type_of_edge"": ""solid"", ""relationship_value"": """", ""relationship_type"": ""follows""}, {""source"": ""2"", ""source_type"": ""decision"", ""source_label"": ""Do You Understand Flowcharts?"", ""target"": ""3"", ""target_type"": ""process"", ""target_label"": ""Great!"", ""type_of_edge"": ""solid"", ""relationship_value"": ""Yes"", ""relationship_type"": ""branches""}, {""source"": ""3"", ""source_type"": ""process"", ""source_label"": ""Great!"", ""target"": ""4"", ""target_type"": ""process"", ""target_label"": ""Explain everyone"", ""type_of_edge"": ""solid"", ""relationship_value"": """", ""relationship_type"": ""follows""}, {""source"": ""2"", ""source_type"": ""decision"", ""source_label"": ""Do You Understand Flowcharts?"", ""target"": ""5"", ""target_type"": ""decision"", ""target_label"": ""Would You Like to Start With the Basics?"", ""type_of_edge"": ""solid"", ""relationship_value"": ""No"", ""relationship_type"": ""branches""}, {""source"": ""5"", ""source_type"": ""decision"", ""source_label"": ""Would You Like to Start With the Basics?"", ""target"": ""6"", ""target_type"": ""process"", ""target_label"": ""Read each detail"", ""type_of_edge"": ""solid"", ""relationship_value"": ""YES"", ""relationship_type"": ""branches""}, {""source"": ""5"", ""source_type"": ""decision"", ""source_label"": ""Would You Like to Start With the Basics?"", ""target"": ""7"", ""target_type"": ""process"", ""target_label"": ""Further Reading About Flowcharts"", ""type_of_edge"": ""solid"", ""relationship_value"": ""NO"", ""relationship_type"": ""branches""}]}"
78.png,"{""nodes"": [{""id"": ""1"", ""type_of_node"": ""start"", ""shape"": ""start_event"", ""label"": ""Begin""}, {""id"": ""2"", ""type_of_node"": ""process"", ""shape"": ""task"", ""label"": ""Add slack variables to inequality constraints""}, {""id"": ""3"", ""type_of_node"": ""process"", ""shape"": ""task"", ""label"": ""Calculate variables""}, {""id"": ""4"", ""type_of_node"": ""process"", ""shape"": ""task"", ""label"": ""Calculate reduced gradient""}, {""id"": ""5"", ""type_of_node"": ""process"", ""shape"": ""task"", ""label"": ""Determine search vector""}, {""id"": ""6"", ""type_of_node"": ""process"", ""shape"": ""task"", ""label"": ""Perform operations""}, {""id"": ""7"", ""type_of_node"": ""decision"", ""shape"": ""gateway"", ""label"": ""Converged?""}, {""id"": ""8"", ""type_of_node"": ""terminator"", ""shape"": ""end_event"", ""label"": ""Exit""}], ""edges"": [{""source"": ""1"", ""source_type"": ""start"", ""source_label"": ""Begin"", ""target"": ""2"", ""target_type"": ""process"", ""target_label"": ""Add slack variables to inequality constraints"", ""type_of_edge"": ""solid"", ""relationship_value"": """", ""relationship_type"": ""follows""}, {""source"": ""2"", ""source_type"": ""process"", ""source_label"": ""Add slack variables to inequality constraints"", ""target"": ""3"", ""target_type"": ""process"", ""target_label"": ""Calculate variables"", ""type_of_edge"": ""solid"", ""relationship_value"": """", ""relationship_type"": ""follows""}, {""source"": ""3"", ""source_type"": ""process"", ""source_label"": ""Calculate variables"", ""target"": ""4"", ""target_type"": ""process"", ""target_label"": ""Calculate reduced gradient"", ""type_of_edge"": ""solid"", ""relationship_value"": """", ""relationship_type"": ""follows""}, {""source"": ""4"", ""source_type"": ""process"", ""source_label"": ""Calculate reduced gradient"", ""target"": ""5"", ""target_type"": ""process"", ""target_label"": ""Determine search vector"", ""type_of_edge"": ""solid"", ""relationship_value"": """", ""relationship_type"": ""follows""}, {""source"": ""5"", ""source_type"": ""process"", ""source_label"": ""Determine search vector"", ""target"": ""6"", ""target_type"": ""process"", ""target_label"": ""Perform operations"", ""type_of_edge"": ""solid"", ""relationship_value"": """", ""relationship_type"": ""follows""}, {""source"": ""6"", ""source_type"": ""process"", ""source_label"": ""Perform operations"", ""target"": ""7"", ""target_type"": ""decision"", ""target_label"": ""Converged?"", ""type_of_edge"": ""solid"", ""relationship_value"": """", ""relationship_type"": ""follows""}, {""source"": ""7"", ""source_type"": ""decision"", ""source_label"": ""Converged?"", ""target"": ""3"", ""target_type"": ""process"", ""target_label"": ""Calculate variables"", ""type_of_edge"": ""solid"", ""relationship_value"": ""No"", ""relationship_type"": ""branches""}, {""source"": ""7"", ""source_type"": ""decision"", ""source_label"": ""Converged?"", ""target"": ""8"", ""target_type"": ""terminator"", ""target_label"": ""Exit"", ""type_of_edge"": ""solid"", ""relationship_value"": ""Yes"", ""relationship_type"": ""branches""}]}"
100.png,"{""nodes"": [{""id"": ""1"", ""type_of_node"": ""start"", ""shape"": ""start_event"", ""label"": ""Start""}, {""id"": ""2"", ""type_of_node"": ""decision"", ""shape"": ""gateway"", ""label"": ""Are you happy?""}, {""id"": ""3"", ""type_of_node"": ""process"", ""shape"": ""task"", ""label"": ""Good""}, {""id"": ""4"", ""type_of_node"": ""process"", ""shape"": ""task"", ""label"": ""Want to be happy?""}], ""edges"": [{""source"": ""1"", ""source_type"": ""start"", ""source_label"": ""Start"", ""target"": ""2"", ""target_type"": ""decision"", ""target_label"": ""Are you happy?"", ""type_of_edge"": ""solid"", ""relationship_value"": """", ""relationship_type"": ""follows""}, {""source"": ""2"", ""source_type"": ""decision"", ""source_label"": ""Are you happy?"", ""target"": ""3"", ""target_type"": ""process"", ""target_label"": ""Good"", ""type_of_edge"": ""solid"", ""relationship_value"": """", ""relationship_type"": ""branches""}, {""source"": ""2"", ""source_type"": ""decision"", ""source_label"": ""Are you happy?"", ""target"": ""4"", ""target_type"": ""process"", ""target_label"": ""Want to be happy?"", ""type_of_edge"": ""solid"", ""relationship_value"": """", ""relationship_type"": ""branches""}]}"
60.png,"{""nodes"": [{""id"": ""1"", ""type_of_node"": ""start"", ""shape"": ""start_event"", ""label"": ""Begin""}, {""id"": ""2"", ""type_of_node"": ""process"", ""shape"": ""task"", ""label"": ""Step 1""}, {""id"": ""3"", ""type_of_node"": ""decision"", ""shape"": ""gateway"", ""label"": ""Decision""}, {""id"": ""4"", ""type_of_node"": ""process"", ""shape"": ""task"", ""label"": ""Step 2""}, {""id"": ""5"", ""type_of_node"": ""terminator"", ""shape"": ""end_event"", ""label"": ""Stop""}], ""edges"": [{""source"": ""1"", ""source_type"": ""start"", ""source_label"": ""Begin"", ""target"": ""2"", ""target_type"": ""process"", ""target_label"": ""Step 1"", ""type_of_edge"": ""solid"", ""relationship_value"": """", ""relationship_type"": ""follows""}, {""source"": ""2"", ""source_type"": ""process"", ""source_label"": ""Step 1"", ""target"": ""3"", ""target_type"": ""decision"", ""target_label"": ""Decision"", ""type_of_edge"": ""solid"", ""relationship_value"": """", ""relationship_type"": ""follows""}, {""source"": ""3"", ""source_type"": ""decision"", ""source_label"": ""Decision"", ""target"": ""2"", ""target_type"": ""process"", ""target_label"": ""Step 1"", ""type_of_edge"": ""solid"", ""relationship_value"": ""No"", ""relationship_type"": ""branches""}, {""source"": ""3"", ""source_type"": ""decision"", ""source_label"": ""Decision"", ""target"": ""4"", ""target_type"": ""process"", ""target_label"": ""Step 2"", ""type_of_edge"": ""solid"", ""relationship_value"": ""Yes"", ""relationship_type"": ""branches""}, {""source"": ""4"", ""source_type"": ""process"", ""source_label"": ""Step 2"", ""target"": ""5"", ""target_type"": ""terminator"", ""target_label"": ""Stop"", ""type_of_edge"": ""solid"", ""relationship_value"": """", ""relationship_type"": ""follows""}]}"
525.png,"{""nodes"": [{""id"": ""1"", ""type_of_node"": ""decision"", ""shape"": ""gateway"", ""label"": ""Log In""}, {""id"": ""2"", ""type_of_node"": ""decision"", ""shape"": ""gateway"", ""label"": ""Logged In""}, {""id"": ""3"", ""type_of_node"": ""process"", ""shape"": ""task"", ""label"": ""OpenID log in""}, {""id"": ""4"", ""type_of_node"": ""terminator"", ""shape"": ""end_event"", ""label"": ""End""}], ""edges"": [{""source"": ""1"", ""source_type"": ""decision"", ""source_label"": ""Log In"", ""target"": ""2"", ""target_type"": ""decision"", ""target_label"": ""Logged In"", ""type_of_edge"": ""solid"", ""relationship_value"": ""OpenID login"", ""relationship_type"": ""follows""}, {""source"": ""2"", ""source_type"": ""decision"", ""source_label"": ""Logged In"", ""target"": ""3"", ""target_type"": ""process"", ""target_label"": ""OpenID log in"", ""type_of_edge"": ""solid"", ""relationship_value"": ""No"", ""relationship_type"": ""branches""}, {""source"": ""2"", ""source_type"": ""decision"", ""source_label"": ""Logged In"", ""target"": ""4"", ""target_type"": ""terminator"", ""target_label"": ""End"", ""type_of_edge"": ""solid"", ""relationship_value"": ""Yes"", ""relationship_type"": ""branches""}, {""source"": ""3"", ""source_type"": ""process"", ""source_label"": ""OpenID log in"", ""target"": ""4"", ""target_type"": ""terminator"", ""target_label"": ""End"", ""type_of_edge"": ""solid"", ""relationship_value"": """", ""relationship_type"": ""follows""}]}"
334.png,"{""nodes"": [{""id"": ""1"", ""type_of_node"": ""start"", ""shape"": ""start_event"", ""label"": ""START""}, {""id"": ""2"", ""type_of_node"": ""process"", ""shape"": ""task"", ""label"": ""Input variables""}, {""id"": ""3"", ""type_of_node"": ""process"", ""shape"": ""task"", ""label"": ""C=(F-32) * 519""}, {""id"": ""4"", ""type_of_node"": ""process"", ""shape"": ""task"", ""label"": ""Display all variables""}, {""id"": ""5"", ""type_of_node"": ""terminator"", ""shape"": ""end_event"", ""label"": ""STOP""}], ""edges"": [{""source"": ""1"", ""source_type"": ""start"", ""source_label"": ""START"", ""target"": ""2"", ""target_type"": ""process"", ""target_label"": ""Input variables"", ""type_of_edge"": ""solid"", ""relationship_value"": """", ""relationship_type"": ""follows""}, {""source"": ""2"", ""source_type"": ""process"", ""source_label"": ""Input variables"", ""target"": ""3"", ""target_type"": ""process"", ""target_label"": ""C=(F-32) * 519"", ""type_of_edge"": ""solid"", ""relationship_value"": """", ""relationship_type"": ""follows""}, {""source"": ""3"", ""source_type"": ""process"", ""source_label"": ""C=(F-32) * 519"", ""target"": ""4"", ""target_type"": ""process"", ""target_label"": ""Display all variables"", ""type_of_edge"": ""solid"", ""relationship_value"": """", ""relationship_type"": ""follows""}, {""source"": ""4"", ""source_type"": ""process"", ""source_label"": ""Display all variables"", ""target"": ""5"", ""target_type"": ""terminator"", ""target_label"": ""STOP"", ""type_of_edge"": ""solid"", ""relationship_value"": """", ""relationship_type"": ""follows""}]}"
933.png,"{""nodes"": [{""id"": ""1"", ""type_of_node"": ""start"", ""shape"": ""start_event"", ""label"": ""Start""}, {""id"": ""2"", ""type_of_node"": ""process"", ""shape"": ""task"", ""label"": ""Look for address""}, {""id"": ""3"", ""type_of_node"": ""decision"", ""shape"": ""gateway"", ""label"": ""Did you find it?""}, {""id"": ""4"", ""type_of_node"": ""decision"", ""shape"": ""gateway"", ""label"": ""Ask someone""}, {""id"": ""5"", ""type_of_node"": ""terminator"", ""shape"": ""end_event"", ""label"": ""Stop looking""}], ""edges"": [{""source"": ""1"", ""source_type"": ""start"", ""source_label"": ""Start"", ""target"": ""2"", ""target_type"": ""process"", ""target_label"": ""Look for address"", ""type_of_edge"": ""solid"", ""relationship_value"": """", ""relationship_type"": ""follows""}, {""source"": ""2"", ""source_type"": ""process"", ""source_label"": ""Look for address"", ""target"": ""3"", ""target_type"": ""decision"", ""target_label"": ""Did you find it?"", ""type_of_edge"": ""solid"", ""relationship_value"": """", ""relationship_type"": ""follows""}, {""source"": ""3"", ""source_type"": ""decision"", ""source_label"": ""Did you find it?"", ""target"": ""5"", ""target_type"": ""terminator"", ""target_label"": ""Stop looking"", ""type_of_edge"": ""solid"", ""relationship_value"": ""Yes"", ""relationship_type"": ""branches""}, {""source"": ""3"", ""source_type"": ""decision"", ""source_label"": ""Did you find it?"", ""target"": ""4"", ""target_type"": ""decision"", ""target_label"": ""Ask someone"", ""type_of_edge"": ""solid"", ""relationship_value"": ""No"", ""relationship_type"": ""branches""}, {""source"": ""4"", ""source_type"": ""decision"", ""source_label"": ""Ask someone"", ""target"": ""2"", ""target_type"": ""process"", ""target_label"": ""Look for address"", ""type_of_edge"": ""solid"", ""relationship_value"": ""Yes"", ""relationship_type"": ""branches""}, {""source"": ""4"", ""source_type"": ""decision"", ""source_label"": ""Ask someone"", ""target"": ""5"", ""target_type"": ""terminator"", ""target_label"": ""Stop looking"", ""type_of_edge"": ""solid"", ""relationship_value"": ""No"", ""relationship_type"": ""branches""}]}"
80.png,"{""nodes"": [{""id"": ""1"", ""type_of_node"": ""start"", ""shape"": ""start_event"", ""label"": ""Start""}, {""id"": ""2"", ""type_of_node"": ""process"", ""shape"": ""task"", ""label"": ""Requirements""}, {""id"": ""3"", ""type_of_node"": ""process"", ""shape"": ""task"", ""label"": ""System simulation""}, {""id"": ""4"", ""type_of_node"": ""process"", ""shape"": ""task"", ""label"": ""Result Analyzing""}, {""id"": ""5"", ""type_of_node"": ""process"", ""shape"": ""task"", ""label"": ""Improvement & Development""}, {""id"": ""6"", ""type_of_node"": ""process"", ""shape"": ""task"", ""label"": ""Hardware implementation""}, {""id"": ""7"", ""type_of_node"": ""process"", ""shape"": ""task"", ""label"": ""Display""}, {""id"": ""8"", ""type_of_node"": ""terminator"", ""shape"": ""end_event"", ""label"": ""End""}], ""edges"": [{""source"": ""1"", ""source_type"": ""start"", ""source_label"": ""Start"", ""target"": ""2"", ""target_type"": ""process"", ""target_label"": ""Requirements"", ""type_of_edge"": ""solid"", ""relationship_value"": """", ""relationship_type"": ""follows""}, {""source"": ""2"", ""source_type"": ""process"", ""source_label"": ""Requirements"", ""target"": ""3"", ""target_type"": ""process"", ""target_label"": ""System simulation"", ""type_of_edge"": ""solid"", ""relationship_value"": """", ""relationship_type"": ""follows""}, {""source"": ""3"", ""source_type"": ""process"", ""source_label"": ""System simulation"", ""target"": ""4"", ""target_type"": ""process"", ""target_label"": ""Result Analyzing"", ""type_of_edge"": ""solid"", ""relationship_value"": """", ""relationship_type"": ""follows""}, {""source"": ""4"", ""source_type"": ""process"", ""source_label"": ""Result Analyzing"", ""target"": ""5"", ""target_type"": ""process"", ""target_label"": ""Improvement & Development"", ""type_of_edge"": ""solid"", ""relationship_value"": """", ""relationship_type"": ""follows""}, {""source"": ""5"", ""source_type"": ""process"", ""source_label"": ""Improvement & Development"", ""target"": ""6"", ""target_type"": ""process"", ""target_label"": ""Hardware implementation"", ""type_of_edge"": ""solid"", ""relationship_value"": """", ""relationship_type"": ""follows""}, {""source"": ""6"", ""source_type"": ""process"", ""source_label"": ""Hardware implementation"", ""target"": ""7"", ""target_type"": ""process"", ""target_label"": ""Display"", ""type_of_edge"": ""solid"", ""relationship_value"": """", ""relationship_type"": ""follows""}, {""source"": ""7"", ""source_type"": ""process"", ""source_label"": ""Display"", ""target"": ""8"", ""target_type"": ""terminator"", ""target_label"": ""End"", ""type_of_edge"": ""solid"", ""relationship_value"": """", ""relationship_type"": ""follows""}]}"
204.png,"{""nodes"": [{""id"": ""1"", ""type_of_node"": ""start"", ""shape"": ""start_event"", ""label"": ""Start""}, {""id"": ""2"", ""type_of_node"": ""process"", ""shape"": ""task"", ""label"": ""guess number""}, {""id"": ""3"", ""type_of_node"": ""decision"", ""shape"": ""gateway"", ""label"": ""if<=10""}, {""id"": ""4"", ""type_of_node"": ""process"", ""shape"": ""task"", ""label"": ""small number""}, {""id"": ""5"", ""type_of_node"": ""decision"", ""shape"": ""gateway"", ""label"": ""if>10 and <=80""}, {""id"": ""6"", ""type_of_node"": ""process"", ""shape"": ""task"", ""label"": ""medium number""}, {""id"": ""7"", ""type_of_node"": ""process"", ""shape"": ""task"", ""label"": ""large number""}, {""id"": ""8"", ""type_of_node"": ""terminator"", ""shape"": ""end_event"", ""label"": ""end""}], ""edges"": [{""source"": ""1"", ""source_type"": ""start"", ""source_label"": ""Start"", ""target"": ""2"", ""target_type"": ""process"", ""target_label"": ""guess number"", ""type_of_edge"": ""solid"", ""relationship_value"": """", ""relationship_type"": ""follows""}, {""source"": ""2"", ""source_type"": ""process"", ""source_label"": ""guess number"", ""target"": ""3"", ""target_type"": ""decision"", ""target_label"": ""if<=10"", ""type_of_edge"": ""solid"", ""relationship_value"": """", ""relationship_type"": ""follows""}, {""source"": ""3"", ""source_type"": ""decision"", ""source_label"": ""if<=10"", ""target"": ""4"", ""target_type"": ""process"", ""target_label"": ""small number"", ""type_of_edge"": ""solid"", ""relationship_value"": ""true"", ""relationship_type"": ""branches""}, {""source"": ""3"", ""source_type"": ""decision"", ""source_label"": ""if<=10"", ""target"": ""5"", ""target_type"": ""decision"", ""target_label"": ""if>10 and <=80"", ""type_of_edge"": ""solid"", ""relationship_value"": ""false"", ""relationship_type"": ""branches""}, {""source"": ""5"", ""source_type"": ""decision"", ""source_label"": ""if>10 and <=80"", ""target"": ""6"", ""target_type"": ""process"", ""target_label"": ""medium number"", ""type_of_edge"": ""solid"", ""relationship_value"": ""true"", ""relationship_type"": ""branches""}, {""source"": ""5"", ""source_type"": ""decision"", ""source_label"": ""if>10 and <=80"", ""target"": ""7"", ""target_type"": ""process"", ""target_label"": ""large number"", ""type_of_edge"": ""solid"", ""relationship_value"": ""false"", ""relationship_type"": ""branches""}, {""source"": ""4"", ""source_type"": ""process"", ""source_label"": ""small number"", ""target"": ""8"", ""target_type"": ""terminator"", ""target_label"": ""end"", ""type_of_edge"": ""solid"", ""relationship_value"": """", ""relationship_type"": ""follows""}, {""source"": ""6"", ""source_type"": ""process"", ""source_label"": ""medium number"", ""target"": ""8"", ""target_type"": ""terminator"", ""target_label"": ""end"", ""type_of_edge"": ""solid"", ""relationship_value"": """", ""relationship_type"": ""follows""}, {""source"": ""7"", ""source_type"": ""process"", ""source_label"": ""large number"", ""target"": ""8"", ""target_type"": ""terminator"", ""target_label"": ""end"", ""type_of_edge"": ""solid"", ""relationship_value"": """", ""relationship_type"": ""follows""}]}"
233.png,"{""nodes"": [{""id"": ""1"", ""type_of_node"": ""start"", ""shape"": ""start_event"", ""label"": ""Start""}, {""id"": ""2"", ""type_of_node"": ""decision"", ""shape"": ""gateway"", ""label"": ""Are you happy?""}, {""id"": ""3"", ""type_of_node"": ""process"", ""shape"": ""task"", ""label"": ""Very good, have a great day!""}, {""id"": ""4"", ""type_of_node"": ""terminator"", ""shape"": ""end_event"", ""label"": ""Finish""}, {""id"": ""5"", ""type_of_node"": ""decision"", ""shape"": ""gateway"", ""label"": ""Want to be happy?""}, {""id"": ""6"", ""type_of_node"": ""process"", ""shape"": ""task"", ""label"": ""Very good, Then you are already happy""}, {""id"": ""7"", ""type_of_node"": ""process"", ""shape"": ""task"", ""label"": ""Stay fit""}], ""edges"": [{""source"": ""1"", ""source_type"": ""start"", ""source_label"": ""Start"", ""target"": ""2"", ""target_type"": ""decision"", ""target_label"": ""Are you happy?"", ""type_of_edge"": ""solid"", ""relationship_value"": """", ""relationship_type"": ""follows""}, {""source"": ""2"", ""source_type"": ""decision"", ""source_label"": ""Are you happy?"", ""target"": ""3"", ""target_type"": ""process"", ""target_label"": ""Very good, have a great day!"", ""type_of_edge"": ""solid"", ""relationship_value"": ""Yes"", ""relationship_type"": ""branches""}, {""source"": ""3"", ""source_type"": ""process"", ""source_label"": ""Very good, have a great day!"", ""target"": ""4"", ""target_type"": ""terminator"", ""target_label"": ""Finish"", ""type_of_edge"": ""solid"", ""relationship_value"": """", ""relationship_type"": ""follows""}, {""source"": ""2"", ""source_type"": ""decision"", ""source_label"": ""Are you happy?"", ""target"": ""5"", ""target_type"": ""decision"", ""target_label"": ""Want to be happy?"", ""type_of_edge"": ""solid"", ""relationship_value"": ""No"", ""relationship_type"": ""branches""}, {""source"": ""5"", ""source_type"": ""decision"", ""source_label"": ""Want to be happy?"", ""target"": ""6"", ""target_type"": ""process"", ""target_label"": ""Very good, Then you are already happy"", ""type_of_edge"": ""solid"", ""relationship_value"": """", ""relationship_type"": ""branches""}, {""source"": ""6"", ""source_type"": ""process"", ""source_label"": ""Very good, Then you are already happy"", ""target"": ""4"", ""target_type"": ""terminator"", ""target_label"": ""Finish"", ""type_of_edge"": ""solid"", ""relationship_value"": """", ""relationship_type"": ""follows""}, {""source"": ""5"", ""source_type"": ""decision"", ""source_label"": ""Want to be happy?"", ""target"": ""7"", ""target_type"": ""process"", ""target_label"": ""Stay fit"", ""type_of_edge"": ""solid"", ""relationship_value"": ""No"", ""relationship_type"": ""branches""}, {""source"": ""7"", ""source_type"": ""process"", ""source_label"": ""Stay fit"", ""target"": ""1"", ""target_type"": ""start"", ""target_label"": ""Start"", ""type_of_edge"": ""solid"", ""relationship_value"": """", ""relationship_type"": ""follows""}]}"
888.png,"{""nodes"": [{""id"": ""1"", ""type_of_node"": ""process"", ""shape"": ""task"", ""label"": ""Raw Materials""}, {""id"": ""2"", ""type_of_node"": ""process"", ""shape"": ""task"", ""label"": ""Melting""}, {""id"": ""3"", ""type_of_node"": ""process"", ""shape"": ""task"", ""label"": ""Forming""}, {""id"": ""4"", ""type_of_node"": ""process"", ""shape"": ""task"", ""label"": ""Sampling""}, {""id"": ""5"", ""type_of_node"": ""process"", ""shape"": ""task"", ""label"": ""Inspection and Testing""}, {""id"": ""6"", ""type_of_node"": ""process"", ""shape"": ""task"", ""label"": ""Secondary Processing""}, {""id"": ""7"", ""type_of_node"": ""process"", ""shape"": ""task"", ""label"": ""Warehousing""}], ""edges"": [{""source"": ""1"", ""source_type"": ""process"", ""source_label"": ""Raw Materials"", ""target"": ""2"", ""target_type"": ""process"", ""target_label"": ""Melting"", ""type_of_edge"": ""solid"", ""relationship_value"": """", ""relationship_type"": ""follows""}, {""source"": ""2"", ""source_type"": ""process"", ""source_label"": ""Melting"", ""target"": ""3"", ""target_type"": ""process"", ""target_label"": ""Forming"", ""type_of_edge"": ""solid"", ""relationship_value"": """", ""relationship_type"": ""follows""}, {""source"": ""3"", ""source_type"": ""process"", ""source_label"": ""Forming"", ""target"": ""4"", ""target_type"": ""process"", ""target_label"": ""Sampling"", ""type_of_edge"": ""solid"", ""relationship_value"": """", ""relationship_type"": ""follows""}, {""source"": ""4"", ""source_type"": ""process"", ""source_label"": ""Sampling"", ""target"": ""5"", ""target_type"": ""process"", ""target_label"": ""Inspection and Testing"", ""type_of_edge"": ""solid"", ""relationship_value"": """", ""relationship_type"": ""follows""}, {""source"": ""5"", ""source_type"": ""process"", ""source_label"": ""Inspection and Testing"", ""target"": ""6"", ""target_type"": ""process"", ""target_label"": ""Secondary Processing"", ""type_of_edge"": ""solid"", ""relationship_value"": """", ""relationship_type"": ""follows""}, {""source"": ""6"", ""source_type"": ""process"", ""source_label"": ""Secondary Processing"", ""target"": ""7"", ""target_type"": ""process"", ""target_label"": ""Warehousing"", ""type_of_edge"": ""solid"", ""relationship_value"": """", ""relationship_type"": ""follows""}]}"
497.png,"{""nodes"": [{""id"": ""1"", ""type_of_node"": ""start"", ""shape"": ""start_event"", ""label"": ""Begin""}, {""id"": ""2"", ""type_of_node"": ""decision"", ""shape"": ""gateway"", ""label"": ""Do you want to do this?""}, {""id"": ""3"", ""type_of_node"": ""process"", ""shape"": ""task"", ""label"": ""Don't do it""}, {""id"": ""4"", ""type_of_node"": ""terminator"", ""shape"": ""end_event"", ""label"": ""End""}, {""id"": ""5"", ""type_of_node"": ""decision"", ""shape"": ""gateway"", ""label"": ""Will it likely end in disaster?""}, {""id"": ""6"", ""type_of_node"": ""process"", ""shape"": ""task"", ""label"": ""Do it""}, {""id"": ""7"", ""type_of_node"": ""decision"", ""shape"": ""gateway"", ""label"": ""Good Movie?""}], ""edges"": [{""source"": ""1"", ""source_type"": ""start"", ""source_label"": ""Begin"", ""target"": ""2"", ""target_type"": ""decision"", ""target_label"": ""Do you want to do this?"", ""type_of_edge"": ""solid"", ""relationship_value"": """", ""relationship_type"": ""follows""}, {""source"": ""2"", ""source_type"": ""decision"", ""source_label"": ""Do you want to do this?"", ""target"": ""3"", ""target_type"": ""process"", ""target_label"": ""Don't do it"", ""type_of_edge"": ""solid"", ""relationship_value"": """", ""relationship_type"": ""branches""}, {""source"": ""3"", ""source_type"": ""process"", ""source_label"": ""Don't do it"", ""target"": ""4"", ""target_type"": ""terminator"", ""target_label"": ""End"", ""type_of_edge"": ""solid"", ""relationship_value"": """", ""relationship_type"": ""follows""}, {""source"": ""2"", ""source_type"": ""decision"", ""source_label"": ""Do you want to do this?"", ""target"": ""5"", ""target_type"": ""decision"", ""target_label"": ""Will it likely end in disaster?"", ""type_of_edge"": ""solid"", ""relationship_value"": """", ""relationship_type"": ""branches""}, {""source"": ""5"", ""source_type"": ""decision"", ""source_label"": ""Will it likely end in disaster?"", ""target"": ""6"", ""target_type"": ""process"", ""target_label"": ""Do it"", ""type_of_edge"": ""solid"", ""relationship_value"": ""No"", ""relationship_type"": ""branches""}, {""source"": ""6"", ""source_type"": ""process"", ""source_label"": ""Do it"", ""target"": ""4"", ""target_type"": ""terminator"", ""target_label"": ""End"", ""type_of_edge"": ""solid"", ""relationship_value"": """", ""relationship_type"": ""follows""}, {""source"": ""5"", ""source_type"": ""decision"", ""source_label"": ""Will it likely end in disaster?"", ""target"": ""7"", ""target_type"": ""decision"", ""target_label"": ""Good Movie?"", ""type_of_edge"": ""solid"", ""relationship_value"": ""Yes"", ""relationship_type"": ""branches""}, {""source"": ""7"", ""source_type"": ""decision"", ""source_label"": ""Good Movie?"", ""target"": ""3"", ""target_type"": ""process"", ""target_label"": ""Don't do it"", ""type_of_edge"": ""solid"", ""relationship_value"": ""No"", ""relationship_type"": ""branches""}, {""source"": ""7"", ""source_type"": ""decision"", ""source_label"": ""Good Movie?"", ""target"": ""6"", ""target_type"": ""process"", ""target_label"": ""Do it"", ""type_of_edge"": ""solid"", ""relationship_value"": ""Yes"", ""relationship_type"": ""branches""}]}"
605.png,"{""nodes"": [{""id"": ""1"", ""type_of_node"": ""process"", ""shape"": ""task"", ""label"": ""Mail Invoice to Accounts Payable""}, {""id"": ""2"", ""type_of_node"": ""process"", ""shape"": ""task"", ""label"": ""Review Invoice for Compliance""}, {""id"": ""3"", ""type_of_node"": ""decision"", ""shape"": ""gateway"", ""label"": ""Invoice Meets Requirement?""}, {""id"": ""4"", ""type_of_node"": ""process"", ""shape"": ""task"", ""label"": ""Don't accept""}, {""id"": ""5"", ""type_of_node"": ""decision"", ""shape"": ""gateway"", ""label"": ""Approval?""}, {""id"": ""6"", ""type_of_node"": ""process"", ""shape"": ""task"", ""label"": ""Place in queue""}, {""id"": ""7"", ""type_of_node"": ""process"", ""shape"": ""task"", ""label"": ""Invoice Placed in Payment Queue""}, {""id"": ""8"", ""type_of_node"": ""process"", ""shape"": ""task"", ""label"": ""Payment Processed""}, {""id"": ""9"", ""type_of_node"": ""decision"", ""shape"": ""gateway"", ""label"": ""Action Taken, Issue Resolved?""}], ""edges"": [{""source"": ""1"", ""source_type"": ""process"", ""source_label"": ""Mail Invoice to Accounts Payable"", ""target"": ""2"", ""target_type"": ""process"", ""target_label"": ""Review Invoice for Compliance"", ""type_of_edge"": ""solid"", ""relationship_value"": """", ""relationship_type"": ""follows""}, {""source"": ""2"", ""source_type"": ""process"", ""source_label"": ""Review Invoice for Compliance"", ""target"": ""3"", ""target_type"": ""decision"", ""target_label"": ""Invoice Meets Requirement?"", ""type_of_edge"": ""solid"", ""relationship_value"": """", ""relationship_type"": ""follows""}, {""source"": ""3"", ""source_type"": ""decision"", ""source_label"": ""Invoice Meets Requirement?"", ""target"": ""4"", ""target_type"": ""process"", ""target_label"": ""Don't accept"", ""type_of_edge"": ""solid"", ""relationship_value"": ""No"", ""relationship_type"": ""branches""}, {""source"": ""3"", ""source_type"": ""decision"", ""source_label"": ""Invoice Meets Requirement?"", ""target"": ""5"", ""target_type"": ""decision"", ""target_label"": ""Approval?"", ""type_of_edge"": ""solid"", ""relationship_value"": ""Yes"", ""relationship_type"": ""branches""}, {""source"": ""5"", ""source_type"": ""decision"", ""source_label"": ""Approval?"", ""target"": ""6"", ""target_type"": ""process"", ""target_label"": ""Place in queue"", ""type_of_edge"": ""solid"", ""relationship_value"": ""No"", ""relationship_type"": ""branches""}, {""source"": ""5"", ""source_type"": ""decision"", ""source_label"": ""Approval?"", ""target"": ""7"", ""target_type"": ""process"", ""target_label"": ""Invoice Placed in Payment Queue"", ""type_of_edge"": ""solid"", ""relationship_value"": ""Yes"", ""relationship_type"": ""branches""}, {""source"": ""7"", ""source_type"": ""process"", ""source_label"": ""Invoice Placed in Payment Queue"", ""target"": ""8"", ""target_type"": ""process"", ""target_label"": ""Payment Processed"", ""type_of_edge"": ""solid"", ""relationship_value"": """", ""relationship_type"": ""follows""}, {""source"": ""9"", ""source_type"": ""decision"", ""source_label"": ""Action Taken, Issue Resolved?"", ""target"": ""6"", ""target_type"": ""process"", ""target_label"": ""Place in queue"", ""type_of_edge"": ""solid"", ""relationship_value"": ""No"", ""relationship_type"": ""branches""}, {""source"": ""9"", ""source_type"": ""decision"", ""source_label"": ""Action Taken, Issue Resolved?"", ""target"": ""5"", ""target_type"": ""decision"", ""target_label"": ""Approval?"", ""type_of_edge"": ""solid"", ""relationship_value"": ""Yes"", ""relationship_type"": ""branches""}]}"
286.png,"{""nodes"": [{""id"": ""1"", ""type_of_node"": ""start"", ""shape"": ""start_event"", ""label"": ""Start""}, {""id"": ""2"", ""type_of_node"": ""decision"", ""shape"": ""gateway"", ""label"": ""Interested in watching movie?""}, {""id"": ""3"", ""type_of_node"": ""process"", ""shape"": ""task"", ""label"": ""Well, go read a book then.""}, {""id"": ""4"", ""type_of_node"": ""decision"", ""shape"": ""gateway"", ""label"": ""Know the story?""}, {""id"": ""5"", ""type_of_node"": ""process"", ""shape"": ""task"", ""label"": ""Think about what part of the process you need to see""}, {""id"": ""6"", ""type_of_node"": ""process"", ""shape"": ""task"", ""label"": ""Let's start""}], ""edges"": [{""source"": ""1"", ""source_type"": ""start"", ""source_label"": ""Start"", ""target"": ""2"", ""target_type"": ""decision"", ""target_label"": ""Interested in watching movie?"", ""type_of_edge"": ""solid"", ""relationship_value"": """", ""relationship_type"": ""follows""}, {""source"": ""2"", ""source_type"": ""decision"", ""source_label"": ""Interested in watching movie?"", ""target"": ""3"", ""target_type"": ""process"", ""target_label"": ""Well, go read a book then."", ""type_of_edge"": ""solid"", ""relationship_value"": ""no"", ""relationship_type"": ""branches""}, {""source"": ""2"", ""source_type"": ""decision"", ""source_label"": ""Interested in watching movie?"", ""target"": ""4"", ""target_type"": ""decision"", ""target_label"": ""Know the story?"", ""type_of_edge"": ""solid"", ""relationship_value"": ""yes"", ""relationship_type"": ""branches""}, {""source"": ""4"", ""source_type"": ""decision"", ""source_label"": ""Know the story?"", ""target"": ""5"", ""target_type"": ""process"", ""target_label"": ""Think about what part of the process you need to see"", ""type_of_edge"": ""solid"", ""relationship_value"": ""no"", ""relationship_type"": ""branches""}, {""source"": ""4"", ""source_type"": ""decision"", ""source_label"": ""Know the story?"", ""target"": ""6"", ""target_type"": ""process"", ""target_label"": ""Let's start"", ""type_of_edge"": ""solid"", ""relationship_value"": ""yes"", ""relationship_type"": ""branches""}]}"
319.png,"{""nodes"": [{""id"": ""1"", ""type_of_node"": ""start"", ""shape"": ""start_event"", ""label"": ""START""}, {""id"": ""2"", ""type_of_node"": ""process"", ""shape"": ""task"", ""label"": ""Input""}, {""id"": ""3"", ""type_of_node"": ""process"", ""shape"": ""task"", ""label"": ""PROCESS""}, {""id"": ""4"", ""type_of_node"": ""process"", ""shape"": ""task"", ""label"": ""Display""}, {""id"": ""5"", ""type_of_node"": ""terminator"", ""shape"": ""end_event"", ""label"": ""END""}], ""edges"": [{""source"": ""1"", ""source_type"": ""start"", ""source_label"": ""START"", ""target"": ""2"", ""target_type"": ""process"", ""target_label"": ""Input"", ""type_of_edge"": ""solid"", ""relationship_value"": """", ""relationship_type"": ""follows""}, {""source"": ""2"", ""source_type"": ""process"", ""source_label"": ""Input"", ""target"": ""3"", ""target_type"": ""process"", ""target_label"": ""PROCESS"", ""type_of_edge"": ""solid"", ""relationship_value"": """", ""relationship_type"": ""follows""}, {""source"": ""3"", ""source_type"": ""process"", ""source_label"": ""PROCESS"", ""target"": ""4"", ""target_type"": ""process"", ""target_label"": ""Display"", ""type_of_edge"": ""solid"", ""relationship_value"": """", ""relationship_type"": ""follows""}, {""source"": ""4"", ""source_type"": ""process"", ""source_label"": ""Display"", ""target"": ""5"", ""target_type"": ""terminator"", ""target_label"": ""END"", ""type_of_edge"": ""solid"", ""relationship_value"": """", ""relationship_type"": ""follows""}]}"
193.png,"{""nodes"": [{""id"": ""start"", ""type_of_node"": ""start"", ""shape"": ""start_event"", ""label"": ""Start""}, {""id"": ""round_1"", ""type_of_node"": ""process"", ""shape"": ""task"", ""label"": ""Round 1\nT = 1""}, {""id"": ""draw_lots"", ""type_of_node"": ""process"", ""shape"": ""task"", ""label"": ""Draw lots to select witness nodes""}, {""id"": ""binarize_block"", ""type_of_node"": ""process"", ""shape"": ""task"", ""label"": ""Binarize block""}, {""id"": ""packing_block"", ""type_of_node"": ""process"", ""shape"": ""task"", ""label"": ""Packing block""}, {""id"": ""block_verification"", ""type_of_node"": ""decision"", ""shape"": ""gateway"", ""label"": ""Block verification""}, {""id"": ""finish"", ""type_of_node"": ""terminator"", ""shape"": ""end_event"", ""label"": ""Finish""}, {""id"": ""timeout_verification"", ""type_of_node"": ""decision"", ""shape"": ""gateway"", ""label"": ""Timeout verification""}, {""id"": ""next_round_draw"", ""type_of_node"": ""process"", ""shape"": ""task"", ""label"": ""Next round draw""}, {""id"": ""authentication"", ""type_of_node"": ""process"", ""shape"": ""task"", ""label"": ""Authentication""}], ""edges"": [{""source"": ""start"", ""source_type"": ""start"", ""source_label"": ""Start"", ""target"": ""round_1"", ""target_type"": ""process"", ""target_label"": ""Round 1\nT = 1"", ""type_of_edge"": ""solid"", ""relationship_value"": """", ""relationship_type"": ""follows""}, {""source"": ""round_1"", ""source_type"": ""process"", ""source_label"": ""Round 1\nT = 1"", ""target"": ""draw_lots"", ""target_type"": ""process"", ""target_label"": ""Draw lots to select witness nodes"", ""type_of_edge"": ""solid"", ""relationship_value"": """", ""relationship_type"": ""follows""}, {""source"": ""draw_lots"", ""source_type"": ""process"", ""source_label"": ""Draw lots to select witness nodes"", ""target"": ""binarize_block"", ""target_type"": ""process"", ""target_label"": ""Binarize block"", ""type_of_edge"": ""solid"", ""relationship_value"": """", ""relationship_type"": ""follows""}, {""source"": ""binarize_block"", ""source_type"": ""process"", ""source_label"": ""Binarize block"", ""target"": ""packing_block"", ""target_type"": ""process"", ""target_label"": ""Packing block"", ""type_of_edge"": ""solid"", ""relationship_value"": """", ""relationship_type"": ""follows""}, {""source"": ""packing_block"", ""source_type"": ""process"", ""source_label"": ""Packing block"", ""target"": ""block_verification"", ""target_type"": ""decision"", ""target_label"": ""Block verification"", ""type_of_edge"": ""solid"", ""relationship_value"": """", ""relationship_type"": ""follows""}, {""source"": ""block_verification"", ""source_type"": ""decision"", ""source_label"": ""Block verification"", ""target"": ""finish"", ""target_type"": ""terminator"", ""target_label"": ""Finish"", ""type_of_edge"": ""solid"", ""relationship_value"": ""Success"", ""relationship_type"": ""depends_on""}, {""source"": ""block_verification"", ""source_type"": ""decision"", ""source_label"": ""Block verification"", ""target"": ""timeout_verification"", ""target_type"": ""process"", ""target_label"": ""Timeout verification"", ""type_of_edge"": ""solid"", ""relationship_value"": ""Verification failed"", ""relationship_type"": ""depends_on""}, {""source"": ""authentication"", ""source_type"": ""process"", ""source_label"": ""Authentication"", ""target"": ""binarize_block"", ""target_type"": ""process"", ""target_label"": ""Binarize block"", ""type_of_edge"": ""solid"", ""relationship_value"": """", ""relationship_type"": ""follows""}, {""source"": ""timeout_verification"", ""source_type"": ""decision"", ""source_label"": ""Timeout verification"", ""target"": ""next_round_draw"", ""target_type"": ""process"", ""target_label"": ""Next round draw"", ""type_of_edge"": ""solid"", ""relationship_value"": ""Timeout"", ""relationship_type"": ""depends_on""}, {""source"": ""next_round_draw"", ""source_type"": ""process"", ""source_label"": ""Next round draw"", ""target"": ""draw_lots"", ""target_type"": ""decision"", ""target_label"": ""Draw lots to select witness nodes"", ""type_of_edge"": ""solid"", ""relationship_value"": """", ""relationship_type"": ""follows""}]}"
90.png,"{""nodes"": [{""id"": ""1"", ""type_of_node"": ""start"", ""shape"": ""start_event"", ""label"": ""Start""}, {""id"": ""2"", ""type_of_node"": ""process"", ""shape"": ""task"", ""label"": ""Define Optimization Problem""}, {""id"": ""3"", ""type_of_node"": ""process"", ""shape"": ""task"", ""label"": ""Calculate matrix""}, {""id"": ""4"", ""type_of_node"": ""process"", ""shape"": ""task"", ""label"": ""Obtain result""}, {""id"": ""5"", ""type_of_node"": ""process"", ""shape"": ""task"", ""label"": ""Perform Data Mining Algorithms""}, {""id"": ""6"", ""type_of_node"": ""process"", ""shape"": ""task"", ""label"": ""Evaluate""}, {""id"": ""7"", ""type_of_node"": ""decision"", ""shape"": ""gateway"", ""label"": ""Meet Design Requirements?""}, {""id"": ""8"", ""type_of_node"": ""process"", ""shape"": ""task"", ""label"": ""Modify Mining Rules""}, {""id"": ""9"", ""type_of_node"": ""terminator"", ""shape"": ""end_event"", ""label"": ""Stop""}], ""edges"": [{""source"": ""1"", ""source_type"": ""start"", ""source_label"": ""Start"", ""target"": ""2"", ""target_type"": ""process"", ""target_label"": ""Define Optimization Problem"", ""type_of_edge"": ""solid"", ""relationship_value"": """", ""relationship_type"": ""follows""}, {""source"": ""2"", ""source_type"": ""process"", ""source_label"": ""Define Optimization Problem"", ""target"": ""3"", ""target_type"": ""process"", ""target_label"": ""Calculate matrix"", ""type_of_edge"": ""solid"", ""relationship_value"": """", ""relationship_type"": ""follows""}, {""source"": ""3"", ""source_type"": ""process"", ""source_label"": ""Calculate matrix"", ""target"": ""4"", ""target_type"": ""process"", ""target_label"": ""Obtain result"", ""type_of_edge"": ""solid"", ""relationship_value"": """", ""relationship_type"": ""follows""}, {""source"": ""4"", ""source_type"": ""process"", ""source_label"": ""Obtain result"", ""target"": ""5"", ""target_type"": ""process"", ""target_label"": ""Perform Data Mining Algorithms"", ""type_of_edge"": ""solid"", ""relationship_value"": """", ""relationship_type"": ""follows""}, {""source"": ""5"", ""source_type"": ""process"", ""source_label"": ""Perform Data Mining Algorithms"", ""target"": ""6"", ""target_type"": ""process"", ""target_label"": ""Evaluate"", ""type_of_edge"": ""solid"", ""relationship_value"": """", ""relationship_type"": ""follows""}, {""source"": ""6"", ""source_type"": ""process"", ""source_label"": ""Evaluate"", ""target"": ""7"", ""target_type"": ""decision"", ""target_label"": ""Meet Design Requirements?"", ""type_of_edge"": ""solid"", ""relationship_value"": """", ""relationship_type"": ""follows""}, {""source"": ""7"", ""source_type"": ""decision"", ""source_label"": ""Meet Design Requirements?"", ""target"": ""8"", ""target_type"": ""process"", ""target_label"": ""Modify Mining Rules"", ""type_of_edge"": ""solid"", ""relationship_value"": ""No"", ""relationship_type"": ""branches""}, {""source"": ""8"", ""source_type"": ""process"", ""source_label"": ""Modify Mining Rules"", ""target"": ""5"", ""target_type"": ""process"", ""target_label"": ""Perform Data Mining Algorithms"", ""type_of_edge"": ""solid"", ""relationship_value"": """", ""relationship_type"": ""follows""}, {""source"": ""7"", ""source_type"": ""decision"", ""source_label"": ""Meet Design Requirements?"", ""target"": ""9"", ""target_type"": ""terminator"", ""target_label"": ""Stop"", ""type_of_edge"": ""solid"", ""relationship_value"": ""Yes"", ""relationship_type"": ""branches""}]}"
848.png,"{""nodes"": [{""id"": ""1"", ""type_of_node"": ""start"", ""shape"": ""start_event"", ""label"": ""Data process""}, {""id"": ""2"", ""type_of_node"": ""process"", ""shape"": ""task"", ""label"": ""Degree calculation""}, {""id"": ""3"", ""type_of_node"": ""process"", ""shape"": ""task"", ""label"": ""Area calculation""}, {""id"": ""4"", ""type_of_node"": ""process"", ""shape"": ""task"", ""label"": ""Similarity calculation""}, {""id"": ""5"", ""type_of_node"": ""process"", ""shape"": ""task"", ""label"": ""Core calculation""}, {""id"": ""6"", ""type_of_node"": ""process"", ""shape"": ""task"", ""label"": ""Dimension expansion""}, {""id"": ""7"", ""type_of_node"": ""terminator"", ""shape"": ""end_event"", ""label"": ""Finish""}], ""edges"": [{""source"": ""1"", ""source_type"": ""start"", ""source_label"": ""Data process"", ""target"": ""2"", ""target_type"": ""process"", ""target_label"": ""Degree calculation"", ""type_of_edge"": ""solid"", ""relationship_value"": """", ""relationship_type"": ""follows""}, {""source"": ""2"", ""source_type"": ""process"", ""source_label"": ""Degree calculation"", ""target"": ""3"", ""target_type"": ""process"", ""target_label"": ""Area calculation"", ""type_of_edge"": ""solid"", ""relationship_value"": """", ""relationship_type"": ""follows""}, {""source"": ""3"", ""source_type"": ""process"", ""source_label"": ""Area calculation"", ""target"": ""4"", ""target_type"": ""process"", ""target_label"": ""Similarity calculation"", ""type_of_edge"": ""solid"", ""relationship_value"": """", ""relationship_type"": ""follows""}, {""source"": ""4"", ""source_type"": ""process"", ""source_label"": ""Similarity calculation"", ""target"": ""5"", ""target_type"": ""process"", ""target_label"": ""Core calculation"", ""type_of_edge"": ""solid"", ""relationship_value"": """", ""relationship_type"": ""follows""}, {""source"": ""5"", ""source_type"": ""process"", ""source_label"": ""Core calculation"", ""target"": ""6"", ""target_type"": ""process"", ""target_label"": ""Dimension expansion"", ""type_of_edge"": ""solid"", ""relationship_value"": """", ""relationship_type"": ""follows""}, {""source"": ""6"", ""source_type"": ""process"", ""source_label"": ""Dimension expansion"", ""target"": ""7"", ""target_type"": ""terminator"", ""target_label"": ""Finish"", ""type_of_edge"": ""solid"", ""relationship_value"": """", ""relationship_type"": ""follows""}]}"
9.png,"{""nodes"": [{""id"": ""1"", ""type_of_node"": ""start"", ""shape"": ""start_event"", ""label"": ""Begin""}, {""id"": ""2"", ""type_of_node"": ""decision"", ""shape"": ""gateway"", ""label"": ""Decision""}, {""id"": ""3"", ""type_of_node"": ""process"", ""shape"": ""task"", ""label"": ""Step 1""}, {""id"": ""4"", ""type_of_node"": ""process"", ""shape"": ""task"", ""label"": ""Step 2""}, {""id"": ""5"", ""type_of_node"": ""process"", ""shape"": ""task"", ""label"": ""Step 3""}, {""id"": ""6"", ""type_of_node"": ""terminator"", ""shape"": ""end_event"", ""label"": ""Stop""}], ""edges"": [{""source"": ""1"", ""source_type"": ""start"", ""source_label"": ""Begin"", ""target"": ""2"", ""target_type"": ""decision"", ""target_label"": ""Decision"", ""type_of_edge"": ""solid"", ""relationship_value"": """", ""relationship_type"": ""follows""}, {""source"": ""2"", ""source_type"": ""decision"", ""source_label"": ""Decision"", ""target"": ""3"", ""target_type"": ""process"", ""target_label"": ""Step 1"", ""type_of_edge"": ""solid"", ""relationship_value"": ""Yes"", ""relationship_type"": ""branches""}, {""source"": ""2"", ""source_type"": ""decision"", ""source_label"": ""Decision"", ""target"": ""4"", ""target_type"": ""process"", ""target_label"": ""Step 2"", ""type_of_edge"": ""solid"", ""relationship_value"": ""No"", ""relationship_type"": ""branches""}, {""source"": ""4"", ""source_type"": ""process"", ""source_label"": ""Step 2"", ""target"": ""5"", ""target_type"": ""process"", ""target_label"": ""Step 3"", ""type_of_edge"": ""solid"", ""relationship_value"": """", ""relationship_type"": ""follows""}, {""source"": ""5"", ""source_type"": ""process"", ""source_label"": ""Step 3"", ""target"": ""6"", ""target_type"": ""terminator"", ""target_label"": ""Stop"", ""type_of_edge"": ""solid"", ""relationship_value"": """", ""relationship_type"": ""follows""}, {""source"": ""3"", ""source_type"": ""process"", ""source_label"": ""Step 1"", ""target"": ""6"", ""target_type"": ""terminator"", ""target_label"": ""Stop"", ""type_of_edge"": ""solid"", ""relationship_value"": """", ""relationship_type"": ""follows""}]}"
171.png,"{""nodes"": [{""id"": ""1"", ""type_of_node"": ""start"", ""shape"": ""start_event"", ""label"": ""Start""}, {""id"": ""2"", ""type_of_node"": ""decision"", ""shape"": ""gateway"", ""label"": ""Are you happy?""}, {""id"": ""3"", ""type_of_node"": ""process"", ""shape"": ""task"", ""label"": ""Make others happy""}, {""id"": ""4"", ""type_of_node"": ""terminator"", ""shape"": ""end_event"", ""label"": ""Stop""}, {""id"": ""5"", ""type_of_node"": ""decision"", ""shape"": ""gateway"", ""label"": ""Want to be happy?""}, {""id"": ""6"", ""type_of_node"": ""process"", ""shape"": ""task"", ""label"": ""Ask someone""}, {""id"": ""7"", ""type_of_node"": ""process"", ""shape"": ""task"", ""label"": ""all over""}], ""edges"": [{""source"": ""1"", ""source_type"": ""start"", ""source_label"": ""Start"", ""target"": ""2"", ""target_type"": ""decision"", ""target_label"": ""Are you happy?"", ""type_of_edge"": ""solid"", ""relationship_value"": """", ""relationship_type"": ""follows""}, {""source"": ""2"", ""source_type"": ""decision"", ""source_label"": ""Are you happy?"", ""target"": ""3"", ""target_type"": ""process"", ""target_label"": ""Make others happy"", ""type_of_edge"": ""solid"", ""relationship_value"": ""Yes"", ""relationship_type"": ""branches""}, {""source"": ""3"", ""source_type"": ""process"", ""source_label"": ""Make others happy"", ""target"": ""4"", ""target_type"": ""terminator"", ""target_label"": ""Stop"", ""type_of_edge"": ""solid"", ""relationship_value"": """", ""relationship_type"": ""follows""}, {""source"": ""2"", ""source_type"": ""decision"", ""source_label"": ""Are you happy?"", ""target"": ""5"", ""target_type"": ""decision"", ""target_label"": ""Want to be happy?"", ""type_of_edge"": ""solid"", ""relationship_value"": ""No"", ""relationship_type"": ""branches""}, {""source"": ""5"", ""source_type"": ""decision"", ""source_label"": ""Want to be happy?"", ""target"": ""6"", ""target_type"": ""process"", ""target_label"": ""Ask someone"", ""type_of_edge"": ""solid"", ""relationship_value"": ""Yes"", ""relationship_type"": ""branches""}, {""source"": ""6"", ""source_type"": ""process"", ""source_label"": ""Ask someone"", ""target"": ""4"", ""target_type"": ""terminator"", ""target_label"": ""Stop"", ""type_of_edge"": ""solid"", ""relationship_value"": """", ""relationship_type"": ""follows""}, {""source"": ""5"", ""source_type"": ""decision"", ""source_label"": ""Want to be happy?"", ""target"": ""7"", ""target_type"": ""process"", ""target_label"": ""all over"", ""type_of_edge"": ""solid"", ""relationship_value"": ""No"", ""relationship_type"": ""branches""}, {""source"": ""7"", ""source_type"": ""process"", ""source_label"": ""all over"", ""target"": ""1"", ""target_type"": ""start"", ""target_label"": ""Start"", ""type_of_edge"": ""solid"", ""relationship_value"": """", ""relationship_type"": ""follows""}]}"
114.png,"{""nodes"": [{""id"": ""1"", ""type_of_node"": ""start"", ""shape"": ""start_event"", ""label"": """"}, {""id"": ""2"", ""type_of_node"": ""process"", ""shape"": ""task"", ""label"": ""Users enters login name and password""}, {""id"": ""3"", ""type_of_node"": ""decision"", ""shape"": ""gateway"", ""label"": ""Correct login and password?""}, {""id"": ""4"", ""type_of_node"": ""process"", ""shape"": ""task"", ""label"": ""Alert""}, {""id"": ""5"", ""type_of_node"": ""process"", ""shape"": ""task"", ""label"": ""User successfully logs in""}, {""id"": ""6"", ""type_of_node"": ""process"", ""shape"": ""task"", ""label"": ""Display""}, {""id"": ""7"", ""type_of_node"": ""process"", ""shape"": ""task"", ""label"": ""User logs into the system""}], ""edges"": [{""source"": ""1"", ""source_type"": ""start"", ""source_label"": """", ""target"": ""2"", ""target_type"": ""process"", ""target_label"": ""Users enters login name and password"", ""type_of_edge"": ""solid"", ""relationship_value"": """", ""relationship_type"": ""follows""}, {""source"": ""2"", ""source_type"": ""process"", ""source_label"": ""Users enters login name and password"", ""target"": ""3"", ""target_type"": ""decision"", ""target_label"": ""Correct login and password?"", ""type_of_edge"": ""solid"", ""relationship_value"": """", ""relationship_type"": ""follows""}, {""source"": ""3"", ""source_type"": ""decision"", ""source_label"": ""Correct login and password?"", ""target"": ""4"", ""target_type"": ""process"", ""target_label"": ""Alert"", ""type_of_edge"": ""solid"", ""relationship_value"": ""No"", ""relationship_type"": ""branches""}, {""source"": ""4"", ""source_type"": ""process"", ""source_label"": ""Alert"", ""target"": ""2"", ""target_type"": ""process"", ""target_label"": ""Users enters login name and password"", ""type_of_edge"": ""solid"", ""relationship_value"": """", ""relationship_type"": ""follows""}, {""source"": ""3"", ""source_type"": ""decision"", ""source_label"": ""Correct login and password?"", ""target"": ""5"", ""target_type"": ""process"", ""target_label"": ""User successfully logs in"", ""type_of_edge"": ""solid"", ""relationship_value"": ""Yes"", ""relationship_type"": ""branches""}, {""source"": ""5"", ""source_type"": ""process"", ""source_label"": ""User successfully logs in"", ""target"": ""6"", ""target_type"": ""process"", ""target_label"": ""Display"", ""type_of_edge"": ""solid"", ""relationship_value"": """", ""relationship_type"": ""follows""}, {""source"": ""6"", ""source_type"": ""process"", ""source_label"": ""Display"", ""target"": ""7"", ""target_type"": ""process"", ""target_label"": ""User logs into the system"", ""type_of_edge"": ""solid"", ""relationship_value"": """", ""relationship_type"": ""follows""}]}"
38.png,"{""nodes"": [{""id"": ""1"", ""type_of_node"": ""start"", ""shape"": ""start_event"", ""label"": ""Begin""}, {""id"": ""2"", ""type_of_node"": ""process"", ""shape"": ""task"", ""label"": ""Order""}, {""id"": ""3"", ""type_of_node"": ""decision"", ""shape"": ""gateway"", ""label"": ""Want fries?""}, {""id"": ""4"", ""type_of_node"": ""process"", ""shape"": ""task"", ""label"": ""Order fries""}, {""id"": ""5"", ""type_of_node"": ""decision"", ""shape"": ""gateway"", ""label"": ""Want drink?""}, {""id"": ""6"", ""type_of_node"": ""process"", ""shape"": ""task"", ""label"": ""Order drink""}, {""id"": ""7"", ""type_of_node"": ""process"", ""shape"": ""task"", ""label"": ""Pay""}, {""id"": ""8"", ""type_of_node"": ""terminator"", ""shape"": ""end_event"", ""label"": ""End""}], ""edges"": [{""source"": ""1"", ""source_type"": ""start"", ""source_label"": ""Begin"", ""target"": ""2"", ""target_type"": ""process"", ""target_label"": ""Order"", ""type_of_edge"": ""solid"", ""relationship_value"": """", ""relationship_type"": ""follows""}, {""source"": ""2"", ""source_type"": ""process"", ""source_label"": ""Order"", ""target"": ""3"", ""target_type"": ""decision"", ""target_label"": ""Want fries?"", ""type_of_edge"": ""solid"", ""relationship_value"": """", ""relationship_type"": ""follows""}, {""source"": ""3"", ""source_type"": ""decision"", ""source_label"": ""Want fries?"", ""target"": ""4"", ""target_type"": ""process"", ""target_label"": ""Order fries"", ""type_of_edge"": ""solid"", ""relationship_value"": ""Yes"", ""relationship_type"": ""branches""}, {""source"": ""3"", ""source_type"": ""decision"", ""source_label"": ""Want fries?"", ""target"": ""5"", ""target_type"": ""decision"", ""target_label"": ""Want drink?"", ""type_of_edge"": ""solid"", ""relationship_value"": ""No"", ""relationship_type"": ""branches""}, {""source"": ""4"", ""source_type"": ""process"", ""source_label"": ""Order fries"", ""target"": ""5"", ""target_type"": ""decision"", ""target_label"": ""Want drink?"", ""type_of_edge"": ""solid"", ""relationship_value"": """", ""relationship_type"": ""follows""}, {""source"": ""5"", ""source_type"": ""decision"", ""source_label"": ""Want drink?"", ""target"": ""6"", ""target_type"": ""process"", ""target_label"": ""Order drink"", ""type_of_edge"": ""solid"", ""relationship_value"": ""Yes"", ""relationship_type"": ""branches""}, {""source"": ""5"", ""source_type"": ""decision"", ""source_label"": ""Want drink?"", ""target"": ""7"", ""target_type"": ""process"", ""target_label"": ""Pay"", ""type_of_edge"": ""solid"", ""relationship_value"": ""No"", ""relationship_type"": ""branches""}, {""source"": ""6"", ""source_type"": ""process"", ""source_label"": ""Order drink"", ""target"": ""7"", ""target_type"": ""process"", ""target_label"": ""Pay"", ""type_of_edge"": ""solid"", ""relationship_value"": """", ""relationship_type"": ""follows""}, {""source"": ""7"", ""source_type"": ""process"", ""source_label"": ""Pay"", ""target"": ""8"", ""target_type"": ""terminator"", ""target_label"": ""End"", ""type_of_edge"": ""solid"", ""relationship_value"": """", ""relationship_type"": ""follows""}]}"
107.png,"{""nodes"": [{""id"": ""1"", ""type_of_node"": ""start"", ""shape"": ""start_event"", ""label"": ""Start""}, {""id"": ""2"", ""type_of_node"": ""process"", ""shape"": ""task"", ""label"": ""Read A""}, {""id"": ""3"", ""type_of_node"": ""process"", ""shape"": ""task"", ""label"": ""Read B""}, {""id"": ""4"", ""type_of_node"": ""process"", ""shape"": ""task"", ""label"": ""Calculate sum as A+B""}, {""id"": ""5"", ""type_of_node"": ""process"", ""shape"": ""task"", ""label"": ""Print Sum""}, {""id"": ""6"", ""type_of_node"": ""terminator"", ""shape"": ""end_event"", ""label"": ""End""}], ""edges"": [{""source"": ""1"", ""source_type"": ""start"", ""source_label"": ""Start"", ""target"": ""2"", ""target_type"": ""process"", ""target_label"": ""Read A"", ""type_of_edge"": ""solid"", ""relationship_value"": """", ""relationship_type"": ""follows""}, {""source"": ""2"", ""source_type"": ""process"", ""source_label"": ""Read A"", ""target"": ""3"", ""target_type"": ""process"", ""target_label"": ""Read B"", ""type_of_edge"": ""solid"", ""relationship_value"": """", ""relationship_type"": ""follows""}, {""source"": ""3"", ""source_type"": ""process"", ""source_label"": ""Read B"", ""target"": ""4"", ""target_type"": ""process"", ""target_label"": ""Calculate sum as A+B"", ""type_of_edge"": ""solid"", ""relationship_value"": """", ""relationship_type"": ""follows""}, {""source"": ""4"", ""source_type"": ""process"", ""source_label"": ""Calculate sum as A+B"", ""target"": ""5"", ""target_type"": ""process"", ""target_label"": ""Print Sum"", ""type_of_edge"": ""solid"", ""relationship_value"": """", ""relationship_type"": ""follows""}, {""source"": ""5"", ""source_type"": ""process"", ""source_label"": ""Print Sum"", ""target"": ""6"", ""target_type"": ""terminator"", ""target_label"": ""End"", ""type_of_edge"": ""solid"", ""relationship_value"": """", ""relationship_type"": ""follows""}]}"
548.png,"{""nodes"": [{""id"": ""1"", ""type_of_node"": ""start"", ""shape"": ""start_event"", ""label"": ""Start""}, {""id"": ""2"", ""type_of_node"": ""decision"", ""shape"": ""gateway"", ""label"": ""Make decision""}, {""id"": ""3"", ""type_of_node"": ""process"", ""shape"": ""task"", ""label"": ""Do 1""}, {""id"": ""4"", ""type_of_node"": ""process"", ""shape"": ""task"", ""label"": ""Do 2""}, {""id"": ""5"", ""type_of_node"": ""process"", ""shape"": ""task"", ""label"": ""Do 3""}, {""id"": ""6"", ""type_of_node"": ""terminator"", ""shape"": ""end_event"", ""label"": ""Stop""}], ""edges"": [{""source"": ""1"", ""source_type"": ""start"", ""source_label"": ""Start"", ""target"": ""2"", ""target_type"": ""decision"", ""target_label"": ""Make decision"", ""type_of_edge"": ""solid"", ""relationship_value"": """", ""relationship_type"": ""follows""}, {""source"": ""2"", ""source_type"": ""decision"", ""source_label"": ""Make decision"", ""target"": ""3"", ""target_type"": ""process"", ""target_label"": ""Do 1"", ""type_of_edge"": ""solid"", ""relationship_value"": ""outcome 1"", ""relationship_type"": ""branches""}, {""source"": ""2"", ""source_type"": ""decision"", ""source_label"": ""Make decision"", ""target"": ""4"", ""target_type"": ""process"", ""target_label"": ""Do 2"", ""type_of_edge"": ""solid"", ""relationship_value"": ""outcome 2"", ""relationship_type"": ""branches""}, {""source"": ""3"", ""source_type"": ""process"", ""source_label"": ""Do 1"", ""target"": ""5"", ""target_type"": ""process"", ""target_label"": ""Do 3"", ""type_of_edge"": ""solid"", ""relationship_value"": """", ""relationship_type"": ""follows""}, {""source"": ""4"", ""source_type"": ""process"", ""source_label"": ""Do 2"", ""target"": ""5"", ""target_type"": ""process"", ""target_label"": ""Do 3"", ""type_of_edge"": ""solid"", ""relationship_value"": """", ""relationship_type"": ""follows""}, {""source"": ""5"", ""source_type"": ""process"", ""source_label"": ""Do 3"", ""target"": ""6"", ""target_type"": ""terminator"", ""target_label"": ""Stop"", ""type_of_edge"": ""solid"", ""relationship_value"": """", ""relationship_type"": ""follows""}]}"
920.png,"{""nodes"": [{""id"": ""1"", ""type_of_node"": ""start"", ""shape"": ""start_event"", ""label"": ""Start""}, {""id"": ""2"", ""type_of_node"": ""decision"", ""shape"": ""gateway"", ""label"": ""bike""}, {""id"": ""3"", ""type_of_node"": ""process"", ""shape"": ""task"", ""label"": ""r15""}, {""id"": ""4"", ""type_of_node"": ""process"", ""shape"": ""task"", ""label"": ""duke""}, {""id"": ""5"", ""type_of_node"": ""process"", ""shape"": ""task"", ""label"": ""v4""}, {""id"": ""6"", ""type_of_node"": ""decision"", ""shape"": ""gateway"", ""label"": ""hills""}, {""id"": ""7"", ""type_of_node"": ""process"", ""shape"": ""task"", ""label"": ""ok""}, {""id"": ""8"", ""type_of_node"": ""terminator"", ""shape"": ""end_event"", ""label"": ""Stop""}], ""edges"": [{""source"": ""1"", ""source_type"": ""start"", ""source_label"": ""Start"", ""target"": ""2"", ""target_type"": ""decision"", ""target_label"": ""bike"", ""type_of_edge"": ""solid"", ""relationship_value"": """", ""relationship_type"": ""follows""}, {""source"": ""2"", ""source_type"": ""decision"", ""source_label"": ""bike"", ""target"": ""3"", ""target_type"": ""process"", ""target_label"": ""r15"", ""type_of_edge"": ""solid"", ""relationship_value"": ""Yes"", ""relationship_type"": ""branches""}, {""source"": ""2"", ""source_type"": ""decision"", ""source_label"": ""bike"", ""target"": ""4"", ""target_type"": ""process"", ""target_label"": ""duke"", ""type_of_edge"": ""solid"", ""relationship_value"": ""No"", ""relationship_type"": ""branches""}, {""source"": ""3"", ""source_type"": ""process"", ""source_label"": ""r15"", ""target"": ""8"", ""target_type"": ""terminator"", ""target_label"": ""Stop"", ""type_of_edge"": ""solid"", ""relationship_value"": """", ""relationship_type"": ""follows""}, {""source"": ""4"", ""source_type"": ""process"", ""source_label"": ""duke"", ""target"": ""5"", ""target_type"": ""process"", ""target_label"": ""v4"", ""type_of_edge"": ""solid"", ""relationship_value"": """", ""relationship_type"": ""follows""}, {""source"": ""5"", ""source_type"": ""process"", ""source_label"": ""v4"", ""target"": ""6"", ""target_type"": ""decision"", ""target_label"": ""hills"", ""type_of_edge"": ""solid"", ""relationship_value"": """", ""relationship_type"": ""follows""}, {""source"": ""6"", ""source_type"": ""decision"", ""source_label"": ""hills"", ""target"": ""7"", ""target_type"": ""process"", ""target_label"": ""ok"", ""type_of_edge"": ""solid"", ""relationship_value"": ""Yes"", ""relationship_type"": ""follows""}, {""source"": ""7"", ""source_type"": ""process"", ""source_label"": ""ok"", ""target"": ""8"", ""target_type"": ""terminator"", ""target_label"": ""Stop"", ""type_of_edge"": ""solid"", ""relationship_value"": """", ""relationship_type"": ""follows""}]}"
31.png,"{""nodes"": [{""id"": ""1"", ""type_of_node"": ""start"", ""shape"": ""start_event"", ""label"": ""Start""}, {""id"": ""2"", ""type_of_node"": ""process"", ""shape"": ""task"", ""label"": ""Work on problem""}, {""id"": ""3"", ""type_of_node"": ""process"", ""shape"": ""task"", ""label"": ""Assess their Situation and the""}, {""id"": ""4"", ""type_of_node"": ""process"", ""shape"": ""task"", ""label"": ""Present Solution(s)""}, {""id"": ""5"", ""type_of_node"": ""process"", ""shape"": ""task"", ""label"": ""Sign up""}, {""id"": ""6"", ""type_of_node"": ""process"", ""shape"": ""task"", ""label"": ""Retain relationship""}], ""edges"": [{""source"": ""1"", ""source_type"": ""start"", ""source_label"": ""Start"", ""target"": ""2"", ""target_type"": ""process"", ""target_label"": ""Work on problem"", ""type_of_edge"": ""solid"", ""relationship_value"": """", ""relationship_type"": ""follows""}, {""source"": ""2"", ""source_type"": ""process"", ""source_label"": ""Work on problem"", ""target"": ""3"", ""target_type"": ""process"", ""target_label"": ""Assess their Situation and the"", ""type_of_edge"": ""solid"", ""relationship_value"": """", ""relationship_type"": ""follows""}, {""source"": ""3"", ""source_type"": ""process"", ""source_label"": ""Assess their Situation and the"", ""target"": ""4"", ""target_type"": ""process"", ""target_label"": ""Present Solution(s)"", ""type_of_edge"": ""solid"", ""relationship_value"": """", ""relationship_type"": ""follows""}, {""source"": ""4"", ""source_type"": ""process"", ""source_label"": ""Present Solution(s)"", ""target"": ""5"", ""target_type"": ""process"", ""target_label"": ""Sign up"", ""type_of_edge"": ""solid"", ""relationship_value"": """", ""relationship_type"": ""follows""}, {""source"": ""5"", ""source_type"": ""process"", ""source_label"": ""Sign up"", ""target"": ""6"", ""target_type"": ""process"", ""target_label"": ""Retain relationship"", ""type_of_edge"": ""solid"", ""relationship_value"": """", ""relationship_type"": ""follows""}, {""source"": ""6"", ""source_type"": ""process"", ""source_label"": ""Retain relationship"", ""target"": ""2"", ""target_type"": ""process"", ""target_label"": ""Work on problem"", ""type_of_edge"": ""solid"", ""relationship_value"": """", ""relationship_type"": ""follows""}]}"
222.png,"{""nodes"": [{""id"": ""1"", ""type_of_node"": ""start"", ""shape"": ""start_event"", ""label"": ""Start""}, {""id"": ""2"", ""type_of_node"": ""process"", ""shape"": ""task"", ""label"": ""Read Temp""}, {""id"": ""3"", ""type_of_node"": ""decision"", ""shape"": ""gateway"", ""label"": ""Temp<32?""}, {""id"": ""4"", ""type_of_node"": ""process"", ""shape"": ""task"", ""label"": ""Go out""}, {""id"": ""5"", ""type_of_node"": ""process"", ""shape"": ""task"", ""label"": ""Don't go out""}, {""id"": ""6"", ""type_of_node"": ""terminator"", ""shape"": ""end_event"", ""label"": ""End""}], ""edges"": [{""source"": ""1"", ""source_type"": ""start"", ""source_label"": ""Start"", ""target"": ""2"", ""target_type"": ""process"", ""target_label"": ""Read Temp"", ""type_of_edge"": ""solid"", ""relationship_value"": """", ""relationship_type"": ""follows""}, {""source"": ""2"", ""source_type"": ""process"", ""source_label"": ""Read Temp"", ""target"": ""3"", ""target_type"": ""decision"", ""target_label"": ""Temp<32?"", ""type_of_edge"": ""solid"", ""relationship_value"": """", ""relationship_type"": ""follows""}, {""source"": ""3"", ""source_type"": ""decision"", ""source_label"": ""Temp<32?"", ""target"": ""4"", ""target_type"": ""process"", ""target_label"": ""Go out"", ""type_of_edge"": ""solid"", ""relationship_value"": ""Yes"", ""relationship_type"": ""branches""}, {""source"": ""3"", ""source_type"": ""decision"", ""source_label"": ""Temp<32?"", ""target"": ""5"", ""target_type"": ""process"", ""target_label"": ""Don't go out"", ""type_of_edge"": ""solid"", ""relationship_value"": ""No"", ""relationship_type"": ""branches""}, {""source"": ""4"", ""source_type"": ""process"", ""source_label"": ""Go out"", ""target"": ""6"", ""target_type"": ""terminator"", ""target_label"": ""End"", ""type_of_edge"": ""solid"", ""relationship_value"": """", ""relationship_type"": ""follows""}, {""source"": ""5"", ""source_type"": ""process"", ""source_label"": ""Don't go out"", ""target"": ""6"", ""target_type"": ""terminator"", ""target_label"": ""End"", ""type_of_edge"": ""solid"", ""relationship_value"": """", ""relationship_type"": ""follows""}]}"
630.png,"{""nodes"": [{""id"": ""1"", ""type_of_node"": ""start"", ""shape"": ""start_event"", ""label"": ""START""}, {""id"": ""2"", ""type_of_node"": ""process"", ""shape"": ""task"", ""label"": ""COMPUTE LOCAL ADMIN GROUP NAME""}, {""id"": ""3"", ""type_of_node"": ""decision"", ""shape"": ""gateway"", ""label"": ""ADD OR REMOVE?""}, {""id"": ""4"", ""type_of_node"": ""process"", ""shape"": ""task"", ""label"": ""Update""}, {""id"": ""5"", ""type_of_node"": ""process"", ""shape"": ""task"", ""label"": ""ADD USERS TO GROUP""}, {""id"": ""6"", ""type_of_node"": ""process"", ""shape"": ""task"", ""label"": ""Personalize""}, {""id"": ""7"", ""type_of_node"": ""process"", ""shape"": ""task"", ""label"": ""DISPLAY CURRENT MEMBERS""}, {""id"": ""8"", ""type_of_node"": ""process"", ""shape"": ""task"", ""label"": ""Check""}, {""id"": ""9"", ""type_of_node"": ""terminator"", ""shape"": ""end_event"", ""label"": ""END""}], ""edges"": [{""source"": ""1"", ""source_type"": ""start"", ""source_label"": ""START"", ""target"": ""2"", ""target_type"": ""process"", ""target_label"": ""COMPUTE LOCAL ADMIN GROUP NAME"", ""type_of_edge"": ""solid"", ""relationship_value"": """", ""relationship_type"": ""follows""}, {""source"": ""2"", ""source_type"": ""process"", ""source_label"": ""COMPUTE LOCAL ADMIN GROUP NAME"", ""target"": ""3"", ""target_type"": ""decision"", ""target_label"": ""ADD OR REMOVE?"", ""type_of_edge"": ""solid"", ""relationship_value"": """", ""relationship_type"": ""follows""}, {""source"": ""3"", ""source_type"": ""decision"", ""source_label"": ""ADD OR REMOVE?"", ""target"": ""4"", ""target_type"": ""process"", ""target_label"": ""Update"", ""type_of_edge"": ""solid"", ""relationship_value"": ""ADD"", ""relationship_type"": ""branches""}, {""source"": ""4"", ""source_type"": ""process"", ""source_label"": ""Update"", ""target"": ""5"", ""target_type"": ""process"", ""target_label"": ""ADD USERS TO GROUP"", ""type_of_edge"": ""solid"", ""relationship_value"": """", ""relationship_type"": ""follows""}, {""source"": ""5"", ""source_type"": ""process"", ""source_label"": ""ADD USERS TO GROUP"", ""target"": ""9"", ""target_type"": ""terminator"", ""target_label"": ""END"", ""type_of_edge"": ""solid"", ""relationship_value"": """", ""relationship_type"": ""follows""}, {""source"": ""3"", ""source_type"": ""decision"", ""source_label"": ""ADD OR REMOVE?"", ""target"": ""6"", ""target_type"": ""process"", ""target_label"": ""Personalize"", ""type_of_edge"": ""solid"", ""relationship_value"": ""REMOVE"", ""relationship_type"": ""branches""}, {""source"": ""6"", ""source_type"": ""process"", ""source_label"": ""Personalize"", ""target"": ""7"", ""target_type"": ""process"", ""target_label"": ""DISPLAY CURRENT MEMBERS"", ""type_of_edge"": ""solid"", ""relationship_value"": """", ""relationship_type"": ""follows""}, {""source"": ""7"", ""source_type"": ""process"", ""source_label"": ""DISPLAY CURRENT MEMBERS"", ""target"": ""8"", ""target_type"": ""process"", ""target_label"": ""Check"", ""type_of_edge"": ""solid"", ""relationship_value"": """", ""relationship_type"": ""follows""}, {""source"": ""8"", ""source_type"": ""process"", ""source_label"": ""Check"", ""target"": ""9"", ""target_type"": ""terminator"", ""target_label"": ""END"", ""type_of_edge"": ""solid"", ""relationship_value"": """", ""relationship_type"": ""follows""}]}"
64.png,"{""nodes"": [{""id"": ""1"", ""type_of_node"": ""start"", ""shape"": ""start_event"", ""label"": ""Start""}, {""id"": ""2"", ""type_of_node"": ""process"", ""shape"": ""task"", ""label"": ""Get N from user""}, {""id"": ""3"", ""type_of_node"": ""process"", ""shape"": ""task"", ""label"": ""Initialize""}, {""id"": ""4"", ""type_of_node"": ""decision"", ""shape"": ""gateway"", ""label"": ""I is greater than N""}, {""id"": ""5"", ""type_of_node"": ""process"", ""shape"": ""task"", ""label"": ""Show Sum on output""}, {""id"": ""6"", ""type_of_node"": ""terminator"", ""shape"": ""end_event"", ""label"": ""End""}, {""id"": ""7"", ""type_of_node"": ""process"", ""shape"": ""task"", ""label"": ""Add 1 to Sum""}, {""id"": ""8"", ""type_of_node"": ""process"", ""shape"": ""task"", ""label"": ""Update""}], ""edges"": [{""source"": ""1"", ""source_type"": ""start"", ""source_label"": ""Start"", ""target"": ""2"", ""target_type"": ""process"", ""target_label"": ""Get N from user"", ""type_of_edge"": ""solid"", ""relationship_value"": """", ""relationship_type"": ""follows""}, {""source"": ""2"", ""source_type"": ""process"", ""source_label"": ""Get N from user"", ""target"": ""3"", ""target_type"": ""process"", ""target_label"": ""Initialize"", ""type_of_edge"": ""solid"", ""relationship_value"": """", ""relationship_type"": ""follows""}, {""source"": ""3"", ""source_type"": ""process"", ""source_label"": ""Initialize"", ""target"": ""4"", ""target_type"": ""decision"", ""target_label"": ""I is greater than N"", ""type_of_edge"": ""solid"", ""relationship_value"": """", ""relationship_type"": ""follows""}, {""source"": ""4"", ""source_type"": ""decision"", ""source_label"": ""I is greater than N"", ""target"": ""5"", ""target_type"": ""process"", ""target_label"": ""Show Sum on output"", ""type_of_edge"": ""solid"", ""relationship_value"": ""Yes"", ""relationship_type"": ""branches""}, {""source"": ""5"", ""source_type"": ""process"", ""source_label"": ""Show Sum on output"", ""target"": ""6"", ""target_type"": ""terminator"", ""target_label"": ""End"", ""type_of_edge"": ""solid"", ""relationship_value"": """", ""relationship_type"": ""follows""}, {""source"": ""4"", ""source_type"": ""decision"", ""source_label"": ""I is greater than N"", ""target"": ""7"", ""target_type"": ""process"", ""target_label"": ""Add I to Sum"", ""type_of_edge"": ""solid"", ""relationship_value"": ""No"", ""relationship_type"": ""branches""}, {""source"": ""7"", ""source_type"": ""process"", ""source_label"": ""Add I to Sum"", ""target"": ""8"", ""target_type"": ""process"", ""target_label"": ""Update"", ""type_of_edge"": ""solid"", ""relationship_value"": """", ""relationship_type"": ""follows""}, {""source"": ""8"", ""source_type"": ""process"", ""source_label"": ""Update"", ""target"": ""4"", ""target_type"": ""decision"", ""target_label"": ""I is greater than N"", ""type_of_edge"": ""solid"", ""relationship_value"": """", ""relationship_type"": ""follows""}]}"
87.png,"{""nodes"": [{""id"": ""begin"", ""type_of_node"": ""start"", ""shape"": ""start_event"", ""label"": ""Begin""}, {""id"": ""edit_video"", ""type_of_node"": ""process"", ""shape"": ""task"", ""label"": ""Edit video""}, {""id"": ""smaller_than_2gb"", ""type_of_node"": ""decision"", ""shape"": ""gateway"", ""label"": ""Smaller than 2GB?""}, {""id"": ""click_to_upload"", ""type_of_node"": ""process"", ""shape"": ""task"", ""label"": ""Click to upload""}, {""id"": ""have_account_already"", ""type_of_node"": ""decision"", ""shape"": ""gateway"", ""label"": ""Have an account already?""}, {""id"": ""register"", ""type_of_node"": ""process"", ""shape"": ""task"", ""label"": ""Register""}, {""id"": ""login"", ""type_of_node"": ""process"", ""shape"": ""task"", ""label"": ""Login""}, {""id"": ""find_on_computer"", ""type_of_node"": ""process"", ""shape"": ""task"", ""label"": ""Find on computer""}, {""id"": ""add_description_and_tags"", ""type_of_node"": ""process"", ""shape"": ""task"", ""label"": ""Add description and tags""}, {""id"": ""stop"", ""type_of_node"": ""terminator"", ""shape"": ""end_event"", ""label"": ""Stop""}], ""edges"": [{""source"": ""begin"", ""source_type"": ""start"", ""source_label"": ""Begin"", ""target"": ""edit_video"", ""target_type"": ""process"", ""target_label"": ""Edit video"", ""type_of_edge"": ""solid"", ""relationship_value"": """", ""relationship_type"": ""follows""}, {""source"": ""edit_video"", ""source_type"": ""process"", ""source_label"": ""Edit video"", ""target"": ""smaller_than_2gb"", ""target_type"": ""decision"", ""target_label"": ""Smaller than 2GB?"", ""type_of_edge"": ""solid"", ""relationship_value"": """", ""relationship_type"": ""follows""}, {""source"": ""smaller_than_2gb"", ""source_type"": ""decision"", ""source_label"": ""Smaller than 2GB?"", ""target"": ""click_to_upload"", ""target_type"": ""process"", ""target_label"": ""Click to upload"", ""type_of_edge"": ""solid"", ""relationship_value"": ""YES"", ""relationship_type"": ""depends_on""}, {""source"": ""smaller_than_2gb"", ""source_type"": ""decision"", ""source_label"": ""Smaller than 2GB?"", ""target"": ""edit_video"", ""target_type"": ""process"", ""target_label"": ""Edit video"", ""type_of_edge"": ""solid"", ""relationship_value"": ""NO"", ""relationship_type"": ""depends_on""}, {""source"": ""click_to_upload"", ""source_type"": ""process"", ""source_label"": ""Click to upload"", ""target"": ""have_account_already"", ""target_type"": ""decision"", ""target_label"": ""Have an account already?"", ""type_of_edge"": ""solid"", ""relationship_value"": """", ""relationship_type"": ""follows""}, {""source"": ""have_account_already"", ""source_type"": ""decision"", ""source_label"": ""Have an account already?"", ""target"": ""register"", ""target_type"": ""process"", ""target_label"": ""Register"", ""type_of_edge"": ""solid"", ""relationship_value"": ""NO"", ""relationship_type"": ""depends_on""}, {""source"": ""have_account_already"", ""source_type"": ""decision"", ""source_label"": ""Have an account already?"", ""target"": ""login"", ""target_type"": ""process"", ""target_label"": ""Login"", ""type_of_edge"": ""solid"", ""relationship_value"": ""YES"", ""relationship_type"": ""depends_on""}, {""source"": ""register"", ""source_type"": ""process"", ""source_label"": ""Register"", ""target"": ""login"", ""target_type"": ""process"", ""target_label"": ""Login"", ""type_of_edge"": ""solid"", ""relationship_value"": """", ""relationship_type"": ""follows""}, {""source"": ""login"", ""source_type"": ""process"", ""source_label"": ""Login"", ""target"": ""find_on_computer"", ""target_type"": ""process"", ""target_label"": ""Find on computer"", ""type_of_edge"": ""solid"", ""relationship_value"": """", ""relationship_type"": ""follows""}, {""source"": ""find_on_computer"", ""source_type"": ""process"", ""source_label"": ""Find on computer"", ""target"": ""add_description_and_tags"", ""target_type"": ""process"", ""target_label"": ""Add description and tags"", ""type_of_edge"": ""solid"", ""relationship_value"": """", ""relationship_type"": ""follows""}, {""source"": ""add_description_and_tags"", ""source_type"": ""process"", ""source_label"": ""Add description and tags"", ""target"": ""stop"", ""target_type"": ""terminator"", ""target_label"": ""Stop"", ""type_of_edge"": ""solid"", ""relationship_value"": """", ""relationship_type"": ""follows""}]}"
361.png,"{""nodes"": [{""id"": ""1"", ""type_of_node"": ""start"", ""shape"": ""start_event"", ""label"": ""Start""}, {""id"": ""2"", ""type_of_node"": ""process"", ""shape"": ""task"", ""label"": ""Input""}, {""id"": ""3"", ""type_of_node"": ""process"", ""shape"": ""task"", ""label"": ""Area = Width*Height""}, {""id"": ""4"", ""type_of_node"": ""process"", ""shape"": ""task"", ""label"": ""Height""}, {""id"": ""5"", ""type_of_node"": ""terminator"", ""shape"": ""end_event"", ""label"": ""Stop""}], ""edges"": [{""source"": ""1"", ""source_type"": ""start"", ""source_label"": ""Start"", ""target"": ""2"", ""target_type"": ""process"", ""target_label"": ""Input"", ""type_of_edge"": ""solid"", ""relationship_value"": """", ""relationship_type"": ""follows""}, {""source"": ""2"", ""source_type"": ""process"", ""source_label"": ""Input"", ""target"": ""3"", ""target_type"": ""process"", ""target_label"": ""Area = Width*Height"", ""type_of_edge"": ""solid"", ""relationship_value"": """", ""relationship_type"": ""follows""}, {""source"": ""3"", ""source_type"": ""process"", ""source_label"": ""Area = Width*Height"", ""target"": ""4"", ""target_type"": ""process"", ""target_label"": ""Height"", ""type_of_edge"": ""solid"", ""relationship_value"": """", ""relationship_type"": ""follows""}, {""source"": ""4"", ""source_type"": ""process"", ""source_label"": ""Height"", ""target"": ""5"", ""target_type"": ""terminator"", ""target_label"": ""Stop"", ""type_of_edge"": ""solid"", ""relationship_value"": """", ""relationship_type"": ""follows""}]}"
25.png,"{""nodes"": [{""id"": ""1"", ""type_of_node"": ""start"", ""shape"": ""start_event"", ""label"": ""Start""}, {""id"": ""2"", ""type_of_node"": ""process"", ""shape"": ""task"", ""label"": ""Topic assigned""}, {""id"": ""3"", ""type_of_node"": ""process"", ""shape"": ""task"", ""label"": ""Discuss""}, {""id"": ""4"", ""type_of_node"": ""decision"", ""shape"": ""gateway"", ""label"": ""Draft review""}, {""id"": ""5"", ""type_of_node"": ""terminator"", ""shape"": ""end_event"", ""label"": ""Finish""}], ""edges"": [{""source"": ""1"", ""source_type"": ""start"", ""source_label"": ""Start"", ""target"": ""2"", ""target_type"": ""process"", ""target_label"": ""Topic assigned"", ""type_of_edge"": ""solid"", ""relationship_value"": ""Brainstorm"", ""relationship_type"": ""follows""}, {""source"": ""2"", ""source_type"": ""process"", ""source_label"": ""Topic assigned"", ""target"": ""3"", ""target_type"": ""process"", ""target_label"": ""Discuss"", ""type_of_edge"": ""solid"", ""relationship_value"": ""Outline"", ""relationship_type"": ""follows""}, {""source"": ""3"", ""source_type"": ""decision"", ""source_label"": ""Discuss"", ""target"": ""2"", ""target_type"": ""process"", ""target_label"": ""Topic assigned"", ""type_of_edge"": ""solid"", ""relationship_value"": ""Return"", ""relationship_type"": ""branches""}, {""source"": ""3"", ""source_type"": ""decision"", ""source_label"": ""Discuss"", ""target"": ""4"", ""target_type"": ""decision"", ""target_label"": ""Draft review"", ""type_of_edge"": ""solid"", ""relationship_value"": ""Draft"", ""relationship_type"": ""branches""}, {""source"": ""4"", ""source_type"": ""decision"", ""source_label"": ""Draft review"", ""target"": ""3"", ""target_type"": ""decision"", ""target_label"": ""Discuss"", ""type_of_edge"": ""solid"", ""relationship_value"": ""changes"", ""relationship_type"": ""branches""}, {""source"": ""4"", ""source_type"": ""decision"", ""source_label"": ""Draft review"", ""target"": ""5"", ""target_type"": ""terminator"", ""target_label"": ""Finish"", ""type_of_edge"": ""solid"", ""relationship_value"": ""Approved"", ""relationship_type"": ""follows""}]}"
331.png,"{""nodes"": [{""id"": ""1"", ""type_of_node"": ""start"", ""shape"": ""start_event"", ""label"": ""START""}, {""id"": ""2"", ""type_of_node"": ""process"", ""shape"": ""task"", ""label"": ""Take Inputs""}, {""id"": ""3"", ""type_of_node"": ""process"", ""shape"": ""task"", ""label"": ""Perimeter = 2 * (length + width)""}, {""id"": ""4"", ""type_of_node"": ""process"", ""shape"": ""task"", ""label"": ""Print the perimeter""}, {""id"": ""5"", ""type_of_node"": ""terminator"", ""shape"": ""end_event"", ""label"": ""END""}], ""edges"": [{""source"": ""1"", ""source_type"": ""start"", ""source_label"": ""START"", ""target"": ""2"", ""target_type"": ""process"", ""target_label"": ""Take Inputs"", ""type_of_edge"": ""solid"", ""relationship_value"": """", ""relationship_type"": ""follows""}, {""source"": ""2"", ""source_type"": ""process"", ""source_label"": ""Take Inputs"", ""target"": ""3"", ""target_type"": ""process"", ""target_label"": ""Perimeter = 2 * (length + width)"", ""type_of_edge"": ""solid"", ""relationship_value"": """", ""relationship_type"": ""follows""}, {""source"": ""3"", ""source_type"": ""process"", ""source_label"": ""Perimeter = 2 * (length + width)"", ""target"": ""4"", ""target_type"": ""process"", ""target_label"": ""Print the perimeter"", ""type_of_edge"": ""solid"", ""relationship_value"": """", ""relationship_type"": ""follows""}, {""source"": ""4"", ""source_type"": ""process"", ""source_label"": ""Print the perimeter"", ""target"": ""5"", ""target_type"": ""terminator"", ""target_label"": ""END"", ""type_of_edge"": ""solid"", ""relationship_value"": """", ""relationship_type"": ""follows""}]}"
254.png,"{""nodes"": [{""id"": ""1"", ""type_of_node"": ""start"", ""shape"": ""start_event"", ""label"": ""Start""}, {""id"": ""2"", ""type_of_node"": ""process"", ""shape"": ""task"", ""label"": ""Fill the bath with water""}, {""id"": ""3"", ""type_of_node"": ""process"", ""shape"": ""task"", ""label"": ""Add warm water""}, {""id"": ""4"", ""type_of_node"": ""process"", ""shape"": ""task"", ""label"": ""Get into bath""}, {""id"": ""5"", ""type_of_node"": ""process"", ""shape"": ""task"", ""label"": ""Wash""}, {""id"": ""6"", ""type_of_node"": ""process"", ""shape"": ""task"", ""label"": ""Come Out""}, {""id"": ""7"", ""type_of_node"": ""process"", ""shape"": ""task"", ""label"": ""Empty the bath water""}, {""id"": ""8"", ""type_of_node"": ""process"", ""shape"": ""task"", ""label"": ""Get dressed""}, {""id"": ""9"", ""type_of_node"": ""terminator"", ""shape"": ""end_event"", ""label"": ""End""}], ""edges"": [{""source"": ""1"", ""source_type"": ""start"", ""source_label"": ""Start"", ""target"": ""2"", ""target_type"": ""process"", ""target_label"": ""Fill the bath with water"", ""type_of_edge"": ""solid"", ""relationship_value"": """", ""relationship_type"": ""follows""}, {""source"": ""2"", ""source_type"": ""process"", ""source_label"": ""Fill the bath with water"", ""target"": ""3"", ""target_type"": ""process"", ""target_label"": ""Add warm water"", ""type_of_edge"": ""solid"", ""relationship_value"": """", ""relationship_type"": ""follows""}, {""source"": ""3"", ""source_type"": ""process"", ""source_label"": ""Add warm water"", ""target"": ""4"", ""target_type"": ""process"", ""target_label"": ""Get into bath"", ""type_of_edge"": ""solid"", ""relationship_value"": """", ""relationship_type"": ""follows""}, {""source"": ""4"", ""source_type"": ""process"", ""source_label"": ""Get into bath"", ""target"": ""5"", ""target_type"": ""process"", ""target_label"": ""Wash"", ""type_of_edge"": ""solid"", ""relationship_value"": """", ""relationship_type"": ""follows""}, {""source"": ""5"", ""source_type"": ""process"", ""source_label"": ""Wash"", ""target"": ""6"", ""target_type"": ""process"", ""target_label"": ""Come Out"", ""type_of_edge"": ""solid"", ""relationship_value"": """", ""relationship_type"": ""follows""}, {""source"": ""6"", ""source_type"": ""process"", ""source_label"": ""Come Out"", ""target"": ""7"", ""target_type"": ""process"", ""target_label"": ""Empty the bath water"", ""type_of_edge"": ""solid"", ""relationship_value"": """", ""relationship_type"": ""follows""}, {""source"": ""7"", ""source_type"": ""process"", ""source_label"": ""Empty the bath water"", ""target"": ""8"", ""target_type"": ""process"", ""target_label"": ""Get dressed"", ""type_of_edge"": ""solid"", ""relationship_value"": """", ""relationship_type"": ""follows""}, {""source"": ""8"", ""source_type"": ""process"", ""source_label"": ""Get dressed"", ""target"": ""9"", ""target_type"": ""terminator"", ""target_label"": ""End"", ""type_of_edge"": ""solid"", ""relationship_value"": """", ""relationship_type"": ""follows""}]}"
52.png,"{""nodes"": [{""id"": ""1"", ""type_of_node"": ""start"", ""shape"": ""start_event"", ""label"": ""Begin""}, {""id"": ""2"", ""type_of_node"": ""process"", ""shape"": ""task"", ""label"": ""count=0""}, {""id"": ""3"", ""type_of_node"": ""process"", ""shape"": ""task"", ""label"": ""Print count""}, {""id"": ""4"", ""type_of_node"": ""process"", ""shape"": ""task"", ""label"": ""count=count+1""}, {""id"": ""5"", ""type_of_node"": ""decision"", ""shape"": ""gateway"", ""label"": ""Is count<10""}, {""id"": ""6"", ""type_of_node"": ""terminator"", ""shape"": ""end_event"", ""label"": ""End""}], ""edges"": [{""source"": ""1"", ""source_type"": ""start"", ""source_label"": ""Begin"", ""target"": ""2"", ""target_type"": ""process"", ""target_label"": ""count=0"", ""type_of_edge"": ""solid"", ""relationship_value"": """", ""relationship_type"": ""follows""}, {""source"": ""2"", ""source_type"": ""process"", ""source_label"": ""count=0"", ""target"": ""3"", ""target_type"": ""process"", ""target_label"": ""Print count"", ""type_of_edge"": ""solid"", ""relationship_value"": """", ""relationship_type"": ""follows""}, {""source"": ""3"", ""source_type"": ""process"", ""source_label"": ""Print count"", ""target"": ""4"", ""target_type"": ""process"", ""target_label"": ""count=count+1"", ""type_of_edge"": ""solid"", ""relationship_value"": """", ""relationship_type"": ""follows""}, {""source"": ""4"", ""source_type"": ""process"", ""source_label"": ""count=count+1"", ""target"": ""5"", ""target_type"": ""decision"", ""target_label"": ""Is count<10"", ""type_of_edge"": ""solid"", ""relationship_value"": """", ""relationship_type"": ""follows""}, {""source"": ""5"", ""source_type"": ""decision"", ""source_label"": ""Is count<10"", ""target"": ""3"", ""target_type"": ""process"", ""target_label"": ""Print count"", ""type_of_edge"": ""solid"", ""relationship_value"": ""YES"", ""relationship_type"": ""branches""}, {""source"": ""5"", ""source_type"": ""decision"", ""source_label"": ""Is count<10"", ""target"": ""6"", ""target_type"": ""terminator"", ""target_label"": ""End"", ""type_of_edge"": ""solid"", ""relationship_value"": ""NO"", ""relationship_type"": ""branches""}]}"
328.png,"{""nodes"": [{""id"": ""1"", ""type_of_node"": ""start"", ""shape"": ""start_event"", ""label"": ""Start""}, {""id"": ""2"", ""type_of_node"": ""decision"", ""shape"": ""gateway"", ""label"": ""Are you happy?""}, {""id"": ""3"", ""type_of_node"": ""process"", ""shape"": ""task"", ""label"": ""Nice""}, {""id"": ""4"", ""type_of_node"": ""terminator"", ""shape"": ""end_event"", ""label"": ""End""}, {""id"": ""5"", ""type_of_node"": ""decision"", ""shape"": ""gateway"", ""label"": ""Want to be happy?""}, {""id"": ""6"", ""type_of_node"": ""process"", ""shape"": ""task"", ""label"": ""Laugh""}, {""id"": ""7"", ""type_of_node"": ""process"", ""shape"": ""task"", ""label"": ""All over again""}], ""edges"": [{""source"": ""1"", ""source_type"": ""start"", ""source_label"": ""Start"", ""target"": ""2"", ""target_type"": ""decision"", ""target_label"": ""Are you happy?"", ""type_of_edge"": ""solid"", ""relationship_value"": """", ""relationship_type"": ""follows""}, {""source"": ""2"", ""source_type"": ""decision"", ""source_label"": ""Are you happy?"", ""target"": ""3"", ""target_type"": ""process"", ""target_label"": ""Nice"", ""type_of_edge"": ""solid"", ""relationship_value"": ""Yes"", ""relationship_type"": ""branches""}, {""source"": ""3"", ""source_type"": ""process"", ""source_label"": ""Nice"", ""target"": ""4"", ""target_type"": ""terminator"", ""target_label"": ""End"", ""type_of_edge"": ""solid"", ""relationship_value"": """", ""relationship_type"": ""follows""}, {""source"": ""2"", ""source_type"": ""decision"", ""source_label"": ""Are you happy?"", ""target"": ""5"", ""target_type"": ""decision"", ""target_label"": ""Want to be happy?"", ""type_of_edge"": ""solid"", ""relationship_value"": ""No"", ""relationship_type"": ""branches""}, {""source"": ""5"", ""source_type"": ""decision"", ""source_label"": ""Want to be happy?"", ""target"": ""6"", ""target_type"": ""process"", ""target_label"": ""Laugh"", ""type_of_edge"": ""solid"", ""relationship_value"": ""Yes"", ""relationship_type"": ""branches""}, {""source"": ""6"", ""source_type"": ""process"", ""source_label"": ""Laugh"", ""target"": ""4"", ""target_type"": ""terminator"", ""target_label"": ""End"", ""type_of_edge"": ""solid"", ""relationship_value"": """", ""relationship_type"": ""follows""}, {""source"": ""5"", ""source_type"": ""decision"", ""source_label"": ""Want to be happy?"", ""target"": ""7"", ""target_type"": ""process"", ""target_label"": ""All over again"", ""type_of_edge"": ""solid"", ""relationship_value"": ""No"", ""relationship_type"": ""branches""}, {""source"": ""7"", ""source_type"": ""process"", ""source_label"": ""All over again"", ""target"": ""1"", ""target_type"": ""start"", ""target_label"": ""Start"", ""type_of_edge"": ""solid"", ""relationship_value"": """", ""relationship_type"": ""follows""}]}"
699.png,"{""nodes"": [{""id"": ""1"", ""type_of_node"": ""start"", ""shape"": ""start_event"", ""label"": ""Begin""}, {""id"": ""2"", ""type_of_node"": ""process"", ""shape"": ""task"", ""label"": ""Generate new colony""}, {""id"": ""3"", ""type_of_node"": ""process"", ""shape"": ""task"", ""label"": ""Colony performance evaluation""}, {""id"": ""4"", ""type_of_node"": ""process"", ""shape"": ""task"", ""label"": ""Binary Search""}, {""id"": ""5"", ""type_of_node"": ""process"", ""shape"": ""task"", ""label"": ""Crowding distance sorting""}, {""id"": ""6"", ""type_of_node"": ""process"", ""shape"": ""task"", ""label"": ""Update colony""}, {""id"": ""7"", ""type_of_node"": ""decision"", ""shape"": ""gateway"", ""label"": ""Need more values?""}, {""id"": ""8"", ""type_of_node"": ""terminator"", ""shape"": ""end_event"", ""label"": ""End""}], ""edges"": [{""source"": ""1"", ""source_type"": ""start"", ""source_label"": ""Begin"", ""target"": ""2"", ""target_type"": ""process"", ""target_label"": ""Generate new colony"", ""type_of_edge"": ""solid"", ""relationship_value"": """", ""relationship_type"": ""follows""}, {""source"": ""2"", ""source_type"": ""process"", ""source_label"": ""Generate new colony"", ""target"": ""3"", ""target_type"": ""process"", ""target_label"": ""Colony performance evaluation"", ""type_of_edge"": ""solid"", ""relationship_value"": """", ""relationship_type"": ""follows""}, {""source"": ""3"", ""source_type"": ""process"", ""source_label"": ""Colony performance evaluation"", ""target"": ""4"", ""target_type"": ""process"", ""target_label"": ""Binary Search"", ""type_of_edge"": ""solid"", ""relationship_value"": """", ""relationship_type"": ""follows""}, {""source"": ""4"", ""source_type"": ""process"", ""source_label"": ""Binary Search"", ""target"": ""5"", ""target_type"": ""process"", ""target_label"": ""Crowding distance sorting"", ""type_of_edge"": ""solid"", ""relationship_value"": """", ""relationship_type"": ""follows""}, {""source"": ""5"", ""source_type"": ""process"", ""source_label"": ""Crowding distance sorting"", ""target"": ""6"", ""target_type"": ""process"", ""target_label"": ""Update colony"", ""type_of_edge"": ""solid"", ""relationship_value"": """", ""relationship_type"": ""follows""}, {""source"": ""6"", ""source_type"": ""process"", ""source_label"": ""Update colony"", ""target"": ""7"", ""target_type"": ""decision"", ""target_label"": ""Need more values?"", ""type_of_edge"": ""solid"", ""relationship_value"": """", ""relationship_type"": ""follows""}, {""source"": ""7"", ""source_type"": ""decision"", ""source_label"": ""Need more values?"", ""target"": ""3"", ""target_type"": ""process"", ""target_label"": ""Colony performance evaluation"", ""type_of_edge"": ""solid"", ""relationship_value"": ""No"", ""relationship_type"": ""branches""}, {""source"": ""7"", ""source_type"": ""decision"", ""source_label"": ""Need more values?"", ""target"": ""8"", ""target_type"": ""terminator"", ""target_label"": ""End"", ""type_of_edge"": ""solid"", ""relationship_value"": ""Yes"", ""relationship_type"": ""branches""}]}"
444.png,"{""nodes"": [{""id"": ""1"", ""type_of_node"": ""start"", ""shape"": ""start_event"", ""label"": ""Begin""}, {""id"": ""2"", ""type_of_node"": ""process"", ""shape"": ""task"", ""label"": ""Process step 1""}, {""id"": ""3"", ""type_of_node"": ""decision"", ""shape"": ""gateway"", ""label"": ""Decision?""}, {""id"": ""4"", ""type_of_node"": ""process"", ""shape"": ""task"", ""label"": ""Process step 2""}, {""id"": ""5"", ""type_of_node"": ""terminator"", ""shape"": ""end_event"", ""label"": ""A""}], ""edges"": [{""source"": ""1"", ""source_type"": ""start"", ""source_label"": ""Begin"", ""target"": ""2"", ""target_type"": ""process"", ""target_label"": ""Process step 1"", ""type_of_edge"": ""solid"", ""relationship_value"": """", ""relationship_type"": ""follows""}, {""source"": ""2"", ""source_type"": ""process"", ""source_label"": ""Process step 1"", ""target"": ""3"", ""target_type"": ""decision"", ""target_label"": ""Decision?"", ""type_of_edge"": ""solid"", ""relationship_value"": """", ""relationship_type"": ""follows""}, {""source"": ""3"", ""source_type"": ""decision"", ""source_label"": ""Decision?"", ""target"": ""2"", ""target_type"": ""process"", ""target_label"": ""Process step 1"", ""type_of_edge"": ""solid"", ""relationship_value"": ""Choice 2"", ""relationship_type"": ""branches""}, {""source"": ""3"", ""source_type"": ""decision"", ""source_label"": ""Decision?"", ""target"": ""4"", ""target_type"": ""process"", ""target_label"": ""Process step 2"", ""type_of_edge"": ""solid"", ""relationship_value"": ""Choice 1"", ""relationship_type"": ""branches""}, {""source"": ""4"", ""source_type"": ""decision"", ""source_label"": ""Decision?"", ""target"": ""5"", ""target_type"": ""terminator"", ""target_label"": ""A"", ""type_of_edge"": ""solid"", ""relationship_value"": """", ""relationship_type"": ""follows""}]}"
288.png,"{""nodes"": [{""id"": ""1"", ""type_of_node"": ""start"", ""shape"": ""start_event"", ""label"": ""Begin""}, {""id"": ""2"", ""type_of_node"": ""process"", ""shape"": ""task"", ""label"": ""Pre-configuration""}, {""id"": ""3"", ""type_of_node"": ""process"", ""shape"": ""task"", ""label"": ""Input""}, {""id"": ""4"", ""type_of_node"": ""process"", ""shape"": ""task"", ""label"": ""Input Signal Analysis""}, {""id"": ""5"", ""type_of_node"": ""decision"", ""shape"": ""gateway"", ""label"": ""Input Signal Analysis Finished?""}, {""id"": ""6"", ""type_of_node"": ""process"", ""shape"": ""task"", ""label"": ""Output Signal Analysis""}, {""id"": ""7"", ""type_of_node"": ""decision"", ""shape"": ""gateway"", ""label"": ""Output Signal Analysis Finished?""}, {""id"": ""8"", ""type_of_node"": ""process"", ""shape"": ""task"", ""label"": ""Update""}, {""id"": ""9"", ""type_of_node"": ""process"", ""shape"": ""task"", ""label"": ""Back to work""}], ""edges"": [{""source"": ""1"", ""source_type"": ""start"", ""source_label"": ""Begin"", ""target"": ""2"", ""target_type"": ""process"", ""target_label"": ""Pre-configuration"", ""type_of_edge"": ""solid"", ""relationship_value"": """", ""relationship_type"": ""follows""}, {""source"": ""2"", ""source_type"": ""process"", ""source_label"": ""Pre-configuration"", ""target"": ""3"", ""target_type"": ""process"", ""target_label"": ""Input"", ""type_of_edge"": ""solid"", ""relationship_value"": """", ""relationship_type"": ""follows""}, {""source"": ""3"", ""source_type"": ""process"", ""source_label"": ""Input"", ""target"": ""4"", ""target_type"": ""process"", ""target_label"": ""Input Signal Analysis"", ""type_of_edge"": ""solid"", ""relationship_value"": """", ""relationship_type"": ""follows""}, {""source"": ""4"", ""source_type"": ""process"", ""source_label"": ""Input Signal Analysis"", ""target"": ""5"", ""target_type"": ""decision"", ""target_label"": ""Input Signal Analysis Finished?"", ""type_of_edge"": ""solid"", ""relationship_value"": """", ""relationship_type"": ""follows""}, {""source"": ""5"", ""source_type"": ""decision"", ""source_label"": ""Input Signal Analysis Finished?"", ""target"": ""6"", ""target_type"": ""process"", ""target_label"": ""Output Signal Analysis"", ""type_of_edge"": ""solid"", ""relationship_value"": ""YES"", ""relationship_type"": ""branches""}, {""source"": ""6"", ""source_type"": ""process"", ""source_label"": ""Output Signal Analysis"", ""target"": ""7"", ""target_type"": ""decision"", ""target_label"": ""Output Signal Analysis Finished?"", ""type_of_edge"": ""solid"", ""relationship_value"": """", ""relationship_type"": ""follows""}, {""source"": ""7"", ""source_type"": ""decision"", ""source_label"": ""Output Signal Analysis Finished?"", ""target"": ""8"", ""target_type"": ""process"", ""target_label"": ""Update"", ""type_of_edge"": ""solid"", ""relationship_value"": ""NO"", ""relationship_type"": ""branches""}, {""source"": ""8"", ""source_type"": ""process"", ""source_label"": ""Update"", ""target"": ""3"", ""target_type"": ""process"", ""target_label"": ""Input"", ""type_of_edge"": ""solid"", ""relationship_value"": """", ""relationship_type"": ""follows""}, {""source"": ""7"", ""source_type"": ""decision"", ""source_label"": ""Output Signal Analysis Finished?"", ""target"": ""9"", ""target_type"": ""process"", ""target_label"": ""Back to work"", ""type_of_edge"": ""solid"", ""relationship_value"": ""YES"", ""relationship_type"": ""branches""}, {""source"": ""9"", ""source_type"": ""process"", ""source_label"": ""Back to work"", ""target"": ""3"", ""target_type"": ""process"", ""target_label"": ""Input"", ""type_of_edge"": ""solid"", ""relationship_value"": """", ""relationship_type"": ""follows""}]}"
275.png,"{""nodes"": [{""id"": ""1"", ""type_of_node"": ""process"", ""shape"": ""task"", ""label"": ""Select Topic""}, {""id"": ""2"", ""type_of_node"": ""process"", ""shape"": ""task"", ""label"": ""Background Search""}, {""id"": ""3"", ""type_of_node"": ""process"", ""shape"": ""task"", ""label"": ""Develop Search Strategy""}, {""id"": ""4"", ""type_of_node"": ""process"", ""shape"": ""task"", ""label"": ""Task assign""}, {""id"": ""5"", ""type_of_node"": ""process"", ""shape"": ""task"", ""label"": ""Evaluate Information for Accuracy Reliability""}, {""id"": ""6"", ""type_of_node"": ""process"", ""shape"": ""task"", ""label"": ""Discuss with others""}, {""id"": ""7"", ""type_of_node"": ""process"", ""shape"": ""task"", ""label"": ""Revision of Paper""}, {""id"": ""8"", ""type_of_node"": ""process"", ""shape"": ""task"", ""label"": ""Report""}, {""id"": ""9"", ""type_of_node"": ""process"", ""shape"": ""task"", ""label"": ""Submit""}], ""edges"": [{""source"": ""1"", ""source_type"": ""process"", ""source_label"": ""Select Topic"", ""target"": ""2"", ""target_type"": ""process"", ""target_label"": ""Background Search"", ""type_of_edge"": ""solid"", ""relationship_value"": """", ""relationship_type"": ""follows""}, {""source"": ""2"", ""source_type"": ""process"", ""source_label"": ""Background Search"", ""target"": ""3"", ""target_type"": ""process"", ""target_label"": ""Develop Search Strategy"", ""type_of_edge"": ""solid"", ""relationship_value"": """", ""relationship_type"": ""follows""}, {""source"": ""3"", ""source_type"": ""process"", ""source_label"": ""Develop Search Strategy"", ""target"": ""4"", ""target_type"": ""process"", ""target_label"": ""Task assign"", ""type_of_edge"": ""solid"", ""relationship_value"": """", ""relationship_type"": ""follows""}, {""source"": ""4"", ""source_type"": ""process"", ""source_label"": ""Task assign"", ""target"": ""5"", ""target_type"": ""process"", ""target_label"": ""Evaluate Information for Accuracy Reliability"", ""type_of_edge"": ""solid"", ""relationship_value"": """", ""relationship_type"": ""follows""}, {""source"": ""5"", ""source_type"": ""process"", ""source_label"": ""Evaluate Information for Accuracy Reliability"", ""target"": ""6"", ""target_type"": ""process"", ""target_label"": ""Discuss with others"", ""type_of_edge"": ""solid"", ""relationship_value"": """", ""relationship_type"": ""follows""}, {""source"": ""6"", ""source_type"": ""process"", ""source_label"": ""Discuss with others"", ""target"": ""7"", ""target_type"": ""process"", ""target_label"": ""Revision of Paper"", ""type_of_edge"": ""solid"", ""relationship_value"": """", ""relationship_type"": ""follows""}, {""source"": ""7"", ""source_type"": ""process"", ""source_label"": ""Revision of Paper"", ""target"": ""8"", ""target_type"": ""process"", ""target_label"": ""Report"", ""type_of_edge"": ""solid"", ""relationship_value"": """", ""relationship_type"": ""follows""}, {""source"": ""7"", ""source_type"": ""process"", ""source_label"": ""Revision of Paper"", ""target"": ""9"", ""target_type"": ""process"", ""target_label"": ""Submit"", ""type_of_edge"": ""solid"", ""relationship_value"": """", ""relationship_type"": ""follows""}]}"
401.png,"{""nodes"": [{""id"": ""1"", ""type_of_node"": ""start"", ""shape"": ""start_event"", ""label"": ""Start""}, {""id"": ""2"", ""type_of_node"": ""decision"", ""shape"": ""gateway"", ""label"": ""Check software""}, {""id"": ""3"", ""type_of_node"": ""decision"", ""shape"": ""gateway"", ""label"": ""Check all the needs""}, {""id"": ""4"", ""type_of_node"": ""process"", ""shape"": ""task"", ""label"": ""B""}, {""id"": ""5"", ""type_of_node"": ""process"", ""shape"": ""task"", ""label"": ""C""}, {""id"": ""6"", ""type_of_node"": ""process"", ""shape"": ""task"", ""label"": ""Good Needs""}, {""id"": ""7"", ""type_of_node"": ""terminator"", ""shape"": ""end_event"", ""label"": ""End""}], ""edges"": [{""source"": ""1"", ""source_type"": ""start"", ""source_label"": ""Start"", ""target"": ""2"", ""target_type"": ""decision"", ""target_label"": ""Check software"", ""type_of_edge"": ""solid"", ""relationship_value"": """", ""relationship_type"": ""follows""}, {""source"": ""2"", ""source_type"": ""decision"", ""source_label"": ""Check software"", ""target"": ""3"", ""target_type"": ""decision"", ""target_label"": ""Check all the needs"", ""type_of_edge"": ""solid"", ""relationship_value"": ""Yes"", ""relationship_type"": ""branches""}, {""source"": ""2"", ""source_type"": ""decision"", ""source_label"": ""Check software"", ""target"": ""4"", ""target_type"": ""process"", ""target_label"": ""B"", ""type_of_edge"": ""solid"", ""relationship_value"": ""No"", ""relationship_type"": ""branches""}, {""source"": ""3"", ""source_type"": ""decision"", ""source_label"": ""Check all the needs"", ""target"": ""5"", ""target_type"": ""process"", ""target_label"": ""C"", ""type_of_edge"": ""solid"", ""relationship_value"": ""No"", ""relationship_type"": ""branches""}, {""source"": ""3"", ""source_type"": ""decision"", ""source_label"": ""Check all the needs"", ""target"": ""6"", ""target_type"": ""process"", ""target_label"": ""Good Needs"", ""type_of_edge"": ""solid"", ""relationship_value"": ""Yes"", ""relationship_type"": ""branches""}, {""source"": ""6"", ""source_type"": ""process"", ""source_label"": ""Good Needs"", ""target"": ""7"", ""target_type"": ""terminator"", ""target_label"": ""End"", ""type_of_edge"": ""solid"", ""relationship_value"": """", ""relationship_type"": ""follows""}]}"
291.png,"{""nodes"": [{""id"": ""1"", ""type_of_node"": ""start"", ""shape"": ""start_event"", ""label"": ""Start""}, {""id"": ""2"", ""type_of_node"": ""process"", ""shape"": ""task"", ""label"": ""Enter Website""}, {""id"": ""3"", ""type_of_node"": ""process"", ""shape"": ""task"", ""label"": ""Homepage""}, {""id"": ""4"", ""type_of_node"": ""process"", ""shape"": ""task"", ""label"": ""Enter Details""}, {""id"": ""5"", ""type_of_node"": ""decision"", ""shape"": ""gateway"", ""label"": ""Correct?""}, {""id"": ""6"", ""type_of_node"": ""process"", ""shape"": ""task"", ""label"": ""Enter Again""}, {""id"": ""7"", ""type_of_node"": ""process"", ""shape"": ""task"", ""label"": ""Enter""}, {""id"": ""8"", ""type_of_node"": ""terminator"", ""shape"": ""end_event"", ""label"": ""Stop""}], ""edges"": [{""source"": ""1"", ""source_type"": ""start"", ""source_label"": ""Start"", ""target"": ""2"", ""target_type"": ""process"", ""target_label"": ""Enter Website"", ""type_of_edge"": ""solid"", ""relationship_value"": """", ""relationship_type"": ""follows""}, {""source"": ""2"", ""source_type"": ""process"", ""source_label"": ""Enter Website"", ""target"": ""3"", ""target_type"": ""process"", ""target_label"": ""Homepage"", ""type_of_edge"": ""solid"", ""relationship_value"": """", ""relationship_type"": ""follows""}, {""source"": ""3"", ""source_type"": ""process"", ""source_label"": ""Homepage"", ""target"": ""4"", ""target_type"": ""process"", ""target_label"": ""Enter Details"", ""type_of_edge"": ""solid"", ""relationship_value"": """", ""relationship_type"": ""follows""}, {""source"": ""4"", ""source_type"": ""process"", ""source_label"": ""Enter Details"", ""target"": ""5"", ""target_type"": ""decision"", ""target_label"": ""Correct?"", ""type_of_edge"": ""solid"", ""relationship_value"": """", ""relationship_type"": ""follows""}, {""source"": ""5"", ""source_type"": ""decision"", ""source_label"": ""Correct?"", ""target"": ""6"", ""target_type"": ""process"", ""target_label"": ""Enter Again"", ""type_of_edge"": ""solid"", ""relationship_value"": ""No"", ""relationship_type"": ""branches""}, {""source"": ""6"", ""source_type"": ""process"", ""source_label"": ""Enter Again"", ""target"": ""4"", ""target_type"": ""process"", ""target_label"": ""Enter Details"", ""type_of_edge"": ""solid"", ""relationship_value"": """", ""relationship_type"": ""follows""}, {""source"": ""5"", ""source_type"": ""decision"", ""source_label"": ""Correct?"", ""target"": ""7"", ""target_type"": ""process"", ""target_label"": ""Enter"", ""type_of_edge"": ""solid"", ""relationship_value"": ""Yes"", ""relationship_type"": ""branches""}, {""source"": ""7"", ""source_type"": ""process"", ""source_label"": ""Enter"", ""target"": ""8"", ""target_type"": ""terminator"", ""target_label"": ""Stop"", ""type_of_edge"": ""solid"", ""relationship_value"": """", ""relationship_type"": ""follows""}]}"
731.png,"{""nodes"": [{""id"": ""1"", ""type_of_node"": ""start"", ""shape"": ""start_event"", ""label"": ""1""}, {""id"": ""2"", ""type_of_node"": ""terminator"", ""shape"": ""end_event"", ""label"": ""2""}, {""id"": ""3"", ""type_of_node"": ""process"", ""shape"": ""task"", ""label"": ""Costumer Order""}, {""id"": ""4"", ""type_of_node"": ""process"", ""shape"": ""task"", ""label"": ""Sales Order""}, {""id"": ""5"", ""type_of_node"": ""decision"", ""shape"": ""gateway"", ""label"": ""Documentation""}, {""id"": ""6"", ""type_of_node"": ""process"", ""shape"": ""task"", ""label"": ""Prepare DO""}, {""id"": ""7"", ""type_of_node"": ""process"", ""shape"": ""task"", ""label"": ""Shipment""}, {""id"": ""8"", ""type_of_node"": ""process"", ""shape"": ""task"", ""label"": ""Goods Delivered""}], ""edges"": [{""source"": ""1"", ""source_type"": ""start"", ""source_label"": ""1"", ""target"": ""3"", ""target_type"": ""process"", ""target_label"": ""Costumer Order"", ""type_of_edge"": ""solid"", ""relationship_value"": """", ""relationship_type"": ""follows""}, {""source"": ""3"", ""source_type"": ""process"", ""source_label"": ""Costumer Order"", ""target"": ""4"", ""target_type"": ""process"", ""target_label"": ""Sales Order"", ""type_of_edge"": ""solid"", ""relationship_value"": """", ""relationship_type"": ""follows""}, {""source"": ""4"", ""source_type"": ""process"", ""source_label"": ""Sales Order"", ""target"": ""5"", ""target_type"": ""decision"", ""target_label"": ""Documentation"", ""type_of_edge"": ""solid"", ""relationship_value"": """", ""relationship_type"": ""follows""}, {""source"": ""5"", ""source_type"": ""decision"", ""source_label"": ""Documentation"", ""target"": ""4"", ""target_type"": ""process"", ""target_label"": ""Sales Order"", ""type_of_edge"": ""solid"", ""relationship_value"": ""No"", ""relationship_type"": ""branches""}, {""source"": ""5"", ""source_type"": ""decision"", ""source_label"": ""Documentation"", ""target"": ""6"", ""target_type"": ""process"", ""target_label"": ""Prepare DO"", ""type_of_edge"": ""solid"", ""relationship_value"": ""Yes"", ""relationship_type"": ""branches""}, {""source"": ""6"", ""source_type"": ""process"", ""source_label"": ""Prepare DO"", ""target"": ""7"", ""target_type"": ""process"", ""target_label"": ""Shipment"", ""type_of_edge"": ""solid"", ""relationship_value"": """", ""relationship_type"": ""follows""}, {""source"": ""7"", ""source_type"": ""process"", ""source_label"": ""Shipment"", ""target"": ""8"", ""target_type"": ""process"", ""target_label"": ""Goods Delivered"", ""type_of_edge"": ""solid"", ""relationship_value"": """", ""relationship_type"": ""follows""}, {""source"": ""8"", ""source_type"": ""process"", ""source_label"": ""Goods Delivered"", ""target"": ""2"", ""target_type"": ""terminator"", ""target_label"": ""2"", ""type_of_edge"": ""solid"", ""relationship_value"": """", ""relationship_type"": ""follows""}]}"
198.png,"{""nodes"": [{""id"": ""1"", ""type_of_node"": ""start"", ""shape"": ""start_event"", ""label"": ""Start""}, {""id"": ""2"", ""type_of_node"": ""decision"", ""shape"": ""gateway"", ""label"": ""Approval Needed?""}, {""id"": ""3"", ""type_of_node"": ""process"", ""shape"": ""task"", ""label"": ""Go to manager""}, {""id"": ""4"", ""type_of_node"": ""terminator"", ""shape"": ""end_event"", ""label"": ""Finished""}], ""edges"": [{""source"": ""1"", ""source_type"": ""start"", ""source_label"": ""Start"", ""target"": ""2"", ""target_type"": ""decision"", ""target_label"": ""Approval Needed?"", ""type_of_edge"": ""solid"", ""relationship_value"": """", ""relationship_type"": ""follows""}, {""source"": ""2"", ""source_type"": ""decision"", ""source_label"": ""Approval Needed?"", ""target"": ""3"", ""target_type"": ""process"", ""target_label"": ""Go to manager"", ""type_of_edge"": ""solid"", ""relationship_value"": ""Yes"", ""relationship_type"": ""branches""}, {""source"": ""2"", ""source_type"": ""decision"", ""source_label"": ""Approval Needed?"", ""target"": ""4"", ""target_type"": ""terminator"", ""target_label"": ""Finished"", ""type_of_edge"": ""solid"", ""relationship_value"": ""No"", ""relationship_type"": ""branches""}]}"
166.png,"{""nodes"": [{""id"": ""1"", ""type_of_node"": ""start"", ""shape"": ""start_event"", ""label"": ""Start""}, {""id"": ""2"", ""type_of_node"": ""process"", ""shape"": ""task"", ""label"": ""Add""}, {""id"": ""3"", ""type_of_node"": ""process"", ""shape"": ""task"", ""label"": ""Sub""}, {""id"": ""4"", ""type_of_node"": ""process"", ""shape"": ""task"", ""label"": ""Update""}, {""id"": ""5"", ""type_of_node"": ""process"", ""shape"": ""task"", ""label"": ""Print""}, {""id"": ""6"", ""type_of_node"": ""terminator"", ""shape"": ""end_event"", ""label"": ""Stop""}], ""edges"": [{""source"": ""1"", ""source_type"": ""start"", ""source_label"": ""Start"", ""target"": ""2"", ""target_type"": ""process"", ""target_label"": ""Add"", ""type_of_edge"": ""solid"", ""relationship_value"": """", ""relationship_type"": ""follows""}, {""source"": ""2"", ""source_type"": ""process"", ""source_label"": ""Add"", ""target"": ""3"", ""target_type"": ""process"", ""target_label"": ""Sub"", ""type_of_edge"": ""solid"", ""relationship_value"": """", ""relationship_type"": ""follows""}, {""source"": ""3"", ""source_type"": ""process"", ""source_label"": ""Sub"", ""target"": ""4"", ""target_type"": ""process"", ""target_label"": ""Update"", ""type_of_edge"": ""solid"", ""relationship_value"": """", ""relationship_type"": ""follows""}, {""source"": ""3"", ""source_type"": ""process"", ""source_label"": ""Sub"", ""target"": ""5"", ""target_type"": ""process"", ""target_label"": ""Print"", ""type_of_edge"": ""solid"", ""relationship_value"": """", ""relationship_type"": ""follows""}, {""source"": ""4"", ""source_type"": ""process"", ""source_label"": ""Update"", ""target"": ""6"", ""target_type"": ""terminator"", ""target_label"": ""Stop"", ""type_of_edge"": ""solid"", ""relationship_value"": """", ""relationship_type"": ""follows""}, {""source"": ""5"", ""source_type"": ""process"", ""source_label"": ""Print"", ""target"": ""6"", ""target_type"": ""terminator"", ""target_label"": ""Stop"", ""type_of_edge"": ""solid"", ""relationship_value"": """", ""relationship_type"": ""follows""}]}"
