user_input,retrieved_contexts,response,faithful_rate,relevance_rate
Extract RDF triples from this image (table_10.2_cont.jpg),['/kaggle/input/soil-helth-data/Soil Health/table_10.2_cont.jpg'],"@prefix she:  <https://soilwise-he.github.io/soil-health#> .
@prefix skos: <http://www.w3.org/2004/02/skos/core#> .

she:ParametersForSoilMonitoring a skos:Concept ;
    skos:prefLabel ""parameters for soil monitoring"" ;
    skos:narrower she:SoilErosion,
                  she:SoilCompaction .

she:SoilErosion a skos:Concept ;
    skos:prefLabel ""soil erosion"" ;
    skos:narrower she:Modelling,
                  she:MappingVisibleSoilErosionFeatures,
                  she:DetailsOnLandUse,
                  she:MonitoringSoilErosion .

she:Modelling a skos:Concept ;
    skos:prefLabel ""modelling"" ;
    she:usesDataOn she:LandCoverLandUse,
                   she:GeomorphologicalData,
                   she:NationalSoilData,
                   she:Rainfall .

she:LandCoverLandUse a skos:Concept ;
    skos:prefLabel ""land cover/land use"" .

she:GeomorphologicalData a skos:Concept ;
    skos:prefLabel ""geomorphological data"" .

she:NationalSoilData a skos:Concept ;
    skos:prefLabel ""national soil data"" .

she:Rainfall a skos:Concept ;
    skos:prefLabel ""rainfall"" .

she:MappingVisibleSoilErosionFeatures a skos:Concept ;
    skos:prefLabel ""mapping visible soil erosion features"" .

she:DetailsOnLandUse a skos:Concept ;
    skos:prefLabel ""details on land use"" ;
    she:includes she:GroundCover .

she:GroundCover a skos:Concept ;
    skos:prefLabel ""ground cover"" .

she:MonitoringSoilErosion a skos:Concept ;
    skos:prefLabel ""monitoring (measurements) of soil erosion"" ;
    she:measures she:SedimentLoads ;
    skos:narrower she:PlotScale,
                  she:CatchmentScale,
                  she:SedimentDepositionInPondsLakesOrReservoirs .

she:SedimentLoads a skos:Concept ;
    skos:prefLabel ""sediment loads"" .

she:PlotScale a skos:Concept ;
    skos:prefLabel ""plot scale"" .

she:CatchmentScale a skos:Concept ;
    skos:prefLabel ""catchment scale"" .

she:SedimentDepositionInPondsLakesOrReservoirs a skos:Concept ;
    skos:prefLabel ""sediment deposition in ponds, lakes or reservoirs"" .

she:SoilCompaction a skos:Concept ;
    skos:prefLabel ""soil compaction"" ;
    skos:narrower she:PrecompressionStress,
                  she:SoilRigidityRatio,
                  she:PenetrationResistance,
                  she:MorphologicalFeatures,
                  she:SoilOrganicMatter,
                  she:SaturatedHydraulicConductivity,
                  she:AirCapacity,
                  she:PlantAvailableWaterCapacity,
                  she:SoilTexture,
                  she:CoarseFragments,
                  she:CaCO3,
                  she:Rooting,
                  she:BasicSoilParametersForPTFs,
                  she:Tensiometer,
                  she:Sensors,
                  she:StressDependentMeasurements,
                  she:HigherIntensityMeasurement .

she:PrecompressionStress a skos:Concept ;
    skos:prefLabel ""precompression stress"" ;
    she:uses she:PedotransferFunction .

she:SoilRigidityRatio a skos:Concept ;
    skos:prefLabel ""soil rigidity ratio"" ;
    she:uses she:PedotransferFunction .

she:PenetrationResistance a skos:Concept ;
    skos:prefLabel ""penetration resistance"" ;
    she:uses she:PedotransferFunction .

she:MorphologicalFeatures a skos:Concept ;
    skos:prefLabel ""morphological features"" .

she:SoilOrganicMatter a skos:Concept ;
    skos:prefLabel ""soil organic matter"" ;
    she:measurementMethod she:Measured .

she:Measured a skos:Concept ;
    skos:prefLabel ""measured"" .

she:SaturatedHydraulicConductivity a skos:Concept ;
    skos:prefLabel ""saturated hydraulic conductivity"" ;
    she:uses she:PedotransferFunction .

she:AirCapacity a skos:Concept ;
    skos:prefLabel ""air capacity"" ;
    she:uses she:PedotransferFunction .

she:PlantAvailableWaterCapacity a skos:Concept ;
    skos:prefLabel ""plant available water capacity"" ;
    she:uses she:PedotransferFunction .

she:SoilTexture a skos:Concept ;
    skos:prefLabel ""soil texture"" ;
    she:estimationMethod she:Estimated .

she:CoarseFragments a skos:Concept ;
    skos:prefLabel ""coarse fragments"" ;
    she:estimationMethod she:Estimated .

she:CaCO3 a skos:Concept ;
    skos:prefLabel ""caco3"" ;
    she:estimationMethod she:Estimated .

she:Estimated a skos:Concept ;
    skos:prefLabel ""estimated"" .

she:Rooting a skos:Concept ;
    skos:prefLabel ""rooting"" ;
    she:estimationMethod she:Estimated .

she:PedotransferFunction a skos:Concept ;
    skos:prefLabel ""pedotransfer function"" .

she:BasicSoilParametersForPTFs a skos:Concept ;
    skos:prefLabel ""all basic soil parameters for ptfs"" ;
    she:measurementMethod she:Measured .

she:Tensiometer a skos:Concept ;
    skos:prefLabel ""tensiometer"" ;
    she:usedAt she:RepresentativeSubplots .

she:Sensors a skos:Concept ;
    skos:prefLabel ""sensors"" ;
    she:usedAt she:RepresentativeSubplots .

she:RepresentativeSubplots a skos:Concept ;
    skos:prefLabel ""representative subplots"" .

she:StressDependentMeasurements a skos:Concept ;
    skos:prefLabel ""stress-dependent measurements"" .

she:HigherIntensityMeasurement a skos:Concept ;
    skos:prefLabel ""higher intensity measurement"" ;
    she:basedOn she:LevelII ;
    she:hasCharacteristic she:GreatSamplingDepth,
                          she:MoreSubsamples .

she:LevelII a skos:Concept ;
    skos:prefLabel ""level ii"" .

she:GreatSamplingDepth a skos:Concept ;
    skos:prefLabel ""great sampling depth"" .

she:MoreSubsamples a skos:Concept ;
    skos:prefLabel ""more subsamples"" .

she:GreenhouseGas a skos:Concept ;
    skos:prefLabel ""greenhouse gas"" .",0.0,1.0
Extract RDF triples from this image (table_2.4.jpg),['/kaggle/input/soil-helth-data/Soil Health/table_2.4.jpg'],"@prefix she:  <https://soilwise-he.github.io/soil-health#> .
@prefix skos: <http://www.w3.org/2004/02/skos/core#> .

she:MeanSOCTargetValuesMatrix a skos:Concept ;
    skos:prefLabel ""matrix of mean soc target values (% soil mass) for mineral cropland soils based on extensive national soil data sets"" ;
    she:hasDimension she:SoilTextureClass,
                     she:ManagementIntensityFertiliser,
                     she:ClimaticWaterBalanceDuringSummer ;
    she:compiledFrom she:WessolekEtAl2008 .

she:SoilTextureClass a skos:Concept ;
    skos:prefLabel ""soil texture class"" ;
    skos:narrower she:Sand,
                  she:Silt,
                  she:LoamAndClay .

she:ManagementIntensityFertiliser a skos:Concept ;
    skos:prefLabel ""management intensity (fertiliser)"" ;
    skos:narrower she:MaxBoth,
                  she:OrganicAndMineral,
                  she:Organic,
                  she:Mineral,
                  she:Null .

she:ClimaticWaterBalanceDuringSummer a skos:Concept ;
    skos:prefLabel ""climatic water balance (mm) during summer"" ;
    skos:definition ""negative water balance: potential evapotranspiration more than precipitation during summer. positive values indicate climate- induced surplus in the water budget from april to september."" ;
    skos:narrower she:LessThanMinus100,
                  she:Minus100To0,
                  she:MoreThan0 .

she:Sand a skos:Concept ;
    skos:prefLabel ""sand"" .

she:Silt a skos:Concept ;
    skos:prefLabel ""silt"" .

she:LoamAndClay a skos:Concept ;
    skos:prefLabel ""loam and clay"" .

she:MaxBoth a skos:Concept ;
    skos:prefLabel ""max. both"" ;
    skos:definition ""maximal application of organic and mineral fertiliser."" .

she:OrganicAndMineral a skos:Concept ;
    skos:prefLabel ""organic and mineral"" .

she:Organic a skos:Concept ;
    skos:prefLabel ""organic"" .

she:Mineral a skos:Concept ;
    skos:prefLabel ""mineral"" .

she:Null a skos:Concept ;
    skos:prefLabel ""null"" ;
    skos:definition ""null = no fertiliser applied"" .

she:LessThanMinus100 a skos:Concept ;
    skos:prefLabel ""less than -100"" .

she:Minus100To0 a skos:Concept ;
    skos:prefLabel ""-100 to 0"" .

she:MoreThan0 a skos:Concept ;
    skos:prefLabel ""more than 0"" .

she:WessolekEtAl2008 a skos:Concept ;
    skos:prefLabel ""wessolek et al. (2008)"" ;
    skos:definition ""data are valid for germany and neighbouring countries for different soil textures, climatic conditions and fertilisation regimes."" .

she:SOCTargetValue a skos:Concept ;
    skos:prefLabel ""soc target value (% soil mass)"" .

she:SOCTargetValue_Sand_MaxBoth_LessThanMinus100 a she:SOCTargetValue ;
    she:hasValue ""1.01"" ;
    she:hasSoilTextureClass she:Sand ;
    she:hasManagementIntensity she:MaxBoth ;
    she:hasClimaticWaterBalance she:LessThanMinus100 .

she:SOCTargetValue_Sand_MaxBoth_Minus100To0 a she:SOCTargetValue ;
    she:hasValue ""1.51"" ;
    she:hasSoilTextureClass she:Sand ;
    she:hasManagementIntensity she:MaxBoth ;
    she:hasClimaticWaterBalance she:Minus100To0 .

she:SOCTargetValue_Sand_MaxBoth_MoreThan0 a she:SOCTargetValue ;
    she:hasValue ""2.01"" ;
    she:hasSoilTextureClass she:Sand ;
    she:hasManagementIntensity she:MaxBoth ;
    she:hasClimaticWaterBalance she:MoreThan0 .

she:SOCTargetValue_Sand_OrganicAndMineral_LessThanMinus100 a she:SOCTargetValue ;
    she:hasValue ""0.95"" ;
    she:hasSoilTextureClass she:Sand ;
    she:hasManagementIntensity she:OrganicAndMineral ;
    she:hasClimaticWaterBalance she:LessThanMinus100 .

she:SOCTargetValue_Sand_OrganicAndMineral_Minus100To0 a she:SOCTargetValu",0.0,1.0
Extract RDF triples from this image (table_7.3.jpg),['/kaggle/input/soil-helth-data/Soil Health/table_7.3.jpg'],"@prefix she:  <https://soilwise-he.github.io/soil-health#> .
@prefix skos: <http://www.w3.org/2004/02/skos/core#> .

she:SoilErosionIndicatorsToSupportAgriEnvironmentalPoliciesAtEuropeanAndGlobalLevels a skos:Concept ;
    skos:prefLabel ""soil erosion indicators to support agri-environmental policies at european and global levels"" ;
    skos:narrower she:AgriEnvironmentalPolicy,
                  she:Indicator .

she:AgriEnvironmentalPolicy a skos:Concept ;
    skos:prefLabel ""agri-environmental policy"" ;
    skos:narrower she:EUCommonAgriculturalPolicyCAP20142020,
                  she:EUResourceEfficiencyScoreboard,
                  she:EUSustainableDevelopmentGoalsIndicatorSet,
                  she:EUAgriEnvironmentalIndicatorsAEIs .

she:Indicator a skos:Concept ;
    skos:prefLabel ""indicator"" ;
    skos:narrower she:CAPContextIndicator42SoilErosion,
                  she:EstimatedSoilErosionByWaterAreaAffectedBySevereErosionRate,
                  she:AEI21SoilErosionMeanEstimatedRateOfSoilLossByWaterErosion .

she:EUCommonAgriculturalPolicyCAP20142020 a skos:Concept ;
    skos:prefLabel ""eu: common agricultural policy (cap 2014-2020)"" ;
    she:usesIndicator she:CAPContextIndicator42SoilErosion .

she:CAPContextIndicator42SoilErosion a skos:Concept ;
    skos:prefLabel ""cap context indicator 42: soil erosion"" ;
    skos:narrower she:EstimatedRateOfSoilLossByWaterErosion,
                  she:EstimatedAgriculturalAreaAffectedByCertainRateOfSoilErosionByWater .

she:EstimatedRateOfSoilLossByWaterErosion a skos:Concept ;
    skos:prefLabel ""sub-indicator: estimated rate of soil loss by water erosion (t/ha/year)"" .

she:EstimatedAgriculturalAreaAffectedByCertainRateOfSoilErosionByWater a skos:Concept ;
    skos:prefLabel ""estimated agricultural area affected by a certain rate of soil erosion by water (ha)"" .

she:EUResourceEfficiencyScoreboard a skos:Concept ;
    skos:prefLabel ""eu: resource efficiency scoreboard"" ;
    she:usesIndicator she:EstimatedSoilErosionByWaterAreaAffectedBySevereErosionRate .

she:EUSustainableDevelopmentGoalsIndicatorSet a skos:Concept ;
    skos:prefLabel ""eu: sustainable development goals indicator set"" ;
    she:usesIndicator she:EstimatedSoilErosionByWaterAreaAffectedBySevereErosionRate .

she:EstimatedSoilErosionByWaterAreaAffectedBySevereErosionRate a skos:Concept ;
    skos:prefLabel ""estimated soil erosion by water: area affected by severe erosion rate (>10t/ha/year)"" .

she:EUAgriEnvironmentalIndicatorsAEIs a skos:Concept ;
    skos:prefLabel ""eu: agri-environmental indicators (aeis)"" ;
    she:usesIndicator she:AEI21SoilErosionMeanEstimatedRateOfSoilLossByWaterErosion .

she:AEI21SoilErosionMeanEstimatedRateOfSoilLossByWaterErosion a skos:Concept ;
    skos:prefLabel ""aei 21: soil erosion: mean estimated rate of soil loss by water erosion (t/ha/year) at various administrative levels (member state, nuts1, nuts2, nuts3)"" ;
    she:measuredAtLevel she:MemberState,
                        she:NUTS1,
                        she:NUTS2,
                        she:NUTS3 .

she:NUTS a skos:Concept ;
    skos:prefLabel ""nuts"" ;
    skos:definition ""nomenclature of territorial units for statistics"" ;
    skos:narrower she:NUTS1,
                  she:NUTS2,
                  she:NUTS3 .

she:MemberState a skos:Concept ;
    skos:prefLabel ""member state"" .

she:NUTS1 a skos:Concept ;
    skos:prefLabel ""nuts1"" .

she:NUTS2 a skos:Concept ;
    skos:prefLabel ""nuts2"" .

she:NUTS3 a skos:Concept ;
    skos:prefLabel ""nuts3"" .",0.0,1.0
Extract RDF triples from this image (table_6.2.jpg),['/kaggle/input/soil-helth-data/Soil Health/table_6.2.jpg'],"@prefix she:  <https://soilwise-he.github.io/soil-health#> .
@pre",0.0,0.0
Extract RDF triples from this image (table_4.2.jpg),['/kaggle/input/soil-helth-data/Soil Health/table_4.2.jpg'],"@prefix she:  <https://soilwise-he.github.io/soil-health#> .
@prefix skos: <http://www.w3.org/2004/02/skos/core#> .

she:OptimalPHValuesForCrops a skos:Concept ;
    skos:prefLabel ""example of optimal ph values for different crops as given in the literature"" ;
    skos:narrower she:Crop,
                  she:OptimumPH .

she:Crop a skos:Concept ;
    skos:prefLabel ""crop"" ;
    skos:broader she:OptimalPHValuesForCrops ;
    skos:narrower she:BeetBeansPeasAndOilseeds,
                  she:CerealsAndMaize,
                  she:Grassland,
                  she:GrasslandHighMolybdenum,
                  she:Potatoes .

she:OptimumPH a skos:Concept ;
    skos:prefLabel ""optimum ph"" ;
    skos:broader she:OptimalPHValuesForCrops ;
    skos:narrower she:PH7_0,
                  she:PH6_5,
                  she:PH6_3,
                  she:PHLessThan6_2,
                  she:PH6_0 .

she:BeetBeansPeasAndOilseeds a skos:Concept ;
    skos:prefLabel ""beet, beans, peas and oilseeds"" ;
    skos:broader she:Crop ;
    she:hasOptimumPH she:PH7_0 .

she:CerealsAndMaize a skos:Concept ;
    skos:prefLabel ""cereals and maize"" ;
    skos:broader she:Crop ;
    she:hasOptimumPH she:PH6_5 .

she:Grassland a skos:Concept ;
    skos:prefLabel ""grassland"" ;
    skos:broader she:Crop ;
    she:hasOptimumPH she:PH6_3 .

she:GrasslandHighMolybdenum a skos:Concept ;
    skos:prefLabel ""grassland (high molybdenum)"" ;
    skos:broader she:Crop ;
    she:hasOptimumPH she:PHLessThan6_2 .

she:Potatoes a skos:Concept ;
    skos:prefLabel ""potatoes"" ;
    skos:broader she:Crop ;
    she:hasOptimumPH she:PH6_0 .

she:PH7_0 a skos:Concept ;
    skos:prefLabel ""7.0"" ;
    skos:broader she:OptimumPH .

she:PH6_5 a skos:Concept ;
    skos:prefLabel ""6.5"" ;
    skos:broader she:OptimumPH .

she:PH6_3 a skos:Concept ;
    skos:prefLabel ""6.3"" ;
    skos:broader she:OptimumPH .

she:PHLessThan6_2 a skos:Concept ;
    skos:prefLabel ""<6.2"" ;
    skos:broader she:OptimumPH .

she:PH6_0 a skos:Concept ;
    skos:prefLabel ""6.0"" ;
    skos:broader she:OptimumPH .",1.0,1.0
Extract RDF triples from this image (table_9.4.jpg),['/kaggle/input/soil-helth-data/Soil Health/table_9.4.jpg'],"@prefix she:  <https://soilwise-he.github.io/soil-health#> .
@prefix skos: <http://www.w3.org/2004/02/skos/core#> .

she:CurrentTargetsAndBaselinesForSoilSealingLandTake a skos:Concept ;
    skos:prefLabel ""current targets and baselines for soil sealing/land take in selected european countries"" .

she:AchieveNoNetLandTakeBy2050 a skos:Concept ;
    skos:prefLabel ""achieve no net land take by 2050"" ;
    skos:broader she:CurrentTargetsAndBaselinesForSoilSealingLandTake ;
    she:hasIndicator she:LandTakeKm2Per3YearPeriod ;
    she:hasSource she:EU,
                  she:RoadmapToAResourceEfficientEurope .

she:DecreaseLandTakeGradually a skos:Concept ;
    skos:prefLabel ""to decrease land take gradually: 2016: land take 6ha/day (baseline) 2025 interim target 3ha/day 2040 final target 0ha/day ('land take neutral')"" ;
    skos:broader she:CurrentTargetsAndBaselinesForSoilSealingLandTake ;
    she:hasIndicator she:AverageAnnualLandTakeMeasuredInHectaresPerDay ;
    she:hasSource she:Flanders,
                  she:StrategicVisionOfSpatialPolicyPlanOfFlanders .

she:ReduceAnnualLandTakeTo2_5HaDayBy2030 a skos:Concept ;
    skos:prefLabel ""to reduce annual land take to a rate of 2.5ha/day by 2030 and to compensate unavoidable soil sealing"" ;
    skos:broader she:CurrentTargetsAndBaselinesForSoilSealingLandTake ;
    she:hasIndicator she:AverageAnnualLandTakeMeasuredInHectaresPerDay ;
    she:hasSource she:AustrianGovernmentProgramme2020_2024 .

she:ReduceLandTakeForSettlementsAndTrafficRoutes a skos:Concept ;
    skos:prefLabel ""to reduce land take for settlements and traffic routes to less than 30ha/day by 2030 (at present 52ha/day as a 4-year average from 2016 to 2019)"" ;
    skos:broader she:CurrentTargetsAndBaselinesForSoilSealingLandTake ;
    she:hasIndicator she:AverageAnnualLandTakeMeasuredInHectaresPerDay ;
    she:hasSource she:GermanSustainabilityStrategy2016 .

she:ReduceLandConsumptionFrom1_3HaDayTo0HaDayBy2050 a skos:Concept ;
    skos:prefLabel ""to reduce land consumption from 1.3ha/day (average 2000-2006) to 1ha/day by 2020 and 0ha/day by 2050"" ;
    skos:broader she:CurrentTargetsAndBaselinesForSoilSealingLandTake ;
    she:hasIndicator she:AverageAnnualLandTakeMeasuredInHectaresPerDay ;
    she:hasSource she:Luxembourg .

she:HalveLandTakeAtExpenseOfAgriculturalLand a skos:Concept ;
    skos:prefLabel ""to halve land take at the expense of agricultural land until 2020 and reduce urban sprawl"" ;
    skos:broader she:CurrentTargetsAndBaselinesForSoilSealingLandTake ;
    she:hasIndicator she:AverageAnnualLandTakeMeasuredInThousandHectaresPerYearInMetropolitanAreas ;
    she:hasSource she:France .

she:StopNetLandSoilTakeBy2050 a skos:Concept ;
    skos:prefLabel ""to stop net land (soil) take ('use') by 2050"" ;
    skos:broader she:CurrentTargetsAndBaselinesForSoilSealingLandTake ;
    she:hasIndicator she:NotYetDefined ;
    she:hasSource she:Switzerland .

she:LandTakeKm2Per3YearPeriod a skos:Concept ;
    skos:prefLabel ""land take (km²) per 3-year period"" .

she:AverageAnnualLandTakeMeasuredInHectaresPerDay a skos:Concept ;
    skos:prefLabel ""average annual land take measured in hectares per day"" .

she:AverageAnnualLandTakeMeasuredInThousandHectaresPerYearInMetropolitanAreas a skos:Concept ;
    skos:prefLabel ""average annual land take measured in thousand hectares per year in metropolitan areas"" .

she:NotYetDefined a skos:Concept ;
    skos:prefLabel ""not yet defined"" .

she:EU a skos:Concept ;
    skos:prefLabel ""eu"" ;
    skos:narrower she:RoadmapToAResourceEfficientEurope .

she:RoadmapToAResourceEfficientEurope a skos:Concept ;
    skos:prefLabel ""roadmap to a resource efficient europe"" ;
    skos:definition ""ec (2011, p. 15, milestone 4.6)."" .

she:Flanders a skos:Concept ;
    skos:prefLabel ""flanders"" ;
    skos:narrower she:StrategicVisionOfSpatialPolicyPlanOfFlanders .

she:StrategicVisionOfSpatialPolicyPlanOfFlanders a skos:Concept ;
    skos:prefLabel ""strategic vision of the spatial policy plan of flanders"" ;
    skos:definition ""strategic vision of the spatial policy plan of flanders (https://www.vlaanderen.be/publicaties/beleidsplan-ruimte-vlaanderen-strategische-visie-geillustreerde-versie), p. 36."" .

she:AustrianGovernmentProgramme2020_2024 a skos:Concept ;
    skos:prefLabel ""austrian government programme 2020-2024"" ;
    skos:definition ""austrian government programme 2020-2024 (https://www.bundeskanzleramt.gv.at/bundeskanzleramt/die-bundesregierung/regierungsdokumente.html), p. 104."" .

she:GermanSustainabilityStrategy2016 a skos:Concept ;
    skos:prefLabel ""german sustainability strategy 2016"" ;
    skos:definition ""german sustainability strategy 2016 (https://sustainabledevelopment-deutschland.github.io/en/11-1-a)."" .

she:Luxembourg a skos:Concept ;
    skos:prefLabel ""luxembourg"" ;
    skos:definition ""un luxembourg durable pour une meilleure qualité de vie (https://environnement.public.lu/dam-assets/documents/developpement-durable/un-luxembourg-plus-durable-pour-une-meilleure-qualite-de-vie-2010.pdf), p. 35."" .

she:France a skos:Concept ;
    skos:prefLabel ""france"" ;
    skos:definition ""the law of agricultural and fishery modernization (https://artificialisation.biodiversitetousvivants.fr)."" .

she:Switzerland a skos:Concept ;
    skos:prefLabel ""switzerland"" ;
    skos:definition ""schweizerischer bundesrat (2020, p. 22). this target implements sdg target 15.3 and the seventh environment action programme (no net land take). compensation measures included, however, are based on qualitative requirements and measures rather than area related. soil sealing is used as an indicator for land take until a national soil functions map is available."" .",0.0,1.0
Extract RDF triples from this image (table_5.9.jpg),['/kaggle/input/soil-helth-data/Soil Health/table_5.9.jpg'],"@prefix she:  <https://soilwise-he.github.io/soil-health#> .
@prefix skos: <http://www.w3.org/2004/02/skos/core#> .

she:FactorsContributingToDifferencesInRiskAssessment a skos:Concept ;
    skos:prefLabel ""factors contributing to differences in risk assessment tools and approaches, and to differences in ssvs among eu member states"" ;
    skos:narrower she:GeographicalFactors,
                  she:ClimaticFactors,
                  she:CulturalFactors,
                  she:RegulatoryAndPoliticalFactors,
                  she:ScientificFactors .

she:GeographicalFactors a skos:Concept ;
    skos:prefLabel ""geographical factors"" ;
    skos:narrower she:SoilProperties,
                  she:DepthOfGroundwaterTable .

she:SoilProperties a skos:Concept ;
    skos:prefLabel ""soil properties"" ;
    skos:definition ""(bio)availability affecting ecology as well as filtering function"" .

she:DepthOfGroundwaterTable a skos:Concept ;
    skos:prefLabel ""depth of groundwater table"" ;
    skos:definition ""vapour intrusion and, hence, human exposure through inhalation. it also affects the potential impact of soil quality on water quality, since contact time between soil and surface water is shorter in areas with high water tables"" .

she:ClimaticFactors a skos:Concept ;
    skos:prefLabel ""climatic factors"" ;
    skos:narrower she:TimeSpentOutdoors,
                  she:NetAnnualWaterSurplus,
                  she:TemperatureRainfall .

she:TimeSpentOutdoors a skos:Concept ;
    skos:prefLabel ""time spent outdoors"" ;
    skos:definition ""potential contact with soil and, hence, exposure through soil ingestion"" .

she:NetAnnualWaterSurplus a skos:Concept ;
    skos:prefLabel ""net annual water surplus"" ;
    skos:definition ""leaching/accumulation is controlled largely by water flux (in combination with soil properties)"" .

she:TemperatureRainfall a skos:Concept ;
    skos:prefLabel ""temperature/rainfall"" ;
    skos:definition ""climate controls crop types used by farmers and hence potential uptake of pollutants from soil"" .

she:CulturalFactors a skos:Concept ;
    skos:prefLabel ""cultural factors"" ;
    skos:narrower she:SelfSupplyGardeningSubsistenceFarming,
                  she:UrbanRecreation,
                  she:DrinkingWaterFromPrivateWells .

she:SelfSupplyGardeningSubsistenceFarming a skos:Concept ;
    skos:prefLabel ""self-supply gardening, subsistence farming"" ;
    skos:definition ""exposure through the consumption of vegetables grown in kitchen gardens"" .

she:UrbanRecreation a skos:Concept ;
    skos:prefLabel ""urban recreation"" .

she:DrinkingWaterFromPrivateWells a skos:Concept ;
    skos:prefLabel ""drinking water from private wells"" ;
    skos:definition ""exposure through the consumption of groundwater as drinking water"" .

she:RegulatoryAndPoliticalFactors a skos:Concept ;
    skos:prefLabel ""regulatory and political factors"" ;
    skos:narrower she:PrioritisationOfEconomicAndEnvironmentalValues,
                  she:ComplementaritiesWithOtherExistingLaws,
                  she:Governance .

she:PrioritisationOfEconomicAndEnvironmentalValues a skos:Concept ;
    skos:prefLabel ""prioritisation of economic and environmental values"" ;
    skos:definition ""role and use of background values"" .

she:ComplementaritiesWithOtherExistingLaws a skos:Concept ;
    skos:prefLabel ""complementarities with other existing laws"" ;
    skos:definition ""definition of attributes in risk assessment"" .

she:Governance a skos:Concept ;
    skos:prefLabel ""governance"" ;
    skos:definition ""authorities involved and responsible; land reclamation policies, spatial planning, drinking water protection"" .

she:ScientificFactors a skos:Concept ;
    skos:prefLabel ""scientific factors"" ;
    skos:narrower she:ScientificAndAnalyticalExperienceAndCooperation,
                  she:FundingRegime .

she:ScientificAndAnalyticalExperienceAndCooperation a skos:Concept ;
    skos:prefLabel ""scientific and analytical experience and cooperation"" ;
    skos:definition ""selection of protection targets and exposure pathways; method and use of background concentrations; toxicological data sources"" .

she:FundingRegime a skos:Concept ;
    skos:prefLabel ""funding regime"" ;
    skos:definition ""acceptable exposure, exposure time, aggregate exposure; mixtures and non-soil sources"" .",1.0,1.0
Extract RDF triples from this image (table_8.1.jpg),['/kaggle/input/soil-helth-data/Soil Health/table_8.1.jpg'],"@prefix she:  <https://soilwise-he.github.io/soil-health#> .
@prefix skos: <http://www.w3.org/2004/02/skos/core#> .

she:RelationshipOfSoilCompactionToKeySocietalNeedsAndSoilFunctions a skos:Concept ;
    skos:prefLabel ""relationship of soil compaction to key societal needs and soil functions"" ;
    skos:narrower she:SocietalNeed,
                  she:SoilService .

she:SocietalNeed a skos:Concept ;
    skos:prefLabel ""societal need"" .

she:SoilService a skos:Concept ;
    skos:prefLabel ""soil service"" .

she:Biomass a skos:Concept ;
    skos:prefLabel ""biomass"" ;
    skos:broader she:SocietalNeed ;
    she:isSupportedBySoilService she:WoodAndFibreProduction,
                                 she:GrowthAndQualityOfCrops .

she:Water a skos:Concept ;
    skos:prefLabel ""water"" ;
    skos:broader she:SocietalNeed ;
    she:isSupportedBySoilService she:FilteringAndBufferingOfContaminantsIncludingSupplyOfDrinkingWater,
                                 she:WaterStorageAndAvailabilityGroundwaterRechargeSurfaceRunOffAndInterflow .

she:Air a skos:Concept ;
    skos:prefLabel ""air"" ;
    skos:broader she:SocietalNeed ;
    she:isSupportedBySoilService she:CompositionAndExchangeOfSoilGasWithTheAtmosphere .

she:Climate a skos:Concept ;
    skos:prefLabel ""climate"" ;
    skos:broader she:SocietalNeed ;
    she:isSupportedBySoilService she:CarbonStorageAndTurnoverAvoidanceOfGreenhouseGasReleases .

she:Biodiversity a skos:Concept ;
    skos:prefLabel ""biodiversity"" ;
    skos:broader she:SocietalNeed ;
    she:isSupportedBySoilService she:HabitatForPlantsInsectsMicrobesFungi .

she:CulturalHeritage a skos:Concept ;
    skos:prefLabel ""cultural heritage"" ;
    skos:broader she:SocietalNeed ;
    she:isSupportedBySoilService she:DocumentationOfHistoricalHumanCultureAndLandManagement .

she:Infrastructure a skos:Concept ;
    skos:prefLabel ""infrastructure"" ;
    skos:broader she:SocietalNeed ;
    she:isSupportedBySoilService she:PlatformForInfrastructure,
                                 she:StorageOfGeologicalMaterial .

she:WoodAndFibreProduction a skos:Concept ;
    skos:prefLabel ""wood and fibre production"" ;
    skos:broader she:SoilService .

she:GrowthAndQualityOfCrops a skos:Concept ;
    skos:prefLabel ""growth and quality of crops"" ;
    skos:broader she:SoilService .

she:FilteringAndBufferingOfContaminantsIncludingSupplyOfDrinkingWater a skos:Concept ;
    skos:prefLabel ""filtering and buffering of contaminants, including supply of drinking water"" ;
    skos:broader she:SoilService .

she:WaterStorageAndAvailabilityGroundwaterRechargeSurfaceRunOffAndInterflow a skos:Concept ;
    skos:prefLabel ""water storage and availability, groundwater recharge, surface run-off and interflow"" ;
    skos:broader she:SoilService .

she:CompositionAndExchangeOfSoilGasWithTheAtmosphere a skos:Concept ;
    skos:prefLabel ""composition and exchange of soil gas with the atmosphere"" ;
    skos:broader she:SoilService .

she:CarbonStorageAndTurnoverAvoidanceOfGreenhouseGasReleases a skos:Concept ;
    skos:prefLabel ""carbon storage and turnover, avoidance of greenhouse gas releases (e.g. nitrous oxide, methane)"" ;
    skos:broader she:SoilService .

she:HabitatForPlantsInsectsMicrobesFungi a skos:Concept ;
    skos:prefLabel ""habitat for plants, insects, microbes, fungi"" ;
    skos:broader she:SoilService .

she:DocumentationOfHistoricalHumanCultureAndLandManagement a skos:Concept ;
    skos:prefLabel ""documentation of historical human culture and land management"" ;
    skos:broader she:SoilService .

she:PlatformForInfrastructure a skos:Concept ;
    skos:prefLabel ""platform for infrastructure"" ;
    skos:broader she:SoilService ;
    she:hasImpactOfSoilCompaction ""indifferent"" .

she:StorageOfGeologicalMaterial a skos:Concept ;
    skos:prefLabel ""storage of geological material"" ;
    skos:broader she:SoilService ;
    she:hasImpactOfSoilCompaction ""indifferent"" .",1.0,1.0
Extract RDF triples from this image (table_4.1.jpg),['/kaggle/input/soil-helth-data/Soil Health/table_4.1.jpg'],"@prefix she:  <https://soilwise-he.github.io/soil-health#> .
@prefix skos: <http://www.w3.org/2004/02/skos/core#> .

# Top-level concepts derived from table headers and title
she:SocietalNeed a skos:Concept ;
    skos:prefLabel ""societal need"" .

she:SoilService a skos:Concept ;
    skos:prefLabel ""soil service"" .

she:Impact a skos:Concept ;
    skos:prefLabel ""impact"" .

she:SoilAcidification a skos:Concept ;
    skos:prefLabel ""soil acidification"" .

# Specific Societal Needs and their broader concept
she:Biomass a skos:Concept ;
    skos:prefLabel ""biomass"" ;
    skos:broader she:SocietalNeed .

she:Water a skos:Concept ;
    skos:prefLabel ""water"" ;
    skos:broader she:SocietalNeed .

she:Climate a skos:Concept ;
    skos:prefLabel ""climate"" ;
    skos:broader she:SocietalNeed .

she:Biodiversity a skos:Concept ;
    skos:prefLabel ""biodiversity"" ;
    skos:broader she:SocietalNeed .

she:Infrastructure a skos:Concept ;
    skos:prefLabel ""infrastructure"" ;
    skos:broader she:SocietalNeed .

# Specific Soil Services and their broader concept
she:WoodAndFibreProduction a skos:Concept ;
    skos:prefLabel ""wood and fibre production"" ;
    skos:broader she:SoilService .

she:GrowthOfCrops a skos:Concept ;
    skos:prefLabel ""growth of crops"" ;
    skos:broader she:SoilService .

she:FilteringOfContaminants a skos:Concept ;
    skos:prefLabel ""filtering of contaminants"" ;
    skos:broader she:SoilService .

she:WaterStorage a skos:Concept ;
    skos:prefLabel ""water storage"" ;
    skos:broader she:SoilService .

she:CarbonStorage a skos:Concept ;
    skos:prefLabel ""carbon storage"" ;
    skos:broader she:SoilService .

she:HabitatForPlantsInsectsMicrobesFungi a skos:Concept ;
    skos:prefLabel ""habitat for plants, insects, microbes, fungi"" ;
    skos:broader she:SoilService .

she:PlatformForInfrastructure a skos:Concept ;
    skos:prefLabel ""platform for infrastructure"" ;
    skos:broader she:SoilService .

she:StorageOfGeologicalMaterial a skos:Concept ;
    skos:prefLabel ""storage of geological material"" ;
    skos:broader she:SoilService .

# Specific Impact types and their broader concept
she:NegativeImpact a skos:Concept ;
    skos:prefLabel ""-"" ;
    skos:broader she:Impact .

she:MixedOrVariableImpact a skos:Concept ;
    skos:prefLabel ""+/-"" ;
    skos:broader she:Impact .

she:IndifferentImpact a skos:Concept ;
    skos:prefLabel ""indifferent"" ;
    skos:broader she:Impact .

# Relationships between Soil Services, Societal Needs, and Impacts from Soil Acidification
she:WoodAndFibreProduction she:supportsSocietalNeed she:Biomass ;
    she:hasImpactFromAcidification she:NegativeImpact .

she:GrowthOfCrops she:supportsSocietalNeed she:Biomass ;
    she:hasImpactFromAcidification she:NegativeImpact .

she:FilteringOfContaminants she:supportsSocietalNeed she:Water ;
    she:hasImpactFromAcidification she:NegativeImpact .

she:WaterStorage she:supportsSocietalNeed she:Water ;
    she:hasImpactFromAcidification she:NegativeImpact .

she:CarbonStorage she:supportsSocietalNeed she:Climate ;
    she:hasImpactFromAcidification she:MixedOrVariableImpact .

she:HabitatForPlantsInsectsMicrobesFungi she:supportsSocietalNeed she:Biodiversity ;
    she:hasImpactFromAcidification she:NegativeImpact .

she:PlatformForInfrastructure she:supportsSocietalNeed she:Infrastructure ;
    she:hasImpactFromAcidification she:IndifferentImpact .

she:StorageOfGeologicalMaterial she:supportsSocietalNeed she:Infrastructure ;
    she:hasImpactFromAcidification she:IndifferentImpact .",1.0,1.0
Extract RDF triples from this image (table_1.7.jpg),['/kaggle/input/soil-helth-data/Soil Health/table_1.7.jpg'],"@prefix she: <https://soilwise-he.github.io/soil-health#> .
@prefix skos: <http://www.w3.org/2004/02/skos/core#> .

she:WaterFrameworkDirective200060EC a skos:Concept ;
    skos:prefLabel ""water framework directive (2000/60/ec)"" ;
    she:hasObjective she:MemberStatesProduceRiverBasinManagementPlans,
                     she:MemberStatesEstablishProgrammesOfMeasures .

she:MemberStatesProduceRiverBasinManagementPlans a skos:Concept ;
    skos:prefLabel ""member states to produce river basin management plans, requiring the identification of point sources and their impacts"" .

she:MemberStatesEstablishProgrammesOfMeasures a skos:Concept ;
    skos:prefLabel ""member states to establish programmes of measures and implement 'basic' measures, including adapted agricultural production schemes to reduce nitrogen inputs to agricultural soils and as a consequence connected water bodies"" .

she:RoadmapForAResourceEfficientEuropeEC2011 a skos:Concept ;
    skos:prefLabel ""roadmap for a resource efficient europe (ec, 2011)"" ;
    she:hasObjective she:SoilErosionReducedBy2050,
                     she:IncreaseInSoilOrganicMatterBetween2011And2050,
                     she:By2020RemedialWorkOnContaminatedSitesWellUnderWay,
                     she:AchieveNoNetLandTakeBy2050 .

she:SoilErosionReducedBy2050 a skos:Concept ;
    skos:prefLabel ""soil erosion is reduced by 2050"" .

she:IncreaseInSoilOrganicMatterBetween2011And2050 a skos:Concept ;
    skos:prefLabel ""increase in soil organic matter between 2011 and 2050"" .

she:By2020RemedialWorkOnContaminatedSitesWellUnderWay a skos:Concept ;
    skos:prefLabel ""by 2020 remedial work on contaminated sites well under way"" .

she:AchieveNoNetLandTakeBy2050 a skos:Concept ;
    skos:prefLabel ""achieve no net land take by 2050"" .

she:NationalEmissionCeilingsDirectiveEU20162284A a skos:Concept ;
    skos:prefLabel ""national emission ceilings directive ((eu) 2016/2284) (a)"" ;
    she:hasObjective she:AirPollutionAndItsImpactsReduced,
                     she:ReduceEcosystemAreaSubjectToEutrophicationBy35PercentBy2030,
                     she:AchieveNationalEmissionReductionTargetsForAnthropogenicEmissions,
                     she:MemberStatesAssessImpactsOfAirPollutants .

she:AirPollutionAndItsImpactsReduced a skos:Concept ;
    skos:prefLabel ""air pollution and its impacts on ecosystems and biodiversity are further reduced with the long-term aim of not exceeding critical loads and levels (based on seventh environment action programme)"" .

she:ReduceEcosystemAreaSubjectToEutrophicationBy35PercentBy2030 a skos:Concept ;
    skos:prefLabel ""to reduce the ecosystem area subject to eutrophication by 35% by 2030, compared with 2005 (clean air programme for europe (ec, 2013))"" .

she:AchieveNationalEmissionReductionTargetsForAnthropogenicEmissions a skos:Concept ;
    skos:prefLabel ""to achieve national emission reduction targets for anthropogenic emissions"" .

she:MemberStatesAssessImpactsOfAirPollutants a skos:Concept ;
    skos:prefLabel ""member states to assess the impacts of air pollutants to sensitive receiving environments (natural and semi-natural habitats and forest ecosystems)"" .

she:LULUCFRegulationEU2018841 a skos:Concept ;
    skos:prefLabel ""lulucf regulation ((eu) 2018/841)"" ;
    she:hasObjective she:EnsureLULUCFSectorContributionToEUEmissionReductionTarget,
                     she:MemberStatesHaveBindingCommitmentsToCompensateCO2Emissions .

she:EnsureLULUCFSectorContributionToEUEmissionReductionTarget a skos:Concept ;
    skos:prefLabel ""to ensure the contribution of the lulucf sector to the achievement of the eu's emission reduction target of at least 40% and to the long-term goal of the paris agreement in the period 2021-2030"" .

she:MemberStatesHaveBindingCommitmentsToCompensateCO2Emissions a skos:Concept ;
    skos:prefLabel ""member states have binding commitments to compensate co2 emissions from the land use sector; land management practices that increase soil organic carbon stocks are accountable compensation measures"" .

she:RegulationEUNo13062013OnFinancingManagementMonitoringCAP20212027 a skos:Concept ;
    skos:prefLabel ""regulation (eu) no 1306/2013 on the financing, management and monitoring of the cap 2021-2027"" ;
    she:hasObjective she:CAPPost2020PromotesPracticesBeneficialToClimateAndEnvironment,
                     she:GAECsAsConditionalStandardsRemainValidInFutureCAP .

she:CAPPost2020PromotesPracticesBeneficialToClimateAndEnvironment a skos:Concept ;
    skos:prefLabel ""cap post-2020 continues to promote practices beneficial to the climate and the environment; introduces eco-schemes for additional measures. impact indicators indicate the increase in soil carbon, reduction in soil erosion and nutrient (n) loss; a result indicator covers practices targeted to improve soils"" .

she:GAECsAsConditionalStandardsRemainValidInFutureCAP a skos:Concept ;
    skos:prefLabel ""gaecs as conditional standards remain valid in the future cap, including gaecs in support of soil protection and quality: gaec 6 'tillage management'; gaec 7 'no bare soil'; gaec 8: 'crop rotation'"" .

she:EighthEnvironmentActionProgramme2030EC2020B a skos:Concept ;
    skos:prefLabel ""eighth environment action programme 2030 (ec, 2020b)"" ;
    she:hasObjective she:ProtectingPreservingRestoringBiodiversityAndEnhancingNaturalCapital,
                     she:UmbrellaProgrammeAgainstBiodiversityLossAndEcosystemServicesDegradation .

she:ProtectingPreservingRestoringBiodiversityAndEnhancingNaturalCapital a skos:Concept ;
    skos:prefLabel ""protecting, preserving and restoring biodiversity and enhancing natural capital, notably air, water, soil, and forest, freshwater, wetland and marine ecosystems"" .

she:UmbrellaProgrammeAgainstBiodiversityLossAndEcosystemServicesDegradation a skos:Concept ;
    skos:prefLabel ""umbrella programme (b) against biodiversity loss and ecosystem services degradation, climate change and its impacts, and unsustainable use of resources, pollution, and associated risks to human health"" .

she:BiodiversityStrategyTo2030EC2020E a skos:Concept ;
    skos:prefLabel ""biodiversity strategy to 2030 (ec, 2020e)"" ;
    she:hasObjective she:LegallyProtectMinimum30PercentEULandArea,
                     she:AtLeast25PercentEUAgrilandOrganicallyFarmedBy2030,
                     she:AtLeast10PercentAgriculturalAreaUnderHighDiversityLandscapeFeatures,
                     she:RiskAndUseOfChemicalPesticidesReducedBy50Percent .

she:LegallyProtectMinimum30PercentEULandArea a",1.0,1.0
Extract RDF triples from this image (table_1.5.jpg),['/kaggle/input/soil-helth-data/Soil Health/table_1.5.jpg'],"@prefix she:  <https://soilwise-he.github.io/soil-health#> .
@prefix skos: <http://www.w3.org/2004/02/skos/core#> .

she:ProposedMaesSoilIndicators a skos:Concept ;
    skos:prefLabel ""proposed maes soil indicators"" ;
    skos:narrower she:EcoSystemType,
                  she:SoilEcosystem,
                  she:SoilPressures,
                  she:SoilState,
                  she:SoilBiodiversity .

she:EcoSystemType a skos:Concept ;
    skos:prefLabel ""eco-system type"" .

she:SoilEcosystem a skos:Concept ;
    skos:prefLabel ""soil ecosystem"" ;
    skos:narrower she:Urban,
                  she:Cropland,
                  she:Grassland,
                  she:WoodlandAndForest,
                  she:HeathlandAndShrub,
                  she:Wetland,
                  she:SparselyVegetatedLand .

she:Urban a skos:Concept ;
    skos:prefLabel ""urban"" .

she:Cropland a skos:Concept ;
    skos:prefLabel ""cropland"" .

she:Grassland a skos:Concept ;
    skos:prefLabel ""grassland"" .

she:WoodlandAndForest a skos:Concept ;
    skos:prefLabel ""woodland and forest"" .

she:HeathlandAndShrub a skos:Concept ;
    skos:prefLabel ""heathland and shrub"" .

she:Wetland a skos:Concept ;
    skos:prefLabel ""wetland"" .

she:SparselyVegetatedLand a skos:Concept ;
    skos:prefLabel ""sparsely vegetated land"" .

she:SoilPressures a skos:Concept ;
    skos:prefLabel ""soil pressures"" ;
    skos:narrower she:IntensiveManagement,
                  she:LossOfOrganicMatter,
                  she:GrossNutrientBalance,
                  she:Salinity,
                  she:Compaction,
                  she:Imperviousness,
                  she:Landslides,
                  she:Acidification,
                  she:ClimateChange,
                  she:SoilErosion,
                  she:SoilSealing,
                  she:SoilContamination,
                  she:LandUseChange .

she:IntensiveManagement a skos:Concept ;
    skos:prefLabel ""intensive management (e.h. tillage)"" ;
    she:appliesToEcosystemType she:Cropland,
                               she:Grassland,
                               she:WoodlandAndForest,
                               she:HeathlandAndShrub,
                               she:Wetland .

she:LossOfOrganicMatter a skos:Concept ;
    skos:prefLabel ""loss of organic matter (%per year)"" ;
    she:appliesToEcosystemType she:Cropland,
                               she:Grassland .

she:GrossNutrientBalance a skos:Concept ;
    skos:prefLabel ""gross nutrient balance"" ;
    she:appliesToEcosystemType she:Cropland,
                               she:Grassland .

she:Salinity a skos:Concept ;
    skos:prefLabel ""salinity"" ;
    she:appliesToEcosystemType she:Cropland,
                               she:WoodlandAndForest,
                               she:HeathlandAndShrub,
                               she:Wetland,
                               she:SparselyVegetatedLand .

she:Compaction a skos:Concept ;
    skos:prefLabel ""compaction (kg/m³)"" ;
    she:appliesToEcosystemType she:Cropland,
                               she:Grassland .

she:Imperviousness a skos:Concept ;
    skos:prefLabel ""imperviousness (%)"" ;
    she:appliesToEcosystemType she:Urban .

she:Landslides a skos:Concept ;
    skos:prefLabel ""landslides (number)"" ;
    she:appliesToEcosystemType she:WoodlandAndForest,
                               she:HeathlandAndShrub .

she:Acidification a skos:Concept ;
    skos:prefLabel ""acidification (kmol h⁺ ha⁻¹)"" ;
    she:appliesToEcosystemType she:WoodlandAndForest,
                               she:HeathlandAndShrub .

she:ClimateChange a skos:Concept ;
    skos:prefLabel ""climate change"" ;
    she:appliesToEcosystemType she:Wetland,
                               she:SparselyVegetatedLand .

she:SoilErosion a skos:Concept ;
    skos:prefLabel ""soil erosion (kg/ha/year)"" ;
    she:appliesToEcosystemType she:Urban,
                               she:Cropland,
                               she:Grassland,
                               she:WoodlandAndForest,
                               she:HeathlandAndShrub,
                               she:Wetland,
                               she:SparselyVegetatedLand .

she:SoilSealing a skos:Concept ;
    skos:prefLabel ""soil sealing (% area)"" ;
    she:appliesToEcosystemType she:Urban,
                               she:Cropland,
                               she:Grassland,
                               she:WoodlandAndForest,
                               she:HeathlandAndShrub,
                               she:Wetland,
                               she:SparselyVegetatedLand .

she:SoilContamination a skos:Concept ;
    skos:prefLabel ""soil contamination (from point or diffuse sources, nutrient deposition)"" ;
    she:appliesToEcosystemType she:Urban,
                               she:Cropland,
                               she:Grassland,
                               she:WoodlandAndForest,
                               she:HeathlandAndShrub,
                               she:Wetland,
                               she:SparselyVegetatedLand .

she:LandUseChange a skos:Concept ;
    skos:prefLabel ""land use change (i.e. land use intensification)"" ;
    she:appliesToEcosystemType she:Urban,
                               she:Cropland,
                               she:Grassland,
                               she:WoodlandAndForest,
                               she:HeathlandAndShrub,
                               she:Wetland,
                               she:SparselyVegetatedLand .

she:SoilState a skos:Concept ;
    skos:prefLabel ""soil state"" ;
    skos:narrower she:VegetationCoverage,
                  she:SoilErosionSusceptibility,
                  she:SoilProductivity,
                  she:AvailableWaterCapacity,
                  she:SoilNutrientAvailability,
                  she:SoilMoisture,
                  she:BulkDensity,
                  she:SoilCarbonStock .

she:VegetationCoverage a skos:Concept ;
    skos:prefLabel ""vegetation coverage"" ;
    she:appliesToEcosystemType she:Cropland,
                               she:Grassland,
                               she:WoodlandAndForest,
                               she:HeathlandAndShrub,
                               she:Wetland,
                               she:SparselyVegetatedLand .

she:SoilErosionSusceptibility a skos:Concept ;
    skos:prefLabel ""soil erosion susceptibility"" ;
    she:appliesToEcosystemType she:Cropland,
                               she:Grassland .

she:SoilProductivity a skos:Concept ;
    skos:prefLabel ""soil productivity"" ;
    she:appliesToEcosystemType she:Cropland,
                               she:Grassland .

she:AvailableWaterCapacity a skos:Concept ;
    skos:prefLabel ""available water capacity"" ;
    she:appliesToEcosystemType she:Cropland,
                               she:Grassland,
                               she:WoodlandAndForest,
                               she:HeathlandAndShrub,
                               she:Wetland,
                               she:SparselyVegetatedLand .

she:SoilNutrientAvailability a skos:Concept ;
    skos:prefLabel ""soil nutrient availability"" ;
    she:appliesToEcosystemType she:Cropland,
                               she:Grassland,
                               she:WoodlandAndForest,
                               she:HeathlandAndShrub,
                               she:Wetland,
                               she:SparselyVegetatedLand .

she:SoilMoisture a skos:Concept ;
    skos:prefLabel ""soil moisture"" ;
    she:appliesToEcosystemType she:WoodlandAndForest,
                               she:HeathlandAndShrub,
                               she:Wetland,
                               she:SparselyVegetatedLand .

she:BulkDensity a skos:Concept ;
    skos:prefLabel ""bulk density"" ;
    she:appliesToEcosystemType she:WoodlandAndForest,
                               she:HeathlandAndShrub,
                               she:Wetland,
                               she:SparselyVegetatedLand .

she:SoilCarbonStock a skos:Concept ;
    skos:prefLabel ""soil carbon stock (%)"" ;
    she:appliesToEcosystemType she:Cropland,
                               she:Grassland,
                               she:WoodlandAndForest,
                               she:HeathlandAndShrub,
                               she:Wetland,
                               she:SparselyVegetatedLand .

she:SoilBiodiversity a skos:Concept ;
    skos:prefLabel ""soil biodiversity"" ;
    skos:narrower she:EarthwormsDiversityAbundance,
                  she:MicrobialBiodiversity,
                  she:SoilPHAndCarbon,
                  she:SoilBiodiversityPotential .

she:EarthwormsDiversityAbundance a skos:Concept ;
    skos:prefLabel ""earthworms diversity/ abundance"" ;
    she:appliesToEcosystemType she:Cropland,
                               she:Grassland .

she:MicrobialBiodiversity a skos:Concept ;
    skos:prefLabel ""microbial biodiversity. (fungi and bacteria)"" ;
    she:appliesToEcosystemType she:Cropland,
                               she:Grassland,
                               she:WoodlandAndForest,
                               she:HeathlandAndShrub,
                               she:Wetland,
                               she:SparselyVegetatedLand .

she:SoilPHAndCarbon a skos:Concept ;
    skos:prefLabel ""soil ph and carbon"" ;
    she:appliesToEcosystemType she:Cropland,
                               she:Grassland,
                               she:WoodlandAndForest,
                               she:HeathlandAndShrub,
                               she:Wetland,
                               she:SparselyVegetatedLand .

she:SoilBiodiversityPotential a skos:Concept ;
    skos:prefLabel ""soil biodiversity potential"" ;
    she:appliesToEcosystemType she:Cropland,
                               she:Grassland,
                               she:WoodlandAndForest,
                               she:HeathlandAndShrub,
                               she:Wetland,
                               she:SparselyVegetatedLand .",1.0,1.0
Extract RDF triples from this image (table_10.1_cont.jpg),['/kaggle/input/soil-helth-data/Soil Health/table_10.1_cont.jpg'],"@prefix she:  <https://soilwise-he.github.io/soil-health#> .
@prefix skos: <http://www.w3.org/2004/02/skos/core#> .

she:SoilPollution a skos:Concept ;
    skos:prefLabel ""soil pollution"" .

she:SoilErosion a skos:Concept ;
    skos:prefLabel ""soil erosion"" .

she:SoilBiodiversityLoss a skos:Concept ;
    skos:prefLabel ""soil biodiversity loss"" .

she:SoilCompaction a skos:Concept ;
    skos:prefLabel ""soil compaction"" .

she:SoilSealing a skos:Concept ;
    skos:prefLabel ""soil sealing"" .

she:AllLandUses a skos:Concept ;
    skos:prefLabel ""all land uses"" ;
    skos:broader she:SoilPollution ;
    she:hasThreshold she:ExceedanceOfScreeningValuesForCriticalRiskFromHeavyMetalsAndOrganicPollutants ;
    she:hasRemark she:CountrySpecificValuesVaryBroadlyAndAreNotNecessarilyComparable,
                  she:StratificationByLandUseAndSoilTexture .

she:ExceedanceOfScreeningValuesForCriticalRiskFromHeavyMetalsAndOrganicPollutants a skos:Concept ;
    skos:prefLabel ""exceedance of screening values for critical risk from heavy metals and organic pollutants"" ;
    she:hasDetail she:UpdatedValuesForCdCuPbAndZnInThisReport,
                  she:ByCountry,
                  she:DatabaseDevelopedCdCuPbZnAsHgNiCr,
                  she:OrganicPollutants .

she:UpdatedValuesForCdCuPbAndZnInThisReport a skos:Concept ;
    skos:prefLabel ""updated values for cd, cu, pb and zn (mg/kg) in this report"" .

she:ByCountry a skos:Concept ;
    skos:prefLabel ""by country"" .

she:DatabaseDevelopedCdCuPbZnAsHgNiCr a skos:Concept ;
    skos:prefLabel ""database developed (cd, cu, pb, zn, as, hg, ni, cr)"" .

she:OrganicPollutants a skos:Concept ;
    skos:prefLabel ""organic pollutants"" .

she:CountrySpecificValuesVaryBroadlyAndAreNotNecessarilyComparable a skos:Concept ;
    skos:prefLabel ""country-specific values vary broadly and are not necessarily comparable"" .

she:StratificationByLandUseAndSoilTexture a skos:Concept ;
    skos:prefLabel ""stratification by land use and soil texture"" .

she:Agriculture a skos:Concept ;
    skos:prefLabel ""agriculture"" ;
    skos:broader she:SoilErosion ;
    she:hasThreshold she:ExceedanceOfActualRateOfSoilLossByWaterErosion ;
    she:hasRemark she:SoilFormationRate03To14TonsPerHectarePerYear,
                  she:PreliminaryThresholdsDerivationOfSiteAdaptedTolerableSoilLossRatesRecommended,
                  she:TheCurrentIndicatorDescriptionInThisReportIncludesOnlySoilErosionByWaterWhereasTheThresholdAddressesAllOtherOrErosionTypes .

she:ExceedanceOfActualRateOfSoilLossByWaterErosion a skos:Concept ;
    skos:prefLabel ""exceedance of actual rate of soil loss by water erosion"" ;
    she:hasThresholdValue she:TwoTonsPerHectarePerYearForShallowSoils,
                          she:FourTonsPerHectarePerYearForDeeperSoils .

she:TwoTonsPerHectarePerYearForShallowSoils a skos:Concept ;
    skos:prefLabel ""2t/ha/year for shallow soils (<70cm depth)"" .

she:FourTonsPerHectarePerYearForDeeperSoils a skos:Concept ;
    skos:prefLabel ""4t/ha/year for deeper soils (≥70cm)(a) (soil loss tolerance)"" ;
    she:hasNote she:LossRatesLowerThan2TonsPerHectarePerYearAreMandatoryOnSoilsAdjacentToWaterBodiesAndOrSoilsWithElevatedLevelsOfPollutants .

she:SoilFormationRate03To14TonsPerHectarePerYear a skos:Concept ;
    skos:prefLabel ""soil formation rate: 0.3-1.4 t/ha/year (verheijen et al., 2009)"" .

she:PreliminaryThresholdsDerivationOfSiteAdaptedTolerableSoilLossRatesRecommended a skos:Concept ;
    skos:prefLabel ""preliminary thresholds, derivation of site-adapted tolerable soil loss rates recommended"" .

she:TheCurrentIndicatorDescriptionInThisReportIncludesOnlySoilErosionByWaterWhereasTheThresholdAddressesAllOtherOrErosionTypes a skos:Concept ;
    skos:prefLabel ""the current indicator description in this report includes only soil erosion by water, whereas the threshold addresses all other or erosion types"" .

she:LossOfSoilBiodiversitySubIndicators a skos:Concept ;
    skos:prefLabel ""loss of soil biodiversity (sub-indicators)"" ;
    skos:broader she:SoilBiodiversityLoss ;
    she:hasTarget she:ToBeDeveloped ;
    she:hasRemark she:RequiresSubIndicatorsBySpeciesAndOrFunctionalGroup .

she:ToBeDeveloped a skos:Concept ;
    skos:prefLabel ""to be developed"" ;
    she:hasDetail she:ExceedanceOfSafeMinimumStandardsOfEcosystemConservation,
                  she:ExceedanceOfOperatingRangesForSpecificSoilAnimalsAndMicroorganisms .

she:ExceedanceOfSafeMinimumStandardsOfEcosystemConservation a skos:Concept ;
    skos:prefLabel ""exceedance of safe minimum standards of ecosystem conservation"" .

she:ExceedanceOfOperatingRangesForSpecificSoilAnimalsAndMicroorganisms a skos:Concept ;
    skos:prefLabel ""exceedance of operating ranges (or) for specific soil animals and microorganisms"" .

she:RequiresSubIndicatorsBySpeciesAndOrFunctionalGroup a skos:Concept ;
    skos:prefLabel ""requires sub-indicators by species and/or (functional) group"" .

she:HarmfulSubsoilCompactionSubIndicators a skos:Concept ;
    skos:prefLabel ""harmful subsoil compaction (sub-indicators)"" ;
    skos:broader she:SoilCompaction ;
    she:hasTarget she:PrioritySubIndicators ;
    she:hasRemark she:ExceedanceOfActionValuesZinkEtAl2011,
                  she:SecondarySubIndicatorsWithAvailableThresholdsBulkDensityInternalSoilStrengthAirPermeabilityAndOxygenDiffusion .

she:PrioritySubIndicators a skos:Concept ;
    skos:prefLabel ""priority (sub-indicators)"" ;
    she:hasThresholdValue she:SaturatedHydraulicConductivityKsLessThan10cmPerDay,
                          she:AirCapacityAcLessThan5Percent .

she:SaturatedHydraulicConductivityKsLessThan10cmPerDay a skos:Concept ;
    skos:prefLabel ""saturated hydraulic conductivity (ks) <10cm/day"" .

she:AirCapacityAcLessThan5Percent a skos:Concept ;
    skos:prefLabel ""air capacity (ac) <5%"" .

she:ExceedanceOfActionValuesZinkEtAl2011 a skos:Concept ;
    skos:prefLabel ""exceedance of 'action values' (zink et al., 2011)"" .

she:SecondarySubIndicatorsWithAvailableThresholdsBulkDensityInternalSoilStrengthAirPermeabilityAndOxygenDiffusion a skos:Concept ;
    skos:prefLabel ""secondary sub-indicators with available thresholds: bulk density, internal soil strength, air permeability and oxygen diffusion"" .

she:SealedAreaPerTotalLandArea a skos:Concept ;
    skos:prefLabel ""sealed area per total land area"" ;
    skos:broader she:SoilSealing ;
    she:hasTarget she:NationalTargetsToAchieveNoNetLandTake .

she:NationalTargetsToAchieveNoNetLandTake a skos:Concept ;
    skos:prefLabel ""national targets to achieve 'no net land take'"" .

she:LossRatesLowerThan2TonsPerHectarePerYearAreMandatoryOnSoilsAdjacentToWaterBodiesAndOrSoilsWithElevatedLevelsOfPollutants a skos:Concept ;
    skos:prefLabel ""loss rates lower than 2t/ha/year are mandatory on soils adjacent to water bodies and/or soils with elevated levels of pollutants; such lower limits are needed to maintain water quality"" .",0.0,1.0
Extract RDF triples from this image (table_2.2.jpg),['/kaggle/input/soil-helth-data/Soil Health/table_2.2.jpg'],"@prefix she:  <https://soilwise-he.github.io/soil-health#> .
@prefix skos: <http://www.w3.org/2004/02/skos/core#> .

she:SOMFractionsPoolsInSoils a skos:Concept ;
    skos:prefLabel ""som fractions/pools in soils"" ;
    skos:narrower she:MicrobialBiomassC,
                  she:POM,
                  she:MAOM,
                  she:InertOrganicMatter .

she:MicrobialBiomassC a skos:Concept ;
    skos:prefLabel ""microbial biomass c (bacteria, fungi)"" ;
    she:hasApproximateShareOfTotalSOM ""1-5%"" ;
    she:hasCharacteristics ""labile, active"" .

she:POM a skos:Concept ;
    skos:prefLabel ""pom"" ;
    skos:definition ""it can be further subdivided into freshly added plant and animal residues, usually coarse pom with a low degree of decomposition (e.g. >250µm), and partially decomposed residues, frequently finer sized"" ;
    she:hasApproximateShareOfTotalSOM ""5-25%"" ;
    she:hasCharacteristics ""labile, active"" .

she:MAOM a skos:Concept ;
    skos:prefLabel ""maom"" ;
    skos:definition ""largely consisting of microbial necromass and other adsorbed organic soil constituents"" ;
    she:hasApproximateShareOfTotalSOM ""50-75%"" ;
    she:hasCharacteristics ""stable, activity level depends on degree of organo-mineral complexation"" .

she:InertOrganicMatter a skos:Concept ;
    skos:prefLabel ""inert organic matter"" ;
    she:alsoKnownAs she:BlackCarbon ;
    she:hasApproximateShareOfTotalSOM ""5-20% or more"" ;
    she:hasCharacteristics ""constant, passive"" .

she:BlackCarbon a skos:Concept ;
    skos:prefLabel ""black carbon"" .",1.0,1.0
Extract RDF triples from this image (table_1.2.jpg),['/kaggle/input/soil-helth-data/Soil Health/table_1.2.jpg'],"@prefix she:  <https://soilwise-he.github.io/soil-health#> .
@prefix skos: <http://www.w3.org/2004/02/skos/core#> .

she:ImportantSoilFunctions a skos:Concept ;
    skos:prefLabel ""important soil functions"" ;
    skos:narrower she:Production,
                  she:WaterStorageAndQuality,
                  she:CarbonStorage,
                  she:NutrientCycling,
                  she:HabitatForBiologicalActivity .

she:Production a skos:Concept ;
    skos:prefLabel ""production"" ;
    skos:definition ""capacity to produce biomass"" .

she:WaterStorageAndQuality a skos:Concept ;
    skos:prefLabel ""water storage and quality"" ;
    skos:definition ""capacity to store precipitation water and filter for soil pollutants"" .

she:CarbonStorage a skos:Concept ;
    skos:prefLabel ""carbon storage"" ;
    skos:definition ""capacity to store and stabilise soc"" .

she:NutrientCycling a skos:Concept ;
    skos:prefLabel ""nutrient cycling"" ;
    skos:definition ""capacity to provide nutrients from mineral and organic soil resources in available form (nutrient mobilisation capacity); the capacity to store mobile nutrients within the root zone to avoid losses by leaching and gaseous emissions (nutrient buffering capacity)"" ;
    skos:narrower she:NutrientMobilisationCapacity,
                  she:NutrientBufferingCapacity .

she:NutrientMobilisationCapacity a skos:Concept ;
    skos:prefLabel ""nutrient mobilisation capacity"" ;
    skos:definition ""capacity to provide nutrients from mineral and organic soil resources in available form"" .

she:NutrientBufferingCapacity a skos:Concept ;
    skos:prefLabel ""nutrient buffering capacity"" ;
    skos:definition ""the capacity to store mobile nutrients within the root zone to avoid losses by leaching and gaseous emissions"" .

she:HabitatForBiologicalActivity a skos:Concept ;
    skos:prefLabel ""habitat for biological activity"" ;
    skos:definition ""provision of a species (gene) pool that can buffer ecosystem functions against species extinction (assumption: loss of soil function is more likely with low species diversity in each functional group)"" .",1.0,1.0
Extract RDF triples from this image (table_7.1.jpg),['/kaggle/input/soil-helth-data/Soil Health/table_7.1.jpg'],"@prefix she:  <https://soilwise-he.github.io/soil-health#> .
@prefix skos: <http://www.w3.org/2004/02/skos/core#> .

she:RelationshipOfSoilErosionToKeySocietalNeedsAndSoilFunctions a skos:Concept ;
    skos:prefLabel ""relationship of soil erosion to key societal needs and soil functions"" ;
    skos:narrower she:SocietalNeedCategory,
                  she:SoilServiceCategory,
                  she:SoilErosion .

she:SocietalNeedCategory a skos:Concept ;
    skos:prefLabel ""societal need"" ;
    skos:narrower she:Biomass,
                  she:Water,
                  she:Climate,
                  she:Biodiversity,
                  she:Infrastructure .

she:SoilServiceCategory a skos:Concept ;
    skos:prefLabel ""soil service"" ;
    skos:narrower she:WoodAndFibreProduction,
                  she:GrowthOfCrops,
                  she:FilteringOfContaminants,
                  she:WaterStorage,
                  she:CarbonStorage,
                  she:HabitatForPlantsInsectsMicrobesFungiAndAnyMicrofauna,
                  she:PlatformForInfrastructure,
                  she:StorageOfRelocatedMaterialOrArtefacts .

she:SoilErosion a skos:Concept ;
    skos:prefLabel ""soil erosion"" ;
    skos:definition ""soil erosion can increase the volume of soil sediments that need to be managed."" ;
    she:causes she:IncreasedVolumeOfSoilSediments .

she:IncreasedVolumeOfSoilSediments a skos:Concept ;
    skos:prefLabel ""increased volume of soil sediments"" ;
    she:requires she:SoilSedimentsManagement .

she:SoilSedimentsManagement a skos:Concept ;
    skos:prefLabel ""soil sediments management"" .

she:Biomass a skos:Concept ;
    skos:prefLabel ""biomass"" ;
    she:isSupportedBy she:WoodAndFibreProduction,
                      she:GrowthOfCrops .

she:Water a skos:Concept ;
    skos:prefLabel ""water"" ;
    she:isSupportedBy she:FilteringOfContaminants,
                      she:WaterStorage .

she:Climate a skos:Concept ;
    skos:prefLabel ""climate"" ;
    she:isSupportedBy she:CarbonStorage .

she:Biodiversity a skos:Concept ;
    skos:prefLabel ""biodiversity"" ;
    she:isSupportedBy she:HabitatForPlantsInsectsMicrobesFungiAndAnyMicrofauna .

she:Infrastructure a skos:Concept ;
    skos:prefLabel ""infrastructure"" ;
    she:isSupportedBy she:PlatformForInfrastructure,
                      she:StorageOfRelocatedMaterialOrArtefacts .

she:WoodAndFibreProduction a skos:Concept ;
    skos:prefLabel ""wood and fibre production"" ;
    she:isNegativelyAffectedBy she:SoilErosion .

she:GrowthOfCrops a skos:Concept ;
    skos:prefLabel ""growth of crops"" ;
    she:isNegativelyAffectedBy she:SoilErosion .

she:FilteringOfContaminants a skos:Concept ;
    skos:prefLabel ""filtering of contaminants"" ;
    she:isNegativelyAffectedBy she:SoilErosion .

she:WaterStorage a skos:Concept ;
    skos:prefLabel ""water storage"" ;
    she:isNegativelyAffectedBy she:SoilErosion .

she:CarbonStorage a skos:Concept ;
    skos:prefLabel ""carbon storage"" ;
    she:isNegativelyAffectedBy she:SoilErosion .

she:HabitatForPlantsInsectsMicrobesFungiAndAnyMicrofauna a skos:Concept ;
    skos:prefLabel ""habitat for plants, insects, microbes, fungi and any microfauna"" ;
    she:isNegativelyAffectedBy she:SoilErosion .

she:PlatformForInfrastructure a skos:Concept ;
    skos:prefLabel ""platform for infrastructure"" ;
    she:isNegativelyAffectedBy she:SoilErosion .

she:StorageOfRelocatedMaterialOrArtefacts a skos:Concept ;
    skos:prefLabel ""storage of relocated material or artefacts (excavated geological material, sediments, cables and pipelines, archaeological material)"" ;
    she:isNegativelyAffectedBy she:SoilErosion ;
    she:isSpecificallyImpactedBy she:IncreasedVolumeOfSoilSediments .",1.0,1.0
Extract RDF triples from this image (table_5.7.jpg),['/kaggle/input/soil-helth-data/Soil Health/table_5.7.jpg'],"@prefix she:  <https://soilwise-he.github.io/soil-health#> .
@prefix skos: <http://www.w3.org/2004/02/skos/core#> .

she:ScreeningValuesForIndustrialSoilUse a skos:Concept ;
    skos:prefLabel ""screening values for potentially unacceptable risk (industrial soil use) for organic contaminants (mg/kg)"" ;
    she:hasNote she:Pre2007ReportingNote,
                she:SubstanceListSizeNote ;
    she:hasSource she:CarlonEtAl2007 .

she:Pollutant a skos:Concept ;
    skos:p",1.0,1.0
Extract RDF triples from this image (table_2.1.jpg),['/kaggle/input/soil-helth-data/Soil Health/table_2.1.jpg'],"@prefix she:  <https://soilwise-he.github.io/soil-health#> .
@prefix skos: <http://www.w3.org/2004/02/skos/core#> .

she:RelationshipBetweenSOCAndKeySocietalNeedsAndSoilFunctions a skos:Concept ;
    skos:prefLabel ""relationship between soc and key societal needs and soil functions"" .

she:SocietalNeed a skos:Concept ;
    skos:prefLabel ""societal need"" ;
    skos:narrower she:Biomass,
                  she:Water,
                  she:Climate,
                  she:Biodiversity,
                  she:Infrastructure .

she:SoilFunction a skos:Concept ;
    skos:prefLabel ""soil function"" ;
    skos:narrower she:WoodAndFibreProduction,
                  she:GrowthOfCrops,
                  she:FilteringOfContaminants,
                  she:WaterStorage,
                  she:CarbonStorage,
                  she:HabitatForPlantsInsectsMicrobesFungi,
                  she:PlatformForInfrastructure,
                  she:StorageOfGeologicalMaterial .

she:Impact a skos:Concept ;
    skos:prefLabel ""impact"" ;
    skos:narrower she:PositiveImpact,
                  she:IndifferentForMineralSoils,
                  she:IndifferentImpact .

she:Biomass a skos:Concept ;
    skos:prefLabel ""biomass"" ;
    she:isSupportedBy she:WoodAndFibreProduction,
                      she:GrowthOfCrops .

she:WoodAndFibreProduction a skos:Concept ;
    skos:prefLabel ""wood and fibre production"" ;
    she:hasImpact she:PositiveImpact .

she:GrowthOfCrops a skos:Concept ;
    skos:prefLabel ""growth of crops"" ;
    she:hasImpact she:PositiveImpact .

she:Water a skos:Concept ;
    skos:prefLabel ""water"" ;
    she:isSupportedBy she:FilteringOfContaminants,
                      she:WaterStorage .

she:FilteringOfContaminants a skos:Concept ;
    skos:prefLabel ""filtering of contaminants"" ;
    she:hasImpact she:PositiveImpact .

she:WaterStorage a skos:Concept ;
    skos:prefLabel ""water storage"" ;
    she:hasImpact she:PositiveImpact .

she:Climate a skos:Concept ;
    skos:prefLabel ""climate"" ;
    she:isSupportedBy she:CarbonStorage .

she:CarbonStorage a skos:Concept ;
    skos:prefLabel ""carbon storage"" ;
    she:hasImpact she:PositiveImpact .

she:Biodiversity a skos:Concept ;
    skos:prefLabel ""biodiversity"" ;
    she:isSupportedBy she:HabitatForPlantsInsectsMicrobesFungi .

she:HabitatForPlantsInsectsMicrobesFungi a skos:Concept ;
    skos:prefLabel ""habitat for plants, insects, microbes, fungi"" ;
    she:hasImpact she:PositiveImpact .

she:Infrastructure a skos:Concept ;
    skos:prefLabel ""infrastructure"" ;
    she:isSupportedBy she:PlatformForInfrastructure,
                      she:StorageOfGeologicalMaterial .

she:PlatformForInfrastructure a skos:Concept ;
    skos:prefLabel ""platform for infrastructure"" ;
    she:hasImpact she:IndifferentForMineralSoils .

she:StorageOfGeologicalMaterial a skos:Concept ;
    skos:prefLabel ""storage of geological material"" ;
    she:hasImpact she:IndifferentImpact .

she:PositiveImpact a skos:Concept ;
    skos:prefLabel ""+"" .

she:IndifferentForMineralSoils a skos:Concept ;
    skos:prefLabel ""indifferent for mineral soils (a)"" ;
    she:explainedBy she:NoteOnSOCRichSoils .

she:IndifferentImpact a skos:Concept ;
    skos:prefLabel ""indifferent"" .

she:NoteOnSOCRichSoils a skos:Concept ;
    skos:prefLabel ""note on soc-rich soils"" ;
    skos:definition ""soc-rich soils (e.g. drained organic soils in estuaries) are unstable and unsuitable as a platform for construction because of subsidence and natural changes of the soil's drainage status (trepel, 2015)."" .",1.0,1.0
Extract RDF triples from this image (table_8.5.jpg),['/kaggle/input/soil-helth-data/Soil Health/table_8.5.jpg'],"@prefix she: <https://soilwise-he.github.io/soil-health#> .
@prefix skos: <http://www.w3.org/2004/02/skos/core#> .

she:ModelsToPredictSubsoilCompaction a skos:Concept ;
    skos:prefLabel ""models to predict subsoil compaction"" ;
    skos:narrower she:FEMCoupledProcessModel,
                  she:Socomo,
                  she:SoilFlex,
                  she:Terranimo,
                  she:ScaleApproach,
                  she:PedotransferFunctions .

she:FEMCoupledProcessModel a skos:Concept ;
    skos:prefLabel ""fem (finite element method) coupled process model"" ;
    skos:definition ""modelling of stress distribution based on mechanical properties and options to link the stresses with physical soil indicators"" ;
    she:hasSource ""Richards et al. (1997), Gräsle (1999), Richards and Peth (2009)"" .

she:Socomo a skos:Concept ;
    skos:prefLabel ""socomo"" ;
    skos:definition ""stress calculation and comparison with internal soil strength"" ;
    she:hasSource ""Van der Akker (2004)"" .

she:SoilFlex a skos:Concept ;
    skos:prefLabel ""soil flex"" ;
    skos:definition ""analytical model to predict stress propagation in soils"" ;
    she:hasSource ""Keller et al. (2007)"" .

she:Terranimo a skos:Concept ;
    skos:prefLabel ""terranimo"" ;
    skos:definition ""open-source tool for practitioners for site-specific data analysis of given soil properties and mechanical impacts"" ;
    she:hasSource ""Stettler et al. (2014), www.soilcompaction.eu, www.terranimo.dk"" .

she:ScaleApproach a skos:Concept ;
    skos:prefLabel ""scale approach"" ;
    skos:definition ""combination of the field traffic model fitram and the spatially explicit soil compaction risk assessment model sascia"" ;
    she:hasSource ""Duttmann et al. (2022)"" .

she:PedotransferFunctions a skos:Concept ;
    skos:prefLabel ""pedotransfer functions"" ;
    skos:narrower she:PedotransferFunctionsRegressionModels,
                  she:PedotransferFunctionsTopsoilShearStressPrediction,
                  she:PedotransferFunctionsWaterRetentionAndResistance .

she:PedotransferFunctionsRegressionModels a skos:Concept ;
    skos:prefLabel ""regression models used to quantify the interaction between general soil properties and the dependent variable, e.g. precompression stress, as well as the stress-induced change in physical properties and functions such as air capacity and hydraulic conductivity"" ;
    she:hasSource ""Horn and Fleige (2003, 2009), Schroeder et al. (2022a, 2022b)"" .

she:PedotransferFunctionsTopsoilShearStressPrediction a skos:Concept ;
    skos:prefLabel ""prediction of the topsoil shear stress and stress distribution"" ;
    she:hasSource ""Schjønning (2021), Schjønning et al. (2020)"" .

she:PedotransferFunctionsWaterRetentionAndResistance a skos:Concept ;
    skos:prefLabel ""pedotransfer functions of water retention curves and soil resistance to penetration"" ;
    she:hasSource ""Imhoff et al. (2015)"" .",1.0,1.0
Extract RDF triples from this image (table_6.4.jpg),['/kaggle/input/soil-helth-data/Soil Health/table_6.4.jpg'],"@prefix she:  <https://soilwise-he.github.io/soil-health#> .
@prefix skos: <http://www.w3.org/2004/02/skos/core#> .

she:ThresholdsForEnvironmentalVariablesAffectingSoilBiodiversity a skos:Concept ;
    skos:prefLabel ""thresholds for environmental variables that may have a strong effect on soil biodiversity"" ;
    skos:narrower she:Variable,
                  she:ClassesOfParametersForScoringSoilBiodiversityPotential .

she:Variable a skos:Concept ;
    skos:prefLabel ""variable"" ;
    skos:narrower she:PH,
                  she:SoilTexturalClass,
                  she:OrganicMatter,
                  she:PotentialEvapotranspiration,
                  she:AnnualAverageTemperature,
                  she:SoilBiomassProductivity,
                  she:LandUseLandCover .

she:ClassesOfParametersForScoringSoilBiodiversityPotential a skos:Concept ;
    skos:prefLabel ""classes of parameters for scoring soil biodiversity potential"" .

she:PH a skos:Concept ;
    skos:prefLabel ""ph"" ;
    she:hasParameterClass she:PHLessThan4,
                          she:PH4To5_2,
                          she:PH5_2To8_2,
                          she:PHGreaterThan8_2 .

she:PHLessThan4 a skos:Concept ;
    skos:prefLabel ""<4"" .

she:PH4To5_2 a skos:Concept ;
    skos:prefLabel ""4-5.2"" .

she:PH5_2To8_2 a skos:Concept ;
    skos:prefLabel ""5.2-8.2"" .

she:PHGreaterThan8_2 a skos:Concept ;
    skos:prefLabel "">8.2"" .

she:SoilTexturalClass a skos:Concept ;
    skos:prefLabel ""soil textural class"" ;
    she:hasParameterClass she:Coarse,
                          she:Medium,
                          she:MediumFine,
                          she:Fine .

she:Coarse a skos:Concept ;
    skos:prefLabel ""coarse"" .

she:Medium a skos:Concept ;
    skos:prefLabel ""medium"" .

she:MediumFine a skos:Concept ;
    skos:prefLabel ""medium-fine"" .

she:Fine a skos:Concept ;
    skos:prefLabel ""fine"" .

she:OrganicMatter a skos:Concept ;
    skos:prefLabel ""organic matter (%)"" ;
    she:hasParameterClass she:OrganicMatterLessThan1,
                          she:OrganicMatter1To2,
                          she:OrganicMatter2To4,
                          she:OrganicMatterGreaterThan4 .

she:OrganicMatterLessThan1 a skos:Concept ;
    skos:prefLabel ""<1"" .

she:OrganicMatter1To2 a skos:Concept ;
    skos:prefLabel ""1-2"" .

she:OrganicMatter2To4 a skos:Concept ;
    skos:prefLabel ""2-4"" .

she:OrganicMatterGreaterThan4 a skos:Concept ;
    skos:prefLabel "">4"" .

she:PotentialEvapotranspiration a skos:Concept ;
    skos:prefLabel ""potential evapotranspiration (mm)"" ;
    she:hasParameterClass she:PotentialEvapotranspirationLessThanMinus500,
                          she:PotentialEvapotranspirationMinus500To500,
                          she:PotentialEvapotranspirationGreaterThan500 .

she:PotentialEvapotranspirationLessThanMinus500 a skos:Concept ;
    skos:prefLabel ""<-500"" .

she:PotentialEvapotranspirationMinus500To500 a skos:Concept ;
    skos:prefLabel ""-500 to 500"" .

she:PotentialEvapotranspirationGreaterThan500 a skos:Concept ;
    skos:prefLabel "">500"" .

she:AnnualAverageTemperature a skos:Concept ;
    skos:prefLabel ""annual average temperature (°c)"" ;
    she:hasParameterClass she:AnnualAverageTemperatureLessThan5,
                          she:AnnualAverageTemperature5To20,
                          she:AnnualAverageTemperatureGreaterThan20 .

she:AnnualAverageTemperatureLessThan5 a skos:Concept ;
    skos:prefLabel ""<5"" .

she:AnnualAverageTemperature5To20 a skos:Concept ;
    skos:prefLabel ""5-20"" .

she:AnnualAverageTemperatureGreaterThan20 a skos:Concept ;
    skos:prefLabel "">20"" .

she:SoilBiomassProductivity a skos:Concept ;
    skos:prefLabel ""soil biomass productivity"" ;
    she:hasParameterClass she:Poor,
                          she:Average,
                          she:Good .

she:Poor a skos:Concept ;
    skos:prefLabel ""poor"" .

she:Average a skos:Concept ;
    skos:prefLabel ""average"" .

she:Good a skos:Concept ;
    skos:prefLabel ""good"" .

she:LandUseLandCover a skos:Concept ;
    skos:prefLabel ""land use/land cover"" ;
    she:hasParameterClass she:Artificial,
                          she:Arable,
                          she:PermanentCrops,
                          she:Others .

she:Artificial a skos:Concept ;
    skos:prefLabel ""artificial"" .

she:Arable a skos:Concept ;
    skos:prefLabel ""arable"" .

she:PermanentCrops a skos:Concept ;
    skos:prefLabel ""permanent crops"" .

she:Others a skos:Concept ;
    skos:prefLabel ""others"" .",1.0,1.0
Extract RDF triples from this image (table_6.5.jpg),['/kaggle/input/soil-helth-data/Soil Health/table_6.5.jpg'],"@prefix she:  <https://soilwise-he.github.io/soil-health#> .
@prefix skos: <http://www.w3.org/2004/02/skos/core#> .

she:EnvironmentalThresholdsForOTUsOfEctomycorrhizalFungi a skos:Concept ;
    skos:prefLabel ""environmental thresholds for operational taxonomic units (otus) of ectomycorrhizal fungi"" ;
    skos:narrower she:ThroughfallNitrogenDeposition,
                  she:ForestFloorPH,
                  she:MeanAnnualAirTemperature,
                  she:ThroughfallPotassiumDeposition,
                  she:FoliarNPRatio .

she:ThroughfallNitrogenDeposition a skos:Concept ;
    skos:prefLabel ""throughfall nitrogen deposition"" ;
    she:hasThresholdForDecreasingOTUs ""5.8kg N/ha/year"" ;
    she:hasThresholdForIncreasingOTUs ""15.5kg N/ha/year"" .

she:ForestFloorPH a skos:Concept ;
    skos:prefLabel ""forest floor ph"" ;
    she:hasThresholdForDecreasingOTUs ""3.8"" .

she:MeanAnnualAirTemperature a skos:Concept ;
    skos:prefLabel ""mean annual air temperature"" ;
    she:hasThresholdForDecreasingOTUs ""7.4°C"" ;
    she:hasThresholdForIncreasingOTUs ""9.1°C"" .

she:ThroughfallPotassiumDeposition a skos:Concept ;
    skos:prefLabel ""throughfall potassium deposition"" ;
    she:hasThresholdForDecreasingOTUs ""6.9kg K/ha/year"" ;
    she:hasThresholdForIncreasingOTUs ""21.7kg K/ha/year"" .

she:FoliarNPRatio a skos:Concept ;
    skos:prefLabel ""foliar n:p ratio"" ;
    she:hasThresholdForDecreasingOTUs ""10.2"" ;
    she:hasThresholdForIncreasingOTUs ""13.3"" .",1.0,1.0
Extract RDF triples from this image (table_9.1.jpg),['/kaggle/input/soil-helth-data/Soil Health/table_9.1.jpg'],"@prefix she:  <https://soilwise-he.github.io/soil-health#> .
@prefix skos: <http://www.w3.org/2004/02/skos/core#> .

she:SocietalNeed a skos:Concept ;
    skos:prefLabel ""societal need"" .

she:SoilService a skos:Concept ;
    skos:prefLabel ""soil service"" .

she:Impact a skos:Concept ;
    skos:prefLabel ""impact"" .

she:SoilSealing a skos:Concept ;
    skos:prefLabel ""soil sealing"" .

she:NegativeImpact a skos:Concept ;
    skos:prefLabel ""negative impact"" ;
    skos:narrower she:Impact .

she:PositiveImpact a skos:Concept ;
    skos:prefLabel ""positive impact"" ;
    skos:narrower she:Impact .

she:Biomass a skos:Concept ;
    skos:prefLabel ""biomass"" ;
    skos:narrower she:SocietalNeed .

she:Water a skos:Concept ;
    skos:prefLabel ""water"" ;
    skos:narrower she:SocietalNeed .

she:Climate a skos:Concept ;
    skos:prefLabel ""climate"" ;
    skos:narrower she:SocietalNeed .

she:Biodiversity a skos:Concept ;
    skos:prefLabel ""biodiversity"" ;
    skos:narrower she:SocietalNeed .

she:Infrastructure a skos:Concept ;
    skos:prefLabel ""infrastructure"" ;
    skos:narrower she:SocietalNeed .

she:WoodAndFibreProduction a skos:Concept ;
    skos:prefLabel ""wood and fibre production"" ;
    skos:narrower she:SoilService ;
    she:supportsSocietalNeed she:Biomass ;
    she:hasImpactFromSoilSealing she:NegativeImpact .

she:GrowthOfCrops a skos:Concept ;
    skos:prefLabel ""growth of crops"" ;
    skos:narrower she:SoilService ;
    she:supportsSocietalNeed she:Biomass ;
    she:hasImpactFromSoilSealing she:NegativeImpact .

she:FilteringOfContaminants a skos:Concept ;
    skos:prefLabel ""filtering of contaminants"" ;
    skos:narrower she:SoilService ;
    she:supportsSocietalNeed she:Water ;
    she:hasImpactFromSoilSealing she:NegativeImpact .

she:WaterStorage a skos:Concept ;
    skos:prefLabel ""water storage"" ;
    skos:narrower she:SoilService ;
    she:supportsSocietalNeed she:Water ;
    she:hasImpactFromSoilSealing she:NegativeImpact .

she:CarbonStorage a skos:Concept ;
    skos:prefLabel ""carbon storage"" ;
    skos:narrower she:SoilService ;
    she:supportsSocietalNeed she:Climate ;
    she:hasImpactFromSoilSealing she:NegativeImpact .

she:HabitatForPlantsInsectsMicrobesFungiAndAnyMicrofauna a skos:Concept ;
    skos:prefLabel ""habitat for plants, insects, microbes, fungi and any microfauna"" ;
    skos:narrower she:SoilService ;
    she:supportsSocietalNeed she:Biodiversity ;
    she:hasImpactFromSoilSealing she:NegativeImpact .

she:PlatformForInfrastructure a skos:Concept ;
    skos:prefLabel ""platform for infrastructure"" ;
    skos:narrower she:SoilService ;
    she:supportsSocietalNeed she:Infrastructure ;
    she:hasImpactFromSoilSealing she:PositiveImpact .

she:StorageOfRelocatedMaterialOrArtefacts a skos:Concept ;
    skos:prefLabel ""storage of relocated material or artefacts (excavated geological material, sediments, cables and pipelines, archaeological material)"" ;
    skos:narrower she:SoilService ;
    she:supportsSocietalNeed she:Infrastructure ;
    she:hasImpactFromSoilSealing she:PositiveImpact .",1.0,1.0
Extract RDF triples from this image (table_8.3.jpg),['/kaggle/input/soil-helth-data/Soil Health/table_8.3.jpg'],"@prefix she:  <https://soilwise-he.github.io/soil-health#> .
@prefix skos: <http://www.w3.org/2004/02/skos/core#> .

she:DesignOfLargeScaleSoilCompactionMonitoring a skos:Concept ;
    skos:prefLabel ""design of large-scale soil compaction monitoring"" ;
    she:includes she:Compartment,
                 she:MeasurementAndEstimationParameters .

she:Compartment a skos:Concept ;
    skos:prefLabel ""compartment"" ;
    skos:narrower she:LocationOfSampling,
                  she:DirectAndIndirectMonitoringOfSoilCompaction,
                  she:BasicSoilPhysicalParameters,
                  she:BasicSoilChemicalParameters,
                  she:BiologicalParameters,
                  she:Depth,
                  she:Repetitions,
                  she:Operations,
                  she:SeasonalityOfMonitoring .

she:MeasurementAndEstimationParameters a skos:Concept ;
    skos:prefLabel ""measurement and estimation parameters"" ;
    skos:narrower she:LevelI,
                  she:LevelII,
                  she:LevelIII .

she:LevelI a skos:Concept ;
    skos:prefLabel ""level i"" .

she:LevelII a skos:Concept ;
    skos:prefLabel ""level ii"" .

she:LevelIII a skos:Concept ;
    skos:prefLabel ""level iii: wheeling plots and unloaded reference plots"" .

she:LocationOfSampling a skos:Concept ;
    skos:prefLabel ""location of sampling"" ;
    she:hasLevelIParameter she:InTheFieldHotSpotsWithVisibleMarksOfCompaction,
                           she:MorphologicalFeaturesWaterloggingPlatySoilStructureRooting ;
    she:hasLevelIIParameter she:ProportionOfAffectedAreaEgPerFieldOrPerAreaAroundARepresentativeObservationPoint ;
    she:hasLevelIIIParameter she:RepresentativeSubPl",0.0,1.0
Extract RDF triples from this image (table_5.10.jpg),['/kaggle/input/soil-helth-data/Soil Health/table_5.10.jpg'],"@prefix she:  <https://soilwise-he.github.io/soil-health#> .
@prefix skos: <http://www.w3.org/2004/02/skos/core#> .

she:DesignOfEuropeanToolbox a skos:Concept ;
    skos:prefLabel ""design of a european toolbox for stimulating convergence in risk-based land management in the eu member states"" ;
    skos:narrower she:RiskAssessmentTool,
                  she:ComponentToBeInternationallyStandardisedOrAgreed .

she:RiskAssessmentTool a skos:Concept ;
    skos:prefLabel ""risk assessment tool"" ;
    skos:narrower she:HumanHealthRiskAssessment,
                  she:EcologicalRiskAssessment,
                  she:EndpointSpecificRiskAssessmentTools,
                  she:ConsiderationOfCountryAndSiteSpecificConditions .

she:ComponentToBeInternationallyStandardisedOrAgreed a skos:Concept ;
    skos:prefLabel ""component to be internationally standardised/agreed"" ;
    skos:narrower she:StandardisedTools,
                  she:FlexibleTools .

she:StandardisedTools a skos:Concept ;
    skos:prefLabel ""standardised tools"" ;
    skos:narrower she:DailyInhalationRates,
                  she:TolerableExposure,
                  she:ExamplesOfSoilIngestionAndDermalUptake,
                  she:SpeciesSensitivityDistribution,
                  she:DeterminationOfCompoundSpecificBioavailableFractions,
                  she:DatabaseWithPollutantCompoundCharacteristics,
                  she:RelevantEuWideCriticalLimits,
                  she:DescriptionOfRelevantPathwayAndModels .

she:FlexibleTools a skos:Concept ;
    skos:prefLabel ""flexible tools"" ;
    skos:narrower she:GeographicalConditions,
                  she:LocalManagement,
                  she:HistoryOfLandManagementAndNationalLegalConditions .

she:HumanHealthRiskAssessment a skos:Concept ;
    skos:prefLabel ""human health risk assessment"" ;
    she:hasComponent she:DailyInhalationRates,
                     she:TolerableExposure,
                     she:ExamplesOfSoilIngestionAndDermalUptake .

she:EcologicalRiskAssessment a skos:Concept ;
    skos:prefLabel ""ecological risk assessment"" ;
    she:hasComponent she:SpeciesSensitivityDistribution,
                     she:DeterminationOfCompoundSpecificBioavailableFractions,
                     she:DatabaseWithPollutantCompoundCharacteristics .

she:EndpointSpecificRiskAssessmentTools a skos:Concept ;
    skos:prefLabel ""endpoint-specific risk assessment tools"" ;
    she:hasComponent she:RelevantEuWideCriticalLimits,
                     she:DescriptionOfRelevantPathwayAndModels .

she:ConsiderationOfCountryAndSiteSpecificConditions a skos:Concept ;
    skos:prefLabel ""consideration of country- and site-specific conditions"" ;
    she:hasComponent she:GeographicalConditions,
                     she:LocalManagement,
                     she:HistoryOfLandManagementAndNationalLegalConditions .

she:DailyInhalationRates a skos:Concept ;
    skos:prefLabel ""daily inhalation rates"" .

she:TolerableExposure a skos:Concept ;
    skos:prefLabel ""tolerable exposure (reference dose or tolerable daily intake, which can be similar for a defined sensitive group of people); risk per unit of exposure"" .

she:ExamplesOfSoilIngestionAndDermalUptake a skos:Concept ;
    skos:prefLabel ""examples: average amount of soil ingested daily by children (bierkens et al., 2011); dermal uptake from soil material models"" .

she:SpeciesSensitivityDistribution a skos:Concept ;
    skos:prefLabel ""species sensitivity distribution"" ;
    skos:definition ""the species sensitivity distribution (ssd) is the empirical relation between soil concentration and fraction of species affected. the ssd gives the corresponding risk limit that can be used as an ecologically based soil health standard (swartjes et al., 2009)."" .

she:DeterminationOfCompoundSpecificBioavailableFractions a skos:Concept ;
    skos:prefLabel ""determination of compound-specific bioavailable fractions (e.g. correction factors for the difference between intake and uptake of metals in the human body)"" .

she:DatabaseWithPollutantCompoundCharacteristics a skos:Concept ;
    skos:prefLabel ""database with pollutant/compound characteristics (e.g. water solubility, vapour pressure, water-octanol partition coefficients)"" .

she:RelevantEuWideCriticalLimits a skos:Concept ;
    skos:prefLabel ""relevant eu-wide critical limits used in specific endpoints considered (e.g. critical limits in food, surface water or soil pore water concentrations)"" .

she:DescriptionOfRelevantPathwayAndModels a skos:Concept ;
    skos:prefLabel ""description of relevant pathway and models needed to describe these to predict flows of pollutants to endpoints considered"" .

she:GeographicalConditions a skos:Concept ;
    skos:prefLabel ""geographical conditions, e.g. for vapour intrusion models, which are dependent on soil type and groundwater depth"" .

she:LocalManagement a skos:Concept ;
    skos:prefLabel ""local management, e.g. home-grown vegetable consumption, food consumption data"" .

she:HistoryOfLandManagementAndNationalLegalConditions a skos:Concept ;
    skos:prefLabel ""history of land management; national legal conditions"" .",1.0,1.0
Extract RDF triples from this image (table_2.3.jpg),['/kaggle/input/soil-helth-data/Soil Health/table_2.3.jpg'],"@prefix she:  <https://soilwise-he.github.io/soil-health#> .
@prefix skos: <http://www.w3.org/2004/02/skos/core#> .

she:SocThresholdsOverview a skos:Concept ;
    skos:prefLabel ""overview of soc thresholds"" ;
    skos:narrower she:ReferenceValuesSiteSpecific,
                  she:BenchmarkValues,
                  she:OptimalSocContentForSoilFunctioning,
                  she:SoilVulnerabilityIndex,
                  she:ReciprocalSocSequestrationPotential,
                  she:ThresholdsFromLongTermFieldExperiments,
                  she:FarmersPerspectiveOnDeficientSoc .

she:ReferenceValuesSiteSpecific a skos:Concept ;
    skos:prefLabel ""reference values, site-specific, typical soc or som values under current management (arshad and martin, 2002)"" ;
    skos:definition ""can be derived from existing monitoring systems for different land uses (e.g. as baseline); 50% of the standard deviation of the mean are 'low', indicating deficiency"" .

she:BenchmarkValues a skos:Concept ;
    skos:prefLabel ""benchmark values"" ;
    skos:definition ""requires extensive monitoring evaluations and large data sets to sufficiently define site-specific value ranges. benchmark sites reflect environmental and management conditions that are representative of a large area (van lynden et al., 2004). each site represents a very specific set of local conditions that are distinct from other environments. benchmark sites are particularly important to validate simulation models of indicators."" ;
    skos:narrower she:NearNaturalForestSoils,
                  she:TwentyFifthPercentileSocPermanentGrassland,
                  she:ModelledSocSteadyStateGrassland,
                  she:PercentilesUpperLowerBenchmarks .

she:NearNaturalForestSoils a skos:Concept ;
    skos:prefLabel ""near-natural forest soils (arshad and martin, 2002)"" ;
    skos:definition ""problematic, because humus dynamics in cropland soils (low c input, high c turnover) are different from forest soils, leading to a lower level c equilibrium at cropland sites"" .

she:TwentyFifthPercentileSocPermanentGrassland a skos:Concept ;
    skos:prefLabel ""25th percentile of soc values for permanent grassland (sparling et al., 2003)"" ;
    skos:definition ""pragmatic, but selection of quartile thresholds requires validation"" .

she:ModelledSocSteadyStateGrassland a skos:Concept ;
    skos:prefLabel ""modelled soc steady state (25 years) for grassland (sparling et al., 2003)"" ;
    skos:definition ""80% of steady state as target soc value"" .

she:PercentilesUpperLowerBenchmarks a skos:Concept ;
    skos:prefLabel ""12.5th - 87.5th percentiles as upper and lower benchmarks"" ;
    skos:definition ""example: drexler et al. (2022)"" .

she:OptimalSocContentForSoilFunctioning a skos:Concept ;
    skos:prefLabel ""optimal soc content for soil functioning (based on the role of soc in soil functional pedotransfer function, combined with data from long-term field experiments) (wessolek et al., 2008)"" ;
    skos:definition ""reference values for central european cropland soil and climatic conditions are available. needs to be validated for clay-rich soils and climate regions outside central europe. values are site specific and ensure sufficient yield while not limiting natural soil functions. if the inert stable soc fraction is known, körschens et al. (1998) suggest that optimal soc is c_inert + 0.62%(c_inert); a separate pedotransfer function is suggested to identify the inert fraction based on the clay content (körschens and schulz (1999); validity range by körschens (1999): 400-800mm precipitation and 6-10°c average annual temperature). note that c_inert as defined by körschens et al. (1998), residual c at fallow trials, differs from c_inert commonly used in soil modelling (e.g. black carbon; skjemstad et al., 2004)"" .

she:SoilVulnerabilityIndex a skos:Concept ;
    skos:prefLabel ""soil vulnerability index based on the soc/clay ratio"" ;
    skos:definition ""optimum soc content, defined as 10% of the observed clay content (piloted in switzerland, england and wales)"" .

she:ReciprocalSocSequestrationPotential a skos:Concept ;
    skos:prefLabel ""reciprocal soc sequestration potential"" ;
    skos:definition ""optimum soc content for the co₂ mitigation function of soils; target values represent soc equilibrium under long-term sustainable soil management"" .

she:ThresholdsFromLongTermFieldExperiments a skos:Concept ;
    skos:prefLabel ""thresholds from long-term field experiments"" ;
    skos:definition ""minimum soc levels for sustainable crop production (values for central europe); values are conceptually comparable to optimal values (see section 2.3.2)"" .

she:FarmersPerspectiveOnDeficientSoc a skos:Concept ;
    skos:prefLabel ""farmers' perspective on deficient soc"" ;
    skos:definition ""degraded soc levels according to farmers' perceptions (values for europe)"" .",1.0,1.0
Extract RDF triples from this image (table_2.11.jpg),['/kaggle/input/soil-helth-data/Soil Health/table_2.11.jpg'],"@prefix she:  <https://soilwise-he.github.io/soil-health#> .
@prefix skos: <http://www.w3.org/2004/02/skos/core#> .

she:SocThresholdsForCropland a skos:Concept ;
    skos:prefLabel ""soc thresholds for cropland (% soil mass) derived from a farmer questionnaire"" ;
    she:compiledFrom ""hijbeek et al. (2017b)"" ;
    she:recalculatedUsingConversionFactor ""1.724"" ;
    skos:narrower she:AtlanticCoarseEntry,
                  she:AtlanticMediumEntry,
                  she:AtlanticMediumFineEntry,
                  she:ContinentalCoarseEntry,
                  she:ContinentalMediumEntry,
                  she:ContinentalMediumFineEntry,
                  she:MediterraneanCoarseEntry,
                  she:MediterraneanMediumEntry,
                  she:MediterraneanMediumFineEntry ;
    skos:related she:BorealRegionThresholds .

she:ClimateCategory a skos:Concept ;
    skos:prefLabel ""climate"" ;
    skos:definition ""climate regions according to metzger et al. (2005)"" .

she:RepresentativityCategory a skos:Concept ;
    skos:prefLabel ""representativity"" .

she:TextureCategory a skos:Concept ;
    skos:prefLabel ""texture"" .

she:Threshold1Category a skos:Concept ;
    skos:prefLabel ""threshold 1"" .

she:Threshold2Category a skos:Concept ;
    skos:prefLabel ""threshold 2"" .

she:AtlanticClimate a skos:Concept ;
    skos:prefLabel ""atlantic"" ;
    skos:broader she:ClimateCategory .

she:ContinentalClimate a skos:Concept ;
    skos:prefLabel ""continental"" ;
    skos:broader she:ClimateCategory .

she:MediterraneanClimate a skos:Concept ;
    skos:prefLabel ""mediterranean"" ;
    skos:broader she:ClimateCategory .

she:CoarseTexture a skos:Concept ;
    skos:prefLabel ""coarse"" ;
    skos:broader she:TextureCategory .

she:MediumTexture a skos:Concept ;
    skos:prefLabel ""medium"" ;
    skos:broader she:TextureCategory .

she:MediumFineTexture a skos:Concept ;
    skos:prefLabel ""medium fine"" ;
    skos:broader she:TextureCategory .

she:AtlanticRepresentativity a skos:Concept ;
    skos:prefLabel ""n=358 (belgium, germany)"" ;
    skos:broader she:RepresentativityCategory ;
    she:hasSampleCount ""358"" ;
    she:hasLocation ""belgium, germany"" ;
    she:describesClimate she:AtlanticClimate .

she:ContinentalRepresentativity a skos:Concept ;
    skos:prefLabel ""n=167 (austria, germany)"" ;
    skos:broader she:RepresentativityCategory ;
    she:hasSampleCount ""167"" ;
    she:hasLocation ""austria, germany"" ;
    she:describesClimate she:ContinentalClimate .

she:MediterraneanRepresentativity a skos:Concept ;
    skos:prefLabel ""n=110 (italy, spain)"" ;
    skos:broader she:RepresentativityCategory ;
    she:hasSampleCount ""110"" ;
    she:hasLocation ""italy, spain"" ;
    she:describesClimate she:MediterraneanClimate .

she:SocThresholdEntry a skos:Concept ;
    skos:prefLabel ""soc threshold entry"" .

she:hasUncertainty a skos:Concept ;
    skos:prefLabel ""has uncertainty"" ;
    skos:definition ""particular high uncertainty due to low number of observations"" .

she:AtlanticCoarseEntry a she:SocThresholdEntry ;
    skos:prefLabel ""atlantic coarse entry"" ;
    she:appliesToClimate she:AtlanticClimate ;
    she:appliesToTexture she:CoarseTexture ;
    she:hasThreshold1Value ""1.2"" ;
    she:hasThreshold2Value ""2.0"" .

she:AtlanticMediumEntry a she:SocThresholdEntry ;
    skos:prefLabel ""atlantic medium entry"" ;
    she:appliesToClimate she:AtlanticClimate ;
    she:appliesToTexture she:MediumTexture ;
    she:hasThreshold1Value ""1.0"" ;
    she:hasThreshold2Value ""1.5"" .

she:AtlanticMediumFineEntry a she:SocThresholdEntry ;
    skos:prefLabel ""atlantic medium fine entry"" ;
    she:appliesToClimate she:AtlanticClimate ;
    she:appliesToTexture she:MediumFineTexture ;
    she:hasThreshold1Value ""1.6"" ;
    she:hasUncertainty true .

she:ContinentalCoarseEntry a she:SocThresholdEntry ;
    skos:prefLabel ""continental coarse entry"" ;
    she:appliesToClimate she:ContinentalClimate ;
    she:appliesToTexture she:CoarseTexture ;
    she:hasThreshold1Value ""1.0"" ;
    she:hasThreshold2Value ""1.2"" .

she:ContinentalMediumEntry a she:SocThresholdEntry ;
    skos:prefLabel ""continental medium entry"" ;
    she:appliesToClimate she:ContinentalClimate ;
    she:appliesToTexture she:MediumTexture ;
    she:hasThreshold1Value ""1.3"" ;
    she:hasThreshold2Value ""1.9"" ;
    she:hasUncertainty true .

she:ContinentalMediumFineEntry a she:SocThresholdEntry ;
    skos:prefLabel ""continental medium fine entry"" ;
    she:appliesToClimate she:ContinentalClimate ;
    she:appliesToTexture she:MediumFineTexture ;
    she:hasThreshold1Value ""1.2"" ;
    she:hasThreshold2Value ""1.4"" ;
    she:hasUncertainty true .

she:MediterraneanCoarseEntry a she:SocThresholdEntry ;
    skos:prefLabel ""mediterranean coarse entry"" ;
    she:appliesToClimate she:MediterraneanClimate ;
    she:appliesToTexture she:CoarseTexture .

she:MediterraneanMediumEntry a she:SocThresholdEntry ;
    skos:prefLabel ""mediterranean medium entry"" ;
    she:appliesToClimate she:MediterraneanClimate ;
    she:appliesToTexture she:MediumTexture ;
    she:hasThreshold1Value ""0.6"" ;
    she:hasThreshold2Value ""1.2"" .

she:MediterraneanMediumFineEntry a she:SocThresholdEntry ;
    skos:prefLabel ""mediterranean medium fine entry"" ;
    she:appliesToClimate she:MediterraneanClimate ;
    she:appliesToTexture she:MediumFineTexture ;
    she:hasThreshold1Value ""0.8"" ;
    she:hasThreshold2Value ""0.8"" ;
    she:hasUncertainty true .

she:BorealRegionThresholds a skos:Concept ;
    skos:prefLabel ""boreal region thresholds"" ;
    she:derivedFromLiterature ""soinne et al., 2016"" ;
    she:hasFinerSoilThreshold ""4% for soc (8% som)"" ;
    she:hasCoarserSoilThreshold ""2% for soc (4% som)"" ;
    she:basedOnExpertJudgement true .",1.0,1.0
Extract RDF triples from this image (table_5.5.jpg),['/kaggle/input/soil-helth-data/Soil Health/table_5.5.jpg'],"@prefix she:  <https://soilwise-he.github.io/soil-health#> .
@prefix skos: <http://www.w3.org/2004/02/skos/core#> .

she:DPSIRGrouping a skos:Concept ;
    skos:prefLabel ""dpsir grouping"" ;
    skos:definition ""current set of indicators on diffuse and point source pollution"" ;
    skos:narrower she:StateIndicators,
                  she:PressureIndicators,
                  she:PollutionByPointSources,
                  she:ImpactIndicators .

she:StateIndicators a skos:Concept ;
    skos:prefLabel ""state indicators"" ;
    skos:broader she:DPSIRGrouping ;
    skos:narrower she:InorganicPollutants,
                  she:Nutrients,
                  she:PersistentOrganicPollutants,
                  she:SoilAcidifyingSubstances,
                  she:EmergingSubstances .

she:InorganicPollutants a skos:Concept ;
    skos:prefLabel ""inorganic pollutants"" ;
    skos:broader she:StateIndicators ;
    skos:note ""(¹) Indicator fully discussed in this chapter."" ;
    she:hasIndicator she:HeavyMetalContentsInExcessOfThresholds,
                     she:CriticalLoadExceedanceByHeavyMetals .

she:HeavyMetalContentsInExcessOfThresholds a skos:Concept ;
    skos:prefLabel ""heavy metal contents in excess of thresholds"" ;
    she:isCoveredIn she:Chapter5Here .

she:CriticalLoadExceedanceByHeavyMetals a skos:Concept ;
    skos:prefLabel ""critical load exceedance by heavy metals"" ;
    she:isCoveredIn she:NotCoveredHere .

she:Nutrients a skos:Concept ;
    skos:prefLabel ""nutrients"" ;
    skos:broader she:StateIndicators ;
    she:hasIndicator she:GrossNutrientBalance .

she:GrossNutrientBalance a skos:Concept ;
    skos:prefLabel ""gross nutrient balance"" ;
    she:isCoveredIn she:CriticalNAndPLimitsChapter3 .

she:PersistentOrganicPollutants a skos:Concept ;
    skos:prefLabel ""persistent organic pollutants"" ;
    skos:broader she:StateIndicators ;
    she:hasIndicator she:ConcentrationOfPersistentOrganicPollutants,
                     she:ConcentrationOfSelectedPesticides .

she:ConcentrationOfPersistentOrganicPollutants a skos:Concept ;
    skos:prefLabel ""concentration of persistent organic pollutants"" ;
    she:isCoveredIn she:PrinciplesOfChapter5Apply .

she:ConcentrationOfSelectedPesticides a skos:Concept ;
    skos:prefLabel ""concentration of selected pesticides"" ;
    she:isCoveredIn she:Chapter5AndOngoingResearch .

she:SoilAcidifyingSubstances a skos:Concept ;
    skos:prefLabel ""soil acidifying substances"" ;
    skos:broader she:StateIndicators ;
    she:hasIndicator she:TopsoilPH,
                     she:CriticalLoadExceedancesBySulphurAndNitrogen .

she:TopsoilPH a skos:Concept ;
    skos:prefLabel ""topsoil ph"" ;
    she:isCoveredIn she:Chapter4 .

she:CriticalLoadExceedancesBySulphurAndNitrogen a skos:Concept ;
    skos:prefLabel ""critical load exceedances by sulphur and nitrogen"" ;
    she:isCoveredIn she:CriticalNLimitsChapter3 .

she:EmergingSubstances a skos:Concept ;
    skos:prefLabel ""emerging substances"" ;
    skos:broader she:StateIndicators ;
    she:hasIndicator she:PresenceAmountOfAntimicrobialsAndPlasticsInTheTopsoil .

she:PresenceAmountOfAntimicrobialsAndPlasticsInTheTopsoil a skos:Concept ;
    skos:prefLabel ""presence/amount of antimicrobials and plastics in the topsoil"" ;
    she:isCoveredIn she:ResearchOngoing .

she:PressureIndicators a skos:Concept ;
    skos:prefLabel ""pressure indicators"" ;
    skos:broader she:DPSIRGrouping ;
    she:hasIndicator she:NewSettlementAreaUrbanFabricEstablishedOnPreviouslyDevelopedLand,
                     she:RecycledLandArea ;
    skos:narrower she:NonSoilIndicatorsRelatedToLandUseIntensityAndPollutantInputs .

she:NewSettlementAreaUrbanFabricEstablishedOnPreviouslyDevelopedLand a skos:Concept ;
    skos:prefLabel ""new settlement area (urban fabric) established on previously developed land"" ;
    she:isCoveredIn she:CorineLandCover .

she:RecycledLandArea a skos:Concept ;
    skos:prefLabel ""recycled land area"" ;
    she:isCoveredIn she:CopernicusLandMonitoringService .

she:NonSoilIndicatorsRelatedToLandUseIntensityAndPollutantInputs a skos:Concept ;
    skos:prefLabel ""non-soil indicators related to land use intensity and pollutant inputs"" ;
    skos:broader she:PressureIndicators ;
    she:hasIndicator she:AreaUnderOrganicFarming,
                     she:AmountOfMineralFertilisers,
                     she:AmountOfOrganicFertilisers,
                     she:PesticideApplications,
                     she:ToBeDefinedInputsOfPlasticsAndAntimicrobials,
                     she:LocationOfInstallationsIndustrialFacilitiesMiningLandfills .

she:AreaUnderOrganicFarming a skos:Concept ;
    skos:prefLabel ""area under organic farming"" ;
    she:isCoveredIn she:AEIOrganicFarmingStatistics .

she:AmountOfMineralFertilisers a skos:Concept ;
    skos:prefLabel ""amount of mineral fertilisers (sub-indicators distinguish different qualities/product type)"" ;
    she:isCoveredIn she:AEIMineralFertiliserConsumption .

she:AmountOfOrganicFertilisers a skos:Concept ;
    skos:prefLabel ""amount of organic fertilisers (sub-indicators: sludges, compost, digestates, manure; if available, distinguish different qualities by chemical composition)"" ;
    she:isCoveredIn she:DeVriesEtAl2022,
                     she:CAPRIDatabase ;
    skos:note ""(³) See also Payá Pérez and Rodriguez Eugenio (2018)."" .

she:PesticideApplications a skos:Concept ;
    skos:prefLabel ""pesticide applications (sub-indicators specify different groups/substances/compounds)"" ;
    she:isCoveredIn she:AEIConsumptionOfPesticideTrendsInUseAndRiskOfPesticide .

she:ToBeDefinedInputsOfPlasticsAndAntimicrobials a skos:Concept ;
    skos:prefLabel ""to be defined: inputs of plastics and antimicrobials"" .

she:LocationOfInstallationsIndustrialFacilitiesMiningLandfills a skos:Concept ;
    skos:prefLabel ""location of installations (industrial facilities, mining, landfills)"" ;
    she:isCoveredIn she:CorineLandCover .

she:PollutionByPointSources a skos:Concept ;
    skos:prefLabel ""pollution by point sources"" ;
    skos:broader she:DPSIRGroupin",1.0,1.0
Extract RDF triples from this image (table_3.2.jpg),['/kaggle/input/soil-helth-data/Soil Health/table_3.2.jpg'],"@prefix she:  <https://soilwise-he.github.io/soil-health#> .
@prefix skos: <http://www.w3.org/2004/02/skos/core#> .

she:NRetentionNLeachingRiskCNRatioTable a skos:Concept ;
    skos:prefLabel ""n retention and related n leaching risk versus c/n ratio in the organic layer of forest soils"" ;
    skos:narrower she:Indication,
                  she:CNRatioInOrganicLayers .

she:Indication a skos:Concept ;
    skos:prefLabel ""indication"" ;
    skos:narrower she:HighNRetentionLowNLeachingPotential,
                  she:ModerateToHighNRetentionLowToModerateNLeachingPotential,
                  she:LowToModerateNRetentionModerateToHighNLeachingPotential,
                  she:LowNRetentionHighNLeachingPotential .

she:CNRatioInOrganicLayers a skos:Concept ;
    skos:prefLabel ""c/n ratio in organic layers"" ;
    skos:narrower she:CNRatioGreaterThan30,
                  she:CNRatio25To30,
                  she:CNRatio20To25,
                  she:CNRatioLessThan20 .

she:HighNRetentionLowNLeachingPotential a skos:Concept ;
    skos:prefLabel ""high n retention and thus low n leaching potential"" ;
    she:hasAssociatedCNRatioRange she:CNRatioGreaterThan30 .

she:ModerateToHighNRetentionLowToModerateNLeachingPotential a skos:Concept ;
    skos:prefLabel ""moderate to high n retention and thus low to moderate n leaching potential"" ;
    she:hasAssociatedCNRatioRange she:CNRatio25To30 .

she:LowToModerateNRetentionModerateToHighNLeachingPotential a skos:Concept ;
    skos:prefLabel ""low to moderate n retention and thus moderate to high n leaching potential"" ;
    she:hasAssociatedCNRatioRange she:CNRatio20To25 .

she:LowNRetentionHighNLeachingPotential a skos:Concept ;
    skos:prefLabel ""low n retention and thus high n leaching potential"" ;
    she:hasAssociatedCNRatioRange she:CNRatioLessThan20 .

she:CNRatioGreaterThan30 a skos:Concept ;
    skos:prefLabel "">30"" .

she:CNRatio25To30 a skos:Concept ;
    skos:prefLabel ""25-30"" .

she:CNRatio20To25 a skos:Concept ;
    skos:prefLabel ""20-25"" .

she:CNRatioLessThan20 a skos:Concept ;
    skos:prefLabel ""<20"" .",1.0,1.0
Extract RDF triples from this image (table_9.3.jpg),['/kaggle/input/soil-helth-data/Soil Health/table_9.3.jpg'],"@prefix she:  <https://soilwise-he.github.io/soil-health#> .
@prefix skos: <http://www.w3.org/2004/02/skos/core#> .

she:Table9_3 a skos:Concept ;
    skos:prefLabel ""table 9.3"" ;
    skos:narrower she:AvailableNationalSoilSealingDataComparedWithCopernicusData2015 .

she:AvailableNationalSoilSealingDataComparedWithCopernicusData2015 a skos:Concept ;
    skos:prefLabel ""available national soil sealing data compared with copernicus data, 2015"" ;
    skos:narrower she:Country,
                  she:SoilSealing,
                  she:NationalMethod,
                  she:EEACopernicus .

she:Country a skos:Concept ;
    skos:prefLabel ""country"" ;
    skos:narrower she:BelgiumFlanders,
                  she:Austria,
                  she:Luxembourg .

she:CountrySize a skos:Concept ;
    skos:prefLabel ""country size"" .

she:SoilSealing a skos:Concept ;
    skos:prefLabel ""soil sealing"" ;
    skos:narrower she:Area,
                  she:Percentage .

she:Area a skos:Concept ;
    skos:prefLabel ""area"" .

she:Percentage a skos:Concept ;
    skos:prefLabel ""percentage"" .

she:NationalMethod a skos:Concept ;
    skos:prefLabel ""national method"" ;
    skos:narrower she:NationalMethodArea,
                  she:NationalMethodPercentage .

she:NationalMethodArea a skos:Concept ;
    skos:prefLabel ""national method area"" .

she:NationalMethodPercentage a skos:Concept ;
    skos:prefLabel ""national method percentage"" .

she:EEACopernicus a skos:Concept ;
    skos:prefLabel ""eea/copernicus"" ;
    skos:narrower she:EEACopernicusArea,
                  she:EEACopernicusPercentage .

she:EEACopernicusArea a skos:Concept ;
    skos:prefLabel ""eea/copernicus area"" .

she:EEACopernicusPercentage a skos:Concept ;
    skos:prefLabel ""eea/copernicus percentage"" .

she:Year2015 a skos:Concept ;
    skos:prefLabel ""year 2015"" .

she:Year2018 a skos:Concept ;
    skos:prefLabel ""year 2018"" .

she:BelgiumFlanders a skos:Concept ;
    skos:prefLabel ""belgium (flanders)"" ;
    she:hasCountrySize ""13,625km²"" ;
    she:hasNationalMethodAreaValue ""1,935km²"" ;
    she:hasNationalMethodPercentageValue ""14.2%"" ;
    she:hasEEACopernicusAreaValue ""1,212km²"" ;
    she:hasEEACopernicusPercentageValue ""8.9%"" .

she:Austria a skos:Concept ;
    skos:prefLabel ""austria"" ;
    she:hasCountrySize ""83,882km²"" ;
    she:hasNationalMethodAreaValue ""2,298km²"" ;
    she:hasNationalMethodPercentageValue ""2.7%"" ;
    she:hasEEACopernicusAreaValue ""1,475km²"" ;
    she:hasEEACopernicusPercentageValue ""1.8%"" .

she:Luxembourg a skos:Concept ;
    skos:prefLabel ""luxembourg"" ;
    she:hasCountrySize ""2,593km²"" ;
    she:hasNationalMethodAreaValue ""176km²"" ;
    she:hasNationalMethodPercentageValue ""6.8%"" ;
    she:nationalMethodDataRefersToYear she:Year2018 ;
    she:nationalMethodNoDataForYear she:Year2015 ;
    she:hasEEACopernicusAreaValue ""49km²"" ;
    she:hasEEACopernicusPercentageValue ""1.9%"" .",0.0,1.0
Extract RDF triples from this image (table_9.2.jpg),['/kaggle/input/soil-helth-data/Soil Health/table_9.2.jpg'],"@prefix she: <https://soilwise-he.github.io/soil-health#> .
@prefix skos: <http://www.w3.org/2004/02/skos/core#> .

she:IndicatorsUsedToAssessSoilSealingAndLandTake a skos:Concept ;
    skos:prefLabel ""indicators used to assess soil sealing and land take"" ;
    skos:narrower she:Indicator,
                  she:SubIndicator .

she:Indicator a skos:Concept ;
    skos:prefLabel ""indicator"" ;
    skos:narrower she:Imperviousness,
                  she:LandTake,
                  she:RatioOfSoilSealingToLandTake,
                  she:LandRecycling .

she:SubIndicator a skos:Concept ;
    skos:prefLabel ""sub-indicator"" ;
    skos:narrower she:CcCoRatio,
                  she:SparseUrbanisationPrevalenceIndex,
                  she:SprawlDensificationRatio,
                  she:ShareOfUndevelopedBuildingLand .

she:Imperviousness a skos:Concept ;
    skos:prefLabel ""imperviousness"" ;
    she:hasSource ""eea land and soil indicator set (lsi002) per area per capita (stratified)"" ;
    she:hasExplanation ""european data set used in combination with other assessments, i.e. fragmentation, land recycling example stratification: urban centre, peri-urban, rural"" .

she:LandTake a skos:Concept ;
    skos:prefLabel ""land take"" ;
    she:hasSource ""eea land and soil indicator set (lsi001) 8th environment action programme headline indicator set, sdg target 15.3 stratified, e.g. by major land cover category, urban protected areas, functional urban areas, urban floodplains"" ;
    she:hasExplanation ""used to report land take under the european and global environment programmes"" .

she:RatioOfSoilSealingToLandTake a skos:Concept ;
    skos:prefLabel ""ratio of soil sealing to land take"" ;
    she:hasSource ""quality and quantity of sustainable land use and urban redevelopment"" ;
    she:hasExplanation ""1 = total loss of all soil ecosystem services (except soil as a carrier for construction) 0 = no soil function is affected"" .

she:LandRecycling a skos:Concept ;
    skos:prefLabel ""land recycling"" ;
    she:hasSource ""includes recultivation"" .

she:CcCoRatio a skos:Concept ;
    skos:prefLabel ""cc/co ratio"" ;
    skos:definition ""ratio between c in built-up land and organic c in soils (cc/co), according to villa et al. (2018)"" ;
    she:hasSource ""tested in three italian peri-urban areas, using multi-temporal soc stock maps: soc in built-up land and in natural soils (cc/co)"" ;
    she:hasExplanation ""0 = unsealed land ≤0.5 low-intensity sealing 0.5≤2.0 medium-intensity sealing >2.0 high-intensity sealing"" .

she:SparseUrbanisationPrevalenceIndex a skos:Concept ;
    skos:prefLabel ""sparse urbanisation prevalence index"" ;
    she:hasSource ""ratio of low-intensity sealed land to severely sealed land"" ;
    she:hasExplanation ""degree of anthropogenic sealing"" .

she:SprawlDensificationRatio a skos:Concept ;
    skos:prefLabel ""sprawl/densification ratio"" ;
    she:hasSource ""ratio of new sparse urban areas to urban densification area (trend in soil sealing change)"" ;
    she:hasExplanation ""<1 tendency towards more compact urban forms >1 tendency to more diffuse urban forms"" .

she:ShareOfUndevelopedBuildingLand a skos:Concept ;
    skos:prefLabel ""share of undeveloped building land"" ;
    she:hasExplanation "">50% of cities ('population ≥50,000') have only a little (<10%) building land left while smaller towns have a larger buffer"" .",1.0,1.0
Extract RDF triples from this image (table_7.4.jpg),['/kaggle/input/soil-helth-data/Soil Health/table_7.4.jpg'],"@prefix she:  <https://soilwise-he.github.io/soil-health#> .
@prefix skos: <http://www.w3.org/2004/02/skos/core#> .

she:TwoStageErosionMonitoringDesign a skos:Concept ;
    skos:prefLabel ""design for two-stage erosion monitoring in europe"" ;
    skos:narrower she:Level1Monitoring,
                  she:Level2Monitoring .

she:Level1Monitoring a skos:Concept ;
    skos:prefLabel ""level 1"" ;
    skos:altLabel ""large-scale modelling"" ;
    she:usesMethod she:RUSLE2015 ;
    she:producesResult she:EstimatedSoilLossRate,
                       she:EstimatedImpactOfManagement ;
    she:aimsTo she:PanEuropeanSoilLossInformation,
               she:IdentificationOfSoilErosionHotSpots .

she:RUSLE2015 a skos:Concept ;
    skos:prefLabel ""rusle2015"" .

she:EstimatedSoilLossRate a skos:Concept ;
    skos:prefLabel ""estimated soil loss rate by water erosion on arable land (t/ha/year)"" .

she:EstimatedImpactOfManagement a skos:Concept ;
    skos:prefLabel ""estimated impact of management on soil erosion (c- and p-factor of rusle2015)"" ;
    she:usesFactors she:CAndPFactorOfRUSLE2015 .

she:CAndPFactorOfRUSLE2015 a skos:Concept ;
    skos:prefLabel ""c- and p-factor of rusle2015"" ;
    skos:broader she:RUSLE2015 .

she:PanEuropeanSoilLossInformation a skos:Concept ;
    skos:prefLabel ""pan-european information on soil loss rates by water erosion using a harmonised methodology"" .

she:IdentificationOfSoilErosionHotSpots a skos:Concept ;
    skos:prefLabel ""identification of soil erosion hot spots relevant to be monitored (level 2)"" ;
    she:identifies she:SoilErosionHotSpots .

she:SoilErosionHotSpots a skos:Concept ;
    skos:prefLabel ""soil erosion hot spots"" ;
    she:identifiedIn she:Level1Monitoring ;
    she:isMonitoredBy she:Level2Monitoring .

she:Level2Monitoring a skos:Concept ;
    skos:prefLabel ""level 2"" ;
    skos:altLabel ""monitoring at field to landscape scale"" ;
    she:focusesOn she:SoilErosionHotSpots ;
    she:usesMethod she:MonitoringAppearanceOfSoilErosion,
                   she:StandardisedVisualClassification,
                   she:StandardisedVolumetricMeasurementOfRillErosion ;
    she:producesResult she:FrequencyOfSoilErosionByWater,
                       she:SeverityOfSoilErosion,
                       she:SoilLossRateByRillErosion ;
    she:aimsTo she:CreateGroundTruthData,
               she:DevelopDynamicProcessBasedModels .

she:MonitoringAppearanceOfSoilErosion a skos:Concept ;
    skos:prefLabel ""monitoring the appearance of soil erosion"" .

she:StandardisedVisualClassification a skos:Concept ;
    skos:prefLabel ""standardised visual classification of the severity of each soil erosion event"" .

she:StandardisedVolumetricMeasurementOfRillErosion a skos:Concept ;
    skos:prefLabel ""standardised volumetric measurement of rill erosion"" .

she:FrequencyOfSoilErosionByWater a skos:Concept ;
    skos:prefLabel ""frequency of soil erosion by water"" .

she:SeverityOfSoilErosion a skos:Concept ;
    skos:prefLabel ""severity of soil erosion"" .

she:SoilLossRateByRillErosion a skos:Concept ;
    skos:prefLabel ""soil loss rate by rill erosion"" .

she:CreateGroundTruthData a skos:Concept ;
    skos:prefLabel ""create ground-truth data on soil erosion by water using standardised field mapping methods"" ;
    she:usesMethodology she:StandardisedFieldMappingMethods .

she:StandardisedFieldMappingMethods a skos:Concept ;
    skos:prefLabel ""standardised field mapping methods"" .

she:DevelopDynamicProcessBasedModels a skos:Concept ;
    skos:prefLabel ""develop dynamic process-based models simulating the field- to farm-scale erosion processes"" ;
    she:simulates she:FieldToFarmScaleErosionProcesses .

she:FieldToFarmScaleErosionProcesses a skos:Concept ;
    skos:prefLabel ""field- to farm-scale erosion processes"" .",0.0,1.0
Extract RDF triples from this image (table_2.10.jpg),['/kaggle/input/soil-helth-data/Soil Health/table_2.10.jpg'],"@prefix she:  <https://soilwise-he.github.io/soil-health#> .
@prefix skos: <http://www.w3.org/2004/02/skos/core#> .

she:SomThresholdsDerivedFromFarmerQuestionnaire a skos:Concept ;
    skos:prefLabel ""definition of som thresholds derived from a farmer questionnaire"" .

she:Threshold1 a skos:Concept ;
    skos:prefLabel ""threshold 1"" ;
    skos:broader she:SomThresholdsDerivedFromFarmerQuestionnaire ;
    skos:definition ""lower end of som value range (10th percentile) at which farmers judge their current som content sufficient"" ;
    she:implication ""below this threshold value, no farmers are expected to be satisfied with their som content"" ;
    she:concernedArea ""1.1% of the european cropland area"" ;
    she:specificallyConcernsRegion she:NorthernFrance .

she:Threshold2 a skos:Concept ;
    skos:prefLabel ""threshold 2"" ;
    skos:broader she:SomThresholdsDerivedFromFarmerQuestionnaire ;
    skos:definition ""upper end of the range of values (90th percentile) at which farmers perceive a high or very high deficiency of som content"" ;
    she:implication ""above this threshold, no farmers are expected to be dissatisfied with their som content"" ;
    she:concernedArea ""14.3% of the cropland area"" ;
    she:specificallyConcernsRegion she:CentralEasternEurope,
                                 she:SouthernEurope .

she:SomContent a skos:Concept ;
    skos:prefLabel ""som content"" .

she:EuropeanCroplandArea a skos:Concept ;
    skos:prefLabel ""european cropland area"" .

she:NorthernFrance a skos:Concept ;
    skos:prefLabel ""northern france"" .

she:CentralEasternEurope a skos:Concept ;
    skos:prefLabel ""central/eastern europe"" .

she:SouthernEurope a skos:Concept ;
    skos:prefLabel ""southern europe"" .",1.0,1.0
Extract RDF triples from this image (table_1.7_cont.jpg),['/kaggle/input/soil-helth-data/Soil Health/table_1.7_cont.jpg'],"@prefix she:  <https://soilwise-he.github.io/soil-health#> .
@prefix skos: <http://www.w3.org/2004/02/skos/core#> .

she:Table1_7 a skos:Concept ;
    skos:prefLabel ""table 1.7 soil-related policy objectives and targets at eu and global levels (binding and incentive-based non-binding policies and measures) (cont.)"" ;
    skos:narrower she:ZeroPollutionActionPlanForAirSoilAndWater,
                  she:EUSoilStrategy2030 .

she:ZeroPollutionActionPlanForAirSoilAndWater a skos:Concept ;
    skos:prefLabel ""zero pollution action plan for air, soil and water (ec, 2021c)"" ;
    she:definesObjective she:ZeroPollutionAmbitionForAToxinFreeEnvironment,
                         she:BetterMonitorReportPreventAndRemedyPollution,
                         she:ProposeNewLegislationCoveringSignificantPollutionSources,
                         she:FacilitateRemediationOfSoilPollution .

she:ZeroPollutionAmbitionForAToxinFreeEnvironment a skos:Concept ;
    skos:prefLabel ""a zero pollution ambition for a toxin-free environment, including for air, water and soil"" .

she:BetterMonitorReportPreventAndRemedyPollution a skos:Concept ;
    skos:prefLabel ""to better monitor, report, prevent and remedy pollution from air, water, soil and consumer products to levels that are no longer harmful to human health and the environment"" .

she:ProposeNewLegislationCoveringSignificantPollutionSources a skos:Concept ;
    skos:prefLabel ""to propose new legislation covering significant pollution sources, which are not yet addressed by other policies, strategies and protocols"" .

she:FacilitateRemediationOfSoilPollution a skos:Concept ;
    skos:prefLabel ""to facilitate remediation of soil pollution via (1) a monitoring framework on the state of pollution and (2) an outlook report, including a specific assessment of the evolution of human health and environmental impacts"" .

she:EUSoilStrategy2030 a skos:Concept ;
    skos:prefLabel ""eu soil strategy 2030 (ec, 2021e)"" ;
    she:definesObjective she:By2050AllEUSoilEcosystemsAreInHealthyCondition,
                         she:CombatDesertificationAndAchieveNoNetLandTake,
                         she:ContributeToLandBasedClimateNeutralityBy2035,
                         she:AchieveProgressInManagementOfContaminatedSites .

she:By2050AllEUSoilEcosystemsAreInHealthyCondition a skos:Concept ;
    skos:prefLabel ""by 2050, all eu soil ecosystems are in healthy condition and are thus more resilient"" .

she:CombatDesertificationAndAchieveNoNetLandTake a skos:Concept ;
    skos:prefLabel ""to combat desertification and to achieve no net land take, to restore degraded ecosystems including soils,"" .

she:ContributeToLandBasedClimateNeutralityBy2035 a skos:Concept ;
    skos:prefLabel ""to contribute to (1) land-based climate neutrality by 2035, and (2) reducing the impact of soil pollution (on ecosystems, waters, human health)"" .

she:AchieveProgressInManagementOfContaminatedSites a skos:Concept ;
    skos:prefLabel ""to achieve progress in the management of contaminated sites"" .",1.0,1.0
Extract RDF triples from this image (table_6.3.jpg),['/kaggle/input/soil-helth-data/Soil Health/table_6.3.jpg'],"@prefix she:  <https://soilwise-he.github.io/soil-health#> .
@prefix skos: <http://www.w3.org/2004/02/skos/core#> .

she:IndicatorsProposedForSoilBiodiversityMonitoring a skos:Concept ;
    skos:prefLabel ""indicators proposed for soil biodiversity monitoring"" ;
    skos:narrower she:DiversityOfEarthworms,
                  she:DiversityOfCollembolans,
                  she:MicrobialBiomass,
                  she:DiversityOfNematodes,
                  she:SoilTexture,
                  she:BulkDensity,
                  she:GroundwaterTableDepth,
                  she:PH,
                  she:CNRatio,
                  she:NPRatio,
                  she:SoilOrganicMatter,
                  she:OrganicCarbonContent .

she:DiversityOfEarthworms a skos:Concept ;
    skos:prefLabel ""diversity of earthworms"" .

she:DiversityOfCollembolans a skos:Concept ;
    skos:prefLabel ""diversity of collembolans"" .

she:MicrobialBiomass a skos:Concept ;
    skos:prefLabel ""microbial biomass"" .

she:DiversityOfNematodes a skos:Concept ;
    skos:prefLabel ""diversity of nematodes"" .

she:SoilTexture a skos:Concept ;
    skos:prefLabel ""soil texture"" .

she:BulkDensity a skos:Concept ;
    skos:prefLabel ""bulk density"" .

she:GroundwaterTableDepth a skos:Concept ;
    skos:prefLabel ""groundwater table depth"" .

she:PH a skos:Concept ;
    skos:prefLabel ""ph"" .

she:CNRatio a skos:Concept ;
    skos:prefLabel ""c:n ratio"" .

she:NPRatio a skos:Concept ;
    skos:prefLabel ""n:p ratio"" .

she:SoilOrganicMatter a skos:Concept ;
    skos:prefLabel ""soil organic matter"" .

she:OrganicCarbonContent a skos:Concept ;
    skos:prefLabel ""organic carbon content"" .

she:CreamerEtAl2019 a skos:Concept ;
    skos:prefLabel ""creamer et al. (2019)"" ;
    she:proposesIndicator she:DiversityOfEarthworms,
                          she:MicrobialBiomass,
                          she:DiversityOfNematodes,
                          she:SoilTexture,
                          she:BulkDensity,
                          she:GroundwaterTableDepth,
                          she:PH,
                          she:CNRatio,
                          she:NPRatio,
                          she:SoilOrganicMatter,
                          she:OrganicCarbonContent .

she:HuberEtAl2008 a skos:Concept ;
    skos:prefLabel ""huber et al. (2008)"" ;
    she:proposesIndicator she:DiversityOfEarthworms,
                          she:DiversityOfCollembolans,
                          she:MicrobialBiomass .

she:Breure2004 a skos:Concept ;
    skos:prefLabel ""breure (2004)"" ;
    she:proposesIndicator she:DiversityOfEarthworms,
                          she:MicrobialBiomass,
                          she:DiversityOfNematodes .",1.0,1.0
Extract RDF triples from this image (table_3.1.jpg),['/kaggle/input/soil-helth-data/Soil Health/table_3.1.jpg'],"@prefix she:  <https://soilwise-he.github.io/soil-health#> .
@prefix skos: <http://www.w3.org/2004/02/skos/core#> .

she:RelationshipOfSoilNutrientStatusToKeySocietalNeedsAndSoilFunctions a skos:Concept ;
    skos:prefLabel ""relationship of soil nutrient status to key societal needs and soil functions"" ;
    skos:narrower she:SocietalNeed,
                  she:SoilService,
                  she:Impact .

she:SocietalNeed a skos:Concept ;
    skos:prefLabel ""societal need"" ;
    skos:narrower she:Biomass,
                  she:Water,
                  she:Climate,
                  she:Biodiversity,
                  she:Infrastructure .

she:SoilService a skos:Concept ;
    skos:prefLabel ""soil service"" ;
    skos:narrower she:WoodAndFibreProduction,
                  she:GrowthOfCrops,
                  she:FilteringOfContaminantsWaterQuality,
                  she:WaterStorage,
                  she:CarbonStorage,
                  she:HabitatForPlantsInsectsMicrobesFungi,
                  she:PlatformForInfrastructure,
                  she:StorageOfRelocatedMaterialOrArtefacts .

she:Impact a skos:Concept ;
    skos:prefLabel ""impact"" ;
    skos:narrower she:PositiveImpact,
                  she:NegativeImpact,
                  she:IndifferentImpact,
                  she:PositiveOrNegativeImpact .

she:Biomass a skos:Concept ;
    skos:prefLabel ""biomass"" .

she:Water a skos:Concept ;
    skos:prefLabel ""water"" .

she:Climate a skos:Concept ;
    skos:prefLabel ""climate"" .

she:Biodiversity a skos:Concept ;
    skos:prefLabel ""biodiversity"" .

she:Infrastructure a skos:Concept ;
    skos:prefLabel ""infrastructure"" .

she:WoodAndFibreProduction a skos:Concept ;
    skos:prefLabel ""wood and fibre production"" ;
    she:contributesTo she:Biomass ;
    she:hasImpact she:PositiveImpact .

she:GrowthOfCrops a skos:Concept ;
    skos:prefLabel ""growth of crops"" ;
    she:contributesTo she:Biomass ;
    she:hasImpact she:PositiveImpact .

she:FilteringOfContaminantsWaterQuality a skos:Concept ;
    skos:prefLabel ""filtering of contaminants: water quality"" ;
    she:contributesTo she:Water ;
    she:hasImpact she:NegativeImpact .

she:WaterStorage a skos:Concept ;
    skos:prefLabel ""water storage"" ;
    she:contributesTo she:Water ;
    she:hasImpact she:IndifferentImpact .

she:CarbonStorage a skos:Concept ;
    skos:prefLabel ""carbon storage"" ;
    she:contributesTo she:Climate ;
    she:hasImpact she:PositiveImpact .

she:HabitatForPlantsInsectsMicrobesFungi a skos:Concept ;
    skos:prefLabel ""habitat for plants, insects, microbes, fungi"" ;
    she:contributesTo she:Biodiversity ;
    she:hasImpact she:PositiveOrNegativeImpact .

she:PlatformForInfrastructure a skos:Concept ;
    skos:prefLabel ""platform for infrastructure"" ;
    she:contributesTo she:Infrastructure ;
    she:hasImpact she:IndifferentImpact .

she:StorageOfRelocatedMaterialOrArtefacts a skos:Concept ;
    skos:prefLabel ""storage of relocated material or artefacts (excavated geological material, sediments, cables and pipelines, archaeological material)"" ;
    she:contributesTo she:Infrastructure ;
    she:hasImpact she:IndifferentImpact .

she:PositiveImpact a skos:Concept ;
    skos:prefLabel ""+"" .

she:NegativeImpact a skos:Concept ;
    skos:prefLabel ""-"" .

she:IndifferentImpact a skos:Concept ;
    skos:prefLabel ""indifferent"" .

she:PositiveOrNegativeImpact a skos:Concept ;
    skos:prefLabel ""+ or -"" .",1.0,1.0
Extract RDF triples from this image (table_1.3.jpg),['/kaggle/input/soil-helth-data/Soil Health/table_1.3.jpg'],"@prefix she:  <https://soilwise-he.github.io/soil-health#> .
@prefix skos: <http://www.w3.org/2004/02/skos/core#> .

she:SoilDegradationType a skos:Concept ;
    skos:prefLabel ""degradation type"" ;
    skos:narrower she:SoilPhysicalDegradation,
                  she:SoilChemicalDegradation,
                  she:SoilBiologicalDegradation .

she:ImpactOfThreats a skos:Concept ;
    skos:prefLabel ""impact of threats"" ;
    skos:narrower she:SubsoilCompaction,
                  she:SoilErosion,
                  she:Landslides,
                  she:Sealing,
                  she:AccumulationOfContaminantsAndNutrientsInSoil,
                  she:Salinisation,
                  she:Acidification,
                  she:ReducedHumusFormationAndReducedMetabolismOfContaminants,
                  she:DeclineInSoilOrganicMatterAndOrCarbon .

she:AffectedSoilServices a skos:Concept ;
    skos:prefLabel ""affected soil services"" ;
    skos:narrower she:GrowthOfCrops,
                  she:WoodAndFibreProduction,
                  she:WaterStorage,
                  she:SubstanceFiltering,
                  she:StorageOfGeologicalMaterial,
                  she:CarbonStorage,
                  she:HabitatForPlantsInsectsMicrobesEtc,
                  she:SupportForBuildingsOrTransportNetwork .

she:SoilPhysicalDegradation a skos:Concept ;
    skos:prefLabel ""soil physical degradation"" ;
    she:hasImpact she:SubsoilCompaction,
                  she:SoilErosion,
                  she:Landslides,
                  she:Sealing ;
    she:affectsService she:GrowthOfCrops,
                       she:WoodAndFibreProduction,
                       she:WaterStorage,
                       she:SubstanceFiltering,
                       she:StorageOfGeologicalMaterial,
                       she:CarbonStorage,
                       she:HabitatForPlantsInsectsMicrobesEtc,
                       she:SupportForBuildingsOrTransportNetwork .

she:SubsoilCompaction a skos:Concept ;
    skos:prefLabel ""subsoil compaction"" .

she:SoilErosion a skos:Concept ;
    skos:prefLabel ""soil erosion"" .

she:Landslides a skos:Concept ;
    skos:prefLabel ""landslides"" .

she:Sealing a skos:Concept ;
    skos:prefLabel ""sealing"" .

she:GrowthOfCrops a skos:Concept ;
    skos:prefLabel ""growth of crops"" .

she:WoodAndFibreProduction a skos:Concept ;
    skos:prefLabel ""wood and fibre production"" .

she:WaterStorage a skos:Concept ;
    skos:prefLabel ""water storage"" .

she:SubstanceFiltering a skos:Concept ;
    skos:prefLabel ""substance filtering"" .

she:StorageOfGeologicalMaterial a skos:Concept ;
    skos:prefLabel ""storage of geological material"" .

she:CarbonStorage a skos:Concept ;
    skos:prefLabel ""carbon storage"" .

she:HabitatForPlantsInsectsMicrobesEtc a skos:Concept ;
    skos:prefLabel ""habitat for plants, insects, microbes, etc."" .

she:SupportForBuildingsOrTransportNetwork a skos:Concept ;
    skos:prefLabel ""support for buildings or transport network"" .

she:SoilChemicalDegradation a skos:Concept ;
    skos:prefLabel ""soil chemical degradation"" ;
    she:hasImpact she:AccumulationOfContaminantsAndNutrientsInSoil,
                  she:Salinisation,
                  she:Acidification ;
    she:affectsService she:GrowthOfCrops,
                       she:WoodAndFibreProduction,
                       she:WaterStorage,
                       she:SubstanceFiltering,
                       she:CarbonStorage,
                       she:HabitatForPlantsInsectsMicrobesEtc .

she:AccumulationOfContaminantsAndNutrientsInSoil a skos:Concept ;
    skos:prefLabel ""accumulation of contaminants and nutrients in soil"" .

she:Salinisation a skos:Concept ;
    skos:prefLabel ""salinisation"" .

she:Acidification a skos:Concept ;
    skos:prefLabel ""acidification"" .

she:SoilBiologicalDegradation a skos:Concept ;
    skos:prefLabel ""soil biological degradation"" ;
    she:hasImpact she:AccumulationOfContaminantsAndNutrientsInSoil,
                  she:ReducedHumusFormationAndReducedMetabolismOfContaminants,
                  she:DeclineInSoilOrganicMatterAndOrCarbon ;
    she:affectsService she:HabitatForPlantsInsectsMicrobesEtc,
                       she:WaterStorage,
                       she:SubstanceFiltering,
                       she:CarbonStorage .

she:ReducedHumusFormationAndReducedMetabolismOfContaminants a skos:Concept ;
    skos:prefLabel ""reduced humus formation and reduced metabolism of contaminants"" .

she:DeclineInSoilOrganicMatterAndOrCarbon a skos:Concept ;
    skos:prefLabel ""decline in soil organic matter and/or carbon"" .",0.0,1.0
Extract RDF triples from this image (table_5.2.jpg),['/kaggle/input/soil-helth-data/Soil Health/table_5.2.jpg'],"@prefix she:  <https://soilwise-he.github.io/soil-health#> .
@prefix skos: <http://www.w3.org/2004/02/skos/core#> .

she:SoilPollutionCharacteristics a skos:Concept ;
    skos:prefLabel ""main characteristics of diffuse and point source soil pollution"" ;
    skos:narrower she:DiffusePollution,
                  she:PointSourcePollution .

she:DiffusePollution a skos:Concept ;
    skos:prefLabel ""diffuse pollution"" .

she:PointSourcePollution a skos:Concept ;
    skos:prefLabel ""point source pollution"" .

she:CharacteristicType a skos:Concept ;
    skos:prefLabel ""characteristic type"" ;
    skos:narrower she:Source,
                  she:ProtectionTarget,
                  she:ProceduralFramework,
                  she:AvailabilityThresholdsInReceptors,
                  she:Policy .

she:Source a skos:Concept ;
    skos:prefLabel ""source"" .

she:ProtectionTarget a skos:Concept ;
    skos:prefLabel ""protection target"" .

she:ProceduralFramework a skos:Concept ;
    skos:prefLabel ""procedural framework"" .

she:AvailabilityThresholdsInReceptors a skos:Concept ;
    skos:prefLabel ""availability thresholds in receptors"" .

she:Policy a skos:Concept ;
    skos:prefLabel ""policy"" .

she:DiffusePollution
    she:hasSourceDescription ""largely ongoing in agricultural areas due to application of plant protection products and nutrients resulting in emission of metals, microplastics and/or nanoparticles. partially historical in the case of floodplain soils or cases of proximity pollution. immobile and persistent organic chemicals used in the past can still be found in specific forms of land use (e.g. ddt in areas with intensive fruit tree cropping)."" ;
    she:hasProtectionTargetDescription ""mostly targeting arable cropping systems, including animal husbandry (grassland); more recently, adjacent terrestrial and aquatic ecosystems are also considered. direct human exposure is considered in the case of proximity pollution."" ;
    she:hasProceduralFrameworkDescription ""soil screening values and/or relevant risk limits in products are based on (1) at source level, i.e. quantity and quality of applied substances (sludges, fertiliser quality), (2) at effect level, i.e. risk limits for foodstuffs and drinking water quality. in many countries natural background levels are used as a first screening level even though these are not necessarily related to the risks of pollutants as such."" ;
    she:hasAvailabilityThresholdsInReceptorsDescription ""largely confined to nutrients (in surface water and groundwater), selected metals/metalloids (in plant products) and an array of plant protection chemicals used in agriculture. the number of other organic chemicals included in assessments of diffuse pollution varies strongly per country."" ;
    she:hasPolicyDescription ""largely acting via regulation of quantity and quality of inputs to soil (sources), either indirect (e.g. regulation of inputs of nitrogen and phosphorus) or direct (quality standards for pollutants in products used in agriculture). specifically for sewage sludge current eu policy is based on preventing accumulation. eu-wide limit values are in place that regulate the quality of mineral and organic fertilisers or soil improvers as well as sludges."" .

she:PointSourcePollution
    she:hasSourceDescription ""largely historical resulting from (historical) industrial emissions. current emissions on land from large industrial installations (ied) are hardly reported (vs emission to air and water), but it is likely that the percentage of areas affected by ongoing point source pollution varies depending on the degree of implementation of existing legislation in individual member states and required legal obligations to reduce emissions and/or remediate polluted sites."" ;
    she:hasProtectionTargetDescription ""primarily focused on human health and on the soil ecosystem directly located at or near the polluted area. in addition, drinking water resources that are affected by leaching from soil or direct emissions into the water body are considered."" ;
    she:hasProceduralFrameworkDescription ""tiered approaches for risk-based assessment, usually combining thresholds for soil and groundwater based on human health risks (exposure) and toxic effects on the ecosystem (ecotoxicological response of selected species). risk assessment aims to ensure that the future intended land use remains below agreed risk levels."" ;
    she:hasAvailabilityThresholdsInReceptorsDescription ""for most metals/metalloids, pahs, aromatic compounds (including btex), volatile organic chlorinated compounds, mineral oil, asbestos and other commonly observed organic chemicals produced and emitted by industry; thresholds are available for human health based on exposure (tdi) and reference dose or soil organisms (ecological effects levels)."" ;
    she:hasPolicyDescription ""largely based on remediation and/or soil management of affected sites to contain or reduce risk (including restriction of land use) at a local scale. further development of emission control (zero pollution action plan). no common european regulation (except for wfd and ied — see table 1.6); national remediation targets vary widely across the eu depending on the approach (and risk limit) applied."" .",1.0,1.0
Extract RDF triples from this image (table_2.5.jpg),['/kaggle/input/soil-helth-data/Soil Health/table_2.5.jpg'],"@prefix she:  <https://soilwise-he.github.io/soil-health#> .
@prefix skos: <http://www.w3.org/2004/02/skos/core#> .

she:SocThresholdsForCroplandSoils a skos:Concept ;
    skos:prefLabel ""table 2.5 matrix of mean soc minimum and maximum thresholds for cropland soils (% soil mass)"" ;
    skos:narrower she:SoilTextureClass,
                  she:ClimaticWaterBalanceSummer ;
    she:compiledFrom she:WessolekEtAl2008 .

she:SoilTextureClass a skos:Concept ;
    skos:prefLabel ""soil texture class"" ;
    skos:narrower she:SandSoil,
                  she:SiltSoil,
                  she:LoamAndClaySoil .

she:ClimaticWaterBalanceSummer a skos:Concept ;
    skos:prefLabel ""climatic water balance (mm) summer"" ;
    skos:narrower she:WaterBalanceLessThanMinus100,
                  she:WaterBalanceMinus100To0,
                  she:WaterBalanceMoreThan0 .

she:SandSoil a skos:Concept ;
    skos:prefLabel ""sand"" ;
    she:hasSocThresholdsForWaterBalance [
        she:waterBalanceRange she:WaterBalanceLessThanMinus100 ;
        she:minimumThreshold ""0.5"" ;
        she:maximumThreshold ""1.23""
    ] ;
    she:hasSocThresholdsForWaterBalance [
        she:waterBalanceRange she:WaterBalanceMinus100To0 ;
        she:minimumThreshold ""0.9"" ;
        she:maximumThreshold ""1.73""
    ] ;
    she:hasSocThresholdsForWaterBalance [
        she:waterBalanceRange she:WaterBalanceMoreThan0 ;
        she:minimumThreshold ""1.2"" ;
        she:maximumThreshold ""2.23""
    ] .

she:SiltSoil a skos:Concept ;
    skos:prefLabel ""silt"" ;
    she:hasSocThresholdsForWaterBalance [
        she:waterBalanceRange she:WaterBalanceLessThanMinus100 ;
        she:minimumThreshold ""1.5"" ;
        she:maximumThreshold ""2.53""
    ] ;
    she:hasSocThresholdsForWaterBalance [
        she:waterBalanceRange she:WaterBalanceMinus100To0 ;
        she:minimumThreshold ""1.0"" ;
        she:maximumThreshold ""2.07""
    ] ;
    she:hasSocThresholdsForWaterBalance [
        she:waterBalanceRange she:WaterBalanceMoreThan0 ;
        she:minimumThreshold ""0.8"" ;
        she:maximumThreshold ""1.59""
    ] .

she:LoamAndClaySoil a skos:Concept ;
    skos:prefLabel ""loam and clay"" ;
    she:hasSocThresholdsForWaterBalance [
        she:waterBalanceRange she:WaterBalanceLessThanMinus100 ;
        she:minimumThreshold ""0.6"" ;
        she:maximumThreshold ""1.47""
    ] ;
    she:hasSocThresholdsForWaterBalance [
        she:waterBalanceRange she:WaterBalanceMinus100To0 ;
        she:minimumThreshold ""0.9"" ;
        she:maximumThreshold ""1.92""
    ] ;
    she:hasSocThresholdsForWaterBalance [
        she:waterBalanceRange she:WaterBalanceMoreThan0 ;
        she:minimumThreshold ""1.9"" ;
        she:maximumThreshold ""3.23""
    ] .

she:WaterBalanceLessThanMinus100 a skos:Concept ;
    skos:prefLabel ""less than -100"" .

she:WaterBalanceMinus100To0 a skos:Concept ;
    skos:prefLabel ""-100 to 0"" .

she:WaterBalanceMoreThan0 a skos:Concept ;
    skos:prefLabel ""more than 0"" .

she:WessolekEtAl2008 a skos:Concept ;
    skos:prefLabel ""wessolek et al. (2008)"" .",1.0,1.0
Extract RDF triples from this image (table_8.4.jpg),['/kaggle/input/soil-helth-data/Soil Health/table_8.4.jpg'],"@prefix she:  <https://soilwise-he.github.io/soil-health#> .
@prefix skos: <http://www.w3.org/2004/02/skos/core#> .

she:ThresholdsForSoilPhysicalParametersForDetectingHarmfulSubsoilCompaction a skos:Concept ;
    skos:prefLabel ""thresholds for soil physical parameters for detecting harmful subsoil compaction"" ;
    skos:narrower she:ParameterSetI,
                  she:ParameterSetII ;
    skos:note ""Sources: Arah and Ball (1994), Babel et al. (1995), Ball et al. (1988), Frey et al. (2011), Huber et al. (2008), Lebert et al. (2007), Stepniewski (1980, 1981), Schjønning et al. (2003, 2016); supplemented with additional information from the review in this report."" .

she:ParameterSetI a skos:Concept ;
    skos:prefLabel ""parameter set i"" ;
    skos:broader she:ThresholdsForSoilPhysicalParametersForDetectingHarmfulSubsoilCompaction ;
    skos:narrower she:BulkDensity,
                  she:AirCapacityAirFilledPoreVolume,
                  she:VisualSoilEvaluations .

she:BulkDensity a skos:Concept ;
    skos:prefLabel ""bulk density"" ;
    skos:broader she:ParameterSetI ;
    she:hasThresholdValue ""less than 1.2g/cm³"" ;
    she:indicates ""very loose"" ;
    she:hasThresholdValue ""1.2g/cm³ and 1.6g/cm³"" ;
    she:indicates ""normal"" ;
    she:hasThresholdValue ""1.6g/cm³ to 1.9g/cm³"" ;
    she:indicates ""dense"" ;
    she:hasThresholdValue ""greater than 1.9g/cm³"" ;
    she:indicates ""very impermeable"" ;
    she:basedOnSource ""DVWK 1997, 1998; see also Keller et al. 2019"" ;
    she:isSensitiveToSoilType ""soils originating from clay > silt > sand"" ;
    she:notesSensitivityFactor ""higher values are due to geological pre-stressing or anthropogenic impacts"" .

she:AirCapacityAirFilledPoreVolume a skos:Concept ;
    skos:prefLabel ""air capacity: air-filled pore volume"" ;
    skos:broader she:ParameterSetI ;
    skos:definition ""A low air capacity impairs root growth, reduces oxygen pressure in soil air and increases the formation of greenhouse gases."" ;
    she:hasCriticalValue ""below 5% air capacity at a soil matric potential of -6kPa"" ;
    she:indicates ""insufficient aeration or gas diffusion"" ;
    she:influencedBy ""decreasing particle size, soil aggregation, soil organic matter content"" ;
    she:effectOn ""pore volume increase"" ;
    she:hasAcceptableValue ""around 45% total pore volume"" ;
    she:hasCriticalValue ""below 35% total pore volume"" ;
    she:notesCriticality ""irrespective of texture effects"" ;
    she:isSensitiveToSoilType ""soils originating from clay > loam > silt and sandy loam > sandy loess"" .

she:VisualSoilEvaluations a skos:Concept ;
    skos:prefLabel ""visual soil evaluations"" ;
    skos:broader she:ParameterSetI ;
    skos:narrower she:AggregateTypeAndEstimatedBulkDensity,
                  she:RootGrowthPenetrometer,
                  she:SpadeDiagnosis ;
    she:isSensitiveToSoilType ""additional assessment for all soils"" .

she:AggregateTypeAndEstimatedBulkDensity a skos:Concept ;
    skos:prefLabel ""aggregate type and estimated bulk density"" ;
    skos:broader she:VisualSoilEvaluations ;
    skos:definition ""The visual assessment of the soil as loose or dense based on aggregate size and strength, pore size and continuity, root density and distribution"" .

she:RootGrowthPenetrometer a skos:Concept ;
    skos:prefLabel ""root growth/penetrometer"" ;
    skos:broader she:VisualSoilEvaluations ;
    skos:definition ""The visual assessment of the soil as loose or dense based on aggregate size and strength, pore size and continuity, root density and distribution"" .

she:SpadeDiagnosis a skos:Concept ;
    skos:prefLabel ""spade diagnosis"" ;
    skos:broader she:VisualSoilEvaluations ;
    skos:definition ""The visual assessment of the soil as loose or dense based on aggregate size and strength, pore size and continuity, root density and distribution"" .

she:ParameterSetII a skos:Concept ;
    skos:prefLabel ""parameter set ii"" ;
    skos:broader she:ThresholdsForSoilPhysicalParametersForDetectingHarmfulSubsoilCompaction ;
    skos:narrower she:PrecompressionStress,
                  she:RatioOfPrecompressionStressToActualStressApplied,
                  she:ShearStrength,
                  she:SaturatedUnsaturatedHydraulicConductivity,
                  she:AirPermeabilityAndOxygenDiffusion .

she:PrecompressionStress a skos:Concept ;
    skos:prefLabel ""precompression stress (= internal soil strength)"" ;
    skos:broader she:ParameterSetII ;
    she:hasThresholdValue ""less than 30kPa"" ;
    she:indicates ""very low internal soil strength"" ;
    she:hasThresholdValue ""30-60kPa"" ;
    she:indicates ""low internal soil strength"" ;
    she:notesCondition ""e.g. because of weak aggregation or wet soil conditions"" ;
    she:notesEffect ""soils are very sensitive to further deformation and decline in physical, biological and physical-chemical functions"" ;
    she:hasThresholdValue ""60-90kPa"" ;
    she:indicates ""medium stress level"" ;
    she:hasThresholdValue ""90-120kPa"" ;
    she:indicates ""high stress level"" ;
    she:notesManagement ""sustainable soil management practices are especially necessary and effective"" ;
    she:isSensitiveToSoilType ""all soils, but especially loamy, silty and clayey soils"" .

she:RatioOfPrecompressionStressToActualStressApplied a skos:Concept ;
    skos:prefLabel ""ratio of precompression stress to actual stress applied"" ;
    skos:broader she:ParameterSetII ;
    she:hasThresholdValue ""greater than 1.2"" ;
    she:indicates ""rigid soil structure conditions with no risk to compaction processes"" ;
    she:hasThresholdValue ""less than or equal to 0.8"" ;
    she:indicates ""irreversibly deformed structure"" ;
    she:hasThresholdValue ""between 0.8 and 1.2"" ;
    she:indicates ""very susceptible to further soil deformation"" ;
    she:isSensitiveToSoilType ""all soils, but especially loamy, silty and clayey soils, at high water contents and weak levels of aggregation"" .

she:ShearStrength a skos:Concept ;
    skos:prefLabel ""shear strength"" ;
    skos:broader she:ParameterSetII ;
    skos:definition ""Shear forces due to wheeling result in smearing: the shear strength is lower for less aggregated soils and decreases with increasing water content."" ;
    she:notesCondition ""shearing is more pronounced at higher levels of wheel spin, especially when soils are moist"" ;
    she:isSensitiveToSoilType ""all soils, but especially loamy, silty and clayey soils, at high water contents and weak levels of aggregation"" .

she:SaturatedUnsaturatedHydraulicConductivity a skos:Concept ;
    skos:prefLabel ""saturated/unsaturated hydraulic conductivity"" ;
    skos:broader she:ParameterSetII ;
    skos:definition ""Low conductivity is typical for stagnic soil conditions: delayed percolation reduces soil aeration and groundwater accumulation and increases surface run-off (critical values are defined as below 10cm/day)."" ;
    she:hasCriticalValue ""below 10cm/day"" .

she:AirPermeabilityAndOxygenDiffusion a skos:Concept ;
    skos:prefLabel ""air permeability and oxygen diffusion"" ;
    skos:broader she:ParameterSetII ;
    skos:definition ""Low air fluxes coincide with retarded gas exchange and the formation of anoxic conditions through CH₄ or N₂O formation."" ;
    she:hasCriticalValue ""air permeability less than 1µm²"" ;
    she:hasCriticalValue ""diffusion coefficient (Ds) less than 1.5×10⁻⁸m²/s (Bakker et al., 1987)"" ;
    she:hasCriticalValue ""relative diffusion less than 0.005 for loamy soils"" ;
    she:hasCriticalValue ""relative diffusion less than 0.02 for sandy soils"" ;
    she:isSensitiveToSoilType ""all soils, but especially loamy, silty and clayey soils, at high water contents and weak levels of aggregation due to tillage or soil management"" .",1.0,1.0
Extract RDF triples from this image (table_7.2.jpg),['/kaggle/input/soil-helth-data/Soil Health/table_7.2.jpg'],"@prefix she:  <https://soilwise-he.github.io/soil-health#> .
@prefix skos: <http://www.w3.org/2004/02/skos/core#> .

she:Table7_2 a skos:Concept ;
    skos:prefLabel ""table 7.2"" ;
    skos:definition ""soil loss rates from different types of erosion on arable land in europe taken from studies at a continental scale"" ;
    skos:narrower she:ErosionType,
                  she:Approach,
                  she:ReferencePeriod,
                  she:MeanSoilLossRate,
                  she:Reference,
                  she:SoilLossStudyResult .

she:ErosionType a skos:Concept ;
    skos:prefLabel ""erosion type"" ;
    skos:narrower she:SoilErosionByWater,
                  she:SoilErosionByWind,
                  she:GullyErosion,
                  she:TillageErosion,
                  she:SoilLossByCropHarvesting .

she:Approach a skos:Concept ;
    skos:prefLabel ""approach"" ;
    skos:narrower she:EmpiricalModelRUSLE2015,
                  she:UpscalingPlotData,
                  she:EmpiricalModelGISRWEQ,
                  she:ObservationsAndScreenInterpretation,
                  she:EmpiricalGISBasedModel,
                  she:UpscalingStudyResults .

she:ReferencePeriod a skos:Concept ;
    skos:prefLabel ""reference period"" .

she:MeanSoilLossRate a skos:Concept ;
    skos:prefLabel ""mean soil loss rate (arable land) (t/ha/year)"" .

she:Reference a skos:Concept ;
    skos:prefLabel ""reference"" ;
    skos:narrower she:PanagosEtAl2020a,
                  she:CerdanEtAl2010,
                  she:BorelliEtAl2017,
                  she:BorelliEtAl2022,
                  she:VanOost2009,
                  she:PanagosEtAl2019 .

she:SoilLossStudyResult a skos:Concept ;
    skos:prefLabel ""soil loss study result"" ;
    skos:narrower she:SoilErosionByWaterStudy1,
                  she:SoilErosionByWaterStudy2,
                  she:SoilErosionByWindStudy1,
                  she:GullyErosionStudy1,
                  she:TillageErosionStudy1,
                  she:SoilLossByCropHarvestingStudy1 .

she:SoilErosionByWater a skos:Concept ;
    skos:prefLabel ""soil erosion by water"" .

she:SoilErosionByWind a skos:Concept ;
    skos:prefLabel ""soil erosion by wind"" .

she:GullyErosion a skos:Concept ;
    skos:prefLabel ""gully erosion"" .

she:TillageErosion a skos:Concept ;
    skos:prefLabel ""tillage erosion"" .

she:SoilLossByCropHarvesting a skos:Concept ;
    skos:prefLabel ""soil loss by crop harvesting"" .

she:EmpiricalModelRUSLE2015 a skos:Concept ;
    skos:prefLabel ""empirical model (rusle2015)"" .

she:UpscalingPlotData a skos:Concept ;
    skos:prefLabel ""upscaling plot data"" .

she:EmpiricalModelGISRWEQ a skos:Concept ;
    skos:prefLabel ""empirical model (gis-rweq)"" .

she:ObservationsAndScreenInterpretation a skos:Concept ;
    skos:prefLabel ""observations and screen interpretation"" .

she:EmpiricalGISBasedModel a skos:Concept ;
    skos:prefLabel ""empirical gis-based model"" .

she:UpscalingStudyResults a skos:Concept ;
    skos:prefLabel ""upscaling study results"" .

she:PanagosEtAl2020a a skos:Concept ;
    skos:prefLabel ""panagos et al. (2020a)"" .

she:CerdanEtAl2010 a skos:Concept ;
    skos:prefLabel ""cerdan et al. (2010)"" .

she:BorelliEtAl2017 a skos:Concept ;
    skos:prefLabel ""borelli et al. (2017)"" .

she:BorelliEtAl2022 a skos:Concept ;
    skos:prefLabel ""borelli et al. (2022)"" .

she:VanOost2009 a skos:Concept ;
    skos:prefLabel ""van oost (2009)"" .

she:PanagosEtAl2019 a skos:Concept ;
    skos:prefLabel ""panagos et al. (2019)"" .

she:SoilErosionByWaterStudy1 a she:SoilLossStudyResult ;
    she:concernsErosionType she:SoilErosionByWater ;
    she:usesApproach she:EmpiricalModelRUSLE2015 ;
    she:hasReferencePeriodValue ""2016"" ;
    she:hasMeanSoilLossRateValue ""2.65"" ;
    she:hasSourceReference she:PanagosEtAl2020a .

she:SoilErosionByWaterStudy2 a she:SoilLossStudyResult ;
    she:concernsErosionType she:SoilErosionByWater ;
    she:usesApproach she:UpscalingPlotData ;
    she:hasReferencePeriodValue ""unknown"" ;
    she:hasMeanSoilLossRateValue ""3.6"" ;
    she:hasSourceReference she:CerdanEtAl2010 .

she:SoilErosionByWindStudy1 a she:SoilLossStudyResult ;
    she:concernsErosionType she:SoilErosionByWind ;
    she:usesApproach she:EmpiricalModelGISRWEQ ;
    she:hasReferencePeriodValue ""2001-2010"" ;
    she:hasMeanSoilLossRateValue ""0.53"" ;
    she:hasSourceReference she:BorelliEtAl2017 .

she:GullyErosionStudy1 a she:SoilLossStudyResult ;
    she:concernsErosionType she:GullyErosion ;
    she:usesApproach she:ObservationsAndScreenInterpretation ;
    she:hasReferencePeriodValue ""2018-"" ;
    she:hasMeanSoilLossRateValue ""unknown"" ;
    she:hasSourceReference she:BorelliEtAl2022 .

she:TillageErosionStudy1 a she:SoilLossStudyResult ;
    she:concernsErosionType she:TillageErosion ;
    she:usesApproach she:EmpiricalGISBasedModel ;
    she:hasReferencePeriodValue ""2000"" ;
    she:hasMeanSoilLossRateValue ""3.3"" ;
    she:hasSourceReference she:VanOost2009 .

she:SoilLossByCropHarvestingStudy1 a she:SoilLossStudyResult ;
    she:concernsErosionType she:SoilLossByCropHarvesting ;
    she:usesApproach she:UpscalingStudyResults ;
    she:hasReferencePeriodValue ""2000-2016"" ;
    she:hasMeanSoilLossRateValue ""0.134"" ;
    she:hasSourceReference she:PanagosEtAl2019 ;
    she:hasNote ""due to potato and sugar beet harvesting; recalculated for the total arable land area"" .",1.0,1.0
Extract RDF triples from this image (table_10.1.jpg),['/kaggle/input/soil-helth-data/Soil Health/table_10.1.jpg'],"@prefix she: <https://soilwise-he.github.io/soil-health#> .
@prefix skos: <http://www.w3.org/2004/02/skos/core#> .

she:SoilThreatIndicatorsReport a skos:Concept ;
    skos:prefLabel ""table 10.1 overview of soil threat indicators investigated in this report"" ;
    skos:narrower she:SoilOrganicCarbonLoss,
                  she:NutrientLoss,
                  she:Acidification .

she:SoilOrganicCarbonLoss a skos:Concept ;
    skos:prefLabel ""soil organic carbon loss"" ;
    she:occursIn she:Cropland .

she:NutrientLoss a skos:Concept ;
    skos:prefLabel ""nutrient loss"" ;
    she:occursIn she:Agriculture,
                 she:ForestLand .

she:Acidification a skos:Concept ;
    skos:prefLabel ""acidification"" ;
    she:occursIn she:Agriculture,
                 she:ForestLand .

she:Cropland a skos:Concept ;
    skos:prefLabel ""cropland"" ;
    she:hasIndicator she:FallingBelowOptimalSOCLevel .

she:Agriculture a skos:Concept ;
    skos:prefLabel ""agriculture"" ;
    she:hasIndicator she:ExceedanceOfCriticalLevelsOfMineralNitrogenAgriculturalLand,
                 she:FallingBelowOptimalPhosphorus,
                 she:ExceedanceOfCriticalPHLevels .

she:ForestLand a skos:Concept ;
    skos:prefLabel ""forest land"" ;
    she:hasIndicator she:NLimitationBasedOnExceedanceOfCNRatio,
                 she:LeakageFromForestsIndicator,
                 she:PLimitationBasedOnExceedanceOfNPRatio,
                 she:ExceedanceOfCriticalInorganicAlLevels .

she:FallingBelowOptimalSOCLevel a skos:Concept ;
    skos:prefLabel ""falling below optimal soc level"" ;
    she:hasThreshold she:LightSoilsSOCThreshold,
                 she:MediumSoilsSOCThreshold,
                 she:HeavySoilsSOCThreshold ;
    she:hasComment she:SOCClayRatioComment .

she:ExceedanceOfCriticalLevelsOfMineralNitrogenAgriculturalLand a skos:Concept ;
    skos:prefLabel ""exceedance of critical levels of mineral nitrogen (agricultural land)"" ;
    she:hasThreshold she:NH3InAirThreshold,
                 she:NO3InGroundwaterThreshold,
                 she:NInSurfaceWaterThreshold ;
    she:hasComment she:MineralNComment .

she:NLimitationBasedOnExceedanceOfCNRatio a skos:Concept ;
    skos:prefLabel ""n limitation based on exceedance of c:n ratio"" ;
    she:hasThreshold",1.0,1.0
Extract RDF triples from this image (table_5.1.jpg),['/kaggle/input/soil-helth-data/Soil Health/table_5.1.jpg'],"@prefix she:  <https://soilwise-he.github.io/soil-health#> .
@prefix skos: <http://www.w3.org/2004/02/skos/core#> .

she:SocietalNeed a skos:Concept ;
    skos:prefLabel ""societal need"" .

she:SoilService a skos:Concept ;
    skos:prefLabel ""soil service"" .

she:ImpactType a skos:Concept ;
    skos:prefLabel ""impact type"" .

she:SoilPollution a skos:Concept ;
    skos:prefLabel ""soil pollution"" .

she:Biomass a skos:Concept ;
    skos:prefLabel ""biomass"" ;
    skos:broader she:SocietalNeed ;
    skos:narrower she:WoodAndFibreProduction,
                  she:GrowthOfCrops .

she:Water a skos:Concept ;
    skos:prefLabel ""water"" ;
    skos:broader she:SocietalNeed ;
    skos:narrower she:FilteringOfContaminantsWaterQuality,
                  she:WaterStorage .

she:Climate a skos:Concept ;
    skos:prefLabel ""climate"" ;
    skos:broader she:SocietalNeed ;
    skos:narrower she:CarbonStorage .

she:Biodiversity a skos:Concept ;
    skos:prefLabel ""biodiversity"" ;
    skos:broader she:SocietalNeed ;
    skos:narrower she:HabitatForPlantsInsectsMicrobesFungi .

she:Infrastructure a skos:Concept ;
    skos:prefLabel ""infrastructure"" ;
    skos:broader she:SocietalNeed ;
    skos:narrower she:PlatformForInfrastructure,
                  she:StorageOfRelocatedMaterialOrArtefacts .

she:WoodAndFibreProduction a skos:Concept ;
    skos:prefLabel ""wood and fibre production"" ;
    skos:broader she:SoilService ;
    she:hasImpactOfSoilPollution she:NegativeImpact .

she:GrowthOfCrops a skos:Concept ;
    skos:prefLabel ""growth of crops"" ;
    skos:broader she:SoilService ;
    she:hasImpactOfSoilPollution she:NegativeImpact .

she:FilteringOfContaminantsWaterQuality a skos:Concept ;
    skos:prefLabel ""filtering of contaminants: water quality"" ;
    skos:broader she:SoilService ;
    she:hasImpactOfSoilPollution she:NegativeImpact .

she:WaterStorage a skos:Concept ;
    skos:prefLabel ""water storage"" ;
    skos:broader she:SoilService ;
    she:hasImpactOfSoilPollution she:NegativeImpact .

she:CarbonStorage a skos:Concept ;
    skos:prefLabel ""carbon storage"" ;
    skos:broader she:SoilService ;
    she:hasImpactOfSoilPollution she:NegativeImpact .

she:HabitatForPlantsInsectsMicrobesFungi a skos:Concept ;
    skos:prefLabel ""habitat for plants, insects, microbes, fungi"" ;
    skos:broader she:SoilService ;
    she:hasImpactOfSoilPollution she:NegativeImpact .

she:PlatformForInfrastructure a skos:Concept ;
    skos:prefLabel ""platform for infrastructure"" ;
    skos:broader she:SoilService ;
    she:hasImpactOfSoilPollution she:IndifferentImpact .

she:StorageOfRelocatedMaterialOrArtefacts a skos:Concept ;
    skos:prefLabel ""storage of relocated material or artefacts (excavated geological material, sediments, cables and pipelines, archaeological material)"" ;
    skos:broader she:SoilService ;
    she:hasImpactOfSoilPollution she:IndifferentImpact .

she:NegativeImpact a skos:Concept ;
    skos:prefLabel ""negative impact"" ;
    skos:broader she:ImpactType .

she:IndifferentImpact a skos:Concept ;
    skos:prefLabel ""indifferent impact"" ;
    skos:definition ""land prices are lower if the soil is polluted, as remediation costs will be incurred."" ;
    skos:broader she:ImpactType .",0.0,1.0
Extract RDF triples from this image (table_4.3.jpg),['/kaggle/input/soil-helth-data/Soil Health/table_4.3.jpg'],"@prefix she:  <https://soilwise-he.github.io/soil-health#> .
@prefix skos: <http://www.w3.org/2004/02/skos/core#> .

she:Table4_3 a skos:Concept ;
    skos:prefLabel ""table 4.3"" ;
    skos:definition ""summarised critical ph values for wheat, maize and rice derived from short-term manipulation experiments (ste) and long-term observations (lte)"" ;
    she:presentsDataFor she:CriticalPHValues ;
    she:hasSource ""Compiled from Zhu et al. (2020)."" .

she:CriticalPHValues a skos:Concept ;
    skos:prefLabel ""critical ph values"" ;
    skos:narrower she:PHAt95PercentYield,
                  she:Wheat,
                  she:Maize,
                  she:Rice .

she:PHAt95PercentYield a skos:Concept ;
    skos:prefLabel ""ph at 95% yield"" ;
    skos:narrower she:ShortTermManipulationExperiments,
                  she:LongTermObservations,
                  she:STEPlusLTE .

she:ShortTermManipulationExperiments a skos:Concept ;
    skos:prefLabel ""ste"" ;
    skos:definition ""short-term manipulation experiments"" .

she:LongTermObservations a skos:Concept ;
    skos:prefLabel ""lte"" ;
    skos:definition ""long-term observations"" .

she:STEPlusLTE a skos:Concept ;
    skos:prefLabel ""ste+lte"" .

she:Wheat a skos:Concept ;
    skos:prefLabel ""wheat"" ;
    she:hasSTEPHAt95PercentYield ""4.5"" ;
    she:hasLTEPHAt95PercentYield ""5.9"" ;
    she:hasSTEPlusLTEPHAt95PercentYield ""5.3"" .

she:Maize a skos:Concept ;
    skos:prefLabel ""maize"" ;
    she:hasSTEPHAt95PercentYield ""4.6"" ;
    she:hasLTEPHAt95PercentYield ""5.1"" ;
    she:hasSTEPlusLTEPHAt95PercentYield ""4.8"" .

she:Rice a skos:Concept ;
    skos:prefLabel ""rice"" ;
    she:hasSTEPHAt95PercentYield ""4.7"" ;
    she:hasLTEPHAt95PercentYield ""5.0"" ;
    she:hasSTEPlusLTEPHAt95PercentYield ""4.7"" .",1.0,1.0
Extract RDF triples from this image (table_6.1.jpg),['/kaggle/input/soil-helth-data/Soil Health/table_6.1.jpg'],"@prefix she:  <https://soilwise-he.github.io/soil-health#> .
@prefix skos: <http://www.w3.org/2004/02/skos/core#> .

she:RelationshipOfSoilBiodiversityToKeySocietalNeedsAndSoilFunctions a skos:Concept ;
    skos:prefLabel ""relationship of soil biodiversity to key societal needs and soil functions"" .

she:SocietalNeed a skos:Concept ;
    skos:prefLabel ""societal need"" ;
    skos:broader she:RelationshipOfSoilBiodiversityToKeySocietalNeedsAndSoilFunctions .

she:SoilService a skos:Concept ;
    skos:prefLabel ""soil service"" ;
    skos:broader she:RelationshipOfSoilBiodiversityToKeySocietalNeedsAndSoilFunctions .

she:Impact a skos:Concept ;
    skos:prefLabel ""impact"" ;
    skos:broader she:RelationshipOfSoilBiodiversityToKeySocietalNeedsAndSoilFunctions .

she:Biomass a skos:Concept ;
    skos:prefLabel ""biomass"" ;
    skos:narrower she:SocietalNeed .

she:Water a skos:Concept ;
    skos:prefLabel ""water"" ;
    skos:narrower she:SocietalNeed .

she:Climate a skos:Concept ;
    skos:prefLabel ""climate"" ;
    skos:narrower she:SocietalNeed .

she:Biodiversity a skos:Concept ;
    skos:prefLabel ""biodiversity"" ;
    skos:narrower she:SocietalNeed .

she:Infrastructure a skos:Concept ;
    skos:prefLabel ""infrastructure"" ;
    skos:narrower she:SocietalNeed .

she:WoodAndFibreProduction a skos:Concept ;
    skos:prefLabel ""wood and fibre production"" ;
    skos:narrower she:SoilService .

she:GrowthOfCrops a skos:Concept ;
    skos:prefLabel ""growth of crops"" ;
    skos:narrower she:SoilService .

she:FilteringOfContaminants a skos:Concept ;
    skos:prefLabel ""filtering of contaminants"" ;
    skos:narrower she:SoilService .

she:WaterStorage a skos:Concept ;
    skos:prefLabel ""water storage"" ;
    skos:narrower she:SoilService .

she:CarbonStorage a skos:Concept ;
    skos:prefLabel ""carbon storage"" ;
    skos:narrower she:SoilService .

she:HabitatForPlantsInsectsMicrobesFungi a skos:Concept ;
    skos:prefLabel ""habitat for plants, insects, microbes, fungi"" ;
    skos:narrower she:SoilService .

she:PlatformForInfrastructure a skos:Concept ;
    skos:prefLabel ""platform for infrastructure"" ;
    skos:narrower she:SoilService .

she:StorageOfGeologicalMaterial a skos:Concept ;
    skos:prefLabel ""storage of geological material"" ;
    skos:narrower she:SoilService .

she:PositiveImpact a skos:Concept ;
    skos:prefLabel ""+"" ;
    skos:narrower she:Impact .

she:IndifferentImpact a skos:Concept ;
    skos:prefLabel ""indifferent"" ;
    skos:narrower she:Impact .

she:Biomass she:supportedByService she:WoodAndFibreProduction .
she:WoodAndFibreProduction she:hasImpact she:PositiveImpact .

she:Biomass she:supportedByService she:GrowthOfCrops .
she:GrowthOfCrops she:hasImpact she:PositiveImpact .

she:Water she:supportedByService she:FilteringOfContaminants .
she:FilteringOfContaminants she:hasImpact she:PositiveImpact .

she:Water she:supportedByService she:WaterStorage .
she:WaterStorage she:hasImpact she:PositiveImpact .

she:Climate she:supportedByService she:CarbonStorage .
she:CarbonStorage she:hasImpact she:PositiveImpact .

she:Biodiversity she:supportedByService she:HabitatForPlantsInsectsMicrobesFungi .
she:HabitatForPlantsInsectsMicrobesFungi she:hasImpact she:PositiveImpact .

she:Infrastructure she:supportedByService she:PlatformForInfrastructure .
she:PlatformForInfrastructure she:hasImpact she:IndifferentImpact .

she:Infrastructure she:supportedByService she:StorageOfGeologicalMaterial .
she:StorageOfGeologicalMaterial she:hasImpact she:IndifferentImpact .",0.0,1.0
Extract RDF triples from this image (table_2.7.jpg),['/kaggle/input/soil-helth-data/Soil Health/table_2.7.jpg'],"@prefix she:  <https://soilwise-he.github.io/soil-health#> .
@prefix skos: <http://www.w3.org/2004/02/skos/core#> .

she:SocClayRatioAsIndex a skos:Concept ;
    skos:prefLabel ""soc/clay ratio as an index of good soil structure"" ;
    skos:narrower she:SocClayRatio,
                  she:SoilStructure ;
    she:hasSource ""compiled from johannes et al. (2017)"" .

she:SocClayRatio a skos:Concept ;
    skos:prefLabel ""soc/clay ratio"" ;
    skos:narrower she:SocClayRatioGreaterThan0_125,
                  she:SocClayRatio0_1,
                  she:SocClayRatioLessThan0_07 .

she:SocClayRatioGreaterThan0_125 a skos:Concept ;
    skos:prefLabel "">0.125 (1/8)"" ;
    she:hasExplanation she:FieldLevelOptimum ;
    she:correspondsToSoilStructure she:SoilStructureGreaterThan1_10 .

she:SocClayRatio0_1 a skos:Concept ;
    skos:prefLabel ""0.1 (1/10)"" ;
    she:hasExplanation she:MinimumDesiredSocLevel ;
    she:hasAssociatedRange she:SocClayRatioRange1_8To1_13 .

she:SocClayRatioRange1_8To1_13 a skos:Concept ;
    skos:prefLabel ""(1/8-1/13)"" .

she:SocClayRatioLessThan0_07 a skos:Concept ;
    skos:prefLabel ""<0.07 (1/13)"" ;
    she:hasExplanation she:UnacceptableStructuralSoilQuality ;
    she:correspondsToSoilStructure she:SoilStructureLessThan1_10 .

she:SoilStructure a skos:Concept ;
    skos:prefLabel ""soil structure"" ;
    skos:narrower she:SoilStructureGreaterThan1_10,
                  she:SoilStructureLessThan1_10 ;
    she:isEvaluatedBy she:VESS .

she:SoilStructureGreaterThan1_10 a skos:Concept ;
    skos:prefLabel "">1/10 (vess <3)"" ;
    she:hasExplanation she:AcceptableOrGoodSoilStructure ;
    she:hasVESSScore ""<3"" .

she:SoilStructureLessThan1_10 a skos:Concept ;
    skos:prefLabel ""<1/10 (vess >3)"" ;
    she:hasExplanation she:DegradedSoilStructure ;
    she:hasVESSScore "">3"" .

she:FieldLevelOptimum a skos:Concept ;
    skos:prefLabel ""field-level optimum for good structural quality"" ;
    she:isCharacterizedBy she:SocEnriched .

she:MinimumDesiredSocLevel a skos:Concept ;
    skos:prefLabel ""goal for farmers as minimum desired soc level"" .

she:UnacceptableStructuralSoilQuality a skos:Concept ;
    skos:prefLabel ""structural soil quality is likely to be unacceptable"" ;
    she:isCharacterizedBy she:SocDepleted .

she:AcceptableOrGoodSoilStructure a skos:Concept ;
    skos:prefLabel ""acceptable or good soil structure"" .

she:DegradedSoilStructure a skos:Concept ;
    skos:prefLabel ""degraded soil structure"" .

she:VESS a skos:Concept ;
    skos:prefLabel ""vess"" ;
    skos:definition ""visual evaluation of soil structure (15) (ball et al., 2017; see also chapter 8)"" ;
    she:definesScoreRange she:VESSScoreRange .

she:VESSScoreRange a skos:Concept ;
    skos:prefLabel ""vess score range"" ;
    skos:definition ""the score ranges from 1 (good structure) to 5 (poor structure)"" .

she:SocEnriched a skos:Concept ;
    skos:prefLabel ""soc enriched"" ;
    skos:definition ""soc enriched relative to the clay content"" .

she:SocDepleted a skos:Concept ;
    skos:prefLabel ""soc depleted"" ;
    skos:definition ""soc depleted relative to the clay content"" .",0.0,1.0
Extract RDF triples from this image (table_2.6.jpg),['/kaggle/input/soil-helth-data/Soil Health/table_2.6.jpg'],"@prefix she:  <https://soilwise-he.github.io/soil-health#> .
@prefix skos: <http://www.w3.org/2004/02/skos/core#> .

she:SiteSpecificLowerSOCBenchmarksForGermanAgriculturalSoils a skos:Concept ;
    skos:prefLabel ""site-specific lower soc benchmarks for german agricultural soils across different strata"" ;
    she:considersTexture she:Texture ;
    she:considersLandUseType she:ArableSoil,
                             she:PermanentGrassland ;
    she:considersMeanAnnualPrecipitation she:MeanAnnualPrecipitation ;
    she:providesBenchmark she:LowerSOCBenchmark .

she:Texture a skos:Concept ;
    skos:prefLabel ""texture"" ;
    skos:narrower she:LightTexture,
                  she:MediumTexture,
                  she:MediumIITexture,
                  she:HeavyITexture,
                  she:HeavyIITexture .

she:LightTexture a skos:Concept ;
    skos:prefLabel ""light texture"" ;
    skos:definition ""light <12% clay, <50% silt"" ;
    she:hasArableSoilLowMAPRange ""<700"" ;
    she:hasArableSoilLowMAPBenchmark ""0.7"" ;
    she:hasArableSoilHighMAPRange "">700"" ;
    she:hasArableSoilHighMAPBenchmark ""0.9"" ;
    she:hasPermanentGrasslandLowMAPRange ""<650"" ;
    she:hasPermanentGrasslandLowMAPBenchmark ""1.4"" ;
    she:hasPermanentGrasslandHighMAPRange "">650"" ;
    she:hasPermanentGrasslandHighMAPBenchmark ""2.0"" .

she:MediumTexture a skos:Concept ;
    skos:prefLabel ""medium texture"" ;
    skos:definition ""medium i 12-17% clay, <50% silt"" ;
    she:hasArableSoilLowMAPRange ""<850"" ;
    she:hasArableSoilLowMAPBenchmark ""1.0"" ;
    she:hasArableSoilHighMAPRange "">850"" ;
    she:hasArableSoilHighMAPBenchmark ""1.1"" ;
    she:hasPermanentGrasslandLowMAPRange ""<950"" ;
    she:hasPermanentGrasslandLowMAPBenchmark ""2.3"" ;
    she:hasPermanentGrasslandHighMAPRange ""<950"" ;
    she:hasPermanentGrasslandHighMAPBenchmark ""3.0"" .

she:MediumIITexture a skos:Concept ;
    skos:prefLabel ""medium ii texture"" ;
    skos:definition ""medium ii 17-25% clay"" ;
    she:hasArableSoilLowMAPRange ""<1,000"" ;
    she:hasArableSoilLowMAPBenchmark ""1.1"" ;
    she:hasArableSoilHighMAPRange "">1,000"" ;
    she:hasArableSoilHighMAPBenchmark ""1.4"" ;
    she:hasPermanentGrasslandLowMAPRange ""<1,250"" ;
    she:hasPermanentGrasslandLowMAPBenchmark ""2.7"" ;
    she:hasPermanentGrasslandHighMAPRange "">1,250"" ;
    she:hasPermanentGrasslandHighMAPBenchmark ""3.1"" .

she:HeavyITexture a skos:Concept ;
    skos:prefLabel ""heavy i texture"" ;
    skos:definition ""heavy i 25-35% clay"" ;
    she:hasArableSoilLowMAPRange ""<900"" ;
    she:hasArableSoilLowMAPBenchmark ""1.2"" ;
    she:hasArableSoilHighMAPRange "">900"" ;
    she:hasArableSoilHighMAPBenchmark ""1.4"" ;
    she:hasPermanentGrasslandLowMAPRange ""<750"" ;
    she:hasPermanentGrasslandLowMAPBenchmark ""3.3"" ;
    she:hasPermanentGrasslandHighMAPRange "">750"" ;
    she:hasPermanentGrasslandHighMAPBenchmark ""3.7"" .

she:HeavyIITexture a skos:Concept ;
    skos:prefLabel ""heavy ii texture"" ;
    skos:definition ""heavy ii >35% clay"" ;
    she:hasArableSoilLowMAPRange ""<900"" ;
    she:hasArableSoilLowMAPBenchmark ""1.5"" ;
    she:hasArableSoilHighMAPRange "">900"" ;
    she:hasArableSoilHighMAPBenchmark ""2.0"" ;
    she:hasPermanentGrasslandLowMAPRange ""<750"" ;
    she:hasPermanentGrasslandLowMAPBenchmark ""3.7"" ;
    she:hasPermanentGrasslandHighMAPRange "">750"" ;
    she:hasPermanentGrasslandHighMAPBenchmark ""4.3"" .

she:MeanAnnualPrecipitation a skos:Concept ;
    skos:prefLabel ""mean annual precipitation"" ;
    skos:definition ""map, mean annual precipitation (mm)"" ;
    skos:narrower she:LowMAP,
                  she:HighMAP .

she:LowMAP a skos:Concept ;
    skos:prefLabel ""low map"" .

she:HighMAP a skos:Concept ;
    skos:prefLabel ""high map"" .

she:ArableSoil a skos:Concept ;
    skos:prefLabel ""arable soil"" .

she:PermanentGrassland a skos:Concept ;
    skos:prefLabel ""permanent grassland"" .

she:LowerSOCBenchmark a skos:Concept ;
    skos:prefLabel ""lower soc benchmark"" .",1.0,1.0
Extract RDF triples from this image (table_2.8.jpg),['/kaggle/input/soil-helth-data/Soil Health/table_2.8.jpg'],"@prefix she:  <https://soilwise-he.github.io/soil-health#> .
@prefix skos: <http://www.w3.org/2004/02/skos/core#> .

she:GuidelineRangesForSOCContent a skos:Concept ;
    skos:prefLabel ""guideline ranges for soc content"" ;
    skos:definition ""Guideline ranges for SOC content of sandy and loamy soils without groundwater influence (% SOC in plough layer) depending on fine silt (<6.3µm) and clay content (Pipette method)"" ;
    she:isDependentOn she:ClayAndFineSiltContent ;
    she:appliesToLayer she:PloughLayer ;
    she:excludesInfluenceOf she:GroundwaterInfluence ;
    she:usesMethod she:PipetteMethod ;
    skos:narrower she:SOCContentInSandySoils,
                  she:SOCContentInLoamySoils .

she:ClayAndFineSiltContent a skos:Concept ;
    skos:prefLabel ""clay + fine silt (%)"" .

she:SOCContentInSandySoils a skos:Concept ;
    skos:prefLabel ""soc in sandy soils (%)"" ;
    she:isCharacteristicOf she:SandySoils ;
    she:hasUpperLimit she:UpperValueConcept ;
    she:hasLowerLimit she:LowerValueConcept .

she:SOCContentInLoamySoils a skos:Concept ;
    skos:prefLabel ""soc in loamy soils (%)"" ;
    she:isCharacteristicOf she:LoamySoils ;
    she:hasUpperLimit she:UpperValueConcept ;
    she:hasLowerLimit she:LowerValueConcept .

she:UpperValueConcept a skos:Concept ;
    skos:prefLabel ""upper value"" .

she:LowerValueConcept a skos:Concept ;
    skos:prefLabel ""lower value"" .

she:PloughLayer a skos:Concept ;
    skos:prefLabel ""plough layer"" .

she:GroundwaterInfluence a skos:Concept ;
    skos:prefLabel ""groundwater influence"" .

she:PipetteMethod a skos:Concept ;
    skos:prefLabel ""pipette method"" .

she:SandySoils a skos:Concept ;
    skos:prefLabel ""sandy soils"" .

she:LoamySoils a skos:Concept ;
    skos:prefLabel ""loamy soils"" .",1.0,0.0
Extract RDF triples from this image (figure_2.1.jpg),['/kaggle/input/soil-helth-data/Soil Health/figure_2.1.jpg'],"@prefix she:  <https://soilwise-he.github.io/soil-health#> .
@prefix skos: <http://www.w3.org/2004/02/skos/core#> .

she:ConceptualOverviewOfSOCThresholdsAndCarbonSequestration a skos:Concept ;
    skos:prefLabel ""conceptual overview of soc thresholds and carbon sequestration"" ;
    she:hasYAxis she:SoilOrganicCarbon ;
    she:hasXAxis she:Time ;
    she:hasSource she:EEA ;
    skos:narrower she:MaximumSOCPool,
                  she:OptimalSOCToFulfilSoilFunctions,
                  she:SOCNeededForOptimalYield,
                  she:SOCAtBusinessAsUsual,
                  she:SOCAtBusinessAsUsualPlusClimateChange,
                  she:BaselineDepletedSOCPool,
                  she:ImprovementsOfFertilisation,
                  she:IncentivesForSustainableSoilManagement,
                  she:EcologicalTargets .

she:SoilOrganicCarbon a skos:Concept ;
    skos:prefLabel ""soil organic carbon (soc)"" .

she:Time a skos:Concept ;
    skos:prefLabel ""time"" .

she:MaximumSOCPool a skos:Concept ;
    skos:prefLabel ""maximum soc pool"" ;
    skos:definition ""under current climatic condition, no management"" ;
    she:isThresholdLevelOf she:SoilOrganicCarbon .

she:OptimalSOCToFulfilSoilFunctions a skos:Concept ;
    skos:prefLabel ""optimal soc to fulfil soil functions"" ;
    she:isThresholdLevelOf she:SoilOrganicCarbon .

she:SOCNeededForOptimalYield a skos:Concept ;
    skos:prefLabel ""soc needed for optimal yield"" ;
    she:isThresholdLevelOf she:SoilOrganicCarbon .

she:SOCAtBusinessAsUsual a skos:Concept ;
    skos:prefLabel ""soc at business as usual"" ;
    she:isThresholdLevelOf she:SoilOrganicCarbon ;
    she:representsTrend ""no change"" .

she:SOCAtBusinessAsUsualPlusClimateChange a skos:Concept ;
    skos:prefLabel ""soc at business-as-usual + climate change"" ;
    skos:definition ""technically minimal soc pool"" ;
    she:isThresholdLevelOf she:SoilOrganicCarbon ;
    she:representsTrend ""decreasing"" .

she:BaselineDepletedSOCPool a skos:Concept ;
    skos:prefLabel ""baseline depleted soc pool"" ;
    she:isStartingPointForTrend she:SOCAtBusinessAsUsual,
                                she:SOCAtBusinessAsUsualPlusClimateChange,
                                she:ImprovementsOfFertilisation,
                                she:IncentivesForSustainableSoilManagement .

she:ImprovementsOfFertilisation a skos:Concept ;
    skos:prefLabel ""improvements of fertilisation"" ;
    she:influences she:SoilOrganicCarbon ;
    she:aimsForLevel she:SOCNeededForOptimalYield .

she:IncentivesForSustainableSoilManagement a skos:Concept ;
    skos:prefLabel ""incentives for sustainable soil management"" ;
    she:influences she:SoilOrganicCarbon ;
    she:aimsForLevel she:OptimalSOCToFulfilSoilFunctions .

she:EcologicalTargets a skos:Concept ;
    skos:prefLabel ""ecological targets"" ;
    skos:narrower she:TechnicalAchievableSOCSequestration,
                  she:HealthySoils,
                  she:EconomicalAchievableSOCSequestration,
                  she:EcologicallyNeededSequestration,
                  she:FarmersPerceivedSOCDeficiency .

she:TechnicalAchievableSOCSequestration a skos:Concept ;
    skos:prefLabel ""technical achievable soc sequestration"" ;
    she:isAssociatedWithSOCLevel she:MaximumSOCPool .

she:HealthySoils a skos:Concept ;
    skos:prefLabel ""healthy soils"" ;
    she:isAssociatedWithSOCLevel she:OptimalSOCToFulfilSoilFunctions .

she:EconomicalAchievableSOCSequestration a skos:Concept ;
    skos:prefLabel ""economical achievable soc sequestration"" ;
    she:isAssociatedWithSOCLevel she:SOCAtBusinessAsUsual .

she:EcologicallyNeededSequestration a skos:Concept ;
    skos:prefLabel ""ecologically needed sequestration"" ;
    she:isAssociatedWithSOCLevel she:OptimalSOCToFulfilSoilFunctions .

she:FarmersPerceivedSOCDeficiency a skos:Concept ;
    skos:prefLabel ""farmers perceived soc deficiency"" ;
    she:isAssociatedWithSOCLevel she:SOCNeededForOptimalYield .

she:EEA a skos:Concept ;
    skos:prefLabel ""eea"" .",0.0,1.0
Extract RDF triples from this image (figure_8.1.jpg),['/kaggle/input/soil-helth-data/Soil Health/figure_8.1.jpg'],"@prefix she:  <https://soilwise-he.github.io/soil-health#> .
@prefix skos: <http://www.w3.org/2004/02/skos/core#> .

she:SoilCompactionProcessesParametersAndIndicators a skos:Concept ;
    skos:prefLabel ""soil compaction processes, parameters and indicators"" ;
    skos:narrower she:Machinery,
                  she:StressCause,
                  she:SoilProperties,
                  she:Indicators,
                  she:SoilCompaction,
                  she:Impact,
                  she:Management .

she:Machinery a skos:Concept ;
    skos:prefLabel ""machinery"" ;
    skos:narrower she:Weight,
                  she:Width,
                  she:InflationPressure,
                  she:Velocity,
                  she:WheelingSlip,
                  she:TraffickingMultiplePass ;
    she:generatesStress she:StressCause .

she:Weight a skos:Concept ;
    skos:prefLabel ""weight"" .

she:Width a skos:Concept ;
    skos:prefLabel ""width"" .

she:InflationPressure a skos:Concept ;
    skos:prefLabel ""inflation pressure"" .

she:Velocity a skos:Concept ;
    skos:prefLabel ""velocity"" .

she:WheelingSlip a skos:Concept ;
    skos:prefLabel ""wheeling slip"" .

she:TraffickingMultiplePass a skos:Concept ;
    skos:prefLabel ""trafficking (multiple pass)"" .

she:StressCause a skos:Concept ;
    skos:prefLabel ""stress/ cause"" ;
    skos:narrower she:VerticalStress,
                  she:ShearStress,
                  she:VibrationStress ;
    she:modifies she:SoilProperties .

she:VerticalStress a skos:Concept ;
    skos:prefLabel ""vertical stress"" .

she:ShearStress a skos:Concept ;
    skos:prefLabel ""shear stress"" .

she:VibrationStress a skos:Concept ;
    skos:prefLabel ""vibration stress"" .

she:SoilProperties a skos:Concept ;
    skos:prefLabel ""soil properties"" ;
    skos:narrower she:SoilTexture,
                  she:SoilOrganicMatter,
                  she:SoilStructure,
                  she:PackingState,
                  she:SoilCations,
                  she:ClayMineralogy ;
    she:areIndicatedBy she:Indicators .

she:SoilTexture a skos:Concept ;
    skos:prefLabel ""soil texture"" .

she:SoilOrganicMatter a skos:Concept ;
    skos:prefLabel ""soil organic matter"" .

she:SoilStructure a skos:Concept ;
    skos:prefLabel ""soil structure"" .

she:PackingState a skos:Concept ;
    skos:prefLabel ""packing state"" .

she:SoilCations a skos:Concept ;
    skos:prefLabel ""soil cations"" .

she:ClayMineralogy a skos:Concept ;
    skos:prefLabel ""clay mineralogy"" .

she:Indicators a skos:Concept ;
    skos:prefLabel ""indicators"" ;
    skos:narrower she:SoilDensity,
                  she:PoreVolume,
                  she:SoilStrength,
                  she:Permeability ;
    she:describe she:SoilCompaction .

she:SoilDensity a skos:Concept ;
    skos:prefLabel ""soil density"" ;
    skos:definition ""indicated by: bulk density, packing density, total porosity."" .

she:PoreVolume a skos:Concept ;
    skos:prefLabel ""pore volume"" ;
    skos:definition ""represent envsso indicators (explained in huber et al. 2008)."" .

she:SoilStrength a skos:Concept ;
    skos:prefLabel ""soil strength"" ;
    skos:definition ""mechanical resistance to failure under mechanical stress (soil mechanical strength): it is the maximum shear stress which soil can sustain; it increases with increasing soil bulk density, and decreases with soil-water and organic matter contents; silty texture tends to deform more easily, it is indicated by the soil's precompression strength and describes its compressibility."" .

she:Permeability a skos:Concept ;
    skos:prefLabel ""permeability"" ;
    skos:definition ""determined by saturated hydraulic conductivity."" .

she:SoilCompaction a skos:Concept ;
    skos:prefLabel ""soil compaction"" ;
    skos:narrower she:DensificationCompression,
                  she:StructuralDegradation ;
    she:leadsTo she:Impact .

she:DensificationCompression a skos:Concept ;
    skos:prefLabel ""densification: compression"" .

she:StructuralDegradation a skos:Concept ;
    skos:prefLabel ""structural degradation: plasticity, smearing"" .

she:Impact a skos:Concept ;
    skos:prefLabel ""impact"" ;
    skos:narrower she:RootPenetration,
                  she:WaterStagnationSeepage,
                  she:BiodiversityAndCompositionOfMicrobialCommunities,
                  she:SoilBiologicalActivity .

she:RootPenetration a skos:Concept ;
    skos:prefLabel ""root penetration"" .

she:WaterStagnationSeepage a skos:Concept ;
    skos:prefLabel ""water stagnation/ seepage"" .

she:BiodiversityAndCompositionOfMicrobialCommunities a skos:Concept ;
    skos:prefLabel ""biodiversity and composition of microbial communities"" .

she:SoilBiologicalActivity a skos:Concept ;
    skos:prefLabel ""soil biological activity"" .

she:Management a skos:Concept ;
    skos:prefLabel ""management"" ;
    skos:narrower she:SoilPreparationTillage,
                  she:Seeding,
                  she:FertilisationPlantProtection,
                  she:Harvesting ;
    she:influences she:Machinery .

she:SoilPreparationTillage a skos:Concept ;
    skos:prefLabel ""soil preparation (tillage)"" .

she:Seeding a skos:Concept ;
    skos:prefLabel ""seeding"" .

she:FertilisationPlantProtection a skos:Concept ;
    skos:prefLabel ""fertilisation/plant protection"" .

she:Harvesting a skos:Concept ;
    skos:prefLabel ""harvesting"" .",1.0,1.0
Extract RDF triples from this image (figure_8.2.jpg),['/kaggle/input/soil-helth-data/Soil Health/figure_8.2.jpg'],"@prefix she:  <https://soilwise-he.github.io/soil-health#> .
@prefix skos: <http://www.w3.org/2004/02/skos/core#> .

she:CompactionVerificationTool a skos:Concept ;
    skos:prefLabel ""compaction verification tool (cvt)"" ;
    skos:definition ""based on critical values of the soil physical parameters ks < 10 cm*d-1 and ac < 5vol% which are related to soil functions"" ;
    she:basedOn she:CriticalValuesOfSoilPhysicalParameters .

she:CriticalValuesOfSoilPhysicalParameters a skos:Concept ;
    skos:prefLabel ""critical values of soil physical parameters"" ;
    she:includesParameter she:KsValue,
                          she:AcValue ;
    she:relatedTo she:SoilFunctions .

she:KsValue a skos:Concept ;
    skos:prefLabel ""ks value"" ;
    skos:definition ""ks < 10 cm*d-1"" .

she:AcValue a skos:Concept ;
    skos:prefLabel ""ac value"" ;
    skos:definition ""ac < 5vol%"" .

she:SoilFunctions a skos:Concept ;
    skos:prefLabel ""soil functions"" .

she:ThresholdesAndRiskLevels a skos:Concept ;
    skos:prefLabel ""thresholdes and risk levels"" ;
    skos:narrower she:ClassI,
                  she:ClassII,
                  she:ClassIII,
                  she:ClassIV .

she:ClassI a skos:Concept ;
    skos:prefLabel ""class i"" ;
    she:hasRiskLevel she:NoHarmfulCompaction ;
    she:meetsCondition she:ConditionNoIndicatorBelowCriticalValue .

she:ClassII a skos:Concept ;
    skos:prefLabel ""class ii"" ;
    she:hasRiskLevel she:NoHarmfulCompaction ;
    she:meetsCondition she:ConditionKsOrAcIndicatorBelowCriticalValue .

she:ClassIII a skos:Concept ;
    skos:prefLabel ""class iii"" ;
    she:hasRiskLevel she:NoHarmfulCompaction ;
    she:meetsCondition she:ConditionKsOrAcIndicatorBelowCriticalValue .

she:ClassIV a skos:Concept ;
    skos:prefLabel ""class iv"" ;
    she:hasRiskLevel she:HarmfulCompaction ;
    she:meetsCondition she:ConditionBothIndicatorsBelowCriticalValue .

she:NoHarmfulCompaction a skos:Concept ;
    skos:prefLabel ""no harmful compaction"" .

she:HarmfulCompaction a skos:Concept ;
    skos:prefLabel ""harmful compaction"" .

she:ConditionNoIndicatorBelowCriticalValue a skos:Concept ;
    skos:prefLabel ""no"" ;
    skos:definition ""neither ks nor ac indicator is below the critical value"" .

she:ConditionKsOrAcIndicatorBelowCriticalValue a skos:Concept ;
    skos:prefLabel ""ks or ac"" ;
    skos:definition ""either ks or ac indicator is below the critical value"" .

she:ConditionBothIndicatorsBelowCriticalValue a skos:Concept ;
    skos:prefLabel ""both"" ;
    skos:definition ""both ks and ac indicators are below the critical value"" .

she:MonitoringOfCompactionClasses a skos:Concept ;
    skos:prefLabel ""monitoring of compaction classes"" ;
    skos:narrower she:InitialSubsoilConditions,
                  she:SubsoilConditionsAfterMonitoring .

she:InitialSubsoilConditions a skos:Concept ;
    skos:prefLabel ""example of initial subsoil conditions"" ;
    she:hasClassIPercentage ""63%"" ;
    she:hasClassIIPercentage ""12%"" ;
    she:hasClassIIIPercentage ""20%"" ;
    she:hasClassIVPercentage ""5%"" .

she:SubsoilConditionsAfterMonitoring a skos:Concept ;
    skos:prefLabel ""example after monitoring"" ;
    she:hasClassIPercentage ""13%"" ;
    she:hasClassIIPercentage ""25%"" ;
    she:hasClassIIIPercentage ""25%"" ;
    she:hasClassIVPercentage ""37%"" .

she:EvaluationOfCompactionRisk a skos:Concept ;
    skos:prefLabel ""evaluation of compaction risk"" ;
    skos:definition ""the degree of subsoil compaction depends of the increase of class iv"" ;
    she:dependsOn she:IncreaseOfClassIV .

she:IncreaseOfClassIV a skos:Concept ;
    skos:prefLabel ""increase of class iv"" ;
    skos:narrower she:IncreaseOfClassIV10To25Percent,
                  she:IncreaseOfClassIVGreaterThan25Percent .

she:IncreaseOfClassIV10To25Percent a skos:Concept ;
    skos:prefLabel ""increase of class iv 10-25%"" ;
    she:leadsTo she:IntermediateSubsoilCompactionRisk .

she:IncreaseOfClassIVGreaterThan25Percent a skos:Concept ;
    skos:prefLabel ""increase of class iv >25%"" ;
    she:leadsTo she:UnacceptableSubsoilCompactionRisk .

she:IntermediateSubsoilCompactionRisk a skos:Concept ;
    skos:prefLabel ""intermediate subsoil compaction risk"" ;
    she:recommendsAction she:ContinuousObservationOfLandUsePractices,
                          she:RecommendationOfTillageSystems .

she:UnacceptableSubsoilCompactionRisk a skos:Concept ;
    skos:prefLabel ""unacceptable subsoil compaction risk"" ;
    she:recommendsAction she:ImpositionOfMeliorationMeasures,
                          she:AdaptedLandUsePractice .

she:ContinuousObservationOfLandUsePractices a skos:Concept ;
    skos:prefLabel ""continuous observation of land use practices"" .

she:RecommendationOfTillageSystems a skos:Concept ;
    skos:prefLabel ""recommendation of tillage systems"" .

she:ImpositionOfMeliorationMeasures a skos:Concept ;
    skos:prefLabel ""imposition of melioration measures"" .

she:AdaptedLandUsePractice a skos:Concept ;
    skos:prefLabel ""adapted land use practice"" .",1.0,1.0
Extract RDF triples from this image (figure_3.1.jpg),['/kaggle/input/soil-helth-data/Soil Health/figure_3.1.jpg'],"@prefix she:  <https://soilwise-he.github.io/soil-health#> .
@prefix skos: <http://www.w3.org/2004/02/skos/core#> .

she:LinkBetweenNutrientInputsAndSoilNutrientPoolsAndNutrientOutputsToAirVegetationAndWater a skos:Concept ;
    skos:prefLabel ""link between nutrient inputs and soil nutrient pools and nutrient outputs to air, vegetation and water"" ;
    skos:narrower she:Inputs,
                  she:Soil,
                  she:Outputs .

she:Inputs a skos:Concept ;
    skos:prefLabel ""inputs"" ;
    skos:narrower she:BaseCationsInput,
                  she:NPSInput .

she:BaseCationsInput a skos:Concept ;
    skos:prefLabel ""base cations: ca²⁺, mg²⁺, k⁺"" ;
    she:hasSource she:Fertiliser,
                  she:Irrigation,
                  she:Deposition .

she:NPSInput a skos:Concept ;
    skos:prefLabel ""n, p, s"" ;
    she:hasSource she:Fertiliser,
                  she:NFixation,
                  she:Irrigation,
                  she:Deposition .

she:Fertiliser a skos:Concept ;
    skos:prefLabel ""fertiliser"" ;
    skos:definition ""including sewage sludge, waste waters, composts, digestates"" .

she:Irrigation a skos:Concept ;
    skos:prefLabel ""irrigation"" .

she:Deposition a skos:Concept ;
    skos:prefLabel ""deposition"" .

she:NFixation a skos:Concept ;
    skos:prefLabel ""n fixation"" .

she:Soil a skos:Concept ;
    skos:prefLabel ""soil"" ;
    skos:narrower she:BaseCationsPool,
                  she:NPSPools .

she:BaseCationsPool a skos:Concept ;
    skos:prefLabel ""base cations pool"" .

she:NPSPools a skos:Concept ;
    skos:prefLabel ""n, p, s pools"" ;
    skos:narrower she:NPool,
                  she:PPool,
                  she:SPool .

she:NPool a skos:Concept ;
    skos:prefLabel ""n pool"" .

she:PPool a skos:Concept ;
    skos:prefLabel ""p pool"" .

she:SPool a skos:Concept ;
    skos:prefLabel ""s pool"" .

she:Outputs a skos:Concept ;
    skos:prefLabel ""outputs"" ;
    skos:narrower she:AtmosphereOutput,
                  she:VegetationThroughCropUptakeOutput,
                  she:SoilSolutionLeachingOutput .

she:AtmosphereOutput a skos:Concept ;
    skos:prefLabel ""atmosphere"" ;
    skos:definition ""volatilisation and gas emission (nh, nox, n₂o, n₂ and so₂)"" .

she:VegetationThroughCropUptakeOutput a skos:Concept ;
    skos:prefLabel ""vegetation through crop uptake"" ;
    she:includesNutrients she:BaseCations,
                          she:Nitrogen,
                          she:Phosphorus,
                          she:Sulfur .

she:SoilSolutionLeachingOutput a skos:Concept ;
    skos:prefLabel ""soil solution/leaching"" ;
    she:includesNutrients she:BaseCations,
                          she:Sulfate,
                          she:DihydrogenPhosphate,
                          she:Nitrate .

she:BaseCations a skos:Concept ;
    skos:prefLabel ""base cations"" .

she:Nitrogen a skos:Concept ;
    skos:prefLabel ""n"" .

she:Phosphorus a skos:Concept ;
    skos:prefLabel ""p"" .

she:Sulfur a skos:Concept ;
    skos:prefLabel ""s"" .

she:Sulfate a skos:Concept ;
    skos:prefLabel ""so₄²⁻"" .

she:DihydrogenPhosphate a skos:Concept ;
    skos:prefLabel ""h₂po₄⁻"" .

she:Nitrate a skos:Concept ;
    skos:prefLabel ""no₃"" .

she:BaseCationsInput she:flowsTo she:BaseCationsPool .

she:NPSInput she:flowsTo she:NPSPools .

she:BaseCationsPool she:flowsTo she:AtmosphereOutput,
                               she:VegetationThroughCropUptakeOutput,
                               she:SoilSolutionLeachingOutput .

she:NPSPools she:flowsTo she:AtmosphereOutput,
                        she:VegetationThroughCropUptakeOutput,
                        she:SoilSolutionLeachingOutput .",1.0,1.0
Extract RDF triples from this image (figure_5.2.jpg),['/kaggle/input/soil-helth-data/Soil Health/figure_5.2.jpg'],"@prefix she:  <https://soilwise-he.github.io/soil-health#> .
@prefix skos: <http://www.w3.org/2004/02/skos/core#> .

she:ThresholdsRepresentation a skos:Concept ;
    skos:prefLabel ""schematic representation of thresholds (adopted from the heracles network)"" ;
    skos:narrower she:NaturalBackground,
                  she:ScreeningValues,
                  she:ConcentrationRisk,
                  she:RiskLevels,
                  she:Implications .

she:NaturalBackground a skos:Concept ;
    skos:prefLabel ""natural background"" ;
    skos:narrower she:BackgroundValue .

she:BackgroundValue a skos:Concept ;
    skos:prefLabel ""background value"" .

she:ScreeningValues a skos:Concept ;
    skos:prefLabel ""screening values"" ;
    skos:narrower she:AcceptableValue,
                  she:WarningValue,
                  she:ActionValue .

she:AcceptableValue a skos:Concept ;
    skos:prefLabel ""acceptable value"" ;
    she:definesBoundaryBetween she:AcceptableRisk,
                             she:IntermediateRisk .

she:WarningValue a skos:Concept ;
    skos:prefLabel ""warning value"" ;
    she:definesBoundaryBetween she:MinorRestrictionsForSensitiveLandUses,
                             she:RestrictionsForSensitiveLandUses .

she:ActionValue a skos:Concept ;
    skos:prefLabel ""action value"" ;
    she:definesBoundaryBetween she:IntermediateRisk,
                             she:UnacceptableRisk .

she:ConcentrationRisk a skos:Concept ;
    skos:prefLabel ""concentration/risk"" ;
    skos:narrower she:AcceptableRisk,
                  she:IntermediateRisk,
                  she:UnacceptableRisk .

she:RiskLevels a skos:Concept ;
    skos:prefLabel ""risks levels"" ;
    skos:narrower she:AcceptableRisk,
                  she:IntermediateRisk,
                  she:UnacceptableRisk .

she:AcceptableRisk a skos:Concept ;
    skos:prefLabel ""acceptable risk"" ;
    she:hasImplication she:NoRestrictionsInLandUse .

she:IntermediateRisk a skos:Concept ;
    skos:prefLabel ""intermediate risk"" ;
    she:hasImplication she:MinorRestrictionsForSensitiveLandUses,
                       she:RestrictionsForSensitiveLandUses,
                       she:PossiblyFurtherInvestigations .

she:UnacceptableRisk a skos:Concept ;
    skos:prefLabel ""unacceptable risk"" ;
    she:hasImplication she:ProblemsForAnyFurtherLandUse,
                       she:SiteSpecificRiskAssessmentOrSoilQualityManagement .

she:Implications a skos:Concept ;
    skos:prefLabel ""implications"" ;
    skos:narrower she:NoRestrictionsInLandUse,
                  she:MinorRestrictionsForSensitiveLandUses,
                  she:RestrictionsForSensitiveLandUses,
                  she:PossiblyFurtherInvestigations,
                  she:ProblemsForAnyFurtherLandUse,
                  she:SiteSpecificRiskAssessmentOrSoilQualityManagement .

she:NoRestrictionsInLandUse a skos:Concept ;
    skos:prefLabel ""no restrictions in land use"" .

she:MinorRestrictionsForSensitiveLandUses a skos:Concept ;
    skos:prefLabel ""minor restrictions for sensitive land uses"" .

she:RestrictionsForSensitiveLandUses a skos:Concept ;
    skos:prefLabel ""restrictions for sensitive land uses"" .

she:PossiblyFurtherInvestigations a skos:Concept ;
    skos:prefLabel ""possibly further investigations"" .

she:ProblemsForAnyFurtherLandUse a skos:Concept ;
    skos:prefLabel ""problems for any further land use"" .

she:SiteSpecificRiskAssessmentOrSoilQualityManagement a skos:Concept ;
    skos:prefLabel ""site specific risk assessment or soil quality management (e.g., remediation)"" .",1.0,1.0
Extract RDF triples from this image (figure_1.3.jpg),['/kaggle/input/soil-helth-data/Soil Health/figure_1.3.jpg'],"@prefix she:  <https://soilwise-he.github.io/soil-health#> .
@prefix skos: <http://www.w3.org/2004/02/skos/core#> .

she:DynamicAssessmentOfSoilHealth a skos:Concept ;
    skos:prefLabel ""dynamic assessment of soil health"" ;
    skos:narrower she:Unhealthy,
                  she:Intermediate,
                  she:Healthy .

she:Unhealthy a skos:Concept ;
    skos:prefLabel ""unhealthy"" ;
    skos:definition ""at least one indicator exceeds thresholds for unacceptable degradation (ecosystem services significantly compromised)"" ;
    she:isDeterminedBy she:ThresholdForUnacceptableDegradation ;
    she:hasCondition she:IndicatorExceedsUnacceptableDegradationThreshold .

she:Intermediate a skos:Concept ;
    skos:prefLabel ""intermediate"" ;
    skos:definition ""slight soil degradation at warning level (pre-cautionary soil protection)"" ;
    she:hasCriterion she:ExceedanceOfThresholdsForIntermediateRisk,
                     she:PositiveIndicatorTrendWhileUnacceptableDegradationThresholdsExceeded,
                     she:NegativeIndicatorTrendWithoutAnyThresholdExceedance,
                     she:SustainableSoilManagementInPlaceWhileThresholdsExceeded .

she:Healthy a skos:Concept ;
    skos:prefLabel ""healthy"" ;
    skos:definition ""none of the indicators shows any threshold exceedance"" ;
    she:isDeterminedBy she:ThresholdForUnacceptableDegradation ;
    she:hasCondition she:NoThresholdExceedance .

she:ThresholdForUnacceptableDegradation a skos:Concept ;
    skos:prefLabel ""threshold for unacceptable degradation"" .

she:IndicatorsFromMonitoring a skos:Concept ;
    skos:prefLabel ""indicators from monitoring"" ;
    she:isMeasuredOver she:Time ;
    she:canShowTrend she:PositiveTrend,
                     she:NegativeTrend .

she:Time a skos:Concept ;
    skos:prefLabel ""time"" .

she:PositiveTrend a skos:Concept ;
    skos:prefLabel ""positive trend"" .

she:NegativeTrend a skos:Concept ;
    skos:prefLabel ""negative trend"" .

she:IndicatorExceedsUnacceptableDegradationThreshold a skos:Concept ;
    skos:prefLabel ""indicator exceeds unacceptable degradation threshold"" ;
    she:refersTo she:ThresholdForUnacceptableDegradation .

she:ExceedanceOfThresholdsForIntermediateRisk a skos:Concept ;
    skos:prefLabel ""exceedance of thresholds for intermediate risk (where available)"" .

she:PositiveIndicatorTrendWhileUnacceptableDegradationThresholdsExceeded a skos:Concept ;
    skos:prefLabel ""positive indicator trend while thresholds for unacceptable degradation are still exceeded"" ;
    she:involves she:PositiveTrend,
                 she:ThresholdForUnacceptableDegradation .

she:NegativeIndicatorTrendWithoutAnyThresholdExceedance a skos:Concept ;
    skos:prefLabel ""negative indicator trend without any threshold exceedance"" ;
    she:involves she:NegativeTrend,
                 she:ThresholdForUnacceptableDegradation .

she:SustainableSoilManagementInPlaceWhileThresholdsExceeded a skos:Concept ;
    skos:prefLabel ""sustainable soil management in place while thresholds are exceeded"" ;
    she:involves she:ThresholdForUnacceptableDegradation .

she:NoThresholdExceedance a skos:Concept ;
    skos:prefLabel ""no threshold exceedance"" ;
    she:refersTo she:ThresholdForUnacceptableDegradation .",1.0,1.0
Extract RDF triples from this image (figure_1.1.jpg),['/kaggle/input/soil-helth-data/Soil Health/figure_1.1.jpg'],"@prefix she:  <https://soilwise-he.github.io/soil-health#> .
@prefix skos: <http://www.w3.org/2004/02/skos/core#> .

she:StatusAndTrends a skos:Concept ;
    skos:prefLabel ""status and trends"" .

she:DriversAndPressures a skos:Concept ;
    skos:prefLabel ""drivers and pressures"" .

she:SoilHealth a skos:Concept ;
    skos:prefLabel ""soil health"" ;
    skos:definition ""level to which soil functions are fulfilled"" ;
    she:leadsTo she:Impact .

she:Impact a skos:Concept ;
    skos:prefLabel ""impact"" .

she:ObservableSoilProperties a skos:Concept ;
    skos:prefLabel ""observable soil properties"" ;
    skos:definition ""measurements"" ;
    skos:narrower she:PhysicalProperties,
                  she:ChemicalProperties,
                  she:BiologicalProperties,
                  she:SocNP,
                  she:TexturalClassesStructurePh,
                  she:DepthStoneContentMineralog,
                  she:BulkDensity,
                  she:WaterContentSoilTemperature,
                  she:SoilBiotaMicroMacro,
                  she:CationAndAnionContentContaminantsNutrientsAcidifiersSalts ;
    she:determines she:SoilQuality .

she:PhysicalProperties a skos:Concept ;
    skos:prefLabel ""physical properties"" .

she:ChemicalProperties a skos:Concept ;
    skos:prefLabel ""chemical properties"" .

she:BiologicalProperties a skos:Concept ;
    skos:prefLabel ""biological properties"" .

she:SocNP a skos:Concept ;
    skos:prefLabel ""soc, n, p"" .

she:TexturalClassesStructurePh a skos:Concept ;
    skos:prefLabel ""textural classes, structure ph"" .

she:DepthStoneContentMineralog a skos:Concept ;
    skos:prefLabel ""depth, stone content, mineralog"" .

she:BulkDensity a skos:Concept ;
    skos:prefLabel ""bulk density"" .

she:WaterContentSoilTemperature a skos:Concept ;
    skos:prefLabel ""water content, soil temperature"" .

she:SoilBiotaMicroMacro a skos:Concept ;
    skos:prefLabel ""soil biota (micro, meso, macro)"" .

she:CationAndAnionContentContaminantsNutrientsAcidifiersSalts a skos:Concept ;
    skos:prefLabel ""cation and anion content (contaminants, nutrients, acidifiers, salts)"" .

she:DerivedSoilProperties a skos:Concept ;
    skos:prefLabel ""derived soil properties"" ;
    skos:definition ""modeling"" ;
    skos:narrower she:Porosity,
                  she:AggregateStability,
                  she:RootingDepth,
                  she:CationExchangeCapacity,
                  she:ElectricConductivity,
                  she:HydraulicConductivity,
                  she:WaterRunoffInfiltration,
                  she:Erodibility,
                  she:AdsorptionAndCationExchangeCapacity ;
    she:determines she:SoilQuality .

she:Porosity a skos:Concept ;
    skos:prefLabel ""porosity"" .

she:AggregateStability a skos:Concept ;
    skos:prefLabel ""aggregate stability"" .

she:RootingDepth a skos:Concept ;
    skos:prefLabel ""rooting depth"" .

she:CationExchangeCapacity a skos:Concept ;
    skos:prefLabel ""cation exchange capacity"" .

she:ElectricConductivity a skos:Concept ;
    skos:prefLabel ""electric conductivity"" .

she:HydraulicConductivity a skos:Concept ;
    skos:prefLabel ""hydraulic conductivity"" .

she:WaterRunoffInfiltration a skos:Concept ;
    skos:prefLabel ""water runoff, infiltration"" .

she:Erodibility a skos:Concept ;
    skos:prefLabel ""erodibility"" .

she:AdsorptionAndCationExchangeCapacity a skos:Concept ;
    skos:prefLabel ""adsorption and cation exchange capacity"" .

she:SoilQuality a skos:Concept ;
    skos:prefLabel ""soil quality"" ;
    she:setsTheConditionFor she:SoilThreatIndicators,
                           she:SoilFunctionalIndicators .

she:ExternalEnvironmentalFactors a skos:Concept ;
    skos:prefLabel ""external (environmental) factors"" ;
    skos:definition ""climate, land use, inputs, emissions"" ;
    she:influences she:NonSoilIndicators .

she:NonSoilIndicators a skos:Concept ;
    skos:prefLabel ""non-soil indicators"" ;
    she:influences she:SoilFunctions,
                   she:EcosystemServices .

she:SoilThreatIndicators a skos:Concept ;
    skos:prefLabel ""soil threat indicators"" ;
    skos:narrower she:SocLoss,
                  she:SoilNutrientLossNAndP,
                  she:SoilAcidification,
                  she:SoilPollution,
                  she:SoilBiodiversityLoss,
                  she:SoilErosion,
                  she:SoilCompaction,
                  she:Salinisation,
                  she:SoilSealing ;
    she:hasEffectOn she:SoilFunctions .

she:SocLoss a skos:Concept ;
    skos:prefLabel ""soc loss"" .

she:SoilNutrientLossNAndP a skos:Concept ;
    skos:prefLabel ""soil nutrient loss — n and p"" .

she:SoilAcidification a skos:Concept ;
    skos:prefLabel ""soil acidification"" .

she:SoilPollution a skos:Concept ;
    skos:prefLabel ""soil pollution"" .

she:SoilBiodiversityLoss a skos:Concept ;
    skos:prefLabel ""soil biodiversity loss"" .

she:SoilErosion a skos:Concept ;
    skos:prefLabel ""soil erosion"" .

she:SoilCompaction a skos:Concept ;
    skos:prefLabel ""soil compaction"" .

she:Salinisation a skos:Concept ;
    skos:prefLabel ""salinisation (*)"" .

she:SoilSealing a skos:Concept ;
    skos:prefLabel ""soil sealing"" .

she:SoilFunctionalIndicators a skos:Concept ;
    skos:prefLabel ""soil functional indicators"" ;
    skos:narrower she:BiomassProductivity,
                  she:WaterStorageCapacity,
                  she:SoilMoistureDeficit,
                  she:GroundwaterReproduction,
                  she:CarbonStorageCapacity,
                  she:NutrientMobilisationAndBufferingCapacity,
                  she:HabitatProvisionCapacity ;
    she:conditionsTheExtentOf she:SoilThreatIndicators ;
    she:leadsTo she:Impact ;
    she:measures she:SoilFunctions,
                 she:EcosystemServices .

she:BiomassProductivity a skos:Concept ;
    skos:prefLabel ""biomass productivity"" ;
    she:relatesTo she:FoodProduction .

she:WaterStorageCapacity a skos:Concept ;
    skos:prefLabel ""water storage capacity"" ;
    she:relatesTo she:WaterRetention .

she:SoilMoistureDeficit a skos:Concept ;
    skos:prefLabel ""soil moisture deficit"" ;
    she:relatesTo she:WaterPurificationAndRegulation .

she:GroundwaterReproduction a skos:Concept ;
    skos:prefLabel ""groundwater reproduction"" ;
    she:relatesTo she:WaterPurificationAndRegulation .

she:CarbonStorageCapacity a skos:Concept ;
    skos:prefLabel ""carbon storage capacity"" ;
    she:relatesTo she:CarbonPoolAndClimateRegulations .

she:NutrientMobilisationAndBufferingCapacity a skos:Concept ;
    skos:prefLabel ""nutrient mobilisation and buffering capacity"" ;
    she:relatesTo she:NutrientDynamics .

she:HabitatProvisionCapacity a skos:Concept ;
    skos:prefLabel ""habitat provision capacity"" ;
    she:relatesTo she:Habitat .

she:SoilFunctions a skos:Concept ;
    skos:prefLabel ""soil functions"" ;
    skos:narrower she:FoodProduction,
                  she:WaterRetention,
                  she:WaterPurificationAndRegulation,
                  she:CarbonPoolAndClimateRegulations,
                  she:NutrientDynamics,
                  she:Habitat ;
    she:contributesTo she:SoilHealth .

she:FoodProduction a skos:Concept ;
    skos:prefLabel ""food production"" ;
    skos:broader she:Provisioning .

she:WaterRetention a skos:Concept ;
    skos:prefLabel ""water retention"" ;
    skos:broader she:Provisioning .

she:WaterPurificationAndRegulation a skos:Concept ;
    skos:prefLabel ""water purification and regulation"" ;
    skos:broader she:Regulation .

she:CarbonPoolAndClimateRegulations a skos:Concept ;
    skos:prefLabel ""carbon pool and climate regulations"" ;
    skos:broader she:Regulation .

she:NutrientDynamics a skos:Concept ;
    skos:prefLabel ""nutrient dynamics"" ;
    skos:broader she:Supporting .

she:Habitat a skos:Concept ;
    skos:prefLabel ""habitat"" ;
    skos:broader she:Supporting .

she:EcosystemServices a skos:Concept ;
    skos:prefLabel ""ecosystem services"" ;
    skos:narrower she:Provisioning,
                  she:Regulation,
                  she:Supporting ;
    she:contributesTo she:SoilHealth .

she:Provisioning a skos:Concept ;
    skos:prefLabel ""provisioning"" .

she:Regulation a skos:Concept ;
    skos:prefLabel ""regulation"" .

she:Supporting a skos:Concept ;
    skos:prefLabel ""supporting"" .

she:Thresholds a skos:Concept ;
    skos:prefLabel ""thresholds"" ;
    skos:narrower she:CriticalLevels ;
    she:leadsTo she:SoilHealth .

she:CriticalLevels a skos:Concept ;
    skos:prefLabel ""critical levels"" .",0.0,1.0
Extract RDF triples from this image (figure_1.2.jpg),['/kaggle/input/soil-helth-data/Soil Health/figure_1.2.jpg'],"@prefix she: <https://soilwise-he.github.io/soil-health#> .
@prefix skos: <http://www.w3.org/2004/02/skos/core#> .

she:EcosystemService a skos:Concept ;
    skos:prefLabel ""ecosystem service"" ;
    she:leadsTo she:SoilFunction .

she:SoilFunction a skos:Concept ;
    skos:prefLabel ""soil function"" ;
    she:leadsTo she:Endpoints .

she:Endpoints a skos:Concept ;
    skos:prefLabel ""endpoints"" ;
    she:informsAssessmentOf she:SoilWaterProductQuality .

she:ChangeOfLandUseAndOrManagement a skos:Concept ;
    skos:prefLabel ""change of land use and/or management"" ;
    she:affects she:SoilWaterProductQuality .

she:SoilWaterProductQuality a skos:Concept ;
    skos:prefLabel ""soil/ water/ product/ quality"" ;
    she:comparedAgainst she:ThresholdsLimits .

she:ThresholdsLimits a skos:Concept ;
    skos:prefLabel ""thresholds (limits)"" ;
    she:informs she:Evaluation .

she:Evaluation a skos:Concept ;
    skos:prefLabel ""evaluation"" ;
    she:resultsIn she:ActualLevelLessThanThreshold,
        she:ActualLevelGreaterThanThreshold .

she:ActualLevelLessThanThreshold a skos:Concept ;
    skos:prefLabel ""actual level < threshold"" .

she:ActualLevelGreaterThanThreshold a skos:Concept ;
    skos:prefLabel ""actual level > threshold"" ;
    she:triggers she:ActionNeededPolicyInduced .

she:ActionNeededPolicyInduced a skos:Concept ;
    skos:prefLabel ""action needed (policy induced)"" ;
    she:induces she:ChangeOfLandUseAndOrManagement .",1.0,1.0
Extract RDF triples from this image (figure_3.2.jpg),['/kaggle/input/soil-helth-data/Soil Health/figure_3.2.jpg'],"@prefix she:  <https://soilwise-he.github.io/soil-health#> .
@prefix skos: <http://www.w3.org/2004/02/skos/core#> .

she:Figure3_2 a skos:Concept ;
    skos:prefLabel ""figure 3.2"" ;
    skos:narrower she:RelationshipsBetweenCropYieldAndPLeachingRiskAndSoilPFertilityStatus .

she:RelationshipsBetweenCropYieldAndPLeachingRiskAndSoilPFertilityStatus a skos:Concept ;
    skos:prefLabel ""relationships between crop yield (left y-axis) and p leaching risk (right y-axis) and soil p fertility status"" ;
    she:illustratesRelationshipBetween she:CropYield,
                                       she:PLeachingRisk,
                                       she:SoilPFertilityStatus ;
    she:hasSource she:BaiEtAl2013 .

she:CropYield a skos:Concept ;
    skos:prefLabel ""crop yield"" ;
    she:isInfluencedBy she:SoilPFertilityStatus ;
    she:hasCriticalLevel she:CriticalLevelForCropYield .

she:PLeachingRisk a skos:Concept ;
    skos:prefLabel ""p leaching risk"" ;
    she:isInfluencedBy she:SoilPFertilityStatus ;
    she:hasCriticalLevel she:CriticalLevelForPLeachingPotential .

she:SoilPFertilityStatus a skos:Concept ;
    skos:prefLabel ""soil p fertility status"" .

she:CriticalLevelForCropYield a skos:Concept ;
    skos:prefLabel ""critical level for crop yield"" ;
    she:appliesTo she:CropYield ;
    she:isDeterminedBy she:SoilPFertilityStatus .

she:CriticalLevelForPLeachingPotential a skos:Concept ;
    skos:prefLabel ""critical level for p leaching potential"" ;
    she:appliesTo she:PLeachingRisk ;
    she:isDeterminedBy she:SoilPFertilityStatus .

she:BaiEtAl2013 a skos:Concept ;
    skos:prefLabel ""bai et al. (2013)"" .",1.0,1.0
Extract RDF triples from this image (figure_3.3.jpg),['/kaggle/input/soil-helth-data/Soil Health/figure_3.3.jpg'],"@prefix she:  <https://soilwise-he.github.io/soil-health#> .
@prefix skos: <http://www.w3.org/2004/02/skos/core#> .

she:PrincipleOfSoilPStatusAndEnvironmentalRisk a skos:Concept ;
    skos:prefLabel ""principle of soil p status and environmental risk"" ;
    skos:narrower she:Approach,
                  she:PRecommendation,
                  she:SoilPStatus,
                  she:SoilPLevel,
                  she:Time,
                  she:EnvironmentalRiskZone,
                  she:OptimumLevelForCropProduction,
                  she:CropProductionRiskZone .

she:Approach a skos:Concept ;
    skos:prefLabel ""approach"" ;
    skos:narrower she:Mining,
                  she:Maintenance,
                  she:BuildingUp .

she:PRecommendation a skos:Concept ;
    skos:prefLabel ""p recommendation"" ;
    skos:narrower she:NoFertiliser,
                  she:InputLessThanOutput,
                  she:InputEqualsOutput,
                  she:InputGreaterThanOutput,
                  she:InputMuchGreaterThanOutput .

she:SoilPStatus a skos:Concept ;
    skos:prefLabel ""soil p"" ;
    skos:narrower she:VeryHigh,
                  she:High,
                  she:Medium,
                  she:Low,
                  she:VeryLow .

she:SoilPLevel a skos:Concept ;
    skos:prefLabel ""soil p"" ;
    she:isMeasuredAgainst she:Time .

she:Time a skos:Concept ;
    skos:prefLabel ""time"" .

she:Mining a skos:Concept ;
    skos:prefLabel ""mining"" ;
    she:hasPRecommendation she:NoFertiliser,
                           she:InputLessThanOutput .

she:Maintenance a skos:Concept ;
    skos:prefLabel ""maintenance"" ;
    she:hasPRecommendation she:InputEqualsOutput .

she:BuildingUp a skos:Concept ;
    skos:prefLabel ""building up"" ;
    she:hasPRecommendation she:InputGreaterThanOutput,
                           she:InputMuchGreaterThanOutput .

she:NoFertiliser a skos:Concept ;
    skos:prefLabel ""no fertiliser"" ;
    she:resultsInSoilPStatus she:VeryHigh .

she:InputLessThanOutput a skos:Concept ;
    skos:prefLabel ""input < output"" ;
    she:resultsInSoilPStatus she:High .

she:InputEqualsOutput a skos:Concept ;
    skos:prefLabel ""input = output"" ;
    she:resultsInSoilPStatus she:Medium .

she:InputGreaterThanOutput a skos:Concept ;
    skos:prefLabel ""input > output"" ;
    she:resultsInSoilPStatus she:Low .

she:InputMuchGreaterThanOutput a skos:Concept ;
    skos:prefLabel ""input >> output"" ;
    she:resultsInSoilPStatus she:VeryLow .

she:VeryHigh a skos:Concept ;
    skos:prefLabel ""very high"" .

she:High a skos:Concept ;
    skos:prefLabel ""high"" .

she:Medium a skos:Concept ;
    skos:prefLabel ""medium"" .

she:Low a skos:Concept ;
    skos:prefLabel ""low"" .

she:VeryLow a skos:Concept ;
    skos:prefLabel ""very low"" .

she:EnvironmentalRiskZone a skos:Concept ;
    skos:prefLabel ""environmental risk zone"" ;
    she:isAbove she:OptimumLevelForCropProduction ;
    she:correspondsToSoilPStatus she:VeryHigh,
                                 she:High .

she:OptimumLevelForCropProduction a skos:Concept ;
    skos:prefLabel ""optimum level for crop production"" ;
    she:correspondsToSoilPStatus she:Medium .

she:CropProductionRiskZone a skos:Concept ;
    skos:prefLabel ""crop production risk zone"" ;
    she:isBelow she:OptimumLevelForCropProduction ;
    she:correspondsToSoilPStatus she:Low,
                                 she:VeryLow .",1.0,1.0
Extract RDF triples from this image (figure_3.4.jpg),['/kaggle/input/soil-helth-data/Soil Health/figure_3.4.jpg'],"@prefix she:  <https://soilwise-he.github.io/soil-health#> .
@prefix skos: <http://www.w3.org/2004/02/skos/core#> .

she:RelationshipBetweenSoilOlsenPContentsAndRelativeYieldOfWheatInLongTermExperimentsInChina a skos:Concept ;
    skos:prefLabel ""the relationship between soil olsen-p contents and relative yield of wheat in long-term experiments in china"" ;
    she:describesRelationshipBetween she:SoilOlsenPContents,
                                   she:RelativeYieldOfWheat ;
    she:describesContext she:LongTermExperimentsInChina .

she:RelativeYieldOfWheat a skos:Concept ;
    skos:prefLabel ""relative yield (percentage)"" ;
    she:measuredIn she:Percentage .

she:SoilOlsenPContents a skos:Concept ;
    skos:prefLabel ""olsen-p (mg/kg)"" ;
    she:measuredIn she:MilligramsPerKilogram .

she:Percentage a skos:Concept ;
    skos:prefLabel ""percentage"" .

she:MilligramsPerKilogram a skos:Concept ;
    skos:prefLabel ""mg/kg"" .

she:LongTermExperimentsInChina a skos:Concept ;
    skos:prefLabel ""long-term experiments in china"" .

she:ExperimentalTreatment a skos:Concept ;
    skos:prefLabel ""experimental treatment"" .

she:CK a skos:Concept ;
    skos:prefLabel ""ck"" ;
    skos:definition ""control plot without nutrient additions"" ;
    skos:broader she:ExperimentalTreatment .

she:NK a skos:Concept ;
    skos:prefLabel ""nk"" ;
    skos:definition ""additions of nitrogen and potassium"" ;
    skos:broader she:ExperimentalTreatment ;
    she:includesAdditionOf she:NitrogenAddition,
                           she:PotassiumAddition .

she:NPK a skos:Concept ;
    skos:prefLabel ""npk"" ;
    skos:definition ""additions of nitrogen, phosphorus, and potassium"" ;
    skos:broader she:ExperimentalTreatment ;
    she:includesAdditionOf she:NitrogenAddition,
                           she:PhosphorusAddition,
                           she:PotassiumAddition .

she:NPKM a skos:Concept ;
    skos:prefLabel ""npkm"" ;
    skos:definition ""additions of nitrogen, phosphorus, potassium, and animal manure"" ;
    skos:broader she:ExperimentalTreatment ;
    she:includesAdditionOf she:NitrogenAddition,
                           she:PhosphorusAddition,
                           she:PotassiumAddition,
                           she:AnimalManureAddition .

she:OnePointFiveNPKM a skos:Concept ;
    skos:prefLabel ""1.5npkm"" ;
    skos:definition ""50% higher addition of n, p, k and manure than in the standard treatment"" ;
    skos:broader she:ExperimentalTreatment ;
    she:includesAdditionOf she:NitrogenAddition,
                           she:PhosphorusAddition,
                           she:PotassiumAddition,
                           she:AnimalManureAddition,
                           she:FiftyPercentHigherAddition .

she:NPKS a skos:Concept ;
    skos:prefLabel ""npks"" ;
    skos:definition ""additions of nitrogen, phosphorus, potassium, and sulphur"" ;
    skos:broader she:ExperimentalTreatment ;
    she:includesAdditionOf she:NitrogenAddition,
                           she:PhosphorusAddition,
                           she:PotassiumAddition,
                           she:SulphurAddition .

she:NutrientAdditionType a skos:Concept ;
    skos:prefLabel ""nutrient addition type"" .

she:NitrogenAddition a skos:Concept ;
    skos:prefLabel ""nitrogen addition"" ;
    skos:definition ""n additions of nitrogen"" ;
    skos:broader she:NutrientAdditionType .

she:PhosphorusAddition a skos:Concept ;
    skos:prefLabel ""phosphorus addition"" ;
    skos:definition ""p for phosphorus"" ;
    skos:broader she:NutrientAdditionType .

she:PotassiumAddition a skos:Concept ;
    skos:prefLabel ""potassium addition"" ;
    skos:definition ""k for potassium"" ;
    skos:broader she:NutrientAdditionType .

she:SulphurAddition a skos:Concept ;
    skos:prefLabel ""sulphur addition"" ;
    skos:definition ""s for sulphur"" ;
    skos:broader she:NutrientAdditionType .

she:AnimalManureAddition a skos:Concept ;
    skos:prefLabel ""animal manure addition"" ;
    skos:definition ""m: addition of animal manure"" ;
    skos:broader she:NutrientAdditionType .

she:FiftyPercentHigherAddition a skos:Concept ;
    skos:prefLabel ""50% higher addition"" ;
    skos:definition ""50% higher addition of n, p, k and manure than in the standard treatment"" ;
    skos:broader she:NutrientAdditionType .

she:RegressionLine a skos:Concept ;
    skos:prefLabel ""regression"" ;
    she:representsRelationshipBetween she:SoilOlsenPContents,
                                     she:RelativeYieldOfWheat .

she:CriticalPLevelAt90PercentRelativeYield a skos:Concept ;
    skos:prefLabel ""critical p level at 90% relative yield"" ;
    she:indicatesValueFor she:SoilOlsenPContents ;
    she:associatedWithRelativeYield she:NinetyPercentRelativeYield ;
    she:hasValue ""18 mg/kg"" .

she:NinetyPercentRelativeYield a skos:Concept ;
    skos:prefLabel ""90% relative yield"" ;
    she:hasValue ""90%"" .

she:SourceOfData a skos:Concept ;
    skos:prefLabel ""source"" ;
    skos:definition ""chen, x. et al., unpublished data"" .",1.0,1.0
Extract RDF triples from this image (box_5.1.jpg),['/kaggle/input/soil-helth-data/Soil Health/box_5.1.jpg'],"@prefix she: <https://soilwise-he.github.io/soil-health#> .
@prefix skos: <http://www.w3.org/2004/02/skos/core#> .

she:Step1DerivationOfRiskBasedScreeningValues a skos:Concept ;
    skos:prefLabel ""step 1: derivation of risk-based screening values (ssv) for soil based on critical limits in endpoint"" .

she:RelevantCriticalLimitInEndpointSelected a skos:Concept ;
    skos:prefLabel ""relevant critical limit in endpoint selected"" ;
    skos:narrower she:MaxAllowedConcentrationInDrinkingWater,
                  she:MaxAllowedConcentrationInFood .

she:MaxAllowedConcentrationInDrinkingWater a skos:Concept ;
    skos:prefLabel ""max allowed concentration in drinking water"" .

she:MaxAllowedConcentrationInFood a skos:Concept ;
    skos:prefLabel ""max allowed concentration in food"" .

she:RelevantPathwayAndDataNeeded a skos:Concept ;
    skos:prefLabel ""relevant pathway and data needed"" ;
    skos:narrower she:SoilSolutionSorptionModel,
                  she:TransportModel,
                  she:HydrologicalData,
                  she:SoilCropTransferModel,
                  she:SoilPropertiesNeededInModel .

she:SoilSolutionSorptionModel a skos:Concept ;
    skos:prefLabel ""soil — solution sorption model"" .

she:TransportModel a skos:Concept ;
    skos:prefLabel ""transport model"" .

she:HydrologicalData a skos:Concept ;
    skos:prefLabel ""hydrological data"" .

she:SoilCropTransferModel a skos:Concept ;
    skos:prefLabel ""soil — crop transfer model"" .

she:SoilPropertiesNeededInModel a skos:Concept ;
    skos:prefLabel ""soil properties needed in model (e.g. clay, ph, org matter)"" .

she:ResultingSsvSoil a skos:Concept ;
    skos:prefLabel ""resulting ssv soil"" ;
    skos:narrower she:ScreeningValueDrinkingWater,
                  she:ScreeningValueAgriculture .

she:ScreeningValueDrinkingWater a skos:Concept ;
    skos:prefLabel ""screening value drinking water"" .

she:ScreeningValueAgriculture a skos:Concept ;
    skos:prefLabel ""screening value agriculture"" .

she:Step2EvaluationOfCurrentSoilQualityUsingRiskBasedSsvs a skos:Concept ;
    skos:prefLabel ""step 2: evaluation of current soil quality using risk-based ssvs"" .

she:RelevantSsv a skos:Concept ;
    skos:prefLabel ""relevant ssv"" ;
    skos:narrower she:ScreeningValueAgriculture .

she:Assessment a skos:Concept ;
    skos:prefLabel ""assessment"" ;
    skos:narrower she:LevelInSoilGreaterThanSsvAgriculture,
                  she:LevelInSoilLessThanSsvAgriculture .

she:LevelInSoilGreaterThanSsvAgriculture a skos:Concept ;
    skos:prefLabel ""level in soil > ssv agriculture"" .

she:LevelInSoilLessThanSsvAgriculture a skos:Concept ;
    skos:prefLabel ""level in soil < ssv agriculture"" .

she:AssessmentSoilQuality a skos:Concept ;
    skos:prefLabel ""assessment soil quality"" ;
    skos:narrower she:NotSuitableActionsRequired,
                  she:SuitableLandUsePosesNoRisk .

she:NotSuitableActionsRequired a skos:Concept ;
    skos:prefLabel ""not suitable, actions required"" .

she:SuitableLandUsePosesNoRisk a skos:Concept ;
    skos:prefLabel ""suitable, land use poses no risk"" .

she:MaxAllowedConcentrationInDrinkingWater she:isInputForDerivationOf she:ScreeningValueDrinkingWater .

she:ScreeningValueDrinkingWater she:derivationUses she:SoilSolutionSorptionModel,
                                she:TransportModel,
                                she:HydrologicalData .

she:MaxAllowedConcentrationInFood she:isInputForDerivationOf she:ScreeningValueAgriculture .

she:ScreeningValueAgriculture she:derivationUses she:SoilCropTransferModel,
                              she:SoilPropertiesNeededInModel .

she:ScreeningValueAgriculture she:isUsedInAssessment she:LevelInSoilGreaterThanSsvAgriculture,
                                                    she:LevelInSoilLessThanSsvAgriculture .

she:LevelInSoilGreaterThanSsvAgriculture she:impliesSoilQuality she:NotSuitableActionsRequired .

she:LevelInSoilLessThanSsvAgriculture she:impliesSoilQuality she:SuitableLandUsePosesNoRisk .",0.0,1.0
Extract RDF triples from this image (figure_4.1.jpg),['/kaggle/input/soil-helth-data/Soil Health/figure_4.1.jpg'],"@prefix she:  <https://soilwise-he.github.io/soil-health#> .
@prefix skos: <http://www.w3.org/2004/02/skos/core#> .

she:Figure4_1 a skos:Concept ;
    skos:prefLabel ""figure 4.1"" ;
    skos:definition ""impact of soil ph on the relative yields of wheat, maize and rice using combined short-term ph manipulation experiments and long-term observations"" ;
    she:illustratesRelationshipBetween she:SoilPH,
                                     she:RelativeYields ;
    she:presentsDataForCrop she:Wheat,
                            she:Maize,
                            she:Rice ;
    she:usesMethod she:ShortTermPHManipulationExperiments,
                   she:LongTermObservations ;
    she:hasXAxis she:SoilPH ;
    she:hasYAxis she:RelativeYields ;
    she:hasSource she:ZhuEtAl2020 .

she:SoilPH a skos:Concept ;
    skos:prefLabel ""soil ph"" ;
    skos:definition ""soil acidity or alkalinity, represented on the x-axis"" ;
    she:affects she:RelativeYields .

she:RelativeYields a skos:Concept ;
    skos:prefLabel ""relative yields"" ;
    skos:definition ""yields relative to a maximum or optimal yield, represented on the y-axis"" ;
    she:measuredFor she:Wheat,
                    she:Maize,
                    she:Rice .

she:Wheat a skos:Concept ;
    skos:prefLabel ""wheat"" .

she:Maize a skos:Concept ;
    skos:prefLabel ""maize"" .

she:Rice a skos:Concept ;
    skos:prefLabel ""rice"" .

she:FitRice a skos:Concept ;
    skos:prefLabel ""fit rice"" ;
    she:isFittedCurveFor she:Rice .

she:FitWheat a skos:Concept ;
    skos:prefLabel ""fit wheat"" ;
    she:isFittedCurveFor she:Wheat .

she:FitMaize a skos:Concept ;
    skos:prefLabel ""fit maize"" ;
    she:isFittedCurveFor she:Maize .

she:ShortTermPHManipulationExperiments a skos:Concept ;
    skos:prefLabel ""short-term ph manipulation experiments"" .

she:LongTermObservations a skos:Concept ;
    skos:prefLabel ""long-term observations"" .

she:ZhuEtAl2020 a skos:Concept ;
    skos:prefLabel ""zhu et al. (2020)"" .",1.0,1.0
Extract RDF triples from this image (figure_6.1.jpg),['/kaggle/input/soil-helth-data/Soil Health/figure_6.1.jpg'],"@prefix she:  <https://soilwise-he.github.io/soil-health#> .
@prefix skos: <http://www.w3.org/2004/02/skos/core#> .

she:BaselineAndThresholdApproachForSoilBiodiversityMonitoring a skos:Concept ;
    skos:prefLabel ""baseline and threshold approach for soil biodiversity monitoring"" ;
    skos:narrower she:ReferenceState,
                  she:TransitionalStages,
                  she:UnacceptableStress .

she:ReferenceState a skos:Concept ;
    skos:prefLabel ""reference state"" ;
    skos:definition ""ecosystem-specific"" ;
    skos:narrower she:DesiredValueRange .

she:DesiredValueRange a skos:Concept ;
    skos:prefLabel ""desired value (range)"" .

she:TransitionalStages a skos:Concept ;
    skos:prefLabel ""transitional stages"" ;
    skos:narrower she:EmergencyPush,
                  she:StressResponse .

she:EmergencyPush a skos:Concept ;
    skos:prefLabel ""emergency push"" ;
    she:initiates she:StressResponse .

she:StressResponse a skos:Concept ;
    skos:prefLabel ""stress response"" ;
    she:leadsTo she:Decline .

she:Decline a skos:Concept ;
    skos:prefLabel ""decline"" ;
    she:reaches she:Threshold .

she:UnacceptableStress a skos:Concept ;
    skos:prefLabel ""unacceptable stress"" ;
    skos:narrower she:Threshold,
                  she:Damage .

she:Threshold a skos:Concept ;
    skos:prefLabel ""threshold"" ;
    she:resultsIn she:Damage .

she:Damage a skos:Concept ;
    skos:prefLabel ""damage"" .

she:SoilBiologicalCondition a skos:Concept ;
    skos:prefLabel ""soil biological condition"" ;
    she:isInfluencedBy she:StressLevel .

she:StressLevel a skos:Concept ;
    skos:prefLabel ""stress level"" .",1.0,1.0
