user_input,retrieved_contexts,response,faithful_rate,relevance_rate
Extract RDF triples from this image (/kaggle/input/diagram2graph-dataset/diagram2graph/0.png),['/kaggle/input/diagram2graph-dataset/diagram2graph/0.png'],"@prefix d2g:  <http://example.org/diagram2graph#> .
@prefix rdfs: <http://www.w3.org/2000/01/rdf-schema#> .

<http://example.org/diagram/diagram/node/1> a d2g:Node, d2g:Start ;
    rdfs:label ""Start"" ;
    d2g:shape d2g:StartEvent .

<http://example.org/diagram/diagram/node/2> a d2g:Node, d2g:Process ;
    rdfs:label ""Check needs for project"" ;
    d2g:shape d2g:Task .

<http://example.org/diagram/diagram/node/3> a d2g:Node, d2g:Decision ;
    rdfs:label ""Is project well-defined?"" ;
    d2g:shape d2g:Gateway .

<http://example.org/diagram/diagram/node/4> a d2g:Node, d2g:Process ;
    rdfs:label ""Re-evaluate needs"" ;
    d2g:shape d2g:Task .

<http://example.org/diagram/diagram/node/5> a d2g:Node, d2g:Process ;
    rdfs:label ""Build prototype"" ;
    d2g:shape d2g:Task .

<http://example.org/diagram/diagram/node/6> a d2g:Node, d2g:Terminator ;
    rdfs:label ""END"" ;
    d2g:shape d2g:EndEvent .

<http://example.org/diagram/diagram/edge/12> a d2g:Edge, d2g:Solid ;
    d2g:source <http://example.org/diagram/diagram/node/1> ;
    d2g:target <http://example.org/diagram/diagram/node/2> ;
    d2g:relationshipType d2g:Follows .

<http://example.org/diagram/diagram/edge/23> a d2g:Edge, d2g:Solid ;
    d2g:source <http://example.org/diagram/diagram/node/2> ;
    d2g:target <http://example.org/diagram/diagram/node/3> ;
    d2g:relationshipType d2g:Follows .

<http://example.org/diagram/diagram/edge/34> a d2g:Edge, d2g:Solid ;
    d2g:source <http://example.org/diagram/diagram/node/3> ;
    d2g:target <http://example.org/diagram/diagram/node/4> ;
    d2g:relationshipType d2g:Branches ;
    d2g:relationshipValue ""No"" .

<http://example.org/diagram/diagram/edge/35> a d2g:Edge, d2g:Solid ;
    d2g:source <http://example.org/diagram/diagram/node/3> ;
    d2g:target <http://example.org/diagram/diagram/node/5> ;
    d2g:relationshipType d2g:Branches ;
    d2g:relationshipValue ""Yes"" .

<http://example.org/diagram/diagram/edge/45> a d2g:Edge, d2g:Solid ;
    d2g:source <http://example.org/diagram/diagram/node/4> ;
    d2g:target <http://example.org/diagram/diagram/node/5> ;
    d2g:relationshipType d2g:Follows .

<http://example.org/diagram/diagram/edge/56> a d2g:Edge, d2g:Solid ;
    d2g:source <http://example.org/diagram/diagram/node/5> ;
    d2g:target <http://example.org/diagram/diagram/node/6> ;
    d2g:relationshipType d2g:Follows .

<http://example.org/diagram/diagram/node/1> d2g:follows <http://example.org/diagram/diagram/node/2> .
<http://example.org/diagram/diagram/node/2> d2g:follows <http://example.org/diagram/diagram/node/3> .
<http://example.org/diagram/diagram/node/3> d2g:branches <http://example.org/diagram/diagram/node/4> .
<http://example.org/diagram/diagram/node/3> d2g:branches <http://example.org/diagram/diagram/node/5> .
<http://example.org/diagram/diagram/node/4> d2g:follows <http://example.org/diagram/diagram/node/5> .
<http://example.org/diagram/diagram/node/5> d2g:follows <http://example.org/diagram/diagram/node/6> .
",1.0,1.0
Extract RDF triples from this image (/kaggle/input/diagram2graph-dataset/diagram2graph/10.png),['/kaggle/input/diagram2graph-dataset/diagram2graph/10.png'],"@prefix d2g:  <http://example.org/diagram2graph#> .
@prefix rdfs: <http://www.w3.org/2000/01/rdf-schema#> .

<http://example.org/diagram/diagram/node/1> a d2g:Start, d2g:Node ;
    rdfs:label ""Begin"" ;
    d2g:shape d2g:StartEvent .

<http://example.org/diagram/diagram/node/2> a d2g:Decision, d2g:Node ;
    rdfs:label ""Are you okay"" ;
    d2g:shape d2g:Gateway .

<http://example.org/diagram/diagram/node/3> a d2g:Process, d2g:Node ;
    rdfs:label ""DO SOMETHING"" ;
    d2g:shape d2g:Task .

<http://example.org/diagram/diagram/node/4> a d2g:Process, d2g:Node ;
    rdfs:label ""DO SOMETHING"" ;
    d2g:shape d2g:Task .

<http://example.org/diagram/diagram/edge/12> a d2g:Edge, d2g:Solid ;
    d2g:source <http://example.org/diagram/diagram/node/1> ;
    d2g:target <http://example.org/diagram/diagram/node/2> ;
    d2g:relationshipType d2g:Follows .

<http://example.org/diagram/diagram/edge/23> a d2g:Edge, d2g:Solid ;
    d2g:source <http://example.org/diagram/diagram/node/2> ;
    d2g:target <http://example.org/diagram/diagram/node/3> ;
    d2g:relationshipType d2g:Branches ;
    d2g:relationshipValue ""YES"" .

<http://example.org/diagram/diagram/edge/24> a d2g:Edge, d2g:Solid ;
    d2g:source <http://example.org/diagram/diagram/node/2> ;
    d2g:target <http://example.org/diagram/diagram/node/4> ;
    d2g:relationshipType d2g:Branches ;
    d2g:relationshipValue ""NO"" .

<http://example.org/diagram/diagram/node/1> d2g:follows <http://example.org/diagram/diagram/node/2> .
<http://example.org/diagram/diagram/node/2> d2g:branches <http://example.org/diagram/diagram/node/3> .
<http://example.org/diagram/diagram/node/2> d2g:branches <http://example.org/diagram/diagram/node/4> .
",1.0,0.0
Extract RDF triples from this image (/kaggle/input/diagram2graph-dataset/diagram2graph/100.png),['/kaggle/input/diagram2graph-dataset/diagram2graph/100.png'],"@prefix d2g:  <http://example.org/diagram2graph#> .
@prefix rdfs: <http://www.w3.org/2000/01/rdf-schema#> .

<http://example.org/diagram/diagram/node/1> a d2g:Start, d2g:Node ;
    rdfs:label ""Start"" ;
    d2g:shape d2g:StartEvent .

<http://example.org/diagram/diagram/node/2> a d2g:Decision, d2g:Node ;
    rdfs:label ""Are you happy?"" ;
    d2g:shape d2g:Gateway .

<http://example.org/diagram/diagram/node/3> a d2g:Process, d2g:Node ;
    rdfs:label ""Good"" ;
    d2g:shape d2g:Task .

<http://example.org/diagram/diagram/node/4> a d2g:Decision, d2g:Node ;
    rdfs:label ""Want to be happy?"" ;
    d2g:shape d2g:Gateway .

<http://example.org/diagram/diagram/edge/12> a d2g:Edge, d2g:Solid ;
    d2g:source <http://example.org/diagram/diagram/node/1> ;
    d2g:target <http://example.org/diagram/diagram/node/2> ;
    d2g:relationshipType d2g:Follows .

<http://example.org/diagram/diagram/edge/23> a d2g:Edge, d2g:Solid ;
    d2g:source <http://example.org/diagram/diagram/node/2> ;
    d2g:target <http://example.org/diagram/diagram/node/3> ;
    d2g:relationshipType d2g:Branches .

<http://example.org/diagram/diagram/edge/24> a d2g:Edge, d2g:Solid ;
    d2g:source <http://example.org/diagram/diagram/node/2> ;
    d2g:target <http://example.org/diagram/diagram/node/4> ;
    d2g:relationshipType d2g:Branches .

<http://example.org/diagram/diagram/edge/42> a d2g:Edge, d2g:Solid ;
    d2g:source <http://example.org/diagram/diagram/node/4> ;
    d2g:target <http://example.org/diagram/diagram/node/2> ;
    d2g:relationshipType d2g:Branches .

<http://example.org/diagram/diagram/node/1> d2g:follows <http://example.org/diagram/diagram/node/2> .
<http://example.org/diagram/diagram/node/2> d2g:branches <http://example.org/diagram/diagram/node/3> .
<http://example.org/diagram/diagram/node/2> d2g:branches <http://example.org/diagram/diagram/node/4> .
<http://example.org/diagram/diagram/node/4> d2g:branches <http://example.org/diagram/diagram/node/2> .
",1.0,1.0
Extract RDF triples from this image (/kaggle/input/diagram2graph-dataset/diagram2graph/107.png),['/kaggle/input/diagram2graph-dataset/diagram2graph/107.png'],"@prefix d2g:  <http://example.org/diagram2graph#> .
@prefix rdfs: <http://www.w3.org/2000/01/rdf-schema#> .

<http://example.org/diagram/diagram/node/1> a d2g:Start, d2g:Node ;
    rdfs:label ""Start"" ;
    d2g:shape d2g:StartEvent .

<http://example.org/diagram/diagram/node/2> a d2g:Process, d2g:Node ;
    rdfs:label ""Read A"" ;
    d2g:shape d2g:Task .

<http://example.org/diagram/diagram/node/3> a d2g:Process, d2g:Node ;
    rdfs:label ""Read B"" ;
    d2g:shape d2g:Task .

<http://example.org/diagram/diagram/node/4> a d2g:Process, d2g:Node ;
    rdfs:label ""Calculate sum as\nA+B"" ;
    d2g:shape d2g:Task .

<http://example.org/diagram/diagram/node/5> a d2g:Process, d2g:Node ;
    rdfs:label ""Print Sum"" ;
    d2g:shape d2g:Task .

<http://example.org/diagram/diagram/node/6> a d2g:Terminator, d2g:Node ;
    rdfs:label ""End"" ;
    d2g:shape d2g:EndEvent .

<http://example.org/diagram/diagram/edge/12> a d2g:Edge, d2g:Solid ;
    d2g:source <http://example.org/diagram/diagram/node/1> ;
    d2g:target <http://example.org/diagram/diagram/node/2> ;
    d2g:relationshipType d2g:Follows .

<http://example.org/diagram/diagram/edge/23> a d2g:Edge, d2g:Solid ;
    d2g:source <http://example.org/diagram/diagram/node/2> ;
    d2g:target <http://example.org/diagram/diagram/node/3> ;
    d2g:relationshipType d2g:Follows .

<http://example.org/diagram/diagram/edge/34> a d2g:Edge, d2g:Solid ;
    d2g:source <http://example.org/diagram/diagram/node/3> ;
    d2g:target <http://example.org/diagram/diagram/node/4> ;
    d2g:relationshipType d2g:Follows .

<http://example.org/diagram/diagram/edge/45> a d2g:Edge, d2g:Solid ;
    d2g:source <http://example.org/diagram/diagram/node/4> ;
    d2g:target <http://example.org/diagram/diagram/node/5> ;
    d2g:relationshipType d2g:Follows .

<http://example.org/diagram/diagram/edge/56> a d2g:Edge, d2g:Solid ;
    d2g:source <http://example.org/diagram/diagram/node/5> ;
    d2g:target <http://example.org/diagram/diagram/node/6> ;
    d2g:relationshipType d2g:Follows .

<http://example.org/diagram/diagram/node/1> d2g:follows <http://example.org/diagram/diagram/node/2> .
<http://example.org/diagram/diagram/node/2> d2g:follows <http://example.org/diagram/diagram/node/3> .
<http://example.org/diagram/diagram/node/3> d2g:follows <http://example.org/diagram/diagram/node/4> .
<http://example.org/diagram/diagram/node/4> d2g:follows <http://example.org/diagram/diagram/node/5> .
<http://example.org/diagram/diagram/node/5> d2g:follows <http://example.org/diagram/diagram/node/6> .
",1.0,1.0
Extract RDF triples from this image (/kaggle/input/diagram2graph-dataset/diagram2graph/109.png),['/kaggle/input/diagram2graph-dataset/diagram2graph/109.png'],"@prefix d2g:  <http://example.org/diagram2graph#> .
@prefix rdfs: <http://www.w3.org/2000/01/rdf-schema#> .

<http://example.org/diagram/diagram/node/1> a d2g:Node, d2g:Start ;
    rdfs:label ""Start-up"" ;
    d2g:shape d2g:StartEvent .

<http://example.org/diagram/diagram/node/2> a d2g:Node, d2g:Process ;
    rdfs:label ""Input variables"" ;
    d2g:shape d2g:Task .

<http://example.org/diagram/diagram/node/3> a d2g:Node, d2g:Process ;
    rdfs:label ""Operator"" ;
    d2g:shape d2g:Task .

<http://example.org/diagram/diagram/node/4> a d2g:Node, d2g:Process ;
    rdfs:label ""Main function"" ;
    d2g:shape d2g:Task .

<http://example.org/diagram/diagram/node/5> a d2g:Node, d2g:Process ;
    rdfs:label ""MPU WDT1 setup"" ;
    d2g:shape d2g:Task .

<http://example.org/diagram/diagram/node/6> a d2g:Node, d2g:Process ;
    rdfs:label ""Configuration"" ;
    d2g:shape d2g:Task .

<http://example.org/diagram/diagram/node/7> a d2g:Node, d2g:Terminator ;
    rdfs:label ""Finish"" ;
    d2g:shape d2g:EndEvent .

<http://example.org/diagram/diagram/edge/12> a d2g:Edge, d2g:Solid ;
    d2g:source <http://example.org/diagram/diagram/node/1> ;
    d2g:target <http://example.org/diagram/diagram/node/2> ;
    d2g:relationshipType d2g:Follows .

<http://example.org/diagram/diagram/edge/23> a d2g:Edge, d2g:Solid ;
    d2g:source <http://example.org/diagram/diagram/node/2> ;
    d2g:target <http://example.org/diagram/diagram/node/3> ;
    d2g:relationshipType d2g:Follows .

<http://example.org/diagram/diagram/edge/34> a d2g:Edge, d2g:Solid ;
    d2g:source <http://example.org/diagram/diagram/node/3> ;
    d2g:target <http://example.org/diagram/diagram/node/4> ;
    d2g:relationshipType d2g:Follows .

<http://example.org/diagram/diagram/edge/45> a d2g:Edge, d2g:Solid ;
    d2g:source <http://example.org/diagram/diagram/node/4> ;
    d2g:target <http://example.org/diagram/diagram/node/5> ;
    d2g:relationshipType d2g:Follows .

<http://example.org/diagram/diagram/edge/56> a d2g:Edge, d2g:Solid ;
    d2g:source <http://example.org/diagram/diagram/node/5> ;
    d2g:target <http://example.org/diagram/diagram/node/6> ;
    d2g:relationshipType d2g:Follows .

<http://example.org/diagram/diagram/edge/67> a d2g:Edge, d2g:Solid ;
    d2g:source <http://example.org/diagram/diagram/node/6> ;
    d2g:target <http://example.org/diagram/diagram/node/7> ;
    d2g:relationshipType d2g:Follows .

<http://example.org/diagram/diagram/node/1> d2g:follows <http://example.org/diagram/diagram/node/2> .
<http://example.org/diagram/diagram/node/2> d2g:follows <http://example.org/diagram/diagram/node/3> .
<http://example.org/diagram/diagram/node/3> d2g:follows <http://example.org/diagram/diagram/node/4> .
<http://example.org/diagram/diagram/node/4> d2g:follows <http://example.org/diagram/diagram/node/5> .
<http://example.org/diagram/diagram/node/5> d2g:follows <http://example.org/diagram/diagram/node/6> .
<http://example.org/diagram/diagram/node/6> d2g:follows <http://example.org/diagram/diagram/node/7> .
",1.0,1.0
Extract RDF triples from this image (/kaggle/input/diagram2graph-dataset/diagram2graph/11.png),['/kaggle/input/diagram2graph-dataset/diagram2graph/11.png'],"@prefix d2g:  <http://example.org/diagram2graph#> .
@prefix rdfs: <http://www.w3.org/2000/01/rdf-schema#> .

<http://example.org/diagram/diagram/node/1> a d2g:Start, d2g:Node ;
    rdfs:label ""START"" ;
    d2g:shape d2g:StartEvent .

<http://example.org/diagram/diagram/node/2> a d2g:Process, d2g:Node ;
    rdfs:label ""K is equal to 0"" ;
    d2g:shape d2g:Task .

<http://example.org/diagram/diagram/node/3> a d2g:Process, d2g:Node ;
    rdfs:label ""Calculate K as K+1"" ;
    d2g:shape d2g:Task .

<http://example.org/diagram/diagram/node/4> a d2g:Process, d2g:Node ;
    rdfs:label ""PRINT K"" ;
    d2g:shape d2g:Task .

<http://example.org/diagram/diagram/node/5> a d2g:Terminator, d2g:Node ;
    rdfs:label ""STOP"" ;
    d2g:shape d2g:EndEvent .

<http://example.org/diagram/diagram/edge/12> a d2g:Edge, d2g:Solid ;
    d2g:source <http://example.org/diagram/diagram/node/1> ;
    d2g:target <http://example.org/diagram/diagram/node/2> ;
    d2g:relationshipType d2g:Follows .

<http://example.org/diagram/diagram/edge/23> a d2g:Edge, d2g:Solid ;
    d2g:source <http://example.org/diagram/diagram/node/2> ;
    d2g:target <http://example.org/diagram/diagram/node/3> ;
    d2g:relationshipType d2g:Follows .

<http://example.org/diagram/diagram/edge/34> a d2g:Edge, d2g:Solid ;
    d2g:source <http://example.org/diagram/diagram/node/3> ;
    d2g:target <http://example.org/diagram/diagram/node/4> ;
    d2g:relationshipType d2g:Follows .

<http://example.org/diagram/diagram/edge/45> a d2g:Edge, d2g:Solid ;
    d2g:source <http://example.org/diagram/diagram/node/4> ;
    d2g:target <http://example.org/diagram/diagram/node/5> ;
    d2g:relationshipType d2g:Follows .

<http://example.org/diagram/diagram/node/1> d2g:follows <http://example.org/diagram/diagram/node/2> .
<http://example.org/diagram/diagram/node/2> d2g:follows <http://example.org/diagram/diagram/node/3> .
<http://example.org/diagram/diagram/node/3> d2g:follows <http://example.org/diagram/diagram/node/4> .
<http://example.org/diagram/diagram/node/4> d2g:follows <http://example.org/diagram/diagram/node/5> .
",1.0,1.0
Extract RDF triples from this image (/kaggle/input/diagram2graph-dataset/diagram2graph/111.png),['/kaggle/input/diagram2graph-dataset/diagram2graph/111.png'],"@prefix d2g:  <http://example.org/diagram2graph#> .
@prefix rdfs: <http://www.w3.org/2000/01/rdf-schema#> .

<http://example.org/diagram/diagram/node/1> a d2g:Start, d2g:Node ;
    rdfs:label ""Start"" ;
    d2g:shape d2g:StartEvent .

<http://example.org/diagram/diagram/node/2> a d2g:Process, d2g:Node ;
    rdfs:label ""Door Bell"" ;
    d2g:shape d2g:Task .

<http://example.org/diagram/diagram/node/3> a d2g:Delay, d2g:Node ;
    rdfs:label ""Relay"" ;
    d2g:shape d2g:Delay .

<http://example.org/diagram/diagram/node/4> a d2g:Decision, d2g:Node ;
    rdfs:label ""Ready to Get Up?"" ;
    d2g:shape d2g:Gateway .

<http://example.org/diagram/diagram/node/5> a d2g:Process, d2g:Node ;
    rdfs:label ""Ignore bell"" ;
    d2g:shape d2g:Task .

<http://example.org/diagram/diagram/node/6> a d2g:Process, d2g:Node ;
    rdfs:label ""Wakeup"" ;
    d2g:shape d2g:Task .

<http://example.org/diagram/diagram/node/7> a d2g:Terminator, d2g:Node ;
    rdfs:label ""End"" ;
    d2g:shape d2g:EndEvent .

<http://example.org/diagram/diagram/edge/12> a d2g:Edge, d2g:Solid ;
    d2g:source <http://example.org/diagram/diagram/node/1> ;
    d2g:target <http://example.org/diagram/diagram/node/2> ;
    d2g:relationshipType d2g:Follows .

<http://example.org/diagram/diagram/edge/24> a d2g:Edge, d2g:Solid ;
    d2g:source <http://example.org/diagram/diagram/node/2> ;
    d2g:target <http://example.org/diagram/diagram/node/4> ;
    d2g:relationshipType d2g:Follows .

<http://example.org/diagram/diagram/edge/32> a d2g:Edge, d2g:Solid ;
    d2g:source <http://example.org/diagram/diagram/node/3> ;
    d2g:target <http://example.org/diagram/diagram/node/2> ;
    d2g:relationshipType d2g:Follows .

<http://example.org/diagram/diagram/edge/46> a d2g:Edge, d2g:Solid ;
    d2g:source <http://example.org/diagram/diagram/node/4> ;
    d2g:target <http://example.org/diagram/diagram/node/6> ;
    d2g:relationshipType d2g:Branches ;
    d2g:relationshipValue ""YES"" .

<http://example.org/diagram/diagram/edge/45> a d2g:Edge, d2g:Solid ;
    d2g:source <http://example.org/diagram/diagram/node/4> ;
    d2g:target <http://example.org/diagram/diagram/node/5> ;
    d2g:relationshipType d2g:Branches ;
    d2g:relationshipValue ""NO"" .

<http://example.org/diagram/diagram/edge/53> a d2g:Edge, d2g:Solid ;
    d2g:source <http://example.org/diagram/diagram/node/5> ;
    d2g:target <http://example.org/diagram/diagram/node/3> ;
    d2g:relationshipType d2g:Follows .

<http://example.org/diagram/diagram/edge/67> a d2g:Edge, d2g:Solid ;
    d2g:source <http://example.org/diagram/diagram/node/6> ;
    d2g:target <http://example.org/diagram/diagram/node/7> ;
    d2g:relationshipType d2g:Follows .

<http://example.org/diagram/diagram/node/1> d2g:follows <http://example.org/diagram/diagram/node/2> .
<http://example.org/diagram/diagram/node/2> d2g:follows <http://example.org/diagram/diagram/node/4> .
<http://example.org/diagram/diagram/node/3> d2g:follows <http://example.org/diagram/diagram/node/2> .
<http://example.org/diagram/diagram/node/4> d2g:branches <http://example.org/diagram/diagram/node/6> .
<http://example.org/diagram/diagram/node/4> d2g:branches <http://example.org/diagram/diagram/node/5> .
<http://example.org/diagram/diagram/node/5> d2g:follows <http://example.org/diagram/diagram/node/3> .
<http://example.org/diagram/diagram/node/6> d2g:follows <http://example.org/diagram/diagram/node/7> .
",0.0,1.0
Extract RDF triples from this image (/kaggle/input/diagram2graph-dataset/diagram2graph/113.png),['/kaggle/input/diagram2graph-dataset/diagram2graph/113.png'],"@prefix d2g:  <http://example.org/diagram2graph#> .
@prefix rdfs: <http://www.w3.org/2000/01/rdf-schema#> .

<http://example.org/diagram/diagram/node/1> a d2g:Decision, d2g:Node ;
    rdfs:label ""Do you have time to flee?"" ;
    d2g:shape d2g:Gateway .

<http://example.org/diagram/diagram/node/2> a d2g:Process, d2g:Node ;
    rdfs:label ""Run quickly"" ;
    d2g:shape d2g:Task .

<http://example.org/diagram/diagram/node/3> a d2g:Decision, d2g:Node ;
    rdfs:label ""Are you wearing sun glasses?"" ;
    d2g:shape d2g:Gateway .

<http://example.org/diagram/diagram/node/4> a d2g:Process, d2g:Node ;
    rdfs:label ""Don't run"" ;
    d2g:shape d2g:Task .

<http://example.org/diagram/diagram/node/5> a d2g:Terminator, d2g:Node ;
    rdfs:label ""Yeah! No need to say hi."" ;
    d2g:shape d2g:EndEvent .

<http://example.org/diagram/diagram/node/6> a d2g:Decision, d2g:Node ;
    rdfs:label ""Could you pretend to get a call?"" ;
    d2g:shape d2g:Gateway .

<http://example.org/diagram/diagram/node/7> a d2g:Process, d2g:Node ;
    rdfs:label ""No problem"" ;
    d2g:shape d2g:Task .

<http://example.org/diagram/diagram/node/8> a d2g:Terminator, d2g:Node ;
    rdfs:label ""Finish"" ;
    d2g:shape d2g:EndEvent .

<http://example.org/diagram/diagram/edge/12> a d2g:Edge, d2g:Solid ;
    d2g:source <http://example.org/diagram/diagram/node/1> ;
    d2g:target <http://example.org/diagram/diagram/node/2> ;
    d2g:relationshipType d2g:Branches ;
    d2g:relationshipValue ""Yes"" .

<http://example.org/diagram/diagram/edge/13> a d2g:Edge, d2g:Solid ;
    d2g:source <http://example.org/diagram/diagram/node/1> ;
    d2g:target <http://example.org/diagram/diagram/node/3> ;
    d2g:relationshipType d2g:Branches ;
    d2g:relationshipValue ""No"" .

<http://example.org/diagram/diagram/edge/25> a d2g:Edge, d2g:Solid ;
    d2g:source <http://example.org/diagram/diagram/node/2> ;
    d2g:target <http://example.org/diagram/diagram/node/5> ;
    d2g:relationshipType d2g:Follows .

<http://example.org/diagram/diagram/edge/34> a d2g:Edge, d2g:Solid ;
    d2g:source <http://example.org/diagram/diagram/node/3> ;
    d2g:target <http://example.org/diagram/diagram/node/4> ;
    d2g:relationshipType d2g:Branches ;
    d2g:relationshipValue ""Yes"" .

<http://example.org/diagram/diagram/edge/36> a d2g:Edge, d2g:Solid ;
    d2g:source <http://example.org/diagram/diagram/node/3> ;
    d2g:target <http://example.org/diagram/diagram/node/6> ;
    d2g:relationshipType d2g:Branches ;
    d2g:relationshipValue ""No"" .

<http://example.org/diagram/diagram/edge/45> a d2g:Edge, d2g:Solid ;
    d2g:source <http://example.org/diagram/diagram/node/4> ;
    d2g:target <http://example.org/diagram/diagram/node/5> ;
    d2g:relationshipType d2g:Follows .

<http://example.org/diagram/diagram/edge/67> a d2g:Edge, d2g:Solid ;
    d2g:source <http://example.org/diagram/diagram/node/6> ;
    d2g:target <http://example.org/diagram/diagram/node/7> ;
    d2g:relationshipType d2g:Branches ;
    d2g:relationshipValue ""Yes"" .

<http://example.org/diagram/diagram/edge/68> a d2g:Edge, d2g:Solid ;
    d2g:source <http://example.org/diagram/diagram/node/6> ;
    d2g:target <http://example.org/diagram/diagram/node/8> ;
    d2g:relationshipType d2g:Branches ;
    d2g:relationshipValue ""No"" .

<http://example.org/diagram/diagram/edge/75> a d2g:Edge, d2g:Solid ;
    d2g:source <http://example.org/diagram/diagram/node/7> ;
    d2g:target <http://example.org/diagram/diagram/node/5> ;
    d2g:relationshipType d2g:Follows .

<http://example.org/diagram/diagram/node/1> d2g:branches <http://example.org/diagram/diagram/node/2> .
<http://example.org/diagram/diagram/node/1> d2g:branches <http://example.org/diagram/diagram/node/3> .
<http://example.org/diagram/diagram/node/2> d2g:follows <http://example.org/diagram/diagram/node/5> .
<http://example.org/diagram/diagram/node/3> d2g:branches <http://example.org/diagram/diagram/node/4> .
<http://example.org/diagram/diagram/node/3> d2g:branches <http://example.org/diagram/diagram/node/6> .
<http://example.org/diagram/diagram/node/4> d2g:follows <http://example.org/diagram/diagram/node/5> .
<http://example.org/diagram/diagram/node/6> d2g:branches <http://example.org/diagram/diagram/node/7> .
<http://example.org/diagram/diagram/node/6> d2g:branches <http://example.org/diagram/diagram/node/8> .
<http://example.org/diagram/diagram/node/7> d2g:follows <http://example.org/diagram/diagram/node/5> .
",1.0,1.0
Extract RDF triples from this image (/kaggle/input/diagram2graph-dataset/diagram2graph/114.png),['/kaggle/input/diagram2graph-dataset/diagram2graph/114.png'],"@prefix d2g:  <http://example.org/diagram2graph#> .
@prefix rdfs: <http://www.w3.org/2000/01/rdf-schema#> .

<http://example.org/diagram/diagram/node/1> a d2g:Start, d2g:Node ;
    rdfs:label """" ;
    d2g:shape d2g:StartEvent .

<http://example.org/diagram/diagram/node/2> a d2g:Process, d2g:Node ;
    rdfs:label ""User enters login name and password"" ;
    d2g:shape d2g:Task .

<http://example.org/diagram/diagram/node/3> a d2g:Decision, d2g:Node ;
    rdfs:label ""Correct login and password?"" ;
    d2g:shape d2g:Gateway .

<http://example.org/diagram/diagram/node/4> a d2g:Process, d2g:Node ;
    rdfs:label ""Alert"" ;
    d2g:shape d2g:Task .

<http://example.org/diagram/diagram/node/5> a d2g:Process, d2g:Node ;
    rdfs:label ""User successfully logs in"" ;
    d2g:shape d2g:Task .

<http://example.org/diagram/diagram/node/6> a d2g:Process, d2g:Node ;
    rdfs:label ""Display"" ;
    d2g:shape d2g:Task .

<http://example.org/diagram/diagram/node/7> a d2g:Terminator, d2g:Node ;
    rdfs:label """" ;
    d2g:shape d2g:EndEvent .

<http://example.org/diagram/diagram/node/8> a d2g:Process, d2g:Node ;
    rdfs:label ""User logs into the system"" ;
    d2g:shape d2g:Task .

<http://example.org/diagram/diagram/edge/12> a d2g:Edge, d2g:Solid ;
    d2g:source <http://example.org/diagram/diagram/node/1> ;
    d2g:target <http://example.org/diagram/diagram/node/2> ;
    d2g:relationshipType d2g:Follows .

<http://example.org/diagram/diagram/edge/23> a d2g:Edge, d2g:Solid ;
    d2g:source <http://example.org/diagram/diagram/node/2> ;
    d2g:target <http://example.org/diagram/diagram/node/3> ;
    d2g:relationshipType d2g:Follows .

<http://example.org/diagram/diagram/edge/35> a d2g:Edge, d2g:Solid ;
    d2g:source <http://example.org/diagram/diagram/node/3> ;
    d2g:target <http://example.org/diagram/diagram/node/5> ;
    d2g:relationshipType d2g:Branches ;
    d2g:relationshipValue ""Yes"" .

<http://example.org/diagram/diagram/edge/34> a d2g:Edge, d2g:Solid ;
    d2g:source <http://example.org/diagram/diagram/node/3> ;
    d2g:target <http://example.org/diagram/diagram/node/4> ;
    d2g:relationshipType d2g:Branches ;
    d2g:relationshipValue ""No"" .

<http://example.org/diagram/diagram/edge/42> a d2g:Edge, d2g:Solid ;
    d2g:source <http://example.org/diagram/diagram/node/4> ;
    d2g:target <http://example.org/diagram/diagram/node/2> ;
    d2g:relationshipType d2g:Follows .

<http://example.org/diagram/diagram/edge/56> a d2g:Edge, d2g:Solid ;
    d2g:source <http://example.org/diagram/diagram/node/5> ;
    d2g:target <http://example.org/diagram/diagram/node/6> ;
    d2g:relationshipType d2g:Follows .

<http://example.org/diagram/diagram/edge/67> a d2g:Edge, d2g:Solid ;
    d2g:source <http://example.org/diagram/diagram/node/6> ;
    d2g:target <http://example.org/diagram/diagram/node/7> ;
    d2g:relationshipType d2g:Follows .

<http://example.org/diagram/diagram/edge/78> a d2g:Edge, d2g:Solid ;
    d2g:source <http://example.org/diagram/diagram/node/7> ;
    d2g:target <http://example.org/diagram/diagram/node/8> ;
    d2g:relationshipType d2g:Follows .

<http://example.org/diagram/diagram/node/1> d2g:follows <http://example.org/diagram/diagram/node/2> .
<http://example.org/diagram/diagram/node/2> d2g:follows <http://example.org/diagram/diagram/node/3> .
<http://example.org/diagram/diagram/node/3> d2g:branches <http://example.org/diagram/diagram/node/5> .
<http://example.org/diagram/diagram/node/3> d2g:branches <http://example.org/diagram/diagram/node/4> .
<http://example.org/diagram/diagram/node/4> d2g:follows <http://example.org/diagram/diagram/node/2> .
<http://example.org/diagram/diagram/node/5> d2g:follows <http://example.org/diagram/diagram/node/6> .
<http://example.org/diagram/diagram/node/6> d2g:follows <http://example.org/diagram/diagram/node/7> .
<http://example.org/diagram/diagram/node/7> d2g:follows <http://example.org/diagram/diagram/node/8> .
",0.0,1.0
Extract RDF triples from this image (/kaggle/input/diagram2graph-dataset/diagram2graph/116.png),['/kaggle/input/diagram2graph-dataset/diagram2graph/116.png'],"@prefix d2g: <http://example.org/diagram2graph#> .
@prefix rdfs: <http://www.w3.org/2000/01/rdf-schema#> .

<http://example.org/diagram/diagram/node/1> a d2g:Start, d2g:Node ;
    rdfs:label ""Start"" ;
    d2g:shape d2g:StartEvent .

<http://example.org/diagram/diagram/node/2> a d2g:Process, d2g:Node ;
    rdfs:label ""Power on"" ;
    d2g:shape d2g:Task .

<http://example.org/diagram/diagram/node/3> a d2g:Decision, d2g:Node ;
    rdfs:label ""Coffee selected"" ;
    d2g:shape d2g:Gateway .

<http://example.org/diagram/diagram/node/4> a d2g:Process, d2g:Node ;
    rdfs:label ""Add Chocolate powder"" ;
    d2g:shape d2g:Task .

<http://example.org/diagram/diagram/node/5> a d2g:Process, d2g:Node ;
    rdfs:label ""Add frothed milk"" ;
    d2g:shape d2g:Task .

<http://example.org/diagram/diagram/node/6> a d2g:Process, d2g:Node ;
    rdfs:label ""Add sugar"" ;
    d2g:shape d2g:Task .

<http://example.org/diagram/diagram/node/7> a d2g:Decision, d2g:Node ;
    rdfs:label ""Power pressed"" ;
    d2g:shape d2g:Gateway .

<http://example.org/diagram/diagram/node/8> a d2g:Process, d2g:Node ;
    rdfs:label ""Power off"" ;
    d2g:shape d2g:Task .

<http://example.org/diagram/diagram/node/9> a d2g:Terminator, d2g:Node ;
    rdfs:label ""End"" ;
    d2g:shape d2g:EndEvent .

<http://example.org/diagram/diagram/edge/12> a d2g:Edge, d2g:Solid ;
    d2g:source <http://example.org/diagram/diagram/node/1> ;
    d2g:target <http://example.org/diagram/diagram/node/2> ;
    d2g:relationshipType d2g:Follows .

<http://example.org/diagram/diagram/edge/23> a d2g:Edge, d2g:Solid ;
    d2g:source <http://example.org/diagram/diagram/node/2> ;
    d2g:target <http://example.org/diagram/diagram/node/3> ;
    d2g:relationshipType d2g:Follows .

<http://example.org/diagram/diagram/edge/34> a d2g:Edge, d2g:Solid ;
    d2g:source <http://example.org/diagram/diagram/node/3> ;
    d2g:target <http://example.org/diagram/diagram/node/4> ;
    d2g:relationshipType d2g:Branches ;
    d2g:relationshipValue ""Mocha"" .

<http://example.org/diagram/diagram/edge/35> a d2g:Edge, d2g:Solid ;
    d2g:source <http://example.org/diagram/diagram/node/3> ;
    d2g:target <http://example.org/diagram/diagram/node/5> ;
    d2g:relationshipType d2g:Branches ;
    d2g:relationshipValue ""Latte"" .

<http://example.org/diagram/diagram/edge/36> a d2g:Edge, d2g:Solid ;
    d2g:source <http://example.org/diagram/diagram/node/3> ;
    d2g:target <http://example.org/diagram/diagram/node/6> ;
    d2g:relationshipType d2g:Branches ;
    d2g:relationshipValue ""Espresso"" .

<http://example.org/diagram/diagram/edge/45> a d2g:Edge, d2g:Solid ;
    d2g:source <http://example.org/diagram/diagram/node/4> ;
    d2g:target <http://example.org/diagram/diagram/node/5> ;
    d2g:relationshipType d2g:Follows .

<http://example.org/diagram/diagram/edge/56> a d2g:Edge, d2g:Solid ;
    d2g:source <http://example.org/diagram/diagram/node/5> ;
    d2g:target <http://example.org/diagram/diagram/node/6> ;
    d2g:relationshipType d2g:Follows .

<http://example.org/diagram/diagram/edge/67> a d2g:Edge, d2g:Solid ;
    d2g:source <http://example.org/diagram/diagram/node/6> ;
    d2g:target <http://example.org/diagram/diagram/node/7> ;
    d2g:relationshipType d2g:Follows .

<http://example.org/diagram/diagram/edge/78> a d2g:Edge, d2g:Solid ;
    d2g:source <http://example.org/diagram/diagram/node/7> ;
    d2g:target <http://example.org/diagram/diagram/node/8> ;
    d2g:relationshipType d2g:Branches .

<http://example.org/diagram/diagram/edge/89> a d2g:Edge, d2g:Solid ;
    d2g:source <http://example.org/diagram/diagram/node/8> ;
    d2g:target <http://example.org/diagram/diagram/node/9> ;
    d2g:relationshipType d2g:Follows .

<http://example.org/diagram/diagram/node/1> d2g:follows <http://example.org/diagram/diagram/node/2> .
<http://example.org/diagram/diagram/node/2> d2g:follows <http://example.org/diagram/diagram/node/3> .
<http://example.org/diagram/diagram/node/3> d2g:branches <http://example.org/diagram/diagram/node/4> .
<http://example.org/diagram/diagram/node/3> d2g:branches <http://example.org/diagram/diagram/node/5> .
<http://example.org/diagram/diagram/node/3> d2g:branches <http://example.org/diagram/diagram/node/6> .
<http://example.org/diagram/diagram/node/4> d2g:follows <http://example.org/diagram/diagram/node/5> .
<http://example.org/diagram/diagram/node/5> d2g:follows <http://example.org/diagram/diagram/node/6> .
<http://example.org/diagram/diagram/node/6> d2g:follows <http://example.org/diagram/diagram/node/7> .
<http://example.org/diagram/diagram/node/7> d2g:branches <http://example.org/diagram/diagram/node/8> .
<http://example.org/diagram/diagram/node/8> d2g:follows <http://example.org/diagram/diagram/node/9> .
",1.0,1.0
Extract RDF triples from this image (/kaggle/input/diagram2graph-dataset/diagram2graph/118.png),['/kaggle/input/diagram2graph-dataset/diagram2graph/118.png'],"@prefix d2g:  <http://example.org/diagram2graph#> .
@prefix rdfs: <http://www.w3.org/2000/01/rdf-schema#> .

<http://example.org/diagram/diagram/node/1> a d2g:Start, d2g:Node ;
    rdfs:label ""Start"" ;
    d2g:shape d2g:StartEvent .

<http://example.org/diagram/diagram/node/2> a d2g:Process, d2g:Node ;
    rdfs:label ""Input"" ;
    d2g:shape d2g:Task .

<http://example.org/diagram/diagram/node/3> a d2g:Decision, d2g:Node ;
    rdfs:label ""If\n(angka % 2 == 1)"" ;
    d2g:shape d2g:Gateway .

<http://example.org/diagram/diagram/node/4> a d2g:Process, d2g:Node ;
    rdfs:label ""Prime Number"" ;
    d2g:shape d2g:Task .

<http://example.org/diagram/diagram/node/5> a d2g:Process, d2g:Node ;
    rdfs:label ""Non prime"" ;
    d2g:shape d2g:Task .

<http://example.org/diagram/diagram/node/6> a d2g:Terminator, d2g:Node ;
    rdfs:label ""Finish"" ;
    d2g:shape d2g:EndEvent .

<http://example.org/diagram/diagram/edge/12> a d2g:Edge, d2g:Solid ;
    d2g:source <http://example.org/diagram/diagram/node/1> ;
    d2g:target <http://example.org/diagram/diagram/node/2> ;
    d2g:relationshipType d2g:Follows .

<http://example.org/diagram/diagram/edge/23> a d2g:Edge, d2g:Solid ;
    d2g:source <http://example.org/diagram/diagram/node/2> ;
    d2g:target <http://example.org/diagram/diagram/node/3> ;
    d2g:relationshipType d2g:Follows .

<http://example.org/diagram/diagram/edge/34> a d2g:Edge, d2g:Solid ;
    d2g:source <http://example.org/diagram/diagram/node/3> ;
    d2g:target <http://example.org/diagram/diagram/node/4> ;
    d2g:relationshipType d2g:Branches ;
    d2g:relationshipValue ""True"" .

<http://example.org/diagram/diagram/edge/35> a d2g:Edge, d2g:Solid ;
    d2g:source <http://example.org/diagram/diagram/node/3> ;
    d2g:target <http://example.org/diagram/diagram/node/5> ;
    d2g:relationshipType d2g:Branches ;
    d2g:relationshipValue ""False"" .

<http://example.org/diagram/diagram/edge/46> a d2g:Edge, d2g:Solid ;
    d2g:source <http://example.org/diagram/diagram/node/4> ;
    d2g:target <http://example.org/diagram/diagram/node/6> ;
    d2g:relationshipType d2g:Follows .

<http://example.org/diagram/diagram/edge/56> a d2g:Edge, d2g:Solid ;
    d2g:source <http://example.org/diagram/diagram/node/5> ;
    d2g:target <http://example.org/diagram/diagram/node/6> ;
    d2g:relationshipType d2g:Follows .

<http://example.org/diagram/diagram/node/1> d2g:follows <http://example.org/diagram/diagram/node/2> .
<http://example.org/diagram/diagram/node/2> d2g:follows <http://example.org/diagram/diagram/node/3> .
<http://example.org/diagram/diagram/node/3> d2g:branches <http://example.org/diagram/diagram/node/4> .
<http://example.org/diagram/diagram/node/3> d2g:branches <http://example.org/diagram/diagram/node/5> .
<http://example.org/diagram/diagram/node/4> d2g:follows <http://example.org/diagram/diagram/node/6> .
<http://example.org/diagram/diagram/node/5> d2g:follows <http://example.org/diagram/diagram/node/6> .
",1.0,1.0
Extract RDF triples from this image (/kaggle/input/diagram2graph-dataset/diagram2graph/119.png),['/kaggle/input/diagram2graph-dataset/diagram2graph/119.png'],"@prefix d2g:  <http://example.org/diagram2graph#> .
@prefix rdfs: <http://www.w3.org/2000/01/rdf-schema#> .

<http://example.org/diagram/diagram/node/1> a d2g:Start, d2g:Node ;
    rdfs:label ""Begin"" ;
    d2g:shape d2g:StartEvent .

<http://example.org/diagram/diagram/node/2> a d2g:Process, d2g:Node ;
    rdfs:label ""iCounter = 1"" ;
    d2g:shape d2g:Task .

<http://example.org/diagram/diagram/node/3> a d2g:Process, d2g:Node ;
    rdfs:label ""Output: iCounter"" ;
    d2g:shape d2g:Task .

<http://example.org/diagram/diagram/node/4> a d2g:Process, d2g:Node ;
    rdfs:label ""Increment"" ;
    d2g:shape d2g:Task .

<http://example.org/diagram/diagram/node/5> a d2g:Decision, d2g:Node ;
    rdfs:label ""iCounter <= 10"" ;
    d2g:shape d2g:Gateway .

<http://example.org/diagram/diagram/node/6> a d2g:Terminator, d2g:Node ;
    rdfs:label ""End"" ;
    d2g:shape d2g:EndEvent .

<http://example.org/diagram/diagram/edge/12> a d2g:Edge, d2g:Solid ;
    d2g:source <http://example.org/diagram/diagram/node/1> ;
    d2g:target <http://example.org/diagram/diagram/node/2> ;
    d2g:relationshipType d2g:Follows .

<http://example.org/diagram/diagram/edge/23> a d2g:Edge, d2g:Solid ;
    d2g:source <http://example.org/diagram/diagram/node/2> ;
    d2g:target <http://example.org/diagram/diagram/node/3> ;
    d2g:relationshipType d2g:Follows .

<http://example.org/diagram/diagram/edge/34> a d2g:Edge, d2g:Solid ;
    d2g:source <http://example.org/diagram/diagram/node/3> ;
    d2g:target <http://example.org/diagram/diagram/node/4> ;
    d2g:relationshipType d2g:Follows .

<http://example.org/diagram/diagram/edge/45> a d2g:Edge, d2g:Solid ;
    d2g:source <http://example.org/diagram/diagram/node/4> ;
    d2g:target <http://example.org/diagram/diagram/node/5> ;
    d2g:relationshipType d2g:Follows .

<http://example.org/diagram/diagram/edge/53> a d2g:Edge, d2g:Solid ;
    d2g:source <http://example.org/diagram/diagram/node/5> ;
    d2g:target <http://example.org/diagram/diagram/node/3> ;
    d2g:relationshipType d2g:Branches ;
    d2g:relationshipValue ""True"" .

<http://example.org/diagram/diagram/edge/56> a d2g:Edge, d2g:Solid ;
    d2g:source <http://example.org/diagram/diagram/node/5> ;
    d2g:target <http://example.org/diagram/diagram/node/6> ;
    d2g:relationshipType d2g:Branches ;
    d2g:relationshipValue ""False"" .

<http://example.org/diagram/diagram/node/1> d2g:follows <http://example.org/diagram/diagram/node/2> .
<http://example.org/diagram/diagram/node/2> d2g:follows <http://example.org/diagram/diagram/node/3> .
<http://example.org/diagram/diagram/node/3> d2g:follows <http://example.org/diagram/diagram/node/4> .
<http://example.org/diagram/diagram/node/4> d2g:follows <http://example.org/diagram/diagram/node/5> .
<http://example.org/diagram/diagram/node/5> d2g:branches <http://example.org/diagram/diagram/node/3> .
<http://example.org/diagram/diagram/node/5> d2g:branches <http://example.org/diagram/diagram/node/6> .
",1.0,1.0
Extract RDF triples from this image (/kaggle/input/diagram2graph-dataset/diagram2graph/12.png),['/kaggle/input/diagram2graph-dataset/diagram2graph/12.png'],"@prefix d2g:  <http://example.org/diagram2graph#> .
@prefix rdfs: <http://www.w3.org/2000/01/rdf-schema#> .

<http://example.org/diagram/diagram/node/1> a d2g:Process, d2g:Node ;
    rdfs:label ""Login Profile"" ;
    d2g:shape d2g:Task .

<http://example.org/diagram/diagram/node/2> a d2g:Decision, d2g:Node ;
    rdfs:label ""Still Logged in?"" ;
    d2g:shape d2g:Gateway .

<http://example.org/diagram/diagram/node/3> a d2g:Process, d2g:Node ;
    rdfs:label ""Session time out"" ;
    d2g:shape d2g:Task .

<http://example.org/diagram/diagram/node/4> a d2g:Process, d2g:Node ;
    rdfs:label ""Go On"" ;
    d2g:shape d2g:Task .

<http://example.org/diagram/diagram/node/5> a d2g:Process, d2g:Node ;
    rdfs:label ""Login Again"" ;
    d2g:shape d2g:Task .

<http://example.org/diagram/diagram/node/6> a d2g:Decision, d2g:Node ;
    rdfs:label ""Logged in?"" ;
    d2g:shape d2g:Gateway .

<http://example.org/diagram/diagram/node/7> a d2g:Process, d2g:Node ;
    rdfs:label ""Pause Counting"" ;
    d2g:shape d2g:Task .

<http://example.org/diagram/diagram/edge/12> a d2g:Edge, d2g:Solid ;
    d2g:source <http://example.org/diagram/diagram/node/1> ;
    d2g:target <http://example.org/diagram/diagram/node/2> ;
    d2g:relationshipType d2g:Follows .

<http://example.org/diagram/diagram/edge/24> a d2g:Edge, d2g:Solid ;
    d2g:source <http://example.org/diagram/diagram/node/2> ;
    d2g:target <http://example.org/diagram/diagram/node/4> ;
    d2g:relationshipType d2g:Branches ;
    d2g:relationshipValue ""Yes"" .

<http://example.org/diagram/diagram/edge/23> a d2g:Edge, d2g:Solid ;
    d2g:source <http://example.org/diagram/diagram/node/2> ;
    d2g:target <http://example.org/diagram/diagram/node/3> ;
    d2g:relationshipType d2g:Branches ;
    d2g:relationshipValue ""No"" .

<http://example.org/diagram/diagram/edge/35> a d2g:Edge, d2g:Solid ;
    d2g:source <http://example.org/diagram/diagram/node/3> ;
    d2g:target <http://example.org/diagram/diagram/node/5> ;
    d2g:relationshipType d2g:Follows .

<http://example.org/diagram/diagram/edge/42> a d2g:Edge, d2g:Solid ;
    d2g:source <http://example.org/diagram/diagram/node/4> ;
    d2g:target <http://example.org/diagram/diagram/node/2> ;
    d2g:relationshipType d2g:Follows .

<http://example.org/diagram/diagram/edge/56> a d2g:Edge, d2g:Solid ;
    d2g:source <http://example.org/diagram/diagram/node/5> ;
    d2g:target <http://example.org/diagram/diagram/node/6> ;
    d2g:relationshipType d2g:Follows .

<http://example.org/diagram/diagram/edge/64> a d2g:Edge, d2g:Solid ;
    d2g:source <http://example.org/diagram/diagram/node/6> ;
    d2g:target <http://example.org/diagram/diagram/node/4> ;
    d2g:relationshipType d2g:Branches ;
    d2g:relationshipValue ""Yes"" .

<http://example.org/diagram/diagram/edge/67> a d2g:Edge, d2g:Solid ;
    d2g:source <http://example.org/diagram/diagram/node/6> ;
    d2g:target <http://example.org/diagram/diagram/node/7> ;
    d2g:relationshipType d2g:Branches ;
    d2g:relationshipValue ""No"" .

<http://example.org/diagram/diagram/node/1> d2g:follows <http://example.org/diagram/diagram/node/2> .
<http://example.org/diagram/diagram/node/2> d2g:branches <http://example.org/diagram/diagram/node/4> .
<http://example.org/diagram/diagram/node/2> d2g:branches <http://example.org/diagram/diagram/node/3> .
<http://example.org/diagram/diagram/node/3> d2g:follows <http://example.org/diagram/diagram/node/5> .
<http://example.org/diagram/diagram/node/4> d2g:follows <http://example.org/diagram/diagram/node/2> .
<http://example.org/diagram/diagram/node/5> d2g:follows <http://example.org/diagram/diagram/node/6> .
<http://example.org/diagram/diagram/node/6> d2g:branches <http://example.org/diagram/diagram/node/4> .
<http://example.org/diagram/diagram/node/6> d2g:branches <http://example.org/diagram/diagram/node/7> .
",0.0,0.0
Extract RDF triples from this image (/kaggle/input/diagram2graph-dataset/diagram2graph/120.png),['/kaggle/input/diagram2graph-dataset/diagram2graph/120.png'],"@prefix d2g:  <http://example.org/diagram2graph#> .
@prefix rdfs: <http://www.w3.org/2000/01/rdf-schema#> .

<http://example.org/diagram/diagram/node/1> a d2g:Start, d2g:Node ;
    rdfs:label ""Start"" ;
    d2g:shape d2g:StartEvent .

<http://example.org/diagram/diagram/node/2> a d2g:Process, d2g:Node ;
    rdfs:label ""Input Total Score"" ;
    d2g:shape d2g:Task .

<http://example.org/diagram/diagram/node/3> a d2g:Decision, d2g:Node ;
    rdfs:label ""If total score > 800"" ;
    d2g:shape d2g:Gateway .

<http://example.org/diagram/diagram/node/4> a d2g:Process, d2g:Node ;
    rdfs:label ""Not good college"" ;
    d2g:shape d2g:Task .

<http://example.org/diagram/diagram/node/5> a d2g:Process, d2g:Node ;
    rdfs:label ""Good college"" ;
    d2g:shape d2g:Task .

<http://example.org/diagram/diagram/node/6> a d2g:Terminator, d2g:Node ;
    rdfs:label ""End"" ;
    d2g:shape d2g:EndEvent .

<http://example.org/diagram/diagram/edge/12> a d2g:Edge, d2g:Solid ;
    d2g:source <http://example.org/diagram/diagram/node/1> ;
    d2g:target <http://example.org/diagram/diagram/node/2> ;
    d2g:relationshipType d2g:Follows .

<http://example.org/diagram/diagram/edge/23> a d2g:Edge, d2g:Solid ;
    d2g:source <http://example.org/diagram/diagram/node/2> ;
    d2g:target <http://example.org/diagram/diagram/node/3> ;
    d2g:relationshipType d2g:Follows .

<http://example.org/diagram/diagram/edge/34> a d2g:Edge, d2g:Solid ;
    d2g:source <http://example.org/diagram/diagram/node/3> ;
    d2g:target <http://example.org/diagram/diagram/node/4> ;
    d2g:relationshipType d2g:Branches ;
    d2g:relationshipValue ""No"" .

<http://example.org/diagram/diagram/edge/35> a d2g:Edge, d2g:Solid ;
    d2g:source <http://example.org/diagram/diagram/node/3> ;
    d2g:target <http://example.org/diagram/diagram/node/5> ;
    d2g:relationshipType d2g:Branches ;
    d2g:relationshipValue ""Yes"" .

<http://example.org/diagram/diagram/edge/46> a d2g:Edge, d2g:Solid ;
    d2g:source <http://example.org/diagram/diagram/node/4> ;
    d2g:target <http://example.org/diagram/diagram/node/6> ;
    d2g:relationshipType d2g:Follows .

<http://example.org/diagram/diagram/edge/56> a d2g:Edge, d2g:Solid ;
    d2g:source <http://example.org/diagram/diagram/node/5> ;
    d2g:target <http://example.org/diagram/diagram/node/6> ;
    d2g:relationshipType d2g:Follows .

<http://example.org/diagram/diagram/node/1> d2g:follows <http://example.org/diagram/diagram/node/2> .
<http://example.org/diagram/diagram/node/2> d2g:follows <http://example.org/diagram/diagram/node/3> .
<http://example.org/diagram/diagram/node/3> d2g:branches <http://example.org/diagram/diagram/node/4> .
<http://example.org/diagram/diagram/node/3> d2g:branches <http://example.org/diagram/diagram/node/5> .
<http://example.org/diagram/diagram/node/4> d2g:follows <http://example.org/diagram/diagram/node/6> .
<http://example.org/diagram/diagram/node/5> d2g:follows <http://example.org/diagram/diagram/node/6> .
",1.0,1.0
Extract RDF triples from this image (/kaggle/input/diagram2graph-dataset/diagram2graph/121.png),['/kaggle/input/diagram2graph-dataset/diagram2graph/121.png'],"@prefix d2g:  <http://example.org/diagram2graph#> .
@prefix rdfs: <http://www.w3.org/2000/01/rdf-schema#> .

<http://example.org/diagram/diagram/node/1> a d2g:Start, d2g:Node ;
    rdfs:label ""Begin"" ;
    d2g:shape d2g:StartEvent .

<http://example.org/diagram/diagram/node/2> a d2g:Process, d2g:Node ;
    rdfs:label ""Generate Initial Population"" ;
    d2g:shape d2g:Task .

<http://example.org/diagram/diagram/node/3> a d2g:Process, d2g:Node ;
    rdfs:label ""Compute the fitness of each individual"" ;
    d2g:shape d2g:Task .

<http://example.org/diagram/diagram/node/4> a d2g:Process, d2g:Node ;
    rdfs:label ""Check all person"" ;
    d2g:shape d2g:Task .

<http://example.org/diagram/diagram/node/5> a d2g:Process, d2g:Node ;
    rdfs:label ""Categorize them"" ;
    d2g:shape d2g:Task .

<http://example.org/diagram/diagram/node/6> a d2g:Decision, d2g:Node ;
    rdfs:label ""Converging ?"" ;
    d2g:shape d2g:Gateway .

<http://example.org/diagram/diagram/node/7> a d2g:Terminator, d2g:Node ;
    rdfs:label ""End"" ;
    d2g:shape d2g:EndEvent .

<http://example.org/diagram/diagram/edge/12> a d2g:Edge, d2g:Solid ;
    d2g:source <http://example.org/diagram/diagram/node/1> ;
    d2g:target <http://example.org/diagram/diagram/node/2> ;
    d2g:relationshipType d2g:Follows .

<http://example.org/diagram/diagram/edge/23> a d2g:Edge, d2g:Solid ;
    d2g:source <http://example.org/diagram/diagram/node/2> ;
    d2g:target <http://example.org/diagram/diagram/node/3> ;
    d2g:relationshipType d2g:Follows .

<http://example.org/diagram/diagram/edge/34> a d2g:Edge, d2g:Solid ;
    d2g:source <http://example.org/diagram/diagram/node/3> ;
    d2g:target <http://example.org/diagram/diagram/node/4> ;
    d2g:relationshipType d2g:Follows .

<http://example.org/diagram/diagram/edge/45> a d2g:Edge, d2g:Solid ;
    d2g:source <http://example.org/diagram/diagram/node/4> ;
    d2g:target <http://example.org/diagram/diagram/node/5> ;
    d2g:relationshipType d2g:Follows .

<http://example.org/diagram/diagram/edge/56> a d2g:Edge, d2g:Solid ;
    d2g:source <http://example.org/diagram/diagram/node/5> ;
    d2g:target <http://example.org/diagram/diagram/node/6> ;
    d2g:relationshipType d2g:Follows .

<http://example.org/diagram/diagram/edge/63> a d2g:Edge, d2g:Solid ;
    d2g:source <http://example.org/diagram/diagram/node/6> ;
    d2g:target <http://example.org/diagram/diagram/node/3> ;
    d2g:relationshipType d2g:Branches ;
    d2g:relationshipValue ""NO"" .

<http://example.org/diagram/diagram/edge/67> a d2g:Edge, d2g:Solid ;
    d2g:source <http://example.org/diagram/diagram/node/6> ;
    d2g:target <http://example.org/diagram/diagram/node/7> ;
    d2g:relationshipType d2g:Branches ;
    d2g:relationshipValue ""YES"" .

<http://example.org/diagram/diagram/node/1> d2g:follows <http://example.org/diagram/diagram/node/2> .
<http://example.org/diagram/diagram/node/2> d2g:follows <http://example.org/diagram/diagram/node/3> .
<http://example.org/diagram/diagram/node/3> d2g:follows <http://example.org/diagram/diagram/node/4> .
<http://example.org/diagram/diagram/node/4> d2g:follows <http://example.org/diagram/diagram/node/5> .
<http://example.org/diagram/diagram/node/5> d2g:follows <http://example.org/diagram/diagram/node/6> .
<http://example.org/diagram/diagram/node/6> d2g:branches <http://example.org/diagram/diagram/node/3> .
<http://example.org/diagram/diagram/node/6> d2g:branches <http://example.org/diagram/diagram/node/7> .
",0.0,1.0
Extract RDF triples from this image (/kaggle/input/diagram2graph-dataset/diagram2graph/125.png),['/kaggle/input/diagram2graph-dataset/diagram2graph/125.png'],"@prefix d2g:  <http://example.org/diagram2graph#> .
@prefix rdfs: <http://www.w3.org/2000/01/rdf-schema#> .

<http://example.org/diagram/diagram/node/1> a d2g:Node, d2g:Start ;
    rdfs:label ""START"" ;
    d2g:shape d2g:StartEvent .

<http://example.org/diagram/diagram/node/2> a d2g:Node, d2g:Process ;
    rdfs:label ""Sum = 0\nN = 50"" ;
    d2g:shape d2g:Task .

<http://example.org/diagram/diagram/node/3> a d2g:Node, d2g:Process ;
    rdfs:label ""Update"" ;
    d2g:shape d2g:Task .

<http://example.org/diagram/diagram/node/4> a d2g:Node, d2g:Process ;
    rdfs:label ""Sum = Sum + N"" ;
    d2g:shape d2g:Task .

<http://example.org/diagram/diagram/node/5> a d2g:Node, d2g:Decision ;
    rdfs:label ""N = 99?"" ;
    d2g:shape d2g:Gateway .

<http://example.org/diagram/diagram/node/6> a d2g:Node, d2g:Process ;
    rdfs:label ""PRINT SUM"" ;
    d2g:shape d2g:Task .

<http://example.org/diagram/diagram/node/7> a d2g:Node, d2g:Terminator ;
    rdfs:label ""END"" ;
    d2g:shape d2g:EndEvent .

<http://example.org/diagram/diagram/edge/12> a d2g:Edge, d2g:Solid ;
    d2g:source <http://example.org/diagram/diagram/node/1> ;
    d2g:target <http://example.org/diagram/diagram/node/2> ;
    d2g:relationshipType d2g:Follows .

<http://example.org/diagram/diagram/edge/23> a d2g:Edge, d2g:Solid ;
    d2g:source <http://example.org/diagram/diagram/node/2> ;
    d2g:target <http://example.org/diagram/diagram/node/3> ;
    d2g:relationshipType d2g:Follows .

<http://example.org/diagram/diagram/edge/34> a d2g:Edge, d2g:Solid ;
    d2g:source <http://example.org/diagram/diagram/node/3> ;
    d2g:target <http://example.org/diagram/diagram/node/4> ;
    d2g:relationshipType d2g:Follows .

<http://example.org/diagram/diagram/edge/45> a d2g:Edge, d2g:Solid ;
    d2g:source <http://example.org/diagram/diagram/node/4> ;
    d2g:target <http://example.org/diagram/diagram/node/5> ;
    d2g:relationshipType d2g:Follows .

<http://example.org/diagram/diagram/edge/53> a d2g:Edge, d2g:Solid ;
    d2g:source <http://example.org/diagram/diagram/node/5> ;
    d2g:target <http://example.org/diagram/diagram/node/3> ;
    d2g:relationshipType d2g:Branches ;
    d2g:relationshipValue ""NO"" .

<http://example.org/diagram/diagram/edge/56> a d2g:Edge, d2g:Solid ;
    d2g:source <http://example.org/diagram/diagram/node/5> ;
    d2g:target <http://example.org/diagram/diagram/node/6> ;
    d2g:relationshipType d2g:Branches ;
    d2g:relationshipValue ""YES"" .

<http://example.org/diagram/diagram/edge/67> a d2g:Edge, d2g:Solid ;
    d2g:source <http://example.org/diagram/diagram/node/6> ;
    d2g:target <http://example.org/diagram/diagram/node/7> ;
    d2g:relationshipType d2g:Follows .

<http://example.org/diagram/diagram/node/1> d2g:follows <http://example.org/diagram/diagram/node/2> .
<http://example.org/diagram/diagram/node/2> d2g:follows <http://example.org/diagram/diagram/node/3> .
<http://example.org/diagram/diagram/node/3> d2g:follows <http://example.org/diagram/diagram/node/4> .
<http://example.org/diagram/diagram/node/4> d2g:follows <http://example.org/diagram/diagram/node/5> .
<http://example.org/diagram/diagram/node/5> d2g:branches <http://example.org/diagram/diagram/node/3> .
<http://example.org/diagram/diagram/node/5> d2g:branches <http://example.org/diagram/diagram/node/6> .
<http://example.org/diagram/diagram/node/6> d2g:follows <http://example.org/diagram/diagram/node/7> .
",0.0,1.0
Extract RDF triples from this image (/kaggle/input/diagram2graph-dataset/diagram2graph/13.png),['/kaggle/input/diagram2graph-dataset/diagram2graph/13.png'],"@prefix d2g:  <http://example.org/diagram2graph#> .
@prefix rdfs: <http://www.w3.org/2000/01/rdf-schema#> .

<http://example.org/diagram/diagram/node/1> a d2g:Start, d2g:Node ;
    rdfs:label ""START"" ;
    d2g:shape d2g:StartEvent .

<http://example.org/diagram/diagram/node/2> a d2g:Process, d2g:Node ;
    rdfs:label ""Check Weather"" ;
    d2g:shape d2g:Task .

<http://example.org/diagram/diagram/node/3> a d2g:Decision, d2g:Node ;
    rdfs:label ""Is it raining?"" ;
    d2g:shape d2g:Gateway .

<http://example.org/diagram/diagram/node/4> a d2g:Process, d2g:Node ;
    rdfs:label ""Leave umbrella at home."" ;
    d2g:shape d2g:Task .

<http://example.org/diagram/diagram/node/5> a d2g:Process, d2g:Node ;
    rdfs:label ""Take an umbrella."" ;
    d2g:shape d2g:Task .

<http://example.org/diagram/diagram/node/6> a d2g:Terminator, d2g:Node ;
    rdfs:label ""END"" ;
    d2g:shape d2g:EndEvent .

<http://example.org/diagram/diagram/edge/12> a d2g:Edge, d2g:Solid ;
    d2g:source <http://example.org/diagram/diagram/node/1> ;
    d2g:target <http://example.org/diagram/diagram/node/2> ;
    d2g:relationshipType d2g:Follows .

<http://example.org/diagram/diagram/edge/23> a d2g:Edge, d2g:Solid ;
    d2g:source <http://example.org/diagram/diagram/node/2> ;
    d2g:target <http://example.org/diagram/diagram/node/3> ;
    d2g:relationshipType d2g:Follows .

<http://example.org/diagram/diagram/edge/34> a d2g:Edge, d2g:Solid ;
    d2g:source <http://example.org/diagram/diagram/node/3> ;
    d2g:target <http://example.org/diagram/diagram/node/4> ;
    d2g:relationshipType d2g:Branches ;
    d2g:relationshipValue ""NO"" .

<http://example.org/diagram/diagram/edge/35> a d2g:Edge, d2g:Solid ;
    d2g:source <http://example.org/diagram/diagram/node/3> ;
    d2g:target <http://example.org/diagram/diagram/node/5> ;
    d2g:relationshipType d2g:Branches ;
    d2g:relationshipValue ""YES"" .

<http://example.org/diagram/diagram/edge/46> a d2g:Edge, d2g:Solid ;
    d2g:source <http://example.org/diagram/diagram/node/4> ;
    d2g:target <http://example.org/diagram/diagram/node/6> ;
    d2g:relationshipType d2g:Follows .

<http://example.org/diagram/diagram/edge/56> a d2g:Edge, d2g:Solid ;
    d2g:source <http://example.org/diagram/diagram/node/5> ;
    d2g:target <http://example.org/diagram/diagram/node/6> ;
    d2g:relationshipType d2g:Follows .

<http://example.org/diagram/diagram/node/1> d2g:follows <http://example.org/diagram/diagram/node/2> .
<http://example.org/diagram/diagram/node/2> d2g:follows <http://example.org/diagram/diagram/node/3> .
<http://example.org/diagram/diagram/node/3> d2g:branches <http://example.org/diagram/diagram/node/4> .
<http://example.org/diagram/diagram/node/3> d2g:branches <http://example.org/diagram/diagram/node/5> .
<http://example.org/diagram/diagram/node/4> d2g:follows <http://example.org/diagram/diagram/node/6> .
<http://example.org/diagram/diagram/node/5> d2g:follows <http://example.org/diagram/diagram/node/6> .
",1.0,1.0
Extract RDF triples from this image (/kaggle/input/diagram2graph-dataset/diagram2graph/134.png),['/kaggle/input/diagram2graph-dataset/diagram2graph/134.png'],"@prefix d2g:  <http://example.org/diagram2graph#> .
@prefix rdfs: <http://www.w3.org/2000/01/rdf-schema#> .

<http://example.org/diagram/diagram/node/1> a d2g:Start, d2g:Node ;
    rdfs:label ""Start"" ;
    d2g:shape d2g:StartEvent .

<http://example.org/diagram/diagram/node/2> a d2g:Process, d2g:Node ;
    rdfs:label ""Read AI0, AI1 and AI2"" ;
    d2g:shape d2g:Task .

<http://example.org/diagram/diagram/node/3> a d2g:Process, d2g:Node ;
    rdfs:label ""Convert values to standard"" ;
    d2g:shape d2g:Task .

<http://example.org/diagram/diagram/node/4> a d2g:Decision, d2g:Node ;
    rdfs:label ""Current Value > Safety Thresholds"" ;
    d2g:shape d2g:Gateway .

<http://example.org/diagram/diagram/node/5> a d2g:Process, d2g:Node ;
    rdfs:label ""Display warning with visual indicator"" ;
    d2g:shape d2g:Task .

<http://example.org/diagram/diagram/node/6> a d2g:Process, d2g:Node ;
    rdfs:label ""Print Output"" ;
    d2g:shape d2g:Task .

<http://example.org/diagram/diagram/node/7> a d2g:Process, d2g:Node ;
    rdfs:label ""Print Message"" ;
    d2g:shape d2g:Task .

<http://example.org/diagram/diagram/node/8> a d2g:Process, d2g:Node ;
    rdfs:label ""Log the data in txt files for future analysis"" ;
    d2g:shape d2g:Task .

<http://example.org/diagram/diagram/node/9> a d2g:Terminator, d2g:Node ;
    rdfs:label ""End"" ;
    d2g:shape d2g:EndEvent .

<http://example.org/diagram/diagram/edge/12> a d2g:Edge, d2g:Solid ;
    d2g:source <http://example.org/diagram/diagram/node/1> ;
    d2g:target <http://example.org/diagram/diagram/node/2> ;
    d2g:relationshipType d2g:Follows .

<http://example.org/diagram/diagram/edge/23> a d2g:Edge, d2g:Solid ;
    d2g:source <http://example.org/diagram/diagram/node/2> ;
    d2g:target <http://example.org/diagram/diagram/node/3> ;
    d2g:relationshipType d2g:Follows .

<http://example.org/diagram/diagram/edge/34> a d2g:Edge, d2g:Solid ;
    d2g:source <http://example.org/diagram/diagram/node/3> ;
    d2g:target <http://example.org/diagram/diagram/node/4> ;
    d2g:relationshipType d2g:Follows .

<http://example.org/diagram/diagram/edge/36> a d2g:Edge, d2g:Solid ;
    d2g:source <http://example.org/diagram/diagram/node/3> ;
    d2g:target <http://example.org/diagram/diagram/node/6> ;
    d2g:relationshipType d2g:Follows .

<http://example.org/diagram/diagram/edge/45> a d2g:Edge, d2g:Solid ;
    d2g:source <http://example.org/diagram/diagram/node/4> ;
    d2g:target <http://example.org/diagram/diagram/node/5> ;
    d2g:relationshipType d2g:Branches ;
    d2g:relationshipValue ""Yes"" .

<http://example.org/diagram/diagram/edge/47> a d2g:Edge, d2g:Solid ;
    d2g:source <http://example.org/diagram/diagram/node/4> ;
    d2g:target <http://example.org/diagram/diagram/node/7> ;
    d2g:relationshipType d2g:Branches ;
    d2g:relationshipValue ""No"" .

<http://example.org/diagram/diagram/edge/53> a d2g:Edge, d2g:Solid ;
    d2g:source <http://example.org/diagram/diagram/node/5> ;
    d2g:target <http://example.org/diagram/diagram/node/3> ;
    d2g:relationshipType d2g:Follows .

<http://example.org/diagram/diagram/edge/68> a d2g:Edge, d2g:Solid ;
    d2g:source <http://example.org/diagram/diagram/node/6> ;
    d2g:target <http://example.org/diagram/diagram/node/8> ;
    d2g:relationshipType d2g:Follows .

<http://example.org/diagram/diagram/edge/78> a d2g:Edge, d2g:Solid ;
    d2g:source <http://example.org/diagram/diagram/node/7> ;
    d2g:target <http://example.org/diagram/diagram/node/8> ;
    d2g:relationshipType d2g:Follows .

<http://example.org/diagram/diagram/edge/89> a d2g:Edge, d2g:Solid ;
    d2g:source <http://example.org/diagram/diagram/node/8> ;
    d2g:target <http://example.org/diagram/diagram/node/9> ;
    d2g:relationshipType d2g:Follows .

<http://example.org/diagram/diagram/node/1> d2g:follows <http://example.org/diagram/diagram/node/2> .
<http://example.org/diagram/diagram/node/2> d2g:follows <http://example.org/diagram/diagram/node/3> .
<http://example.org/diagram/diagram/node/3> d2g:follows <http://example.org/diagram/diagram/node/4> .
<http://example.org/diagram/diagram/node/3> d2g:follows <http://example.org/diagram/diagram/node/6> .
<http://example.org/diagram/diagram/node/4> d2g:branches <http://example.org/diagram/diagram/node/5> .
<http://example.org/diagram/diagram/node/4> d2g:branches <http://example.org/diagram/diagram/node/7> .
<http://example.org/diagram/diagram/node/5> d2g:follows <http://example.org/diagram/diagram/node/3> .
<http://example.org/diagram/diagram/node/6> d2g:follows <http://example.org/diagram/diagram/node/8> .
<http://example.org/diagram/diagram/node/7> d2g:follows <http://example.org/diagram/diagram/node/8> .
<http://example.org/diagram/diagram/node/8> d2g:follows <http://example.org/diagram/diagram/node/9> .
",1.0,1.0
Extract RDF triples from this image (/kaggle/input/diagram2graph-dataset/diagram2graph/14.png),['/kaggle/input/diagram2graph-dataset/diagram2graph/14.png'],"@prefix d2g:  <http://example.org/diagram2graph#> .
@prefix rdfs: <http://www.w3.org/2000/01/rdf-schema#> .

<http://example.org/diagram/diagram/node/1> a d2g:Start, d2g:Node ;
    rdfs:label ""Begin"" ;
    d2g:shape d2g:StartEvent .

<http://example.org/diagram/diagram/node/2> a d2g:Process, d2g:Node ;
    rdfs:label ""Door Knock"" ;
    d2g:shape d2g:Task .

<http://example.org/diagram/diagram/node/3> a d2g:Decision, d2g:Node ;
    rdfs:label ""Ready to wake up"" ;
    d2g:shape d2g:Gateway .

<http://example.org/diagram/diagram/node/4> a d2g:Process, d2g:Node ;
    rdfs:label ""Get Up"" ;
    d2g:shape d2g:Task .

<http://example.org/diagram/diagram/node/5> a d2g:Process, d2g:Node ;
    rdfs:label ""Sleep"" ;
    d2g:shape d2g:Task .

<http://example.org/diagram/diagram/node/6> a d2g:Delay, d2g:Node ;
    rdfs:label ""Forget It"" ;
    d2g:shape d2g:Delay .

<http://example.org/diagram/diagram/edge/12> a d2g:Edge, d2g:Solid ;
    d2g:source <http://example.org/diagram/diagram/node/1> ;
    d2g:target <http://example.org/diagram/diagram/node/2> ;
    d2g:relationshipType d2g:Follows .

<http://example.org/diagram/diagram/edge/23> a d2g:Edge, d2g:Solid ;
    d2g:source <http://example.org/diagram/diagram/node/2> ;
    d2g:target <http://example.org/diagram/diagram/node/3> ;
    d2g:relationshipType d2g:Follows .

<http://example.org/diagram/diagram/edge/34> a d2g:Edge, d2g:Solid ;
    d2g:source <http://example.org/diagram/diagram/node/3> ;
    d2g:target <http://example.org/diagram/diagram/node/4> ;
    d2g:relationshipType d2g:Branches ;
    d2g:relationshipValue ""Yes"" .

<http://example.org/diagram/diagram/edge/35> a d2g:Edge, d2g:Solid ;
    d2g:source <http://example.org/diagram/diagram/node/3> ;
    d2g:target <http://example.org/diagram/diagram/node/5> ;
    d2g:relationshipType d2g:Branches ;
    d2g:relationshipValue ""No"" .

<http://example.org/diagram/diagram/edge/56> a d2g:Edge, d2g:Solid ;
    d2g:source <http://example.org/diagram/diagram/node/5> ;
    d2g:target <http://example.org/diagram/diagram/node/6> ;
    d2g:relationshipType d2g:Follows .

<http://example.org/diagram/diagram/edge/62> a d2g:Edge, d2g:Solid ;
    d2g:source <http://example.org/diagram/diagram/node/6> ;
    d2g:target <http://example.org/diagram/diagram/node/2> ;
    d2g:relationshipType d2g:Follows .

<http://example.org/diagram/diagram/node/1> d2g:follows <http://example.org/diagram/diagram/node/2> .
<http://example.org/diagram/diagram/node/2> d2g:follows <http://example.org/diagram/diagram/node/3> .
<http://example.org/diagram/diagram/node/3> d2g:branches <http://example.org/diagram/diagram/node/4> .
<http://example.org/diagram/diagram/node/3> d2g:branches <http://example.org/diagram/diagram/node/5> .
<http://example.org/diagram/diagram/node/5> d2g:follows <http://example.org/diagram/diagram/node/6> .
<http://example.org/diagram/diagram/node/6> d2g:follows <http://example.org/diagram/diagram/node/2> .
",1.0,1.0
Extract RDF triples from this image (/kaggle/input/diagram2graph-dataset/diagram2graph/147.png),['/kaggle/input/diagram2graph-dataset/diagram2graph/147.png'],"@prefix d2g:  <http://example.org/diagram2graph#> .
@prefix rdfs: <http://www.w3.org/2000/01/rdf-schema#> .

<http://example.org/diagram/diagram/node/1> a d2g:Node, d2g:Start ;
    rdfs:label ""Start"" ;
    d2g:shape d2g:StartEvent .

<http://example.org/diagram/diagram/node/2> a d2g:Node, d2g:Process ;
    rdfs:label ""Enter"" ;
    d2g:shape d2g:Task .

<http://example.org/diagram/diagram/node/3> a d2g:Node, d2g:Process ;
    rdfs:label ""Home page"" ;
    d2g:shape d2g:Task .

<http://example.org/diagram/diagram/node/4> a d2g:Node, d2g:Process ;
    rdfs:label ""Enter Email ID and Password"" ;
    d2g:shape d2g:Task .

<http://example.org/diagram/diagram/node/5> a d2g:Node, d2g:Process ;
    rdfs:label ""Log in error"" ;
    d2g:shape d2g:Task .

<http://example.org/diagram/diagram/node/6> a d2g:Node, d2g:Decision ;
    rdfs:label ""Is Email ID and Password Correct?"" ;
    d2g:shape d2g:Gateway .

<http://example.org/diagram/diagram/node/7> a d2g:Node, d2g:Process ;
    rdfs:label ""Display Account"" ;
    d2g:shape d2g:Task .

<http://example.org/diagram/diagram/node/8> a d2g:Node, d2g:Terminator ;
    rdfs:label ""Stop"" ;
    d2g:shape d2g:EndEvent .

<http://example.org/diagram/diagram/edge/12> a d2g:Edge, d2g:Solid ;
    d2g:source <http://example.org/diagram/diagram/node/1> ;
    d2g:target <http://example.org/diagram/diagram/node/2> ;
    d2g:relationshipType d2g:Follows .

<http://example.org/diagram/diagram/edge/23> a d2g:Edge, d2g:Solid ;
    d2g:source <http://example.org/diagram/diagram/node/2> ;
    d2g:target <http://example.org/diagram/diagram/node/3> ;
    d2g:relationshipType d2g:Follows .

<http://example.org/diagram/diagram/edge/34> a d2g:Edge, d2g:Solid ;
    d2g:source <http://example.org/diagram/diagram/node/3> ;
    d2g:target <http://example.org/diagram/diagram/node/4> ;
    d2g:relationshipType d2g:Follows .

<http://example.org/diagram/diagram/edge/46> a d2g:Edge, d2g:Solid ;
    d2g:source <http://example.org/diagram/diagram/node/4> ;
    d2g:target <http://example.org/diagram/diagram/node/6> ;
    d2g:relationshipType d2g:Follows .

<http://example.org/diagram/diagram/edge/65> a d2g:Edge, d2g:Solid ;
    d2g:source <http://example.org/diagram/diagram/node/6> ;
    d2g:target <http://example.org/diagram/diagram/node/5> ;
    d2g:relationshipType d2g:Branches ;
    d2g:relationshipValue ""No"" .

<http://example.org/diagram/diagram/edge/54> a d2g:Edge, d2g:Solid ;
    d2g:source <http://example.org/diagram/diagram/node/5> ;
    d2g:target <http://example.org/diagram/diagram/node/4> ;
    d2g:relationshipType d2g:Follows .

<http://example.org/diagram/diagram/edge/67> a d2g:Edge, d2g:Solid ;
    d2g:source <http://example.org/diagram/diagram/node/6> ;
    d2g:target <http://example.org/diagram/diagram/node/7> ;
    d2g:relationshipType d2g:Branches ;
    d2g:relationshipValue ""Yes"" .

<http://example.org/diagram/diagram/edge/78> a d2g:Edge, d2g:Solid ;
    d2g:source <http://example.org/diagram/diagram/node/7> ;
    d2g:target <http://example.org/diagram/diagram/node/8> ;
    d2g:relationshipType d2g:Follows .

<http://example.org/diagram/diagram/node/1> d2g:follows <http://example.org/diagram/diagram/node/2> .
<http://example.org/diagram/diagram/node/2> d2g:follows <http://example.org/diagram/diagram/node/3> .
<http://example.org/diagram/diagram/node/3> d2g:follows <http://example.org/diagram/diagram/node/4> .
<http://example.org/diagram/diagram/node/4> d2g:follows <http://example.org/diagram/diagram/node/6> .
<http://example.org/diagram/diagram/node/6> d2g:branches <http://example.org/diagram/diagram/node/5> .
<http://example.org/diagram/diagram/node/5> d2g:follows <http://example.org/diagram/diagram/node/4> .
<http://example.org/diagram/diagram/node/6> d2g:branches <http://example.org/diagram/diagram/node/7> .
<http://example.org/diagram/diagram/node/7> d2g:follows <http://example.org/diagram/diagram/node/8> .
",1.0,1.0
Extract RDF triples from this image (/kaggle/input/diagram2graph-dataset/diagram2graph/148.png),['/kaggle/input/diagram2graph-dataset/diagram2graph/148.png'],"@prefix d2g:  <http://example.org/diagram2graph#> .
@prefix rdfs: <http://www.w3.org/2000/01/rdf-schema#> .

<http://example.org/diagram/diagram/node/1> a d2g:Start, d2g:Node ;
    rdfs:label ""Start"" ;
    d2g:shape d2g:StartEvent .

<http://example.org/diagram/diagram/node/2> a d2g:Process, d2g:Node ;
    rdfs:label ""Initialize"" ;
    d2g:shape d2g:Task .

<http://example.org/diagram/diagram/node/3> a d2g:Process, d2g:Node ;
    rdfs:label ""L = p ⋅ l"" ;
    d2g:shape d2g:Task .

<http://example.org/diagram/diagram/node/4> a d2g:Process, d2g:Node ;
    rdfs:label ""Print"" ;
    d2g:shape d2g:Task .

<http://example.org/diagram/diagram/node/5> a d2g:Terminator, d2g:Node ;
    rdfs:label ""End"" ;
    d2g:shape d2g:EndEvent .

<http://example.org/diagram/diagram/edge/12> a d2g:Edge, d2g:Solid ;
    d2g:source <http://example.org/diagram/diagram/node/1> ;
    d2g:target <http://example.org/diagram/diagram/node/2> ;
    d2g:relationshipType d2g:Follows .

<http://example.org/diagram/diagram/edge/23> a d2g:Edge, d2g:Solid ;
    d2g:source <http://example.org/diagram/diagram/node/2> ;
    d2g:target <http://example.org/diagram/diagram/node/3> ;
    d2g:relationshipType d2g:Follows .

<http://example.org/diagram/diagram/edge/34> a d2g:Edge, d2g:Solid ;
    d2g:source <http://example.org/diagram/diagram/node/3> ;
    d2g:target <http://example.org/diagram/diagram/node/4> ;
    d2g:relationshipType d2g:Follows .

<http://example.org/diagram/diagram/edge/45> a d2g:Edge, d2g:Solid ;
    d2g:source <http://example.org/diagram/diagram/node/4> ;
    d2g:target <http://example.org/diagram/diagram/node/5> ;
    d2g:relationshipType d2g:Follows .

<http://example.org/diagram/diagram/node/1> d2g:follows <http://example.org/diagram/diagram/node/2> .
<http://example.org/diagram/diagram/node/2> d2g:follows <http://example.org/diagram/diagram/node/3> .
<http://example.org/diagram/diagram/node/3> d2g:follows <http://example.org/diagram/diagram/node/4> .
<http://example.org/diagram/diagram/node/4> d2g:follows <http://example.org/diagram/diagram/node/5> .
",1.0,1.0
Extract RDF triples from this image (/kaggle/input/diagram2graph-dataset/diagram2graph/153.png),['/kaggle/input/diagram2graph-dataset/diagram2graph/153.png'],"@prefix d2g:  <http://example.org/diagram2graph#> .
@prefix rdfs: <http://www.w3.org/2000/01/rdf-schema#> .

<http://example.org/diagram/diagram/node/1> a d2g:Node, d2g:Start ;
    rdfs:label ""Begin"" ;
    d2g:shape d2g:StartEvent .

<http://example.org/diagram/diagram/node/2> a d2g:Node, d2g:Process ;
    rdfs:label ""Switch On lights"" ;
    d2g:shape d2g:Task .

<http://example.org/diagram/diagram/node/3> a d2g:Node, d2g:Process ;
    rdfs:label ""Turn the LED connected to Q0 off"" ;
    d2g:shape d2g:Task .

<http://example.org/diagram/diagram/node/4> a d2g:Node, d2g:Decision ;
    rdfs:label ""Check if the LDR connected to A1 is in darkness"" ;
    d2g:shape d2g:Gateway .

<http://example.org/diagram/diagram/node/5> a d2g:Node, d2g:Process ;
    rdfs:label ""Switch Off lights"" ;
    d2g:shape d2g:Task .

<http://example.org/diagram/diagram/node/6> a d2g:Node, d2g:Process ;
    rdfs:label ""Turn the LED connected to Q0 on"" ;
    d2g:shape d2g:Task .

<http://example.org/diagram/diagram/edge/12> a d2g:Edge, d2g:Solid ;
    d2g:source <http://example.org/diagram/diagram/node/1> ;
    d2g:target <http://example.org/diagram/diagram/node/2> ;
    d2g:relationshipType d2g:Follows .

<http://example.org/diagram/diagram/edge/23> a d2g:Edge, d2g:Solid ;
    d2g:source <http://example.org/diagram/diagram/node/2> ;
    d2g:target <http://example.org/diagram/diagram/node/3> ;
    d2g:relationshipType d2g:Follows .

<http://example.org/diagram/diagram/edge/34> a d2g:Edge, d2g:Solid ;
    d2g:source <http://example.org/diagram/diagram/node/3> ;
    d2g:target <http://example.org/diagram/diagram/node/4> ;
    d2g:relationshipType d2g:Follows .

<http://example.org/diagram/diagram/edge/46> a d2g:Edge, d2g:Solid ;
    d2g:source <http://example.org/diagram/diagram/node/4> ;
    d2g:target <http://example.org/diagram/diagram/node/6> ;
    d2g:relationshipType d2g:Branches ;
    d2g:relationshipValue ""Y"" .

<http://example.org/diagram/diagram/edge/45> a d2g:Edge, d2g:Solid ;
    d2g:source <http://example.org/diagram/diagram/node/4> ;
    d2g:target <http://example.org/diagram/diagram/node/5> ;
    d2g:relationshipType d2g:Branches ;
    d2g:relationshipValue ""N"" .

<http://example.org/diagram/diagram/edge/64> a d2g:Edge, d2g:Solid ;
    d2g:source <http://example.org/diagram/diagram/node/6> ;
    d2g:target <http://example.org/diagram/diagram/node/4> ;
    d2g:relationshipType d2g:Follows .

<http://example.org/diagram/diagram/edge/54> a d2g:Edge, d2g:Solid ;
    d2g:source <http://example.org/diagram/diagram/node/5> ;
    d2g:target <http://example.org/diagram/diagram/node/4> ;
    d2g:relationshipType d2g:Follows .

<http://example.org/diagram/diagram/node/1> d2g:follows <http://example.org/diagram/diagram/node/2> .
<http://example.org/diagram/diagram/node/2> d2g:follows <http://example.org/diagram/diagram/node/3> .
<http://example.org/diagram/diagram/node/3> d2g:follows <http://example.org/diagram/diagram/node/4> .
<http://example.org/diagram/diagram/node/4> d2g:branches <http://example.org/diagram/diagram/node/6> .
<http://example.org/diagram/diagram/node/4> d2g:branches <http://example.org/diagram/diagram/node/5> .
<http://example.org/diagram/diagram/node/6> d2g:follows <http://example.org/diagram/diagram/node/4> .
<http://example.org/diagram/diagram/node/5> d2g:follows <http://example.org/diagram/diagram/node/4> .
",1.0,1.0
Extract RDF triples from this image (/kaggle/input/diagram2graph-dataset/diagram2graph/163.png),['/kaggle/input/diagram2graph-dataset/diagram2graph/163.png'],"@prefix d2g:  <http://example.org/diagram2graph#> .
@prefix rdfs: <http://www.w3.org/2000/01/rdf-schema#> .

<http://example.org/diagram/diagram/node/1> a d2g:Node, d2g:Start ;
    rdfs:label ""Begin"" ;
    d2g:shape d2g:StartEvent .

<http://example.org/diagram/diagram/node/2> a d2g:Decision, d2g:Node ;
    rdfs:label ""Work"" ;
    d2g:shape d2g:Gateway .

<http://example.org/diagram/diagram/node/3> a d2g:Node, d2g:Process ;
    rdfs:label ""Process"" ;
    d2g:shape d2g:Task .

<http://example.org/diagram/diagram/node/4> a d2g:Node, d2g:Process ;
    rdfs:label ""update"" ;
    d2g:shape d2g:Task .

<http://example.org/diagram/diagram/node/5> a d2g:Node, d2g:Process ;
    rdfs:label ""add"" ;
    d2g:shape d2g:Task .

<http://example.org/diagram/diagram/node/6> a d2g:Node, d2g:Terminator ;
    rdfs:label ""End"" ;
    d2g:shape d2g:EndEvent .

<http://example.org/diagram/diagram/edge/12> a d2g:Edge, d2g:Solid ;
    d2g:source <http://example.org/diagram/diagram/node/1> ;
    d2g:target <http://example.org/diagram/diagram/node/2> ;
    d2g:relationshipType d2g:Follows .

<http://example.org/diagram/diagram/edge/23> a d2g:Edge, d2g:Solid ;
    d2g:source <http://example.org/diagram/diagram/node/2> ;
    d2g:target <http://example.org/diagram/diagram/node/3> ;
    d2g:relationshipType d2g:Branches ;
    d2g:relationshipValue ""No"" .

<http://example.org/diagram/diagram/edge/25> a d2g:Edge, d2g:Solid ;
    d2g:source <http://example.org/diagram/diagram/node/2> ;
    d2g:target <http://example.org/diagram/diagram/node/5> ;
    d2g:relationshipType d2g:Branches ;
    d2g:relationshipValue ""Yes"" .

<http://example.org/diagram/diagram/edge/34> a d2g:Edge, d2g:Solid ;
    d2g:source <http://example.org/diagram/diagram/node/3> ;
    d2g:target <http://example.org/diagram/diagram/node/4> ;
    d2g:relationshipType d2g:Follows .

<http://example.org/diagram/diagram/edge/36> a d2g:Edge, d2g:Solid ;
    d2g:source <http://example.org/diagram/diagram/node/3> ;
    d2g:target <http://example.org/diagram/diagram/node/6> ;
    d2g:relationshipType d2g:Follows .

<http://example.org/diagram/diagram/edge/43> a d2g:Edge, d2g:Solid ;
    d2g:source <http://example.org/diagram/diagram/node/4> ;
    d2g:target <http://example.org/diagram/diagram/node/3> ;
    d2g:relationshipType d2g:Follows .

<http://example.org/diagram/diagram/edge/56> a d2g:Edge, d2g:Solid ;
    d2g:source <http://example.org/diagram/diagram/node/5> ;
    d2g:target <http://example.org/diagram/diagram/node/6> ;
    d2g:relationshipType d2g:Follows .

<http://example.org/diagram/diagram/node/1> d2g:follows <http://example.org/diagram/diagram/node/2> .
<http://example.org/diagram/diagram/node/2> d2g:branches <http://example.org/diagram/diagram/node/3> .
<http://example.org/diagram/diagram/node/2> d2g:branches <http://example.org/diagram/diagram/node/5> .
<http://example.org/diagram/diagram/node/3> d2g:follows <http://example.org/diagram/diagram/node/4> .
<http://example.org/diagram/diagram/node/3> d2g:follows <http://example.org/diagram/diagram/node/6> .
<http://example.org/diagram/diagram/node/4> d2g:follows <http://example.org/diagram/diagram/node/3> .
<http://example.org/diagram/diagram/node/5> d2g:follows <http://example.org/diagram/diagram/node/6> .
",1.0,1.0
Extract RDF triples from this image (/kaggle/input/diagram2graph-dataset/diagram2graph/166.png),['/kaggle/input/diagram2graph-dataset/diagram2graph/166.png'],"@prefix d2g:  <http://example.org/diagram2graph#> .
@prefix rdfs: <http://www.w3.org/2000/01/rdf-schema#> .

<http://example.org/diagram/diagram/node/1> a d2g:Node, d2g:Start ;
    rdfs:label ""Start"" ;
    d2g:shape d2g:StartEvent .

<http://example.org/diagram/diagram/node/2> a d2g:Node, d2g:Process ;
    rdfs:label ""Add"" ;
    d2g:shape d2g:Task .

<http://example.org/diagram/diagram/node/3> a d2g:Node, d2g:Decision ;
    rdfs:label ""Sub"" ;
    d2g:shape d2g:Gateway .

<http://example.org/diagram/diagram/node/4> a d2g:Node, d2g:Process ;
    rdfs:label ""Print"" ;
    d2g:shape d2g:Task .

<http://example.org/diagram/diagram/node/5> a d2g:Node, d2g:Process ;
    rdfs:label ""Update"" ;
    d2g:shape d2g:Task .

<http://example.org/diagram/diagram/node/6> a d2g:Node, d2g:Terminator ;
    rdfs:label ""Stop"" ;
    d2g:shape d2g:EndEvent .

<http://example.org/diagram/diagram/edge/12> a d2g:Edge, d2g:Solid ;
    d2g:source <http://example.org/diagram/diagram/node/1> ;
    d2g:target <http://example.org/diagram/diagram/node/2> ;
    d2g:relationshipType d2g:Follows .

<http://example.org/diagram/diagram/edge/23> a d2g:Edge, d2g:Solid ;
    d2g:source <http://example.org/diagram/diagram/node/2> ;
    d2g:target <http://example.org/diagram/diagram/node/3> ;
    d2g:relationshipType d2g:Follows .

<http://example.org/diagram/diagram/edge/34> a d2g:Edge, d2g:Solid ;
    d2g:source <http://example.org/diagram/diagram/node/3> ;
    d2g:target <http://example.org/diagram/diagram/node/4> ;
    d2g:relationshipType d2g:Branches .

<http://example.org/diagram/diagram/edge/35> a d2g:Edge, d2g:Solid ;
    d2g:source <http://example.org/diagram/diagram/node/3> ;
    d2g:target <http://example.org/diagram/diagram/node/5> ;
    d2g:relationshipType d2g:Branches .

<http://example.org/diagram/diagram/edge/46> a d2g:Edge, d2g:Solid ;
    d2g:source <http://example.org/diagram/diagram/node/4> ;
    d2g:target <http://example.org/diagram/diagram/node/6> ;
    d2g:relationshipType d2g:Follows .

<http://example.org/diagram/diagram/edge/56> a d2g:Edge, d2g:Solid ;
    d2g:source <http://example.org/diagram/diagram/node/5> ;
    d2g:target <http://example.org/diagram/diagram/node/6> ;
    d2g:relationshipType d2g:Follows .

<http://example.org/diagram/diagram/node/1> d2g:follows <http://example.org/diagram/diagram/node/2> .
<http://example.org/diagram/diagram/node/2> d2g:follows <http://example.org/diagram/diagram/node/3> .
<http://example.org/diagram/diagram/node/3> d2g:branches <http://example.org/diagram/diagram/node/4> .
<http://example.org/diagram/diagram/node/3> d2g:branches <http://example.org/diagram/diagram/node/5> .
<http://example.org/diagram/diagram/node/4> d2g:follows <http://example.org/diagram/diagram/node/6> .
<http://example.org/diagram/diagram/node/5> d2g:follows <http://example.org/diagram/diagram/node/6> .
",1.0,1.0
Extract RDF triples from this image (/kaggle/input/diagram2graph-dataset/diagram2graph/17.png),['/kaggle/input/diagram2graph-dataset/diagram2graph/17.png'],"@prefix d2g:  <http://example.org/diagram2graph#> .
@prefix rdfs: <http://www.w3.org/2000/01/rdf-schema#> .

<http://example.org/diagram/diagram/node/1> a d2g:Node, d2g:Start ;
    rdfs:label ""START"" ;
    d2g:shape d2g:StartEvent .

<http://example.org/diagram/diagram/node/2> a d2g:Node, d2g:Process ;
    rdfs:label ""Initialize"" ;
    d2g:shape d2g:Task .

<http://example.org/diagram/diagram/node/3> a d2g:Node, d2g:Decision ;
    rdfs:label ""CHECK CONDITION"" ;
    d2g:shape d2g:Gateway .

<http://example.org/diagram/diagram/node/4> a d2g:Node, d2g:Process ;
    rdfs:label ""EXIT LOOP"" ;
    d2g:shape d2g:Task .

<http://example.org/diagram/diagram/node/5> a d2g:Node, d2g:Terminator ;
    rdfs:label ""STOP"" ;
    d2g:shape d2g:EndEvent .

<http://example.org/diagram/diagram/edge/12> a d2g:Edge, d2g:Solid ;
    d2g:source <http://example.org/diagram/diagram/node/1> ;
    d2g:target <http://example.org/diagram/diagram/node/2> ;
    d2g:relationshipType d2g:Follows .

<http://example.org/diagram/diagram/edge/23> a d2g:Edge, d2g:Solid ;
    d2g:source <http://example.org/diagram/diagram/node/2> ;
    d2g:target <http://example.org/diagram/diagram/node/3> ;
    d2g:relationshipType d2g:Follows .

<http://example.org/diagram/diagram/edge/32> a d2g:Edge, d2g:Solid ;
    d2g:source <http://example.org/diagram/diagram/node/3> ;
    d2g:target <http://example.org/diagram/diagram/node/2> ;
    d2g:relationshipType d2g:Branches ;
    d2g:relationshipValue ""Condition is TRUE"" .

<http://example.org/diagram/diagram/edge/34> a d2g:Edge, d2g:Solid ;
    d2g:source <http://example.org/diagram/diagram/node/3> ;
    d2g:target <http://example.org/diagram/diagram/node/4> ;
    d2g:relationshipType d2g:Branches ;
    d2g:relationshipValue ""Condition is FALSE"" .

<http://example.org/diagram/diagram/edge/45> a d2g:Edge, d2g:Solid ;
    d2g:source <http://example.org/diagram/diagram/node/4> ;
    d2g:target <http://example.org/diagram/diagram/node/5> ;
    d2g:relationshipType d2g:Follows .

<http://example.org/diagram/diagram/node/1> d2g:follows <http://example.org/diagram/diagram/node/2> .
<http://example.org/diagram/diagram/node/2> d2g:follows <http://example.org/diagram/diagram/node/3> .
<http://example.org/diagram/diagram/node/3> d2g:branches <http://example.org/diagram/diagram/node/2> .
<http://example.org/diagram/diagram/node/3> d2g:branches <http://example.org/diagram/diagram/node/4> .
<http://example.org/diagram/diagram/node/4> d2g:follows <http://example.org/diagram/diagram/node/5> .
",1.0,1.0
Extract RDF triples from this image (/kaggle/input/diagram2graph-dataset/diagram2graph/170.png),['/kaggle/input/diagram2graph-dataset/diagram2graph/170.png'],"@prefix d2g: <http://example.org/diagram2graph#> .
@prefix rdfs: <http://www.w3.org/2000/01/rdf-schema#> .

<http://example.org/diagram/diagram/node/1> a d2g:Node, d2g:Start ;
    rdfs:label ""Start"" ;
    d2g:shape d2g:StartEvent .

<http://example.org/diagram/diagram/node/2> a d2g:Node, d2g:Process ;
    rdfs:label ""Read Inputs"" ;
    d2g:shape d2g:Task .

<http://example.org/diagram/diagram/node/3> a d2g:Node, d2g:Process ;
    rdfs:label ""Let Factor=1, I=1"" ;
    d2g:shape d2g:Task .

<http://example.org/diagram/diagram/node/4> a d2g:Node, d2g:Decision ;
    rdfs:label ""I is greater than N"" ;
    d2g:shape d2g:Gateway .

<http://example.org/diagram/diagram/node/5> a d2g:Node, d2g:Process ;
    rdfs:label ""Update"" ;
    d2g:shape d2g:Task .

<http://example.org/diagram/diagram/node/6> a d2g:Node, d2g:Process ;
    rdfs:label ""Add 1 to I"" ;
    d2g:shape d2g:Task .

<http://example.org/diagram/diagram/node/7> a d2g:Node, d2g:Process ;
    rdfs:label ""Show Factor on output"" ;
    d2g:shape d2g:Task .

<http://example.org/diagram/diagram/node/8> a d2g:Node, d2g:Terminator ;
    rdfs:label ""End"" ;
    d2g:shape d2g:EndEvent .

<http://example.org/diagram/diagram/edge/12> a d2g:Edge, d2g:Solid ;
    d2g:source <http://example.org/diagram/diagram/node/1> ;
    d2g:target <http://example.org/diagram/diagram/node/2> ;
    d2g:relationshipType d2g:Follows .

<http://example.org/diagram/diagram/edge/23> a d2g:Edge, d2g:Solid ;
    d2g:source <http://example.org/diagram/diagram/node/2> ;
    d2g:target <http://example.org/diagram/diagram/node/3> ;
    d2g:relationshipType d2g:Follows .

<http://example.org/diagram/diagram/edge/34> a d2g:Edge, d2g:Solid ;
    d2g:source <http://example.org/diagram/diagram/node/3> ;
    d2g:target <http://example.org/diagram/diagram/node/4> ;
    d2g:relationshipType d2g:Follows .

<http://example.org/diagram/diagram/edge/47> a d2g:Edge, d2g:Solid ;
    d2g:source <http://example.org/diagram/diagram/node/4> ;
    d2g:target <http://example.org/diagram/diagram/node/7> ;
    d2g:relationshipType d2g:Branches ;
    d2g:relationshipValue ""Yes"" .

<http://example.org/diagram/diagram/edge/45> a d2g:Edge, d2g:Solid ;
    d2g:source <http://example.org/diagram/diagram/node/4> ;
    d2g:target <http://example.org/diagram/diagram/node/5> ;
    d2g:relationshipType d2g:Branches ;
    d2g:relationshipValue ""No"" .

<http://example.org/diagram/diagram/edge/56> a d2g:Edge, d2g:Solid ;
    d2g:source <http://example.org/diagram/diagram/node/5> ;
    d2g:target <http://example.org/diagram/diagram/node/6> ;
    d2g:relationshipType d2g:Follows .

<http://example.org/diagram/diagram/edge/64> a d2g:Edge, d2g:Solid ;
    d2g:source <http://example.org/diagram/diagram/node/6> ;
    d2g:target <http://example.org/diagram/diagram/node/4> ;
    d2g:relationshipType d2g:Follows .

<http://example.org/diagram/diagram/edge/78> a d2g:Edge, d2g:Solid ;
    d2g:source <http://example.org/diagram/diagram/node/7> ;
    d2g:target <http://example.org/diagram/diagram/node/8> ;
    d2g:relationshipType d2g:Follows .

<http://example.org/diagram/diagram/node/1> d2g:follows <http://example.org/diagram/diagram/node/2> .
<http://example.org/diagram/diagram/node/2> d2g:follows <http://example.org/diagram/diagram/node/3> .
<http://example.org/diagram/diagram/node/3> d2g:follows <http://example.org/diagram/diagram/node/4> .
<http://example.org/diagram/diagram/node/4> d2g:branches <http://example.org/diagram/diagram/node/7> .
<http://example.org/diagram/diagram/node/4> d2g:branches <http://example.org/diagram/diagram/node/5> .
<http://example.org/diagram/diagram/node/5> d2g:follows <http://example.org/diagram/diagram/node/6> .
<http://example.org/diagram/diagram/node/6> d2g:follows <http://example.org/diagram/diagram/node/4> .
<http://example.org/diagram/diagram/node/7> d2g:follows <http://example.org/diagram/diagram/node/8> .
",1.0,1.0
Extract RDF triples from this image (/kaggle/input/diagram2graph-dataset/diagram2graph/171.png),['/kaggle/input/diagram2graph-dataset/diagram2graph/171.png'],"@prefix d2g:  <http://example.org/diagram2graph#> .
@prefix rdfs: <http://www.w3.org/2000/01/rdf-schema#> .

<http://example.org/diagram/diagram/node/1> a d2g:Start, d2g:Node ;
    rdfs:label ""Start"" ;
    d2g:shape d2g:StartEvent .

<http://example.org/diagram/diagram/node/2> a d2g:Decision, d2g:Node ;
    rdfs:label ""Are you happy?"" ;
    d2g:shape d2g:Gateway .

<http://example.org/diagram/diagram/node/3> a d2g:Process, d2g:Node ;
    rdfs:label ""Make others happy"" ;
    d2g:shape d2g:Task .

<http://example.org/diagram/diagram/node/4> a d2g:Decision, d2g:Node ;
    rdfs:label ""Want to be happy?"" ;
    d2g:shape d2g:Gateway .

<http://example.org/diagram/diagram/node/5> a d2g:Process, d2g:Node ;
    rdfs:label ""Ask someone"" ;
    d2g:shape d2g:Task .

<http://example.org/diagram/diagram/node/6> a d2g:Terminator, d2g:Node ;
    rdfs:label ""Stop"" ;
    d2g:shape d2g:EndEvent .

<http://example.org/diagram/diagram/node/7> a d2g:Process, d2g:Node ;
    rdfs:label ""all over"" ;
    d2g:shape d2g:Task .

<http://example.org/diagram/diagram/edge/12> a d2g:Edge, d2g:Solid ;
    d2g:source <http://example.org/diagram/diagram/node/1> ;
    d2g:target <http://example.org/diagram/diagram/node/2> ;
    d2g:relationshipType d2g:Follows .

<http://example.org/diagram/diagram/edge/23> a d2g:Edge, d2g:Solid ;
    d2g:source <http://example.org/diagram/diagram/node/2> ;
    d2g:target <http://example.org/diagram/diagram/node/3> ;
    d2g:relationshipType d2g:Branches ;
    d2g:relationshipValue ""Yes"" .

<http://example.org/diagram/diagram/edge/36> a d2g:Edge, d2g:Solid ;
    d2g:source <http://example.org/diagram/diagram/node/3> ;
    d2g:target <http://example.org/diagram/diagram/node/6> ;
    d2g:relationshipType d2g:Follows .

<http://example.org/diagram/diagram/edge/24> a d2g:Edge, d2g:Solid ;
    d2g:source <http://example.org/diagram/diagram/node/2> ;
    d2g:target <http://example.org/diagram/diagram/node/4> ;
    d2g:relationshipType d2g:Branches ;
    d2g:relationshipValue ""No"" .

<http://example.org/diagram/diagram/edge/45> a d2g:Edge, d2g:Solid ;
    d2g:source <http://example.org/diagram/diagram/node/4> ;
    d2g:target <http://example.org/diagram/diagram/node/5> ;
    d2g:relationshipType d2g:Branches ;
    d2g:relationshipValue ""Yes"" .

<http://example.org/diagram/diagram/edge/56> a d2g:Edge, d2g:Solid ;
    d2g:source <http://example.org/diagram/diagram/node/5> ;
    d2g:target <http://example.org/diagram/diagram/node/6> ;
    d2g:relationshipType d2g:Follows .

<http://example.org/diagram/diagram/edge/47> a d2g:Edge, d2g:Solid ;
    d2g:source <http://example.org/diagram/diagram/node/4> ;
    d2g:target <http://example.org/diagram/diagram/node/7> ;
    d2g:relationshipType d2g:Branches ;
    d2g:relationshipValue ""No"" .

<http://example.org/diagram/diagram/edge/71> a d2g:Edge, d2g:Solid ;
    d2g:source <http://example.org/diagram/diagram/node/7> ;
    d2g:target <http://example.org/diagram/diagram/node/1> ;
    d2g:relationshipType d2g:Follows .

<http://example.org/diagram/diagram/node/1> d2g:follows <http://example.org/diagram/diagram/node/2> .
<http://example.org/diagram/diagram/node/2> d2g:branches <http://example.org/diagram/diagram/node/3> .
<http://example.org/diagram/diagram/node/3> d2g:follows <http://example.org/diagram/diagram/node/6> .
<http://example.org/diagram/diagram/node/2> d2g:branches <http://example.org/diagram/diagram/node/4> .
<http://example.org/diagram/diagram/node/4> d2g:branches <http://example.org/diagram/diagram/node/5> .
<http://example.org/diagram/diagram/node/5> d2g:follows <http://example.org/diagram/diagram/node/6> .
<http://example.org/diagram/diagram/node/4> d2g:branches <http://example.org/diagram/diagram/node/7> .
<http://example.org/diagram/diagram/node/7> d2g:follows <http://example.org/diagram/diagram/node/1> .
",1.0,1.0
Extract RDF triples from this image (/kaggle/input/diagram2graph-dataset/diagram2graph/174.png),['/kaggle/input/diagram2graph-dataset/diagram2graph/174.png'],"@prefix d2g: <http://example.org/diagram2graph#> .
@prefix rdfs: <http://www.w3.org/2000/01/rdf-schema#> .

<http://example.org/diagram/diagram/node/1> a d2g:Start, d2g:Node ;
    rdfs:label ""Begin"" ;
    d2g:shape d2g:StartEvent .

<http://example.org/diagram/diagram/node/2> a d2g:Process, d2g:Node ;
    rdfs:label ""Input"" ;
    d2g:shape d2g:Task .

<http://example.org/diagram/diagram/node/3> a d2g:Process, d2g:Node ;
    rdfs:label ""Process"" ;
    d2g:shape d2g:Task .

<http://example.org/diagram/diagram/node/4> a d2g:Process, d2g:Node ;
    rdfs:label ""Add"" ;
    d2g:shape d2g:Task .

<http://example.org/diagram/diagram/node/5> a d2g:Terminator, d2g:Node ;
    rdfs:label ""End"" ;
    d2g:shape d2g:EndEvent .

<http://example.org/diagram/diagram/node/6> a d2g:Process, d2g:Node ;
    rdfs:label ""Subtract"" ;
    d2g:shape d2g:Task .

<http://example.org/diagram/diagram/node/7> a d2g:Terminator, d2g:Node ;
    rdfs:label ""End"" ;
    d2g:shape d2g:EndEvent .

<http://example.org/diagram/diagram/edge/12> a d2g:Edge, d2g:Solid ;
    d2g:source <http://example.org/diagram/diagram/node/1> ;
    d2g:target <http://example.org/diagram/diagram/node/2> ;
    d2g:relationshipType d2g:Follows .

<http://example.org/diagram/diagram/edge/23> a d2g:Edge, d2g:Solid ;
    d2g:source <http://example.org/diagram/diagram/node/2> ;
    d2g:target <http://example.org/diagram/diagram/node/3> ;
    d2g:relationshipType d2g:Follows .

<http://example.org/diagram/diagram/edge/34> a d2g:Edge, d2g:Solid ;
    d2g:source <http://example.org/diagram/diagram/node/3> ;
    d2g:target <http://example.org/diagram/diagram/node/4> ;
    d2g:relationshipType d2g:Branches ;
    d2g:relationshipValue ""yes"" .

<http://example.org/diagram/diagram/edge/36> a d2g:Edge, d2g:Solid ;
    d2g:source <http://example.org/diagram/diagram/node/3> ;
    d2g:target <http://example.org/diagram/diagram/node/6> ;
    d2g:relationshipType d2g:Branches ;
    d2g:relationshipValue ""No"" .

<http://example.org/diagram/diagram/edge/45> a d2g:Edge, d2g:Solid ;
    d2g:source <http://example.org/diagram/diagram/node/4> ;
    d2g:target <http://example.org/diagram/diagram/node/5> ;
    d2g:relationshipType d2g:Follows .

<http://example.org/diagram/diagram/edge/67> a d2g:Edge, d2g:Solid ;
    d2g:source <http://example.org/diagram/diagram/node/6> ;
    d2g:target <http://example.org/diagram/diagram/node/7> ;
    d2g:relationshipType d2g:Follows .

<http://example.org/diagram/diagram/node/1> d2g:follows <http://example.org/diagram/diagram/node/2> .
<http://example.org/diagram/diagram/node/2> d2g:follows <http://example.org/diagram/diagram/node/3> .
<http://example.org/diagram/diagram/node/3> d2g:branches <http://example.org/diagram/diagram/node/4> .
<http://example.org/diagram/diagram/node/3> d2g:branches <http://example.org/diagram/diagram/node/6> .
<http://example.org/diagram/diagram/node/4> d2g:follows <http://example.org/diagram/diagram/node/5> .
<http://example.org/diagram/diagram/node/6> d2g:follows <http://example.org/diagram/diagram/node/7> .
",1.0,1.0
Extract RDF triples from this image (/kaggle/input/diagram2graph-dataset/diagram2graph/18.png),['/kaggle/input/diagram2graph-dataset/diagram2graph/18.png'],"@prefix d2g:  <http://example.org/diagram2graph#> .
@prefix rdfs: <http://www.w3.org/2000/01/rdf-schema#> .

<http://example.org/diagram/diagram/node/1> a d2g:Start, d2g:Node ;
    rdfs:label ""Begin"" ;
    d2g:shape d2g:StartEvent .

<http://example.org/diagram/diagram/node/2> a d2g:Process, d2g:Node ;
    rdfs:label ""Get n"" ;
    d2g:shape d2g:Task .

<http://example.org/diagram/diagram/node/3> a d2g:Decision, d2g:Node ;
    rdfs:label ""n%2==0"" ;
    d2g:shape d2g:Gateway .

<http://example.org/diagram/diagram/node/4> a d2g:Process, d2g:Node ;
    rdfs:label ""Even"" ;
    d2g:shape d2g:Task .

<http://example.org/diagram/diagram/node/5> a d2g:Process, d2g:Node ;
    rdfs:label ""Odd"" ;
    d2g:shape d2g:Task .

<http://example.org/diagram/diagram/node/6> a d2g:Terminator, d2g:Node ;
    rdfs:label ""Stop"" ;
    d2g:shape d2g:EndEvent .

<http://example.org/diagram/diagram/edge/12> a d2g:Edge, d2g:Solid ;
    d2g:source <http://example.org/diagram/diagram/node/1> ;
    d2g:target <http://example.org/diagram/diagram/node/2> ;
    d2g:relationshipType d2g:Follows .

<http://example.org/diagram/diagram/edge/23> a d2g:Edge, d2g:Solid ;
    d2g:source <http://example.org/diagram/diagram/node/2> ;
    d2g:target <http://example.org/diagram/diagram/node/3> ;
    d2g:relationshipType d2g:Follows .

<http://example.org/diagram/diagram/edge/34> a d2g:Edge, d2g:Solid ;
    d2g:source <http://example.org/diagram/diagram/node/3> ;
    d2g:target <http://example.org/diagram/diagram/node/4> ;
    d2g:relationshipType d2g:Branches ;
    d2g:relationshipValue ""Yes"" .

<http://example.org/diagram/diagram/edge/35> a d2g:Edge, d2g:Solid ;
    d2g:source <http://example.org/diagram/diagram/node/3> ;
    d2g:target <http://example.org/diagram/diagram/node/5> ;
    d2g:relationshipType d2g:Branches ;
    d2g:relationshipValue ""No"" .

<http://example.org/diagram/diagram/edge/46> a d2g:Edge, d2g:Solid ;
    d2g:source <http://example.org/diagram/diagram/node/4> ;
    d2g:target <http://example.org/diagram/diagram/node/6> ;
    d2g:relationshipType d2g:Follows .

<http://example.org/diagram/diagram/edge/56> a d2g:Edge, d2g:Solid ;
    d2g:source <http://example.org/diagram/diagram/node/5> ;
    d2g:target <http://example.org/diagram/diagram/node/6> ;
    d2g:relationshipType d2g:Follows .

<http://example.org/diagram/diagram/node/1> d2g:follows <http://example.org/diagram/diagram/node/2> .
<http://example.org/diagram/diagram/node/2> d2g:follows <http://example.org/diagram/diagram/node/3> .
<http://example.org/diagram/diagram/node/3> d2g:branches <http://example.org/diagram/diagram/node/4> .
<http://example.org/diagram/diagram/node/3> d2g:branches <http://example.org/diagram/diagram/node/5> .
<http://example.org/diagram/diagram/node/4> d2g:follows <http://example.org/diagram/diagram/node/6> .
<http://example.org/diagram/diagram/node/5> d2g:follows <http://example.org/diagram/diagram/node/6> .
",0.0,1.0
Extract RDF triples from this image (/kaggle/input/diagram2graph-dataset/diagram2graph/192.png),['/kaggle/input/diagram2graph-dataset/diagram2graph/192.png'],"@prefix d2g:  <http://example.org/diagram2graph#> .
@prefix rdfs: <http://www.w3.org/2000/01/rdf-schema#> .

<http://example.org/diagram/diagram/node/1> a d2g:Start, d2g:Node ;
    rdfs:label ""Begin"" ;
    d2g:shape d2g:StartEvent .

<http://example.org/diagram/diagram/node/2> a d2g:Decision, d2g:Node ;
    rdfs:label ""Does the user has an account?"" ;
    d2g:shape d2g:Gateway .

<http://example.org/diagram/diagram/node/3> a d2g:Process, d2g:Node ;
    rdfs:label ""Go to website"" ;
    d2g:shape d2g:Task .

<http://example.org/diagram/diagram/node/4> a d2g:Process, d2g:Node ;
    rdfs:label ""\""Open an account\"" page open"" ;
    d2g:shape d2g:Task .

<http://example.org/diagram/diagram/node/5> a d2g:Process, d2g:Node ;
    rdfs:label ""User enter email"" ;
    d2g:shape d2g:Task .

<http://example.org/diagram/diagram/node/6> a d2g:Process, d2g:Node ;
    rdfs:label ""User enter password"" ;
    d2g:shape d2g:Task .

<http://example.org/diagram/diagram/node/7> a d2g:Process, d2g:Node ;
    rdfs:label ""User clicks on the login button"" ;
    d2g:shape d2g:Task .

<http://example.org/diagram/diagram/node/8> a d2g:Decision, d2g:Node ;
    rdfs:label ""Are the email and password is correct?"" ;
    d2g:shape d2g:Gateway .

<http://example.org/diagram/diagram/node/9> a d2g:Terminator, d2g:Node ;
    rdfs:label ""Close"" ;
    d2g:shape d2g:EndEvent .

<http://example.org/diagram/diagram/node/10> a d2g:Process, d2g:Node ;
    rdfs:label ""Error message appears"" ;
    d2g:shape d2g:Task .

<http://example.org/diagram/diagram/edge/12> a d2g:Edge, d2g:Solid ;
    d2g:source <http://example.org/diagram/diagram/node/1> ;
    d2g:target <http://example.org/diagram/diagram/node/2> ;
    d2g:relationshipType d2g:Follows .

<http://example.org/diagram/diagram/edge/23> a d2g:Edge, d2g:Solid ;
    d2g:source <http://example.org/diagram/diagram/node/2> ;
    d2g:target <http://example.org/diagram/diagram/node/3> ;
    d2g:relationshipType d2g:Branches ;
    d2g:relationshipValue ""No"" .

<http://example.org/diagram/diagram/edge/25> a d2g:Edge, d2g:Solid ;
    d2g:source <http://example.org/diagram/diagram/node/2> ;
    d2g:target <http://example.org/diagram/diagram/node/5> ;
    d2g:relationshipType d2g:Branches ;
    d2g:relationshipValue ""Yes"" .

<http://example.org/diagram/diagram/edge/34> a d2g:Edge, d2g:Solid ;
    d2g:source <http://example.org/diagram/diagram/node/3> ;
    d2g:target <http://example.org/diagram/diagram/node/4> ;
    d2g:relationshipType d2g:Follows .

<http://example.org/diagram/diagram/edge/56> a d2g:Edge, d2g:Solid ;
    d2g:source <http://example.org/diagram/diagram/node/5> ;
    d2g:target <http://example.org/diagram/diagram/node/6> ;
    d2g:relationshipType d2g:Follows .

<http://example.org/diagram/diagram/edge/67> a d2g:Edge, d2g:Solid ;
    d2g:source <http://example.org/diagram/diagram/node/6> ;
    d2g:target <http://example.org/diagram/diagram/node/7> ;
    d2g:relationshipType d2g:Follows .

<http://example.org/diagram/diagram/edge/78> a d2g:Edge, d2g:Solid ;
    d2g:source <http://example.org/diagram/diagram/node/7> ;
    d2g:target <http://example.org/diagram/diagram/node/8> ;
    d2g:relationshipType d2g:Follows .

<http://example.org/diagram/diagram/edge/89> a d2g:Edge, d2g:Solid ;
    d2g:source <http://example.org/diagram/diagram/node/8> ;
    d2g:target <http://example.org/diagram/diagram/node/9> ;
    d2g:relationshipType d2g:Branches ;
    d2g:relationshipValue ""No"" .

<http://example.org/diagram/diagram/edge/810> a d2g:Edge, d2g:Solid ;
    d2g:source <http://example.org/diagram/diagram/node/8> ;
    d2g:target <http://example.org/diagram/diagram/node/10> ;
    d2g:relationshipType d2g:Branches ;
    d2g:relationshipValue ""Yes"" .

<http://example.org/diagram/diagram/node/1> d2g:follows <http://example.org/diagram/diagram/node/2> .
<http://example.org/diagram/diagram/node/2> d2g:branches <http://example.org/diagram/diagram/node/3> .
<http://example.org/diagram/diagram/node/2> d2g:branches <http://example.org/diagram/diagram/node/5> .
<http://example.org/diagram/diagram/node/3> d2g:follows <http://example.org/diagram/diagram/node/4> .
<http://example.org/diagram/diagram/node/5> d2g:follows <http://example.org/diagram/diagram/node/6> .
<http://example.org/diagram/diagram/node/6> d2g:follows <http://example.org/diagram/diagram/node/7> .
<http://example.org/diagram/diagram/node/7> d2g:follows <http://example.org/diagram/diagram/node/8> .
<http://example.org/diagram/diagram/node/8> d2g:branches <http://example.org/diagram/diagram/node/9> .
<http://example.org/diagram/diagram/node/8> d2g:branches <http://example.org/diagram/diagram/node/10> .
",0.0,1.0
Extract RDF triples from this image (/kaggle/input/diagram2graph-dataset/diagram2graph/193.png),['/kaggle/input/diagram2graph-dataset/diagram2graph/193.png'],"@prefix d2g:  <http://example.org/diagram2graph#> .
@prefix rdfs: <http://www.w3.org/2000/01/rdf-schema#> .

<http://example.org/diagram/diagram/node/1> a d2g:Start, d2g:Node ;
    rdfs:label ""Start"" ;
    d2g:shape d2g:StartEvent .

<http://example.org/diagram/diagram/node/2> a d2g:Process, d2g:Node ;
    rdfs:label ""Round 1 T = 1"" ;
    d2g:shape d2g:Task .

<http://example.org/diagram/diagram/node/3> a d2g:Process, d2g:Node ;
    rdfs:label ""Next round draw"" ;
    d2g:shape d2g:Task .

<http://example.org/diagram/diagram/node/4> a d2g:Process, d2g:Node ;
    rdfs:label ""Draw lots to select witness nodes"" ;
    d2g:shape d2g:Task .

<http://example.org/diagram/diagram/node/5> a d2g:Decision, d2g:Node ;
    rdfs:label ""Timeout verification"" ;
    d2g:shape d2g:Gateway .

<http://example.org/diagram/diagram/node/6> a d2g:Process, d2g:Node ;
    rdfs:label ""Binarize block"" ;
    d2g:shape d2g:Task .

<http://example.org/diagram/diagram/node/7> a d2g:Process, d2g:Node ;
    rdfs:label ""Packing block"" ;
    d2g:shape d2g:Task .

<http://example.org/diagram/diagram/node/8> a d2g:Decision, d2g:Node ;
    rdfs:label ""Block verification"" ;
    d2g:shape d2g:Gateway .

<http://example.org/diagram/diagram/node/9> a d2g:Process, d2g:Node ;
    rdfs:label ""Authentication"" ;
    d2g:shape d2g:Task .

<http://example.org/diagram/diagram/node/10> a d2g:Process, d2g:Node ;
    rdfs:label ""Finish"" ;
    d2g:shape d2g:Task .

<http://example.org/diagram/diagram/edge/12> a d2g:Edge, d2g:Solid ;
    d2g:source <http://example.org/diagram/diagram/node/1> ;
    d2g:target <http://example.org/diagram/diagram/node/2> ;
    d2g:relationshipType d2g:Follows .

<http://example.org/diagram/diagram/edge/24> a d2g:Edge, d2g:Solid ;
    d2g:source <http://example.org/diagram/diagram/node/2> ;
    d2g:target <http://example.org/diagram/diagram/node/4> ;
    d2g:relationshipType d2g:Follows .

<http://example.org/diagram/diagram/edge/34> a d2g:Edge, d2g:Solid ;
    d2g:source <http://example.org/diagram/diagram/node/3> ;
    d2g:target <http://example.org/diagram/diagram/node/4> ;
    d2g:relationshipType d2g:Follows .

<http://example.org/diagram/diagram/edge/46> a d2g:Edge, d2g:Solid ;
    d2g:source <http://example.org/diagram/diagram/node/4> ;
    d2g:target <http://example.org/diagram/diagram/node/6> ;
    d2g:relationshipType d2g:Follows .

<http://example.org/diagram/diagram/edge/53> a d2g:Edge, d2g:Solid ;
    d2g:source <http://example.org/diagram/diagram/node/5> ;
    d2g:target <http://example.org/diagram/diagram/node/3> ;
    d2g:relationshipType d2g:Branches ;
    d2g:relationshipValue ""Timeout"" .

<http://example.org/diagram/diagram/edge/67> a d2g:Edge, d2g:Solid ;
    d2g:source <http://example.org/diagram/diagram/node/6> ;
    d2g:target <http://example.org/diagram/diagram/node/7> ;
    d2g:relationshipType d2g:Follows .

<http://example.org/diagram/diagram/edge/78> a d2g:Edge, d2g:Solid ;
    d2g:source <http://example.org/diagram/diagram/node/7> ;
    d2g:target <http://example.org/diagram/diagram/node/8> ;
    d2g:relationshipType d2g:Follows .

<http://example.org/diagram/diagram/edge/85> a d2g:Edge, d2g:Solid ;
    d2g:source <http://example.org/diagram/diagram/node/8> ;
    d2g:target <http://example.org/diagram/diagram/node/5> ;
    d2g:relationshipType d2g:Branches ;
    d2g:relationshipValue ""Verification failed"" .

<http://example.org/diagram/diagram/edge/89> a d2g:Edge, d2g:Solid ;
    d2g:source <http://example.org/diagram/diagram/node/8> ;
    d2g:target <http://example.org/diagram/diagram/node/9> ;
    d2g:relationshipType d2g:Branches .

<http://example.org/diagram/diagram/edge/810> a d2g:Edge, d2g:Solid ;
    d2g:source <http://example.org/diagram/diagram/node/8> ;
    d2g:target <http://example.org/diagram/diagram/node/10> ;
    d2g:relationshipType d2g:Branches ;
    d2g:relationshipValue ""Success"" .

<http://example.org/diagram/diagram/edge/96> a d2g:Edge, d2g:Solid ;
    d2g:source <http://example.org/diagram/diagram/node/9> ;
    d2g:target <http://example.org/diagram/diagram/node/6> ;
    d2g:relationshipType d2g:Follows .

<http://example.org/diagram/diagram/node/1> d2g:follows <http://example.org/diagram/diagram/node/2> .
<http://example.org/diagram/diagram/node/2> d2g:follows <http://example.org/diagram/diagram/node/4> .
<http://example.org/diagram/diagram/node/3> d2g:follows <http://example.org/diagram/diagram/node/4> .
<http://example.org/diagram/diagram/node/4> d2g:follows <http://example.org/diagram/diagram/node/6> .
<http://example.org/diagram/diagram/node/5> d2g:branches <http://example.org/diagram/diagram/node/3> .
<http://example.org/diagram/diagram/node/6> d2g:follows <http://example.org/diagram/diagram/node/7> .
<http://example.org/diagram/diagram/node/7> d2g:follows <http://example.org/diagram/diagram/node/8> .
<http://example.org/diagram/diagram/node/8> d2g:branches <http://example.org/diagram/diagram/node/5> .
<http://example.org/diagram/diagram/node/8> d2g:branches <http://example.org/diagram/diagram/node/9> .
<http://example.org/diagram/diagram/node/8> d2g:branches <http://example.org/diagram/diagram/node/10> .
<http://example.org/diagram/diagram/node/9> d2g:follows <http://example.org/diagram/diagram/node/6> .
",0.0,1.0
Extract RDF triples from this image (/kaggle/input/diagram2graph-dataset/diagram2graph/198.png),['/kaggle/input/diagram2graph-dataset/diagram2graph/198.png'],"@prefix d2g:  <http://example.org/diagram2graph#> .
@prefix rdfs: <http://www.w3.org/2000/01/rdf-schema#> .

<http://example.org/diagram/diagram/node/1> a d2g:Node, d2g:Start ;
    rdfs:label ""Start"" ;
    d2g:shape d2g:StartEvent .

<http://example.org/diagram/diagram/node/2> a d2g:Node, d2g:Decision ;
    rdfs:label ""Approval Needed?"" ;
    d2g:shape d2g:Gateway .

<http://example.org/diagram/diagram/node/3> a d2g:Node, d2g:Process ;
    rdfs:label ""Go to manager"" ;
    d2g:shape d2g:Task .

<http://example.org/diagram/diagram/node/4> a d2g:Node, d2g:Terminator ;
    rdfs:label ""Finished"" ;
    d2g:shape d2g:EndEvent .

<http://example.org/diagram/diagram/edge/12> a d2g:Edge, d2g:Solid ;
    d2g:source <http://example.org/diagram/diagram/node/1> ;
    d2g:target <http://example.org/diagram/diagram/node/2> ;
    d2g:relationshipType d2g:Follows .

<http://example.org/diagram/diagram/edge/23> a d2g:Edge, d2g:Solid ;
    d2g:source <http://example.org/diagram/diagram/node/2> ;
    d2g:target <http://example.org/diagram/diagram/node/3> ;
    d2g:relationshipType d2g:Branches ;
    d2g:relationshipValue ""Yes"" .

<http://example.org/diagram/diagram/edge/24> a d2g:Edge, d2g:Solid ;
    d2g:source <http://example.org/diagram/diagram/node/2> ;
    d2g:target <http://example.org/diagram/diagram/node/4> ;
    d2g:relationshipType d2g:Branches ;
    d2g:relationshipValue ""No"" .

<http://example.org/diagram/diagram/node/1> d2g:follows <http://example.org/diagram/diagram/node/2> .
<http://example.org/diagram/diagram/node/2> d2g:branches <http://example.org/diagram/diagram/node/3> .
<http://example.org/diagram/diagram/node/2> d2g:branches <http://example.org/diagram/diagram/node/4> .
",1.0,1.0
Extract RDF triples from this image (/kaggle/input/diagram2graph-dataset/diagram2graph/2.png),['/kaggle/input/diagram2graph-dataset/diagram2graph/2.png'],"@prefix d2g:  <http://example.org/diagram2graph#> .
@prefix rdfs: <http://www.w3.org/2000/01/rdf-schema#> .

<http://example.org/diagram/diagram/node/1> a d2g:Start, d2g:Node ;
    rdfs:label ""Start"" ;
    d2g:shape d2g:StartEvent .

<http://example.org/diagram/diagram/node/2> a d2g:Process, d2g:Node ;
    rdfs:label ""Initialize"" ;
    d2g:shape d2g:Task .

<http://example.org/diagram/diagram/node/3> a d2g:Decision, d2g:Node ;
    rdfs:label ""Decision"" ;
    d2g:shape d2g:Gateway .

<http://example.org/diagram/diagram/node/4> a d2g:Process, d2g:Node ;
    rdfs:label ""Process"" ;
    d2g:shape d2g:Task .

<http://example.org/diagram/diagram/node/5> a d2g:Delay, d2g:Node ;
    rdfs:label ""Delay"" ;
    d2g:shape d2g:Delay .

<http://example.org/diagram/diagram/node/6> a d2g:Process, d2g:Node ;
    rdfs:label ""Print result"" ;
    d2g:shape d2g:Task .

<http://example.org/diagram/diagram/node/7> a d2g:Terminator, d2g:Node ;
    rdfs:label ""End"" ;
    d2g:shape d2g:EndEvent .

<http://example.org/diagram/diagram/edge/12> a d2g:Edge, d2g:Solid ;
    d2g:source <http://example.org/diagram/diagram/node/1> ;
    d2g:target <http://example.org/diagram/diagram/node/2> ;
    d2g:relationshipType d2g:Follows .

<http://example.org/diagram/diagram/edge/23> a d2g:Edge, d2g:Solid ;
    d2g:source <http://example.org/diagram/diagram/node/2> ;
    d2g:target <http://example.org/diagram/diagram/node/3> ;
    d2g:relationshipType d2g:Follows .

<http://example.org/diagram/diagram/edge/36> a d2g:Edge, d2g:Solid ;
    d2g:source <http://example.org/diagram/diagram/node/3> ;
    d2g:target <http://example.org/diagram/diagram/node/6> ;
    d2g:relationshipType d2g:Branches ;
    d2g:relationshipValue ""Yes"" .

<http://example.org/diagram/diagram/edge/34> a d2g:Edge, d2g:Dashed ;
    d2g:source <http://example.org/diagram/diagram/node/3> ;
    d2g:target <http://example.org/diagram/diagram/node/4> ;
    d2g:relationshipType d2g:Branches ;
    d2g:relationshipValue ""No"" .

<http://example.org/diagram/diagram/edge/45> a d2g:Edge, d2g:Dashed ;
    d2g:source <http://example.org/diagram/diagram/node/4> ;
    d2g:target <http://example.org/diagram/diagram/node/5> ;
    d2g:relationshipType d2g:Follows .

<http://example.org/diagram/diagram/edge/52> a d2g:Edge, d2g:Dashed ;
    d2g:source <http://example.org/diagram/diagram/node/5> ;
    d2g:target <http://example.org/diagram/diagram/node/2> ;
    d2g:relationshipType d2g:Follows .

<http://example.org/diagram/diagram/edge/67> a d2g:Edge, d2g:Solid ;
    d2g:source <http://example.org/diagram/diagram/node/6> ;
    d2g:target <http://example.org/diagram/diagram/node/7> ;
    d2g:relationshipType d2g:Follows .

<http://example.org/diagram/diagram/node/1> d2g:follows <http://example.org/diagram/diagram/node/2> .
<http://example.org/diagram/diagram/node/2> d2g:follows <http://example.org/diagram/diagram/node/3> .
<http://example.org/diagram/diagram/node/3> d2g:branches <http://example.org/diagram/diagram/node/6> .
<http://example.org/diagram/diagram/node/3> d2g:branches <http://example.org/diagram/diagram/node/4> .
<http://example.org/diagram/diagram/node/4> d2g:follows <http://example.org/diagram/diagram/node/5> .
<http://example.org/diagram/diagram/node/5> d2g:follows <http://example.org/diagram/diagram/node/2> .
<http://example.org/diagram/diagram/node/6> d2g:follows <http://example.org/diagram/diagram/node/7> .
",1.0,1.0
Extract RDF triples from this image (/kaggle/input/diagram2graph-dataset/diagram2graph/203.png),['/kaggle/input/diagram2graph-dataset/diagram2graph/203.png'],"@prefix d2g:  <http://example.org/diagram2graph#> .
@prefix rdfs: <http://www.w3.org/2000/01/rdf-schema#> .

<http://example.org/diagram/diagram/node/1> a d2g:Node, d2g:Process ;
    rdfs:label ""Customer Consulting and Quotation"" ;
    d2g:shape d2g:Task .

<http://example.org/diagram/diagram/node/2> a d2g:Node, d2g:Decision ;
    rdfs:label ""Deal?"" ;
    d2g:shape d2g:Gateway .

<http://example.org/diagram/diagram/node/3> a d2g:Node, d2g:Process ;
    rdfs:label ""Go home"" ;
    d2g:shape d2g:Task .

<http://example.org/diagram/diagram/node/4> a d2g:Node, d2g:Process ;
    rdfs:label ""Invoice"" ;
    d2g:shape d2g:Task .

<http://example.org/diagram/diagram/node/5> a d2g:Node, d2g:Process ;
    rdfs:label ""Shipping"" ;
    d2g:shape d2g:Task .

<http://example.org/diagram/diagram/node/6> a d2g:Node, d2g:Process ;
    rdfs:label ""Custom Clearance"" ;
    d2g:shape d2g:Task .

<http://example.org/diagram/diagram/node/7> a d2g:Node, d2g:Process ;
    rdfs:label ""Payment mode"" ;
    d2g:shape d2g:Task .

<http://example.org/diagram/diagram/node/8> a d2g:Node, d2g:Process ;
    rdfs:label ""Delivery"" ;
    d2g:shape d2g:Task .

<http://example.org/diagram/diagram/node/9> a d2g:Node, d2g:Process ;
    rdfs:label ""Service Payment"" ;
    d2g:shape d2g:Task .

<http://example.org/diagram/diagram/node/10> a d2g:Node, d2g:Decision ;
    rdfs:label ""Pay Foreign Exchange?"" ;
    d2g:shape d2g:Gateway .

<http://example.org/diagram/diagram/node/11> a d2g:Node, d2g:Process ;
    rdfs:label ""Payment"" ;
    d2g:shape d2g:Task .

<http://example.org/diagram/diagram/node/12> a d2g:Node, d2g:Terminator ;
    rdfs:label ""Stop"" ;
    d2g:shape d2g:EndEvent .

<http://example.org/diagram/diagram/edge/12> a d2g:Edge, d2g:Solid ;
    d2g:source <http://example.org/diagram/diagram/node/1> ;
    d2g:target <http://example.org/diagram/diagram/node/2> ;
    d2g:relationshipType d2g:Follows .

<http://example.org/diagram/diagram/edge/24> a d2g:Edge, d2g:Solid ;
    d2g:source <http://example.org/diagram/diagram/node/2> ;
    d2g:target <http://example.org/diagram/diagram/node/4> ;
    d2g:relationshipType d2g:Branches ;
    d2g:relationshipValue ""Yes"" .

<http://example.org/diagram/diagram/edge/23> a d2g:Edge, d2g:Dashed ;
    d2g:source <http://example.org/diagram/diagram/node/2> ;
    d2g:target <http://example.org/diagram/diagram/node/3> ;
    d2g:relationshipType d2g:Branches ;
    d2g:relationshipValue ""No"" .

<http://example.org/diagram/diagram/edge/45> a d2g:Edge, d2g:Solid ;
    d2g:source <http://example.org/diagram/diagram/node/4> ;
    d2g:target <http://example.org/diagram/diagram/node/5> ;
    d2g:relationshipType d2g:Follows .

<http://example.org/diagram/diagram/edge/56> a d2g:Edge, d2g:Solid ;
    d2g:source <http://example.org/diagram/diagram/node/5> ;
    d2g:target <http://example.org/diagram/diagram/node/6> ;
    d2g:relationshipType d2g:Follows .

<http://example.org/diagram/diagram/edge/67> a d2g:Edge, d2g:Solid ;
    d2g:source <http://example.org/diagram/diagram/node/6> ;
    d2g:target <http://example.org/diagram/diagram/node/7> ;
    d2g:relationshipType d2g:Follows .

<http://example.org/diagram/diagram/edge/78> a d2g:Edge, d2g:Solid ;
    d2g:source <http://example.org/diagram/diagram/node/7> ;
    d2g:target <http://example.org/diagram/diagram/node/8> ;
    d2g:relationshipType d2g:Follows .

<http://example.org/diagram/diagram/edge/89> a d2g:Edge, d2g:Solid ;
    d2g:source <http://example.org/diagram/diagram/node/8> ;
    d2g:target <http://example.org/diagram/diagram/node/9> ;
    d2g:relationshipType d2g:Follows .

<http://example.org/diagram/diagram/edge/910> a d2g:Edge, d2g:Solid ;
    d2g:source <http://example.org/diagram/diagram/node/9> ;
    d2g:target <http://example.org/diagram/diagram/node/10> ;
    d2g:relationshipType d2g:Follows .

<http://example.org/diagram/diagram/edge/1011> a d2g:Edge, d2g:Solid ;
    d2g:source <http://example.org/diagram/diagram/node/10> ;
    d2g:target <http://example.org/diagram/diagram/node/11> ;
    d2g:relationshipType d2g:Branches ;
    d2g:relationshipValue ""Yes"" .

<http://example.org/diagram/diagram/edge/1012> a d2g:Edge, d2g:Dashed ;
    d2g:source <http://example.org/diagram/diagram/node/10> ;
    d2g:target <http://example.org/diagram/diagram/node/12> ;
    d2g:relationshipType d2g:Branches ;
    d2g:relationshipValue ""No"" .

<http://example.org/diagram/diagram/node/1> d2g:follows <http://example.org/diagram/diagram/node/2> .
<http://example.org/diagram/diagram/node/2> d2g:branches <http://example.org/diagram/diagram/node/4> .
<http://example.org/diagram/diagram/node/2> d2g:branches <http://example.org/diagram/diagram/node/3> .
<http://example.org/diagram/diagram/node/4> d2g:follows <http://example.org/diagram/diagram/node/5> .
<http://example.org/diagram/diagram/node/5> d2g:follows <http://example.org/diagram/diagram/node/6> .
<http://example.org/diagram/diagram/node/6> d2g:follows <http://example.org/diagram/diagram/node/7> .
<http://example.org/diagram/diagram/node/7> d2g:follows <http://example.org/diagram/diagram/node/8> .
<http://example.org/diagram/diagram/node/8> d2g:follows <http://example.org/diagram/diagram/node/9> .
<http://example.org/diagram/diagram/node/9> d2g:follows <http://example.org/diagram/diagram/node/10> .
<http://example.org/diagram/diagram/node/10> d2g:branches <http://example.org/diagram/diagram/node/11> .
<http://example.org/diagram/diagram/node/10> d2g:branches <http://example.org/diagram/diagram/node/12> .
",1.0,1.0
Extract RDF triples from this image (/kaggle/input/diagram2graph-dataset/diagram2graph/204.png),['/kaggle/input/diagram2graph-dataset/diagram2graph/204.png'],"@prefix d2g:  <http://example.org/diagram2graph#> .
@prefix rdfs: <http://www.w3.org/2000/01/rdf-schema#> .

<http://example.org/diagram/diagram/node/1> a d2g:Start, d2g:Node ;
    rdfs:label ""start"" ;
    d2g:shape d2g:StartEvent .

<http://example.org/diagram/diagram/node/2> a d2g:Process, d2g:Node ;
    rdfs:label ""guess number"" ;
    d2g:shape d2g:Task .

<http://example.org/diagram/diagram/node/3> a d2g:Decision, d2g:Node ;
    rdfs:label ""if <= 10"" ;
    d2g:shape d2g:Gateway .

<http://example.org/diagram/diagram/node/4> a d2g:Process, d2g:Node ;
    rdfs:label ""small number"" ;
    d2g:shape d2g:Task .

<http://example.org/diagram/diagram/node/5> a d2g:Decision, d2g:Node ;
    rdfs:label ""if > 10 and <= 80"" ;
    d2g:shape d2g:Gateway .

<http://example.org/diagram/diagram/node/6> a d2g:Process, d2g:Node ;
    rdfs:label ""medium number"" ;
    d2g:shape d2g:Task .

<http://example.org/diagram/diagram/node/7> a d2g:Process, d2g:Node ;
    rdfs:label ""large number"" ;
    d2g:shape d2g:Task .

<http://example.org/diagram/diagram/node/8> a d2g:Terminator, d2g:Node ;
    rdfs:label ""end"" ;
    d2g:shape d2g:EndEvent .

<http://example.org/diagram/diagram/edge/12> a d2g:Edge, d2g:Solid ;
    d2g:source <http://example.org/diagram/diagram/node/1> ;
    d2g:target <http://example.org/diagram/diagram/node/2> ;
    d2g:relationshipType d2g:Follows .

<http://example.org/diagram/diagram/edge/23> a d2g:Edge, d2g:Solid ;
    d2g:source <http://example.org/diagram/diagram/node/2> ;
    d2g:target <http://example.org/diagram/diagram/node/3> ;
    d2g:relationshipType d2g:Follows .

<http://example.org/diagram/diagram/edge/34> a d2g:Edge, d2g:Solid ;
    d2g:source <http://example.org/diagram/diagram/node/3> ;
    d2g:target <http://example.org/diagram/diagram/node/4> ;
    d2g:relationshipType d2g:Branches ;
    d2g:relationshipValue ""true"" .

<http://example.org/diagram/diagram/edge/35> a d2g:Edge, d2g:Solid ;
    d2g:source <http://example.org/diagram/diagram/node/3> ;
    d2g:target <http://example.org/diagram/diagram/node/5> ;
    d2g:relationshipType d2g:Branches ;
    d2g:relationshipValue ""false"" .

<http://example.org/diagram/diagram/edge/48> a d2g:Edge, d2g:Solid ;
    d2g:source <http://example.org/diagram/diagram/node/4> ;
    d2g:target <http://example.org/diagram/diagram/node/8> ;
    d2g:relationshipType d2g:Follows .

<http://example.org/diagram/diagram/edge/56> a d2g:Edge, d2g:Solid ;
    d2g:source <http://example.org/diagram/diagram/node/5> ;
    d2g:target <http://example.org/diagram/diagram/node/6> ;
    d2g:relationshipType d2g:Branches ;
    d2g:relationshipValue ""true"" .

<http://example.org/diagram/diagram/edge/57> a d2g:Edge, d2g:Solid ;
    d2g:source <http://example.org/diagram/diagram/node/5> ;
    d2g:target <http://example.org/diagram/diagram/node/7> ;
    d2g:relationshipType d2g:Branches ;
    d2g:relationshipValue ""false"" .

<http://example.org/diagram/diagram/edge/68> a d2g:Edge, d2g:Solid ;
    d2g:source <http://example.org/diagram/diagram/node/6> ;
    d2g:target <http://example.org/diagram/diagram/node/8> ;
    d2g:relationshipType d2g:Follows .

<http://example.org/diagram/diagram/edge/78> a d2g:Edge, d2g:Solid ;
    d2g:source <http://example.org/diagram/diagram/node/7> ;
    d2g:target <http://example.org/diagram/diagram/node/8> ;
    d2g:relationshipType d2g:Follows .

<http://example.org/diagram/diagram/node/1> d2g:follows <http://example.org/diagram/diagram/node/2> .
<http://example.org/diagram/diagram/node/2> d2g:follows <http://example.org/diagram/diagram/node/3> .
<http://example.org/diagram/diagram/node/3> d2g:branches <http://example.org/diagram/diagram/node/4> .
<http://example.org/diagram/diagram/node/3> d2g:branches <http://example.org/diagram/diagram/node/5> .
<http://example.org/diagram/diagram/node/4> d2g:follows <http://example.org/diagram/diagram/node/8> .
<http://example.org/diagram/diagram/node/5> d2g:branches <http://example.org/diagram/diagram/node/6> .
<http://example.org/diagram/diagram/node/5> d2g:branches <http://example.org/diagram/diagram/node/7> .
<http://example.org/diagram/diagram/node/6> d2g:follows <http://example.org/diagram/diagram/node/8> .
<http://example.org/diagram/diagram/node/7> d2g:follows <http://example.org/diagram/diagram/node/8> .
",1.0,1.0
Extract RDF triples from this image (/kaggle/input/diagram2graph-dataset/diagram2graph/212.png),['/kaggle/input/diagram2graph-dataset/diagram2graph/212.png'],"@prefix d2g:  <http://example.org/diagram2graph#> .
@prefix rdfs: <http://www.w3.org/2000/01/rdf-schema#> .

<http://example.org/diagram/diagram/node/1> a d2g:Node, d2g:Start ;
    rdfs:label ""START"" ;
    d2g:shape d2g:StartEvent .

<http://example.org/diagram/diagram/node/2> a d2g:Node, d2g:Process ;
    rdfs:label ""K is equal to 0"" ;
    d2g:shape d2g:Task .

<http://example.org/diagram/diagram/node/3> a d2g:Node, d2g:Process ;
    rdfs:label ""LOOP"" ;
    d2g:shape d2g:Task .

<http://example.org/diagram/diagram/node/4> a d2g:Node, d2g:Decision ;
    rdfs:label ""YES OR NO?"" ;
    d2g:shape d2g:Gateway .

<http://example.org/diagram/diagram/node/5> a d2g:Node, d2g:Process ;
    rdfs:label ""Calculate K as K+1"" ;
    d2g:shape d2g:Task .

<http://example.org/diagram/diagram/node/6> a d2g:Node, d2g:Process ;
    rdfs:label ""PRINT K"" ;
    d2g:shape d2g:Task .

<http://example.org/diagram/diagram/node/7> a d2g:Node, d2g:Terminator ;
    rdfs:label ""STOP"" ;
    d2g:shape d2g:EndEvent .

<http://example.org/diagram/diagram/edge/12> a d2g:Edge, d2g:Solid ;
    d2g:source <http://example.org/diagram/diagram/node/1> ;
    d2g:target <http://example.org/diagram/diagram/node/2> ;
    d2g:relationshipType d2g:Follows .

<http://example.org/diagram/diagram/edge/23> a d2g:Edge, d2g:Solid ;
    d2g:source <http://example.org/diagram/diagram/node/2> ;
    d2g:target <http://example.org/diagram/diagram/node/3> ;
    d2g:relationshipType d2g:Follows .

<http://example.org/diagram/diagram/edge/34> a d2g:Edge, d2g:Solid ;
    d2g:source <http://example.org/diagram/diagram/node/3> ;
    d2g:target <http://example.org/diagram/diagram/node/4> ;
    d2g:relationshipType d2g:Follows .

<http://example.org/diagram/diagram/edge/45> a d2g:Edge, d2g:Solid ;
    d2g:source <http://example.org/diagram/diagram/node/4> ;
    d2g:target <http://example.org/diagram/diagram/node/5> ;
    d2g:relationshipType d2g:Branches ;
    d2g:relationshipValue ""Yes"" .

<http://example.org/diagram/diagram/edge/46> a d2g:Edge, d2g:Solid ;
    d2g:source <http://example.org/diagram/diagram/node/4> ;
    d2g:target <http://example.org/diagram/diagram/node/6> ;
    d2g:relationshipType d2g:Branches ;
    d2g:relationshipValue ""No"" .

<http://example.org/diagram/diagram/edge/53> a d2g:Edge, d2g:Solid ;
    d2g:source <http://example.org/diagram/diagram/node/5> ;
    d2g:target <http://example.org/diagram/diagram/node/3> ;
    d2g:relationshipType d2g:Follows .

<http://example.org/diagram/diagram/edge/67> a d2g:Edge, d2g:Solid ;
    d2g:source <http://example.org/diagram/diagram/node/6> ;
    d2g:target <http://example.org/diagram/diagram/node/7> ;
    d2g:relationshipType d2g:Follows .

<http://example.org/diagram/diagram/node/1> d2g:follows <http://example.org/diagram/diagram/node/2> .
<http://example.org/diagram/diagram/node/2> d2g:follows <http://example.org/diagram/diagram/node/3> .
<http://example.org/diagram/diagram/node/3> d2g:follows <http://example.org/diagram/diagram/node/4> .
<http://example.org/diagram/diagram/node/4> d2g:branches <http://example.org/diagram/diagram/node/5> .
<http://example.org/diagram/diagram/node/4> d2g:branches <http://example.org/diagram/diagram/node/6> .
<http://example.org/diagram/diagram/node/5> d2g:follows <http://example.org/diagram/diagram/node/3> .
<http://example.org/diagram/diagram/node/6> d2g:follows <http://example.org/diagram/diagram/node/7> .
",0.0,1.0
Extract RDF triples from this image (/kaggle/input/diagram2graph-dataset/diagram2graph/215.png),['/kaggle/input/diagram2graph-dataset/diagram2graph/215.png'],"@prefix d2g:  <http://example.org/diagram2graph#> .
@prefix rdfs: <http://www.w3.org/2000/01/rdf-schema#> .

<http://example.org/diagram/diagram/node/1> a d2g:Start, d2g:Node ;
    rdfs:label ""start"" ;
    d2g:shape d2g:StartEvent .

<http://example.org/diagram/diagram/node/2> a d2g:Process, d2g:Node ;
    rdfs:label ""identity authentication"" ;
    d2g:shape d2g:Task .

<http://example.org/diagram/diagram/node/3> a d2g:Decision, d2g:Node ;
    rdfs:label ""identity verification"" ;
    d2g:shape d2g:Gateway .

<http://example.org/diagram/diagram/node/4> a d2g:Process, d2g:Node ;
    rdfs:label ""Try Again"" ;
    d2g:shape d2g:Task .

<http://example.org/diagram/diagram/node/5> a d2g:Decision, d2g:Node ;
    rdfs:label ""Profile"" ;
    d2g:shape d2g:Gateway .

<http://example.org/diagram/diagram/node/6> a d2g:Process, d2g:Node ;
    rdfs:label ""User"" ;
    d2g:shape d2g:Task .

<http://example.org/diagram/diagram/node/7> a d2g:Process, d2g:Node ;
    rdfs:label ""identity management"" ;
    d2g:shape d2g:Task .

<http://example.org/diagram/diagram/edge/12> a d2g:Edge, d2g:Solid ;
    d2g:source <http://example.org/diagram/diagram/node/1> ;
    d2g:target <http://example.org/diagram/diagram/node/2> ;
    d2g:relationshipType d2g:Follows .

<http://example.org/diagram/diagram/edge/23> a d2g:Edge, d2g:Solid ;
    d2g:source <http://example.org/diagram/diagram/node/2> ;
    d2g:target <http://example.org/diagram/diagram/node/3> ;
    d2g:relationshipType d2g:Follows .

<http://example.org/diagram/diagram/edge/34> a d2g:Edge, d2g:Solid ;
    d2g:source <http://example.org/diagram/diagram/node/3> ;
    d2g:target <http://example.org/diagram/diagram/node/4> ;
    d2g:relationshipType d2g:Branches ;
    d2g:relationshipValue ""N"" .

<http://example.org/diagram/diagram/edge/43> a d2g:Edge, d2g:Solid ;
    d2g:source <http://example.org/diagram/diagram/node/4> ;
    d2g:target <http://example.org/diagram/diagram/node/3> ;
    d2g:relationshipType d2g:Follows .

<http://example.org/diagram/diagram/edge/35> a d2g:Edge, d2g:Solid ;
    d2g:source <http://example.org/diagram/diagram/node/3> ;
    d2g:target <http://example.org/diagram/diagram/node/5> ;
    d2g:relationshipType d2g:Branches ;
    d2g:relationshipValue ""Y"" .

<http://example.org/diagram/diagram/edge/56> a d2g:Edge, d2g:Solid ;
    d2g:source <http://example.org/diagram/diagram/node/5> ;
    d2g:target <http://example.org/diagram/diagram/node/6> ;
    d2g:relationshipType d2g:Branches ;
    d2g:relationshipValue ""N"" .

<http://example.org/diagram/diagram/edge/57> a d2g:Edge, d2g:Solid ;
    d2g:source <http://example.org/diagram/diagram/node/5> ;
    d2g:target <http://example.org/diagram/diagram/node/7> ;
    d2g:relationshipType d2g:Branches ;
    d2g:relationshipValue ""Y"" .

<http://example.org/diagram/diagram/node/1> d2g:follows <http://example.org/diagram/diagram/node/2> .
<http://example.org/diagram/diagram/node/2> d2g:follows <http://example.org/diagram/diagram/node/3> .
<http://example.org/diagram/diagram/node/3> d2g:branches <http://example.org/diagram/diagram/node/4> .
<http://example.org/diagram/diagram/node/4> d2g:follows <http://example.org/diagram/diagram/node/3> .
<http://example.org/diagram/diagram/node/3> d2g:branches <http://example.org/diagram/diagram/node/5> .
<http://example.org/diagram/diagram/node/5> d2g:branches <http://example.org/diagram/diagram/node/6> .
<http://example.org/diagram/diagram/node/5> d2g:branches <http://example.org/diagram/diagram/node/7> .
",1.0,1.0
Extract RDF triples from this image (/kaggle/input/diagram2graph-dataset/diagram2graph/222.png),['/kaggle/input/diagram2graph-dataset/diagram2graph/222.png'],"@prefix d2g:  <http://example.org/diagram2graph#> .
@prefix rdfs: <http://www.w3.org/2000/01/rdf-schema#> .

<http://example.org/diagram/diagram/node/1> a d2g:Start, d2g:Node ;
    rdfs:label ""Start"" ;
    d2g:shape d2g:StartEvent .

<http://example.org/diagram/diagram/node/2> a d2g:Process, d2g:Node ;
    rdfs:label ""Read Temp"" ;
    d2g:shape d2g:Task .

<http://example.org/diagram/diagram/node/3> a d2g:Decision, d2g:Node ;
    rdfs:label ""Temp < 32?"" ;
    d2g:shape d2g:Gateway .

<http://example.org/diagram/diagram/node/4> a d2g:Process, d2g:Node ;
    rdfs:label ""Go Out"" ;
    d2g:shape d2g:Task .

<http://example.org/diagram/diagram/node/5> a d2g:Process, d2g:Node ;
    rdfs:label ""Don't go out"" ;
    d2g:shape d2g:Task .

<http://example.org/diagram/diagram/node/6> a d2g:Terminator, d2g:Node ;
    rdfs:label ""End"" ;
    d2g:shape d2g:EndEvent .

<http://example.org/diagram/diagram/edge/12> a d2g:Edge, d2g:Solid ;
    d2g:source <http://example.org/diagram/diagram/node/1> ;
    d2g:target <http://example.org/diagram/diagram/node/2> ;
    d2g:relationshipType d2g:Follows .

<http://example.org/diagram/diagram/edge/23> a d2g:Edge, d2g:Solid ;
    d2g:source <http://example.org/diagram/diagram/node/2> ;
    d2g:target <http://example.org/diagram/diagram/node/3> ;
    d2g:relationshipType d2g:Follows .

<http://example.org/diagram/diagram/edge/34> a d2g:Edge, d2g:Solid ;
    d2g:source <http://example.org/diagram/diagram/node/3> ;
    d2g:target <http://example.org/diagram/diagram/node/4> ;
    d2g:relationshipType d2g:Branches ;
    d2g:relationshipValue ""Yes"" .

<http://example.org/diagram/diagram/edge/35> a d2g:Edge, d2g:Solid ;
    d2g:source <http://example.org/diagram/diagram/node/3> ;
    d2g:target <http://example.org/diagram/diagram/node/5> ;
    d2g:relationshipType d2g:Branches ;
    d2g:relationshipValue ""No"" .

<http://example.org/diagram/diagram/edge/46> a d2g:Edge, d2g:Solid ;
    d2g:source <http://example.org/diagram/diagram/node/4> ;
    d2g:target <http://example.org/diagram/diagram/node/6> ;
    d2g:relationshipType d2g:Follows .

<http://example.org/diagram/diagram/edge/56> a d2g:Edge, d2g:Solid ;
    d2g:source <http://example.org/diagram/diagram/node/5> ;
    d2g:target <http://example.org/diagram/diagram/node/6> ;
    d2g:relationshipType d2g:Follows .

<http://example.org/diagram/diagram/node/1> d2g:follows <http://example.org/diagram/diagram/node/2> .
<http://example.org/diagram/diagram/node/2> d2g:follows <http://example.org/diagram/diagram/node/3> .
<http://example.org/diagram/diagram/node/3> d2g:branches <http://example.org/diagram/diagram/node/4> .
<http://example.org/diagram/diagram/node/3> d2g:branches <http://example.org/diagram/diagram/node/5> .
<http://example.org/diagram/diagram/node/4> d2g:follows <http://example.org/diagram/diagram/node/6> .
<http://example.org/diagram/diagram/node/5> d2g:follows <http://example.org/diagram/diagram/node/6> .
",1.0,1.0
Extract RDF triples from this image (/kaggle/input/diagram2graph-dataset/diagram2graph/224.png),['/kaggle/input/diagram2graph-dataset/diagram2graph/224.png'],"@prefix d2g:  <http://example.org/diagram2graph#> .
@prefix rdfs: <http://www.w3.org/2000/01/rdf-schema#> .

<http://example.org/diagram/diagram/node/1> a d2g:Start, d2g:Node ;
    rdfs:label ""Start"" ;
    d2g:shape d2g:StartEvent .

<http://example.org/diagram/diagram/node/2> a d2g:Process, d2g:Node ;
    rdfs:label ""Problem"" ;
    d2g:shape d2g:Task .

<http://example.org/diagram/diagram/node/3> a d2g:Process, d2g:Node ;
    rdfs:label ""Develop an Algorithm"" ;
    d2g:shape d2g:Task .

<http://example.org/diagram/diagram/node/4> a d2g:Process, d2g:Node ;
    rdfs:label ""Think creativity"" ;
    d2g:shape d2g:Task .

<http://example.org/diagram/diagram/node/5> a d2g:Process, d2g:Node ;
    rdfs:label ""Create an Action Plan"" ;
    d2g:shape d2g:Task .

<http://example.org/diagram/diagram/node/6> a d2g:Process, d2g:Node ;
    rdfs:label ""Discuss"" ;
    d2g:shape d2g:Task .

<http://example.org/diagram/diagram/node/7> a d2g:Process, d2g:Node ;
    rdfs:label ""Test the Solution"" ;
    d2g:shape d2g:Task .

<http://example.org/diagram/diagram/node/8> a d2g:Decision, d2g:Node ;
    rdfs:label ""Is the Problem Solved?"" ;
    d2g:shape d2g:Gateway .

<http://example.org/diagram/diagram/node/9> a d2g:Terminator, d2g:Node ;
    rdfs:label ""End"" ;
    d2g:shape d2g:EndEvent .

<http://example.org/diagram/diagram/edge/12> a d2g:Edge, d2g:Solid ;
    d2g:source <http://example.org/diagram/diagram/node/1> ;
    d2g:target <http://example.org/diagram/diagram/node/2> ;
    d2g:relationshipType d2g:Follows .

<http://example.org/diagram/diagram/edge/23> a d2g:Edge, d2g:Solid ;
    d2g:source <http://example.org/diagram/diagram/node/2> ;
    d2g:target <http://example.org/diagram/diagram/node/3> ;
    d2g:relationshipType d2g:Follows .

<http://example.org/diagram/diagram/edge/34> a d2g:Edge, d2g:Solid ;
    d2g:source <http://example.org/diagram/diagram/node/3> ;
    d2g:target <http://example.org/diagram/diagram/node/4> ;
    d2g:relationshipType d2g:Follows .

<http://example.org/diagram/diagram/edge/45> a d2g:Edge, d2g:Solid ;
    d2g:source <http://example.org/diagram/diagram/node/4> ;
    d2g:target <http://example.org/diagram/diagram/node/5> ;
    d2g:relationshipType d2g:Follows .

<http://example.org/diagram/diagram/edge/56> a d2g:Edge, d2g:Solid ;
    d2g:source <http://example.org/diagram/diagram/node/5> ;
    d2g:target <http://example.org/diagram/diagram/node/6> ;
    d2g:relationshipType d2g:Follows .

<http://example.org/diagram/diagram/edge/67> a d2g:Edge, d2g:Solid ;
    d2g:source <http://example.org/diagram/diagram/node/6> ;
    d2g:target <http://example.org/diagram/diagram/node/7> ;
    d2g:relationshipType d2g:Follows .

<http://example.org/diagram/diagram/edge/78> a d2g:Edge, d2g:Solid ;
    d2g:source <http://example.org/diagram/diagram/node/7> ;
    d2g:target <http://example.org/diagram/diagram/node/8> ;
    d2g:relationshipType d2g:Follows .

<http://example.org/diagram/diagram/edge/89> a d2g:Edge, d2g:Solid ;
    d2g:source <http://example.org/diagram/diagram/node/8> ;
    d2g:target <http://example.org/diagram/diagram/node/9> ;
    d2g:relationshipType d2g:Branches ;
    d2g:relationshipValue ""Yes"" .

<http://example.org/diagram/diagram/edge/84> a d2g:Edge, d2g:Solid ;
    d2g:source <http://example.org/diagram/diagram/node/8> ;
    d2g:target <http://example.org/diagram/diagram/node/4> ;
    d2g:relationshipType d2g:Branches ;
    d2g:relationshipValue ""No"" .

<http://example.org/diagram/diagram/node/1> d2g:follows <http://example.org/diagram/diagram/node/2> .
<http://example.org/diagram/diagram/node/2> d2g:follows <http://example.org/diagram/diagram/node/3> .
<http://example.org/diagram/diagram/node/3> d2g:follows <http://example.org/diagram/diagram/node/4> .
<http://example.org/diagram/diagram/node/4> d2g:follows <http://example.org/diagram/diagram/node/5> .
<http://example.org/diagram/diagram/node/5> d2g:follows <http://example.org/diagram/diagram/node/6> .
<http://example.org/diagram/diagram/node/6> d2g:follows <http://example.org/diagram/diagram/node/7> .
<http://example.org/diagram/diagram/node/7> d2g:follows <http://example.org/diagram/diagram/node/8> .
<http://example.org/diagram/diagram/node/8> d2g:branches <http://example.org/diagram/diagram/node/9> .
<http://example.org/diagram/diagram/node/8> d2g:branches <http://example.org/diagram/diagram/node/4> .
",0.0,1.0
Extract RDF triples from this image (/kaggle/input/diagram2graph-dataset/diagram2graph/229.png),['/kaggle/input/diagram2graph-dataset/diagram2graph/229.png'],"@prefix d2g:  <http://example.org/diagram2graph#> .
@prefix rdfs: <http://www.w3.org/2000/01/rdf-schema#> .

<http://example.org/diagram/diagram/node/1> a d2g:Start, d2g:Node ;
    rdfs:label ""Start"" ;
    d2g:shape d2g:StartEvent .

<http://example.org/diagram/diagram/node/2> a d2g:Process, d2g:Node ;
    rdfs:label ""A = 1"" ;
    d2g:shape d2g:Task .

<http://example.org/diagram/diagram/node/3> a d2g:Decision, d2g:Node ;
    rdfs:label ""A <= 10?"" ;
    d2g:shape d2g:Gateway .

<http://example.org/diagram/diagram/node/4> a d2g:Process, d2g:Node ;
    rdfs:label ""Print A"" ;
    d2g:shape d2g:Task .

<http://example.org/diagram/diagram/node/5> a d2g:Process, d2g:Node ;
    rdfs:label ""A = A + 1"" ;
    d2g:shape d2g:Task .

<http://example.org/diagram/diagram/node/6> a d2g:Terminator, d2g:Node ;
    rdfs:label ""End"" ;
    d2g:shape d2g:EndEvent .

<http://example.org/diagram/diagram/edge/12> a d2g:Edge, d2g:Solid ;
    d2g:source <http://example.org/diagram/diagram/node/1> ;
    d2g:target <http://example.org/diagram/diagram/node/2> ;
    d2g:relationshipType d2g:Follows .

<http://example.org/diagram/diagram/edge/23> a d2g:Edge, d2g:Solid ;
    d2g:source <http://example.org/diagram/diagram/node/2> ;
    d2g:target <http://example.org/diagram/diagram/node/3> ;
    d2g:relationshipType d2g:Follows .

<http://example.org/diagram/diagram/edge/34> a d2g:Edge, d2g:Solid ;
    d2g:source <http://example.org/diagram/diagram/node/3> ;
    d2g:target <http://example.org/diagram/diagram/node/4> ;
    d2g:relationshipType d2g:Branches ;
    d2g:relationshipValue ""T"" .

<http://example.org/diagram/diagram/edge/36> a d2g:Edge, d2g:Solid ;
    d2g:source <http://example.org/diagram/diagram/node/3> ;
    d2g:target <http://example.org/diagram/diagram/node/6> ;
    d2g:relationshipType d2g:Branches ;
    d2g:relationshipValue ""F"" .

<http://example.org/diagram/diagram/edge/45> a d2g:Edge, d2g:Solid ;
    d2g:source <http://example.org/diagram/diagram/node/4> ;
    d2g:target <http://example.org/diagram/diagram/node/5> ;
    d2g:relationshipType d2g:Follows .

<http://example.org/diagram/diagram/edge/53> a d2g:Edge, d2g:Solid ;
    d2g:source <http://example.org/diagram/diagram/node/5> ;
    d2g:target <http://example.org/diagram/diagram/node/3> ;
    d2g:relationshipType d2g:Follows .

<http://example.org/diagram/diagram/node/1> d2g:follows <http://example.org/diagram/diagram/node/2> .
<http://example.org/diagram/diagram/node/2> d2g:follows <http://example.org/diagram/diagram/node/3> .
<http://example.org/diagram/diagram/node/3> d2g:branches <http://example.org/diagram/diagram/node/4> .
<http://example.org/diagram/diagram/node/3> d2g:branches <http://example.org/diagram/diagram/node/6> .
<http://example.org/diagram/diagram/node/4> d2g:follows <http://example.org/diagram/diagram/node/5> .
<http://example.org/diagram/diagram/node/5> d2g:follows <http://example.org/diagram/diagram/node/3> .
",1.0,1.0
Extract RDF triples from this image (/kaggle/input/diagram2graph-dataset/diagram2graph/23.png),['/kaggle/input/diagram2graph-dataset/diagram2graph/23.png'],"@prefix d2g:  <http://example.org/diagram2graph#> .
@prefix rdfs: <http://www.w3.org/2000/01/rdf-schema#> .

<http://example.org/diagram/diagram/node/1> a d2g:Start, d2g:Node ;
    rdfs:label ""Begin"" ;
    d2g:shape d2g:StartEvent .

<http://example.org/diagram/diagram/node/2> a d2g:Process, d2g:Node ;
    rdfs:label ""Read Parameters"" ;
    d2g:shape d2g:Task .

<http://example.org/diagram/diagram/node/3> a d2g:Process, d2g:Node ;
    rdfs:label ""Perform operations"" ;
    d2g:shape d2g:Task .

<http://example.org/diagram/diagram/node/4> a d2g:Process, d2g:Node ;
    rdfs:label ""Update Values"" ;
    d2g:shape d2g:Task .

<http://example.org/diagram/diagram/node/5> a d2g:Process, d2g:Node ;
    rdfs:label ""Update the position and velocity for all the particles"" ;
    d2g:shape d2g:Task .

<http://example.org/diagram/diagram/node/6> a d2g:Decision, d2g:Node ;
    rdfs:label ""Termination condition satisfied ?"" ;
    d2g:shape d2g:Gateway .

<http://example.org/diagram/diagram/node/7> a d2g:Process, d2g:Node ;
    rdfs:label ""Print Output"" ;
    d2g:shape d2g:Task .

<http://example.org/diagram/diagram/node/8> a d2g:Terminator, d2g:Node ;
    rdfs:label ""End"" ;
    d2g:shape d2g:EndEvent .

<http://example.org/diagram/diagram/edge/12> a d2g:Edge, d2g:Solid ;
    d2g:source <http://example.org/diagram/diagram/node/1> ;
    d2g:target <http://example.org/diagram/diagram/node/2> ;
    d2g:relationshipType d2g:Follows .

<http://example.org/diagram/diagram/edge/23> a d2g:Edge, d2g:Solid ;
    d2g:source <http://example.org/diagram/diagram/node/2> ;
    d2g:target <http://example.org/diagram/diagram/node/3> ;
    d2g:relationshipType d2g:Follows .

<http://example.org/diagram/diagram/edge/34> a d2g:Edge, d2g:Solid ;
    d2g:source <http://example.org/diagram/diagram/node/3> ;
    d2g:target <http://example.org/diagram/diagram/node/4> ;
    d2g:relationshipType d2g:Follows .

<http://example.org/diagram/diagram/edge/45> a d2g:Edge, d2g:Solid ;
    d2g:source <http://example.org/diagram/diagram/node/4> ;
    d2g:target <http://example.org/diagram/diagram/node/5> ;
    d2g:relationshipType d2g:Follows .

<http://example.org/diagram/diagram/edge/56> a d2g:Edge, d2g:Solid ;
    d2g:source <http://example.org/diagram/diagram/node/5> ;
    d2g:target <http://example.org/diagram/diagram/node/6> ;
    d2g:relationshipType d2g:Follows .

<http://example.org/diagram/diagram/edge/63> a d2g:Edge, d2g:Solid ;
    d2g:source <http://example.org/diagram/diagram/node/6> ;
    d2g:target <http://example.org/diagram/diagram/node/3> ;
    d2g:relationshipType d2g:Branches ;
    d2g:relationshipValue ""No"" .

<http://example.org/diagram/diagram/edge/67> a d2g:Edge, d2g:Solid ;
    d2g:source <http://example.org/diagram/diagram/node/6> ;
    d2g:target <http://example.org/diagram/diagram/node/7> ;
    d2g:relationshipType d2g:Branches ;
    d2g:relationshipValue ""Yes"" .

<http://example.org/diagram/diagram/edge/78> a d2g:Edge, d2g:Solid ;
    d2g:source <http://example.org/diagram/diagram/node/7> ;
    d2g:target <http://example.org/diagram/diagram/node/8> ;
    d2g:relationshipType d2g:Follows .

<http://example.org/diagram/diagram/node/1> d2g:follows <http://example.org/diagram/diagram/node/2> .
<http://example.org/diagram/diagram/node/2> d2g:follows <http://example.org/diagram/diagram/node/3> .
<http://example.org/diagram/diagram/node/3> d2g:follows <http://example.org/diagram/diagram/node/4> .
<http://example.org/diagram/diagram/node/4> d2g:follows <http://example.org/diagram/diagram/node/5> .
<http://example.org/diagram/diagram/node/5> d2g:follows <http://example.org/diagram/diagram/node/6> .
<http://example.org/diagram/diagram/node/6> d2g:branches <http://example.org/diagram/diagram/node/3> .
<http://example.org/diagram/diagram/node/6> d2g:branches <http://example.org/diagram/diagram/node/7> .
<http://example.org/diagram/diagram/node/7> d2g:follows <http://example.org/diagram/diagram/node/8> .
",1.0,1.0
Extract RDF triples from this image (/kaggle/input/diagram2graph-dataset/diagram2graph/233.png),['/kaggle/input/diagram2graph-dataset/diagram2graph/233.png'],"@prefix d2g: <http://example.org/diagram2graph#> .
@prefix rdfs: <http://www.w3.org/2000/01/rdf-schema#> .

<http://example.org/diagram/diagram/node/1> a d2g:Start, d2g:Node ;
    rdfs:label ""Start"" ;
    d2g:shape d2g:StartEvent .

<http://example.org/diagram/diagram/node/2> a d2g:Decision, d2g:Node ;
    rdfs:label ""Are you happy?"" ;
    d2g:shape d2g:Gateway .

<http://example.org/diagram/diagram/node/3> a d2g:Process, d2g:Node ;
    rdfs:label ""Very good, have a great day!"" ;
    d2g:shape d2g:Task .

<http://example.org/diagram/diagram/node/4> a d2g:Terminator, d2g:Node ;
    rdfs:label ""Finish"" ;
    d2g:shape d2g:EndEvent .

<http://example.org/diagram/diagram/node/5> a d2g:Decision, d2g:Node ;
    rdfs:label ""Want to be happy?"" ;
    d2g:shape d2g:Gateway .

<http://example.org/diagram/diagram/node/6> a d2g:Process, d2g:Node ;
    rdfs:label ""Very good, Then you are already happy"" ;
    d2g:shape d2g:Task .

<http://example.org/diagram/diagram/node/7> a d2g:Process, d2g:Node ;
    rdfs:label ""Stay fit"" ;
    d2g:shape d2g:Task .

<http://example.org/diagram/diagram/edge/12> a d2g:Edge, d2g:Solid ;
    d2g:source <http://example.org/diagram/diagram/node/1> ;
    d2g:target <http://example.org/diagram/diagram/node/2> ;
    d2g:relationshipType d2g:Follows .

<http://example.org/diagram/diagram/edge/23> a d2g:Edge, d2g:Solid ;
    d2g:source <http://example.org/diagram/diagram/node/2> ;
    d2g:target <http://example.org/diagram/diagram/node/3> ;
    d2g:relationshipType d2g:Branches ;
    d2g:relationshipValue ""Yes"" .

<http://example.org/diagram/diagram/edge/34> a d2g:Edge, d2g:Solid ;
    d2g:source <http://example.org/diagram/diagram/node/3> ;
    d2g:target <http://example.org/diagram/diagram/node/4> ;
    d2g:relationshipType d2g:Follows .

<http://example.org/diagram/diagram/edge/25> a d2g:Edge, d2g:Solid ;
    d2g:source <http://example.org/diagram/diagram/node/2> ;
    d2g:target <http://example.org/diagram/diagram/node/5> ;
    d2g:relationshipType d2g:Branches ;
    d2g:relationshipValue ""No"" .

<http://example.org/diagram/diagram/edge/56> a d2g:Edge, d2g:Solid ;
    d2g:source <http://example.org/diagram/diagram/node/5> ;
    d2g:target <http://example.org/diagram/diagram/node/6> ;
    d2g:relationshipType d2g:Branches .

<http://example.org/diagram/diagram/edge/64> a d2g:Edge, d2g:Solid ;
    d2g:source <http://example.org/diagram/diagram/node/6> ;
    d2g:target <http://example.org/diagram/diagram/node/4> ;
    d2g:relationshipType d2g:Follows .

<http://example.org/diagram/diagram/edge/57> a d2g:Edge, d2g:Solid ;
    d2g:source <http://example.org/diagram/diagram/node/5> ;
    d2g:target <http://example.org/diagram/diagram/node/7> ;
    d2g:relationshipType d2g:Branches ;
    d2g:relationshipValue ""No"" .

<http://example.org/diagram/diagram/edge/72> a d2g:Edge, d2g:Solid ;
    d2g:source <http://example.org/diagram/diagram/node/7> ;
    d2g:target <http://example.org/diagram/diagram/node/2> ;
    d2g:relationshipType d2g:Follows .

<http://example.org/diagram/diagram/node/1> d2g:follows <http://example.org/diagram/diagram/node/2> .
<http://example.org/diagram/diagram/node/2> d2g:branches <http://example.org/diagram/diagram/node/3> .
<http://example.org/diagram/diagram/node/3> d2g:follows <http://example.org/diagram/diagram/node/4> .
<http://example.org/diagram/diagram/node/2> d2g:branches <http://example.org/diagram/diagram/node/5> .
<http://example.org/diagram/diagram/node/5> d2g:branches <http://example.org/diagram/diagram/node/6> .
<http://example.org/diagram/diagram/node/6> d2g:follows <http://example.org/diagram/diagram/node/4> .
<http://example.org/diagram/diagram/node/5> d2g:branches <http://example.org/diagram/diagram/node/7> .
<http://example.org/diagram/diagram/node/7> d2g:follows <http://example.org/diagram/diagram/node/2> .
",1.0,1.0
Extract RDF triples from this image (/kaggle/input/diagram2graph-dataset/diagram2graph/238.png),['/kaggle/input/diagram2graph-dataset/diagram2graph/238.png'],"@prefix d2g:  <http://example.org/diagram2graph#> .
@prefix rdfs: <http://www.w3.org/2000/01/rdf-schema#> .

<http://example.org/diagram/diagram/node/1> a d2g:Start, d2g:Node ;
    rdfs:label ""Start"" ;
    d2g:shape d2g:StartEvent .

<http://example.org/diagram/diagram/node/2> a d2g:Process, d2g:Node ;
    rdfs:label ""Login"" ;
    d2g:shape d2g:Task .

<http://example.org/diagram/diagram/node/3> a d2g:Decision, d2g:Node ;
    rdfs:label ""Verified?"" ;
    d2g:shape d2g:Gateway .

<http://example.org/diagram/diagram/node/4> a d2g:Process, d2g:Node ;
    rdfs:label ""Dashboard"" ;
    d2g:shape d2g:Task .

<http://example.org/diagram/diagram/node/5> a d2g:Process, d2g:Node ;
    rdfs:label ""Click on the report incident link"" ;
    d2g:shape d2g:Task .

<http://example.org/diagram/diagram/node/6> a d2g:Process, d2g:Node ;
    rdfs:label ""Fill the form"" ;
    d2g:shape d2g:Task .

<http://example.org/diagram/diagram/node/7> a d2g:Process, d2g:Node ;
    rdfs:label ""Validation Module"" ;
    d2g:shape d2g:Task .

<http://example.org/diagram/diagram/node/8> a d2g:Decision, d2g:Node ;
    rdfs:label ""Need?"" ;
    d2g:shape d2g:Gateway .

<http://example.org/diagram/diagram/node/9> a d2g:Process, d2g:Node ;
    rdfs:label ""Update form"" ;
    d2g:shape d2g:Task .

<http://example.org/diagram/diagram/node/10> a d2g:Process, d2g:Node ;
    rdfs:label ""Submit"" ;
    d2g:shape d2g:Task .

<http://example.org/diagram/diagram/node/11> a d2g:Process, d2g:Node ;
    rdfs:label ""View comments on the post"" ;
    d2g:shape d2g:Task .

<http://example.org/diagram/diagram/node/12> a d2g:Terminator, d2g:Node ;
    rdfs:label ""Stop"" ;
    d2g:shape d2g:EndEvent .

<http://example.org/diagram/diagram/edge/12> a d2g:Edge, d2g:Solid ;
    d2g:source <http://example.org/diagram/diagram/node/1> ;
    d2g:target <http://example.org/diagram/diagram/node/2> ;
    d2g:relationshipType d2g:Follows .

<http://example.org/diagram/diagram/edge/23> a d2g:Edge, d2g:Solid ;
    d2g:source <http://example.org/diagram/diagram/node/2> ;
    d2g:target <http://example.org/diagram/diagram/node/3> ;
    d2g:relationshipType d2g:Follows .

<http://example.org/diagram/diagram/edge/32> a d2g:Edge, d2g:Solid ;
    d2g:source <http://example.org/diagram/diagram/node/3> ;
    d2g:target <http://example.org/diagram/diagram/node/2> ;
    d2g:relationshipType d2g:Branches ;
    d2g:relationshipValue ""No"" .

<http://example.org/diagram/diagram/edge/34> a d2g:Edge, d2g:Solid ;
    d2g:source <http://example.org/diagram/diagram/node/3> ;
    d2g:target <http://example.org/diagram/diagram/node/4> ;
    d2g:relationshipType d2g:Branches ;
    d2g:relationshipValue ""Yes"" .

<http://example.org/diagram/diagram/edge/45> a d2g:Edge, d2g:Solid ;
    d2g:source <http://example.org/diagram/diagram/node/4> ;
    d2g:target <http://example.org/diagram/diagram/node/5> ;
    d2g:relationshipType d2g:Follows .

<http://example.org/diagram/diagram/edge/56> a d2g:Edge, d2g:Solid ;
    d2g:source <http://example.org/diagram/diagram/node/5> ;
    d2g:target <http://example.org/diagram/diagram/node/6> ;
    d2g:relationshipType d2g:Follows .

<http://example.org/diagram/diagram/edge/67> a d2g:Edge, d2g:Solid ;
    d2g:source <http://example.org/diagram/diagram/node/6> ;
    d2g:target <http://example.org/diagram/diagram/node/7> ;
    d2g:relationshipType d2g:Follows .

<http://example.org/diagram/diagram/edge/78> a d2g:Edge, d2g:Solid ;
    d2g:source <http://example.org/diagram/diagram/node/7> ;
    d2g:target <http://example.org/diagram/diagram/node/8> ;
    d2g:relationshipType d2g:Follows .

<http://example.org/diagram/diagram/edge/89> a d2g:Edge, d2g:Solid ;
    d2g:source <http://example.org/diagram/diagram/node/8> ;
    d2g:target <http://example.org/diagram/diagram/node/9> ;
    d2g:relationshipType d2g:Branches ;
    d2g:relationshipValue ""No"" .

<http://example.org/diagram/diagram/edge/910> a d2g:Edge, d2g:Solid ;
    d2g:source <http://example.org/diagram/diagram/node/9> ;
    d2g:target <http://example.org/diagram/diagram/node/10> ;
    d2g:relationshipType d2g:Follows .

<http://example.org/diagram/diagram/edge/106> a d2g:Edge, d2g:Solid ;
    d2g:source <http://example.org/diagram/diagram/node/10> ;
    d2g:target <http://example.org/diagram/diagram/node/6> ;
    d2g:relationshipType d2g:Follows .

<http://example.org/diagram/diagram/edge/811> a d2g:Edge, d2g:Solid ;
    d2g:source <http://example.org/diagram/diagram/node/8> ;
    d2g:target <http://example.org/diagram/diagram/node/11> ;
    d2g:relationshipType d2g:Branches ;
    d2g:relationshipValue ""Yes"" .

<http://example.org/diagram/diagram/edge/1112> a d2g:Edge, d2g:Solid ;
    d2g:source <http://example.org/diagram/diagram/node/11> ;
    d2g:target <http://example.org/diagram/diagram/node/12> ;
    d2g:relationshipType d2g:Follows .

<http://example.org/diagram/diagram/node/1> d2g:follows <http://example.org/diagram/diagram/node/2> .
<http://example.org/diagram/diagram/node/2> d2g:follows <http://example.org/diagram/diagram/node/3> .
<http://example.org/diagram/diagram/node/3> d2g:branches <http://example.org/diagram/diagram/node/2> .
<http://example.org/diagram/diagram/node/3> d2g:branches <http://example.org/diagram/diagram/node/4> .
<http://example.org/diagram/diagram/node/4> d2g:follows <http://example.org/diagram/diagram/node/5> .
<http://example.org/diagram/diagram/node/5> d2g:follows <http://example.org/diagram/diagram/node/6> .
<http://example.org/diagram/diagram/node/6> d2g:follows <http://example.org/diagram/diagram/node/7> .
<http://example.org/diagram/diagram/node/7> d2g:follows <http://example.org/diagram/diagram/node/8> .
<http://example.org/diagram/diagram/node/8> d2g:branches <http://example.org/diagram/diagram/node/9> .
<http://example.org/diagram/diagram/node/9> d2g:follows <http://example.org/diagram/diagram/node/10> .
<http://example.org/diagram/diagram/node/10> d2g:follows <http://example.org/diagram/diagram/node/6> .
<http://example.org/diagram/diagram/node/8> d2g:branches <http://example.org/diagram/diagram/node/11> .
<http://example.org/diagram/diagram/node/11> d2g:follows <http://example.org/diagram/diagram/node/12> .
",1.0,1.0
Extract RDF triples from this image (/kaggle/input/diagram2graph-dataset/diagram2graph/239.png),['/kaggle/input/diagram2graph-dataset/diagram2graph/239.png'],"@prefix d2g:  <http://example.org/diagram2graph#> .
@prefix rdfs: <http://www.w3.org/2000/01/rdf-schema#> .

<http://example.org/diagram/diagram/node/1> a d2g:Node, d2g:Start ;
    rdfs:label ""Start"" ;
    d2g:shape d2g:StartEvent .

<http://example.org/diagram/diagram/node/2> a d2g:Node, d2g:Process ;
    rdfs:label ""Input"" ;
    d2g:shape d2g:Task .

<http://example.org/diagram/diagram/node/3> a d2g:Node, d2g:Process ;
    rdfs:label ""C=A+B"" ;
    d2g:shape d2g:Task .

<http://example.org/diagram/diagram/node/4> a d2g:Node, d2g:Process ;
    rdfs:label ""Print B"" ;
    d2g:shape d2g:Task .

<http://example.org/diagram/diagram/node/5> a d2g:Node, d2g:Terminator ;
    rdfs:label ""End"" ;
    d2g:shape d2g:EndEvent .

<http://example.org/diagram/diagram/edge/12> a d2g:Edge, d2g:Solid ;
    d2g:source <http://example.org/diagram/diagram/node/1> ;
    d2g:target <http://example.org/diagram/diagram/node/2> ;
    d2g:relationshipType d2g:Follows .

<http://example.org/diagram/diagram/edge/23> a d2g:Edge, d2g:Solid ;
    d2g:source <http://example.org/diagram/diagram/node/2> ;
    d2g:target <http://example.org/diagram/diagram/node/3> ;
    d2g:relationshipType d2g:Follows .

<http://example.org/diagram/diagram/edge/34> a d2g:Edge, d2g:Solid ;
    d2g:source <http://example.org/diagram/diagram/node/3> ;
    d2g:target <http://example.org/diagram/diagram/node/4> ;
    d2g:relationshipType d2g:Follows .

<http://example.org/diagram/diagram/edge/45> a d2g:Edge, d2g:Solid ;
    d2g:source <http://example.org/diagram/diagram/node/4> ;
    d2g:target <http://example.org/diagram/diagram/node/5> ;
    d2g:relationshipType d2g:Follows .

<http://example.org/diagram/diagram/node/1> d2g:follows <http://example.org/diagram/diagram/node/2> .
<http://example.org/diagram/diagram/node/2> d2g:follows <http://example.org/diagram/diagram/node/3> .
<http://example.org/diagram/diagram/node/3> d2g:follows <http://example.org/diagram/diagram/node/4> .
<http://example.org/diagram/diagram/node/4> d2g:follows <http://example.org/diagram/diagram/node/5> .
",1.0,1.0
Extract RDF triples from this image (/kaggle/input/diagram2graph-dataset/diagram2graph/244.png),['/kaggle/input/diagram2graph-dataset/diagram2graph/244.png'],"@prefix d2g:  <http://example.org/diagram2graph#> .
@prefix rdfs: <http://www.w3.org/2000/01/rdf-schema#> .

<http://example.org/diagram/diagram/node/1> a d2g:Start, d2g:Node ;
    rdfs:label ""Start"" ;
    d2g:shape d2g:StartEvent .

<http://example.org/diagram/diagram/node/2> a d2g:Process, d2g:Node ;
    rdfs:label ""Username"" ;
    d2g:shape d2g:Task .

<http://example.org/diagram/diagram/node/3> a d2g:Process, d2g:Node ;
    rdfs:label ""Password"" ;
    d2g:shape d2g:Task .

<http://example.org/diagram/diagram/node/4> a d2g:Decision, d2g:Node ;
    rdfs:label ""Username && Password correspond to the ones in database?"" ;
    d2g:shape d2g:Gateway .

<http://example.org/diagram/diagram/node/5> a d2g:Process, d2g:Node ;
    rdfs:label ""Enter ID and password"" ;
    d2g:shape d2g:Task .

<http://example.org/diagram/diagram/node/6> a d2g:Process, d2g:Node ;
    rdfs:label ""\""Invalid credentials\"""" ;
    d2g:shape d2g:Task .

<http://example.org/diagram/diagram/node/7> a d2g:Decision, d2g:Node ;
    rdfs:label ""Is User_ID blocked?"" ;
    d2g:shape d2g:Gateway .

<http://example.org/diagram/diagram/node/8> a d2g:Process, d2g:Node ;
    rdfs:label ""\""403 Forbidden\"""" ;
    d2g:shape d2g:Task .

<http://example.org/diagram/diagram/node/9> a d2g:Process, d2g:Node ;
    rdfs:label ""Login successfully"" ;
    d2g:shape d2g:Task .

<http://example.org/diagram/diagram/node/10> a d2g:Terminator, d2g:Node ;
    rdfs:label ""End"" ;
    d2g:shape d2g:EndEvent .

<http://example.org/diagram/diagram/edge/12> a d2g:Edge, d2g:Solid ;
    d2g:source <http://example.org/diagram/diagram/node/1> ;
    d2g:target <http://example.org/diagram/diagram/node/2> ;
    d2g:relationshipType d2g:Follows .

<http://example.org/diagram/diagram/edge/23> a d2g:Edge, d2g:Solid ;
    d2g:source <http://example.org/diagram/diagram/node/2> ;
    d2g:target <http://example.org/diagram/diagram/node/3> ;
    d2g:relationshipType d2g:Follows .

<http://example.org/diagram/diagram/edge/34> a d2g:Edge, d2g:Solid ;
    d2g:source <http://example.org/diagram/diagram/node/3> ;
    d2g:target <http://example.org/diagram/diagram/node/4> ;
    d2g:relationshipType d2g:Follows .

<http://example.org/diagram/diagram/edge/45> a d2g:Edge, d2g:Solid ;
    d2g:source <http://example.org/diagram/diagram/node/4> ;
    d2g:target <http://example.org/diagram/diagram/node/5> ;
    d2g:relationshipType d2g:Branches ;
    d2g:relationshipValue ""Yes"" .

<http://example.org/diagram/diagram/edge/46> a d2g:Edge, d2g:Solid ;
    d2g:source <http://example.org/diagram/diagram/node/4> ;
    d2g:target <http://example.org/diagram/diagram/node/6> ;
    d2g:relationshipType d2g:Branches ;
    d2g:relationshipValue ""No"" .

<http://example.org/diagram/diagram/edge/57> a d2g:Edge, d2g:Solid ;
    d2g:source <http://example.org/diagram/diagram/node/5> ;
    d2g:target <http://example.org/diagram/diagram/node/7> ;
    d2g:relationshipType d2g:Follows .

<http://example.org/diagram/diagram/edge/62> a d2g:Edge, d2g:Solid ;
    d2g:source <http://example.org/diagram/diagram/node/6> ;
    d2g:target <http://example.org/diagram/diagram/node/2> ;
    d2g:relationshipType d2g:Follows .

<http://example.org/diagram/diagram/edge/78> a d2g:Edge, d2g:Solid ;
    d2g:source <http://example.org/diagram/diagram/node/7> ;
    d2g:target <http://example.org/diagram/diagram/node/8> ;
    d2g:relationshipType d2g:Branches ;
    d2g:relationshipValue ""Yes"" .

<http://example.org/diagram/diagram/edge/79> a d2g:Edge, d2g:Solid ;
    d2g:source <http://example.org/diagram/diagram/node/7> ;
    d2g:target <http://example.org/diagram/diagram/node/9> ;
    d2g:relationshipType d2g:Branches ;
    d2g:relationshipValue ""No"" .

<http://example.org/diagram/diagram/edge/82> a d2g:Edge, d2g:Solid ;
    d2g:source <http://example.org/diagram/diagram/node/8> ;
    d2g:target <http://example.org/diagram/diagram/node/2> ;
    d2g:relationshipType d2g:Follows .

<http://example.org/diagram/diagram/edge/910> a d2g:Edge, d2g:Solid ;
    d2g:source <http://example.org/diagram/diagram/node/9> ;
    d2g:target <http://example.org/diagram/diagram/node/10> ;
    d2g:relationshipType d2g:Follows .

<http://example.org/diagram/diagram/node/1> d2g:follows <http://example.org/diagram/diagram/node/2> .
<http://example.org/diagram/diagram/node/2> d2g:follows <http://example.org/diagram/diagram/node/3> .
<http://example.org/diagram/diagram/node/3> d2g:follows <http://example.org/diagram/diagram/node/4> .
<http://example.org/diagram/diagram/node/4> d2g:branches <http://example.org/diagram/diagram/node/5> .
<http://example.org/diagram/diagram/node/4> d2g:branches <http://example.org/diagram/diagram/node/6> .
<http://example.org/diagram/diagram/node/5> d2g:follows <http://example.org/diagram/diagram/node/7> .
<http://example.org/diagram/diagram/node/6> d2g:follows <http://example.org/diagram/diagram/node/2> .
<http://example.org/diagram/diagram/node/7> d2g:branches <http://example.org/diagram/diagram/node/8> .
<http://example.org/diagram/diagram/node/7> d2g:branches <http://example.org/diagram/diagram/node/9> .
<http://example.org/diagram/diagram/node/8> d2g:follows <http://example.org/diagram/diagram/node/2> .
<http://example.org/diagram/diagram/node/9> d2g:follows <http://example.org/diagram/diagram/node/10> .
",1.0,1.0
Extract RDF triples from this image (/kaggle/input/diagram2graph-dataset/diagram2graph/25.png),['/kaggle/input/diagram2graph-dataset/diagram2graph/25.png'],"@prefix d2g:  <http://example.org/diagram2graph#> .
@prefix rdfs: <http://www.w3.org/2000/01/rdf-schema#> .

<http://example.org/diagram/diagram/node/1> a d2g:Node, d2g:Start ;
    rdfs:label ""Start"" ;
    d2g:shape d2g:StartEvent .

<http://example.org/diagram/diagram/node/2> a d2g:Node, d2g:Process ;
    rdfs:label ""Brainstorm"" ;
    d2g:shape d2g:Task .

<http://example.org/diagram/diagram/node/3> a d2g:Node, d2g:Process ;
    rdfs:label ""Topic assigned"" ;
    d2g:shape d2g:Task .

<http://example.org/diagram/diagram/node/4> a d2g:Node, d2g:Process ;
    rdfs:label ""Discuss"" ;
    d2g:shape d2g:Task .

<http://example.org/diagram/diagram/node/5> a d2g:Node, d2g:Process ;
    rdfs:label ""Draft review"" ;
    d2g:shape d2g:Task .

<http://example.org/diagram/diagram/node/6> a d2g:Node, d2g:Terminator ;
    rdfs:label ""Finish"" ;
    d2g:shape d2g:EndEvent .

<http://example.org/diagram/diagram/edge/12> a d2g:Edge, d2g:Solid ;
    d2g:source <http://example.org/diagram/diagram/node/1> ;
    d2g:target <http://example.org/diagram/diagram/node/2> ;
    d2g:relationshipType d2g:Follows .

<http://example.org/diagram/diagram/edge/23> a d2g:Edge, d2g:Solid ;
    d2g:source <http://example.org/diagram/diagram/node/2> ;
    d2g:target <http://example.org/diagram/diagram/node/3> ;
    d2g:relationshipType d2g:Follows .

<http://example.org/diagram/diagram/edge/34> a d2g:Edge, d2g:Solid ;
    d2g:source <http://example.org/diagram/diagram/node/3> ;
    d2g:target <http://example.org/diagram/diagram/node/4> ;
    d2g:relationshipType d2g:Follows ;
    d2g:relationshipValue ""Outline"" .

<http://example.org/diagram/diagram/edge/45> a d2g:Edge, d2g:Solid ;
    d2g:source <http://example.org/diagram/diagram/node/4> ;
    d2g:target <http://example.org/diagram/diagram/node/5> ;
    d2g:relationshipType d2g:Follows ;
    d2g:relationshipValue ""Draft"" .

<http://example.org/diagram/diagram/edge/56> a d2g:Edge, d2g:Solid ;
    d2g:source <http://example.org/diagram/diagram/node/5> ;
    d2g:target <http://example.org/diagram/diagram/node/6> ;
    d2g:relationshipType d2g:Follows ;
    d2g:relationshipValue ""Approved"" .

<http://example.org/diagram/diagram/edge/43> a d2g:Edge, d2g:Solid ;
    d2g:source <http://example.org/diagram/diagram/node/4> ;
    d2g:target <http://example.org/diagram/diagram/node/3> ;
    d2g:relationshipType d2g:Follows ;
    d2g:relationshipValue ""Return"" .

<http://example.org/diagram/diagram/edge/54> a d2g:Edge, d2g:Solid ;
    d2g:source <http://example.org/diagram/diagram/node/5> ;
    d2g:target <http://example.org/diagram/diagram/node/4> ;
    d2g:relationshipType d2g:Follows ;
    d2g:relationshipValue ""changes"" .

<http://example.org/diagram/diagram/node/1> d2g:follows <http://example.org/diagram/diagram/node/2> .
<http://example.org/diagram/diagram/node/2> d2g:follows <http://example.org/diagram/diagram/node/3> .
<http://example.org/diagram/diagram/node/3> d2g:follows <http://example.org/diagram/diagram/node/4> .
<http://example.org/diagram/diagram/node/4> d2g:follows <http://example.org/diagram/diagram/node/5> .
<http://example.org/diagram/diagram/node/5> d2g:follows <http://example.org/diagram/diagram/node/6> .
<http://example.org/diagram/diagram/node/4> d2g:follows <http://example.org/diagram/diagram/node/3> .
<http://example.org/diagram/diagram/node/5> d2g:follows <http://example.org/diagram/diagram/node/4> .
",0.0,1.0
Extract RDF triples from this image (/kaggle/input/diagram2graph-dataset/diagram2graph/250.png),['/kaggle/input/diagram2graph-dataset/diagram2graph/250.png'],"@prefix d2g:  <http://example.org/diagram2graph#> .
@prefix rdfs: <http://www.w3.org/2000/01/rdf-schema#> .

<http://example.org/diagram/diagram/node/1> a d2g:Start, d2g:Node ;
    rdfs:label ""BEGIN"" ;
    d2g:shape d2g:StartEvent .

<http://example.org/diagram/diagram/node/2> a d2g:Process, d2g:Node ;
    rdfs:label ""Enter\nLimit"" ;
    d2g:shape d2g:Task .

<http://example.org/diagram/diagram/node/3> a d2g:Process, d2g:Node ;
    rdfs:label ""Initialize\nnumber"" ;
    d2g:shape d2g:Task .

<http://example.org/diagram/diagram/node/4> a d2g:Process, d2g:Node ;
    rdfs:label ""Set Sum\nequal to 0"" ;
    d2g:shape d2g:Task .

<http://example.org/diagram/diagram/node/5> a d2g:Process, d2g:Node ;
    rdfs:label ""DO"" ;
    d2g:shape d2g:Task .

<http://example.org/diagram/diagram/node/6> a d2g:Decision, d2g:Node ;
    rdfs:label ""If\nSum > Limit"" ;
    d2g:shape d2g:Gateway .

<http://example.org/diagram/diagram/node/7> a d2g:Process, d2g:Node ;
    rdfs:label ""Update values"" ;
    d2g:shape d2g:Task .

<http://example.org/diagram/diagram/node/8> a d2g:Process, d2g:Node ;
    rdfs:label ""Decrease loss"" ;
    d2g:shape d2g:Task .

<http://example.org/diagram/diagram/node/9> a d2g:Process, d2g:Node ;
    rdfs:label ""Display\nNumber and Sum"" ;
    d2g:shape d2g:Task .

<http://example.org/diagram/diagram/node/10> a d2g:Terminator, d2g:Node ;
    rdfs:label ""END"" ;
    d2g:shape d2g:EndEvent .

<http://example.org/diagram/diagram/edge/12> a d2g:Edge, d2g:Solid ;
    d2g:source <http://example.org/diagram/diagram/node/1> ;
    d2g:target <http://example.org/diagram/diagram/node/2> ;
    d2g:relationshipType d2g:Follows .

<http://example.org/diagram/diagram/edge/23> a d2g:Edge, d2g:Solid ;
    d2g:source <http://example.org/diagram/diagram/node/2> ;
    d2g:target <http://example.org/diagram/diagram/node/3> ;
    d2g:relationshipType d2g:Follows .

<http://example.org/diagram/diagram/edge/34> a d2g:Edge, d2g:Solid ;
    d2g:source <http://example.org/diagram/diagram/node/3> ;
    d2g:target <http://example.org/diagram/diagram/node/4> ;
    d2g:relationshipType d2g:Follows .

<http://example.org/diagram/diagram/edge/45> a d2g:Edge, d2g:Solid ;
    d2g:source <http://example.org/diagram/diagram/node/4> ;
    d2g:target <http://example.org/diagram/diagram/node/5> ;
    d2g:relationshipType d2g:Follows .

<http://example.org/diagram/diagram/edge/56> a d2g:Edge, d2g:Solid ;
    d2g:source <http://example.org/diagram/diagram/node/5> ;
    d2g:target <http://example.org/diagram/diagram/node/6> ;
    d2g:relationshipType d2g:Follows .

<http://example.org/diagram/diagram/edge/67> a d2g:Edge, d2g:Solid ;
    d2g:source <http://example.org/diagram/diagram/node/6> ;
    d2g:target <http://example.org/diagram/diagram/node/7> ;
    d2g:relationshipType d2g:Branches ;
    d2g:relationshipValue ""false"" .

<http://example.org/diagram/diagram/edge/78> a d2g:Edge, d2g:Solid ;
    d2g:source <http://example.org/diagram/diagram/node/7> ;
    d2g:target <http://example.org/diagram/diagram/node/8> ;
    d2g:relationshipType d2g:Follows .

<http://example.org/diagram/diagram/edge/85> a d2g:Edge, d2g:Solid ;
    d2g:source <http://example.org/diagram/diagram/node/8> ;
    d2g:target <http://example.org/diagram/diagram/node/5> ;
    d2g:relationshipType d2g:Follows .

<http://example.org/diagram/diagram/edge/69> a d2g:Edge, d2g:Solid ;
    d2g:source <http://example.org/diagram/diagram/node/6> ;
    d2g:target <http://example.org/diagram/diagram/node/9> ;
    d2g:relationshipType d2g:Branches ;
    d2g:relationshipValue ""true"" .

<http://example.org/diagram/diagram/edge/910> a d2g:Edge, d2g:Solid ;
    d2g:source <http://example.org/diagram/diagram/node/9> ;
    d2g:target <http://example.org/diagram/diagram/node/10> ;
    d2g:relationshipType d2g:Follows .

<http://example.org/diagram/diagram/node/1> d2g:follows <http://example.org/diagram/diagram/node/2> .
<http://example.org/diagram/diagram/node/2> d2g:follows <http://example.org/diagram/diagram/node/3> .
<http://example.org/diagram/diagram/node/3> d2g:follows <http://example.org/diagram/diagram/node/4> .
<http://example.org/diagram/diagram/node/4> d2g:follows <http://example.org/diagram/diagram/node/5> .
<http://example.org/diagram/diagram/node/5> d2g:follows <http://example.org/diagram/diagram/node/6> .
<http://example.org/diagram/diagram/node/6> d2g:branches <http://example.org/diagram/diagram/node/7> .
<http://example.org/diagram/diagram/node/7> d2g:follows <http://example.org/diagram/diagram/node/8> .
<http://example.org/diagram/diagram/node/8> d2g:follows <http://example.org/diagram/diagram/node/5> .
<http://example.org/diagram/diagram/node/6> d2g:branches <http://example.org/diagram/diagram/node/9> .
<http://example.org/diagram/diagram/node/9> d2g:follows <http://example.org/diagram/diagram/node/10> .
",0.0,1.0
Extract RDF triples from this image (/kaggle/input/diagram2graph-dataset/diagram2graph/252.png),['/kaggle/input/diagram2graph-dataset/diagram2graph/252.png'],"@prefix d2g:  <http://example.org/diagram2graph#> .
@prefix rdfs: <http://www.w3.org/2000/01/rdf-schema#> .

<http://example.org/diagram/diagram/node/1> a d2g:Start, d2g:Node ;
    rdfs:label ""Start"" ;
    d2g:shape d2g:StartEvent .

<http://example.org/diagram/diagram/node/2> a d2g:Process, d2g:Node ;
    rdfs:label ""Initialize parameters of particle swarm"" ;
    d2g:shape d2g:Task .

<http://example.org/diagram/diagram/node/3> a d2g:Process, d2g:Node ;
    rdfs:label ""Calculate the fitness function"" ;
    d2g:shape d2g:Task .

<http://example.org/diagram/diagram/node/4> a d2g:Process, d2g:Node ;
    rdfs:label ""Compare with others fitness"" ;
    d2g:shape d2g:Task .

<http://example.org/diagram/diagram/node/5> a d2g:Process, d2g:Node ;
    rdfs:label ""Update the global best position of particle swarm"" ;
    d2g:shape d2g:Task .

<http://example.org/diagram/diagram/node/6> a d2g:Process, d2g:Node ;
    rdfs:label ""Find overall performance"" ;
    d2g:shape d2g:Task .

<http://example.org/diagram/diagram/node/7> a d2g:Decision, d2g:Node ;
    rdfs:label ""Does it satisfy the termination conditions?"" ;
    d2g:shape d2g:Gateway .

<http://example.org/diagram/diagram/node/8> a d2g:Process, d2g:Node ;
    rdfs:label ""Display the results"" ;
    d2g:shape d2g:Task .

<http://example.org/diagram/diagram/node/9> a d2g:Terminator, d2g:Node ;
    rdfs:label ""End"" ;
    d2g:shape d2g:EndEvent .

<http://example.org/diagram/diagram/edge/12> a d2g:Edge, d2g:Solid ;
    d2g:source <http://example.org/diagram/diagram/node/1> ;
    d2g:target <http://example.org/diagram/diagram/node/2> ;
    d2g:relationshipType d2g:Follows .

<http://example.org/diagram/diagram/edge/23> a d2g:Edge, d2g:Solid ;
    d2g:source <http://example.org/diagram/diagram/node/2> ;
    d2g:target <http://example.org/diagram/diagram/node/3> ;
    d2g:relationshipType d2g:Follows .

<http://example.org/diagram/diagram/edge/34> a d2g:Edge, d2g:Solid ;
    d2g:source <http://example.org/diagram/diagram/node/3> ;
    d2g:target <http://example.org/diagram/diagram/node/4> ;
    d2g:relationshipType d2g:Follows .

<http://example.org/diagram/diagram/edge/45> a d2g:Edge, d2g:Solid ;
    d2g:source <http://example.org/diagram/diagram/node/4> ;
    d2g:target <http://example.org/diagram/diagram/node/5> ;
    d2g:relationshipType d2g:Follows .

<http://example.org/diagram/diagram/edge/56> a d2g:Edge, d2g:Solid ;
    d2g:source <http://example.org/diagram/diagram/node/5> ;
    d2g:target <http://example.org/diagram/diagram/node/6> ;
    d2g:relationshipType d2g:Follows .

<http://example.org/diagram/diagram/edge/67> a d2g:Edge, d2g:Solid ;
    d2g:source <http://example.org/diagram/diagram/node/6> ;
    d2g:target <http://example.org/diagram/diagram/node/7> ;
    d2g:relationshipType d2g:Follows .

<http://example.org/diagram/diagram/edge/78> a d2g:Edge, d2g:Solid ;
    d2g:source <http://example.org/diagram/diagram/node/7> ;
    d2g:target <http://example.org/diagram/diagram/node/8> ;
    d2g:relationshipType d2g:Branches ;
    d2g:relationshipValue ""Y"" .

<http://example.org/diagram/diagram/edge/73> a d2g:Edge, d2g:Solid ;
    d2g:source <http://example.org/diagram/diagram/node/7> ;
    d2g:target <http://example.org/diagram/diagram/node/3> ;
    d2g:relationshipType d2g:Branches ;
    d2g:relationshipValue ""N"" .

<http://example.org/diagram/diagram/edge/89> a d2g:Edge, d2g:Solid ;
    d2g:source <http://example.org/diagram/diagram/node/8> ;
    d2g:target <http://example.org/diagram/diagram/node/9> ;
    d2g:relationshipType d2g:Follows .

<http://example.org/diagram/diagram/node/1> d2g:follows <http://example.org/diagram/diagram/node/2> .
<http://example.org/diagram/diagram/node/2> d2g:follows <http://example.org/diagram/diagram/node/3> .
<http://example.org/diagram/diagram/node/3> d2g:follows <http://example.org/diagram/diagram/node/4> .
<http://example.org/diagram/diagram/node/4> d2g:follows <http://example.org/diagram/diagram/node/5> .
<http://example.org/diagram/diagram/node/5> d2g:follows <http://example.org/diagram/diagram/node/6> .
<http://example.org/diagram/diagram/node/6> d2g:follows <http://example.org/diagram/diagram/node/7> .
<http://example.org/diagram/diagram/node/7> d2g:branches <http://example.org/diagram/diagram/node/8> .
<http://example.org/diagram/diagram/node/7> d2g:branches <http://example.org/diagram/diagram/node/3> .
<http://example.org/diagram/diagram/node/8> d2g:follows <http://example.org/diagram/diagram/node/9> .
",1.0,1.0
Extract RDF triples from this image (/kaggle/input/diagram2graph-dataset/diagram2graph/254.png),['/kaggle/input/diagram2graph-dataset/diagram2graph/254.png'],"@prefix d2g: <http://example.org/diagram2graph#> .
@prefix rdfs: <http://www.w3.org/2000/01/rdf-schema#> .

<http://example.org/diagram/diagram/node/1> a d2g:Start, d2g:Node ;
    rdfs:label ""Start"" ;
    d2g:shape d2g:StartEvent .

<http://example.org/diagram/diagram/node/2> a d2g:Process, d2g:Node ;
    rdfs:label ""Fill the bath with water"" ;
    d2g:shape d2g:Task .

<http://example.org/diagram/diagram/node/3> a d2g:Process, d2g:Node ;
    rdfs:label ""Add warm water"" ;
    d2g:shape d2g:Task .

<http://example.org/diagram/diagram/node/4> a d2g:Process, d2g:Node ;
    rdfs:label ""Get into bath"" ;
    d2g:shape d2g:Task .

<http://example.org/diagram/diagram/node/5> a d2g:Process, d2g:Node ;
    rdfs:label ""Wash"" ;
    d2g:shape d2g:Task .

<http://example.org/diagram/diagram/node/6> a d2g:Process, d2g:Node ;
    rdfs:label ""Come Out"" ;
    d2g:shape d2g:Task .

<http://example.org/diagram/diagram/node/7> a d2g:Process, d2g:Node ;
    rdfs:label ""Empty the bath water"" ;
    d2g:shape d2g:Task .

<http://example.org/diagram/diagram/node/8> a d2g:Process, d2g:Node ;
    rdfs:label ""Get dressed"" ;
    d2g:shape d2g:Task .

<http://example.org/diagram/diagram/node/9> a d2g:Terminator, d2g:Node ;
    rdfs:label ""End"" ;
    d2g:shape d2g:EndEvent .

<http://example.org/diagram/diagram/edge/12> a d2g:Edge, d2g:Solid ;
    d2g:source <http://example.org/diagram/diagram/node/1> ;
    d2g:target <http://example.org/diagram/diagram/node/2> ;
    d2g:relationshipType d2g:Follows .

<http://example.org/diagram/diagram/edge/23> a d2g:Edge, d2g:Solid ;
    d2g:source <http://example.org/diagram/diagram/node/2> ;
    d2g:target <http://example.org/diagram/diagram/node/3> ;
    d2g:relationshipType d2g:Follows .

<http://example.org/diagram/diagram/edge/34> a d2g:Edge, d2g:Solid ;
    d2g:source <http://example.org/diagram/diagram/node/3> ;
    d2g:target <http://example.org/diagram/diagram/node/4> ;
    d2g:relationshipType d2g:Follows .

<http://example.org/diagram/diagram/edge/45> a d2g:Edge, d2g:Solid ;
    d2g:source <http://example.org/diagram/diagram/node/4> ;
    d2g:target <http://example.org/diagram/diagram/node/5> ;
    d2g:relationshipType d2g:Follows .

<http://example.org/diagram/diagram/edge/56> a d2g:Edge, d2g:Solid ;
    d2g:source <http://example.org/diagram/diagram/node/5> ;
    d2g:target <http://example.org/diagram/diagram/node/6> ;
    d2g:relationshipType d2g:Follows .

<http://example.org/diagram/diagram/edge/67> a d2g:Edge, d2g:Solid ;
    d2g:source <http://example.org/diagram/diagram/node/6> ;
    d2g:target <http://example.org/diagram/diagram/node/7> ;
    d2g:relationshipType d2g:Follows .

<http://example.org/diagram/diagram/edge/78> a d2g:Edge, d2g:Solid ;
    d2g:source <http://example.org/diagram/diagram/node/7> ;
    d2g:target <http://example.org/diagram/diagram/node/8> ;
    d2g:relationshipType d2g:Follows .

<http://example.org/diagram/diagram/edge/89> a d2g:Edge, d2g:Solid ;
    d2g:source <http://example.org/diagram/diagram/node/8> ;
    d2g:target <http://example.org/diagram/diagram/node/9> ;
    d2g:relationshipType d2g:Follows .

<http://example.org/diagram/diagram/node/1> d2g:follows <http://example.org/diagram/diagram/node/2> .
<http://example.org/diagram/diagram/node/2> d2g:follows <http://example.org/diagram/diagram/node/3> .
<http://example.org/diagram/diagram/node/3> d2g:follows <http://example.org/diagram/diagram/node/4> .
<http://example.org/diagram/diagram/node/4> d2g:follows <http://example.org/diagram/diagram/node/5> .
<http://example.org/diagram/diagram/node/5> d2g:follows <http://example.org/diagram/diagram/node/6> .
<http://example.org/diagram/diagram/node/6> d2g:follows <http://example.org/diagram/diagram/node/7> .
<http://example.org/diagram/diagram/node/7> d2g:follows <http://example.org/diagram/diagram/node/8> .
<http://example.org/diagram/diagram/node/8> d2g:follows <http://example.org/diagram/diagram/node/9> .
",1.0,1.0
Extract RDF triples from this image (/kaggle/input/diagram2graph-dataset/diagram2graph/258.png),['/kaggle/input/diagram2graph-dataset/diagram2graph/258.png'],"@prefix d2g:  <http://example.org/diagram2graph#> .
@prefix rdfs: <http://www.w3.org/2000/01/rdf-schema#> .

<http://example.org/diagram/diagram/node/1> a d2g:Node, d2g:Start ;
    rdfs:label ""Start Loop"" ;
    d2g:shape d2g:StartEvent .

<http://example.org/diagram/diagram/node/2> a d2g:Node, d2g:Decision ;
    rdfs:label ""Initialize"" ;
    d2g:shape d2g:Gateway .

<http://example.org/diagram/diagram/node/3> a d2g:Node, d2g:Process ;
    rdfs:label ""Process"" ;
    d2g:shape d2g:Task .

<http://example.org/diagram/diagram/node/4> a d2g:Node, d2g:Process ;
    rdfs:label ""Increment or Decrement"" ;
    d2g:shape d2g:Task .

<http://example.org/diagram/diagram/node/5> a d2g:Node, d2g:Terminator ;
    rdfs:label ""End Loop"" ;
    d2g:shape d2g:EndEvent .

<http://example.org/diagram/diagram/edge/12> a d2g:Edge, d2g:Solid ;
    d2g:source <http://example.org/diagram/diagram/node/1> ;
    d2g:target <http://example.org/diagram/diagram/node/2> ;
    d2g:relationshipType d2g:Follows .

<http://example.org/diagram/diagram/edge/23> a d2g:Edge, d2g:Solid ;
    d2g:source <http://example.org/diagram/diagram/node/2> ;
    d2g:target <http://example.org/diagram/diagram/node/3> ;
    d2g:relationshipType d2g:Branches ;
    d2g:relationshipValue ""True"" .

<http://example.org/diagram/diagram/edge/25> a d2g:Edge, d2g:Solid ;
    d2g:source <http://example.org/diagram/diagram/node/2> ;
    d2g:target <http://example.org/diagram/diagram/node/5> ;
    d2g:relationshipType d2g:Branches ;
    d2g:relationshipValue ""False"" .

<http://example.org/diagram/diagram/edge/34> a d2g:Edge, d2g:Solid ;
    d2g:source <http://example.org/diagram/diagram/node/3> ;
    d2g:target <http://example.org/diagram/diagram/node/4> ;
    d2g:relationshipType d2g:Follows .

<http://example.org/diagram/diagram/edge/42> a d2g:Edge, d2g:Solid ;
    d2g:source <http://example.org/diagram/diagram/node/4> ;
    d2g:target <http://example.org/diagram/diagram/node/2> ;
    d2g:relationshipType d2g:Follows .

<http://example.org/diagram/diagram/node/1> d2g:follows <http://example.org/diagram/diagram/node/2> .
<http://example.org/diagram/diagram/node/2> d2g:branches <http://example.org/diagram/diagram/node/3> .
<http://example.org/diagram/diagram/node/2> d2g:branches <http://example.org/diagram/diagram/node/5> .
<http://example.org/diagram/diagram/node/3> d2g:follows <http://example.org/diagram/diagram/node/4> .
<http://example.org/diagram/diagram/node/4> d2g:follows <http://example.org/diagram/diagram/node/2> .
",1.0,1.0
Extract RDF triples from this image (/kaggle/input/diagram2graph-dataset/diagram2graph/259.png),['/kaggle/input/diagram2graph-dataset/diagram2graph/259.png'],"@prefix d2g: <http://example.org/diagram2graph#> .
@prefix rdfs: <http://www.w3.org/2000/01/rdf-schema#> .

<http://example.org/diagram/diagram/node/1> a d2g:Start, d2g:Node ;
    rdfs:label ""Start"" ;
    d2g:shape d2g:StartEvent .

<http://example.org/diagram/diagram/node/2> a d2g:Process, d2g:Node ;
    rdfs:label ""Set up the training pattern"" ;
    d2g:shape d2g:Task .

<http://example.org/diagram/diagram/node/3> a d2g:Process, d2g:Node ;
    rdfs:label ""Set up the structure"" ;
    d2g:shape d2g:Task .

<http://example.org/diagram/diagram/node/4> a d2g:Process, d2g:Node ;
    rdfs:label ""Use the training pattern"" ;
    d2g:shape d2g:Task .

<http://example.org/diagram/diagram/node/5> a d2g:Decision, d2g:Node ;
    rdfs:label ""Training finished ?"" ;
    d2g:shape d2g:Gateway .

<http://example.org/diagram/diagram/node/6> a d2g:Process, d2g:Node ;
    rdfs:label ""Save the connection weights"" ;
    d2g:shape d2g:Task .

<http://example.org/diagram/diagram/node/7> a d2g:Process, d2g:Node ;
    rdfs:label ""Power quality Analysis"" ;
    d2g:shape d2g:Task .

<http://example.org/diagram/diagram/node/8> a d2g:Terminator, d2g:Node ;
    rdfs:label ""End"" ;
    d2g:shape d2g:EndEvent .

<http://example.org/diagram/diagram/edge/12> a d2g:Edge, d2g:Solid ;
    d2g:source <http://example.org/diagram/diagram/node/1> ;
    d2g:target <http://example.org/diagram/diagram/node/2> ;
    d2g:relationshipType d2g:Follows .

<http://example.org/diagram/diagram/edge/23> a d2g:Edge, d2g:Solid ;
    d2g:source <http://example.org/diagram/diagram/node/2> ;
    d2g:target <http://example.org/diagram/diagram/node/3> ;
    d2g:relationshipType d2g:Follows .

<http://example.org/diagram/diagram/edge/34> a d2g:Edge, d2g:Solid ;
    d2g:source <http://example.org/diagram/diagram/node/3> ;
    d2g:target <http://example.org/diagram/diagram/node/4> ;
    d2g:relationshipType d2g:Follows .

<http://example.org/diagram/diagram/edge/45> a d2g:Edge, d2g:Solid ;
    d2g:source <http://example.org/diagram/diagram/node/4> ;
    d2g:target <http://example.org/diagram/diagram/node/5> ;
    d2g:relationshipType d2g:Follows .

<http://example.org/diagram/diagram/edge/56> a d2g:Edge, d2g:Solid ;
    d2g:source <http://example.org/diagram/diagram/node/5> ;
    d2g:target <http://example.org/diagram/diagram/node/6> ;
    d2g:relationshipType d2g:Branches ;
    d2g:relationshipValue ""yes"" .

<http://example.org/diagram/diagram/edge/54> a d2g:Edge, d2g:Solid ;
    d2g:source <http://example.org/diagram/diagram/node/5> ;
    d2g:target <http://example.org/diagram/diagram/node/4> ;
    d2g:relationshipType d2g:Branches ;
    d2g:relationshipValue ""no"" .

<http://example.org/diagram/diagram/edge/67> a d2g:Edge, d2g:Solid ;
    d2g:source <http://example.org/diagram/diagram/node/6> ;
    d2g:target <http://example.org/diagram/diagram/node/7> ;
    d2g:relationshipType d2g:Follows .

<http://example.org/diagram/diagram/edge/78> a d2g:Edge, d2g:Solid ;
    d2g:source <http://example.org/diagram/diagram/node/7> ;
    d2g:target <http://example.org/diagram/diagram/node/8> ;
    d2g:relationshipType d2g:Follows .

<http://example.org/diagram/diagram/node/1> d2g:follows <http://example.org/diagram/diagram/node/2> .
<http://example.org/diagram/diagram/node/2> d2g:follows <http://example.org/diagram/diagram/node/3> .
<http://example.org/diagram/diagram/node/3> d2g:follows <http://example.org/diagram/diagram/node/4> .
<http://example.org/diagram/diagram/node/4> d2g:follows <http://example.org/diagram/diagram/node/5> .
<http://example.org/diagram/diagram/node/5> d2g:branches <http://example.org/diagram/diagram/node/6> .
<http://example.org/diagram/diagram/node/5> d2g:branches <http://example.org/diagram/diagram/node/4> .
<http://example.org/diagram/diagram/node/6> d2g:follows <http://example.org/diagram/diagram/node/7> .
<http://example.org/diagram/diagram/node/7> d2g:follows <http://example.org/diagram/diagram/node/8> .
",0.0,1.0
Extract RDF triples from this image (/kaggle/input/diagram2graph-dataset/diagram2graph/262.png),['/kaggle/input/diagram2graph-dataset/diagram2graph/262.png'],"@prefix d2g:  <http://example.org/diagram2graph#> .
@prefix rdfs: <http://www.w3.org/2000/01/rdf-schema#> .

<http://example.org/diagram/diagram/node/1> a d2g:Node, d2g:Start ;
    rdfs:label ""Start"" ;
    d2g:shape d2g:StartEvent .

<http://example.org/diagram/diagram/node/2> a d2g:Node, d2g:Process ;
    rdfs:label ""READ"" ;
    d2g:shape d2g:Task .

<http://example.org/diagram/diagram/node/3> a d2g:Node, d2g:Process ;
    rdfs:label ""M = 1 F = 1"" ;
    d2g:shape d2g:Task .

<http://example.org/diagram/diagram/node/4> a d2g:Node, d2g:Process ;
    rdfs:label ""F = F * M"" ;
    d2g:shape d2g:Task .

<http://example.org/diagram/diagram/node/5> a d2g:Node, d2g:Decision ;
    rdfs:label ""M = N?"" ;
    d2g:shape d2g:Gateway .

<http://example.org/diagram/diagram/node/6> a d2g:Node, d2g:Process ;
    rdfs:label ""M = M + 1"" ;
    d2g:shape d2g:Task .

<http://example.org/diagram/diagram/node/7> a d2g:Node, d2g:Process ;
    rdfs:label ""PRINT"" ;
    d2g:shape d2g:Task .

<http://example.org/diagram/diagram/node/8> a d2g:Node, d2g:Terminator ;
    rdfs:label ""END"" ;
    d2g:shape d2g:EndEvent .

<http://example.org/diagram/diagram/edge/12> a d2g:Edge, d2g:Solid ;
    d2g:source <http://example.org/diagram/diagram/node/1> ;
    d2g:target <http://example.org/diagram/diagram/node/2> ;
    d2g:relationshipType d2g:Follows .

<http://example.org/diagram/diagram/edge/23> a d2g:Edge, d2g:Solid ;
    d2g:source <http://example.org/diagram/diagram/node/2> ;
    d2g:target <http://example.org/diagram/diagram/node/3> ;
    d2g:relationshipType d2g:Follows .

<http://example.org/diagram/diagram/edge/34> a d2g:Edge, d2g:Solid ;
    d2g:source <http://example.org/diagram/diagram/node/3> ;
    d2g:target <http://example.org/diagram/diagram/node/4> ;
    d2g:relationshipType d2g:Follows .

<http://example.org/diagram/diagram/edge/45> a d2g:Edge, d2g:Solid ;
    d2g:source <http://example.org/diagram/diagram/node/4> ;
    d2g:target <http://example.org/diagram/diagram/node/5> ;
    d2g:relationshipType d2g:Follows .

<http://example.org/diagram/diagram/edge/57> a d2g:Edge, d2g:Solid ;
    d2g:source <http://example.org/diagram/diagram/node/5> ;
    d2g:target <http://example.org/diagram/diagram/node/7> ;
    d2g:relationshipType d2g:Branches ;
    d2g:relationshipValue ""YES"" .

<http://example.org/diagram/diagram/edge/56> a d2g:Edge, d2g:Solid ;
    d2g:source <http://example.org/diagram/diagram/node/5> ;
    d2g:target <http://example.org/diagram/diagram/node/6> ;
    d2g:relationshipType d2g:Branches ;
    d2g:relationshipValue ""NO"" .

<http://example.org/diagram/diagram/edge/64> a d2g:Edge, d2g:Solid ;
    d2g:source <http://example.org/diagram/diagram/node/6> ;
    d2g:target <http://example.org/diagram/diagram/node/4> ;
    d2g:relationshipType d2g:Follows .

<http://example.org/diagram/diagram/edge/78> a d2g:Edge, d2g:Solid ;
    d2g:source <http://example.org/diagram/diagram/node/7> ;
    d2g:target <http://example.org/diagram/diagram/node/8> ;
    d2g:relationshipType d2g:Follows .

<http://example.org/diagram/diagram/node/1> d2g:follows <http://example.org/diagram/diagram/node/2> .
<http://example.org/diagram/diagram/node/2> d2g:follows <http://example.org/diagram/diagram/node/3> .
<http://example.org/diagram/diagram/node/3> d2g:follows <http://example.org/diagram/diagram/node/4> .
<http://example.org/diagram/diagram/node/4> d2g:follows <http://example.org/diagram/diagram/node/5> .
<http://example.org/diagram/diagram/node/5> d2g:branches <http://example.org/diagram/diagram/node/7> .
<http://example.org/diagram/diagram/node/5> d2g:branches <http://example.org/diagram/diagram/node/6> .
<http://example.org/diagram/diagram/node/6> d2g:follows <http://example.org/diagram/diagram/node/4> .
<http://example.org/diagram/diagram/node/7> d2g:follows <http://example.org/diagram/diagram/node/8> .
",1.0,1.0
Extract RDF triples from this image (/kaggle/input/diagram2graph-dataset/diagram2graph/263.png),['/kaggle/input/diagram2graph-dataset/diagram2graph/263.png'],"@prefix d2g:  <http://example.org/diagram2graph#> .
@prefix rdfs: <http://www.w3.org/2000/01/rdf-schema#> .

<http://example.org/diagram/diagram/node/1> a d2g:Start, d2g:Node ;
    rdfs:label ""START"" ;
    d2g:shape d2g:StartEvent .

<http://example.org/diagram/diagram/node/2> a d2g:Process, d2g:Node ;
    rdfs:label ""Input\nVariable:\nK"" ;
    d2g:shape d2g:Task .

<http://example.org/diagram/diagram/node/3> a d2g:Decision, d2g:Node ;
    rdfs:label ""If K%2==\n0"" ;
    d2g:shape d2g:Gateway .

<http://example.org/diagram/diagram/node/4> a d2g:Process, d2g:Node ;
    rdfs:label ""Print: K is\nodd"" ;
    d2g:shape d2g:Task .

<http://example.org/diagram/diagram/node/5> a d2g:Process, d2g:Node ;
    rdfs:label ""Print: K is\nEven"" ;
    d2g:shape d2g:Task .

<http://example.org/diagram/diagram/node/6> a d2g:Terminator, d2g:Node ;
    rdfs:label ""STOP"" ;
    d2g:shape d2g:EndEvent .

<http://example.org/diagram/diagram/edge/12> a d2g:Edge, d2g:Solid ;
    d2g:source <http://example.org/diagram/diagram/node/1> ;
    d2g:target <http://example.org/diagram/diagram/node/2> ;
    d2g:relationshipType d2g:Follows .

<http://example.org/diagram/diagram/edge/23> a d2g:Edge, d2g:Solid ;
    d2g:source <http://example.org/diagram/diagram/node/2> ;
    d2g:target <http://example.org/diagram/diagram/node/3> ;
    d2g:relationshipType d2g:Follows .

<http://example.org/diagram/diagram/edge/34> a d2g:Edge, d2g:Solid ;
    d2g:source <http://example.org/diagram/diagram/node/3> ;
    d2g:target <http://example.org/diagram/diagram/node/4> ;
    d2g:relationshipType d2g:Branches ;
    d2g:relationshipValue ""False"" .

<http://example.org/diagram/diagram/edge/35> a d2g:Edge, d2g:Solid ;
    d2g:source <http://example.org/diagram/diagram/node/3> ;
    d2g:target <http://example.org/diagram/diagram/node/5> ;
    d2g:relationshipType d2g:Branches ;
    d2g:relationshipValue ""True"" .

<http://example.org/diagram/diagram/edge/46> a d2g:Edge, d2g:Solid ;
    d2g:source <http://example.org/diagram/diagram/node/4> ;
    d2g:target <http://example.org/diagram/diagram/node/6> ;
    d2g:relationshipType d2g:Follows .

<http://example.org/diagram/diagram/edge/56> a d2g:Edge, d2g:Solid ;
    d2g:source <http://example.org/diagram/diagram/node/5> ;
    d2g:target <http://example.org/diagram/diagram/node/6> ;
    d2g:relationshipType d2g:Follows .

<http://example.org/diagram/diagram/node/1> d2g:follows <http://example.org/diagram/diagram/node/2> .
<http://example.org/diagram/diagram/node/2> d2g:follows <http://example.org/diagram/diagram/node/3> .
<http://example.org/diagram/diagram/node/3> d2g:branches <http://example.org/diagram/diagram/node/4> .
<http://example.org/diagram/diagram/node/3> d2g:branches <http://example.org/diagram/diagram/node/5> .
<http://example.org/diagram/diagram/node/4> d2g:follows <http://example.org/diagram/diagram/node/6> .
<http://example.org/diagram/diagram/node/5> d2g:follows <http://example.org/diagram/diagram/node/6> .
",1.0,1.0
Extract RDF triples from this image (/kaggle/input/diagram2graph-dataset/diagram2graph/268.png),['/kaggle/input/diagram2graph-dataset/diagram2graph/268.png'],"@prefix d2g: <http://example.org/diagram2graph#> .
@prefix rdfs: <http://www.w3.org/2000/01/rdf-schema#> .

<http://example.org/diagram/diagram/node/1> a d2g:Start, d2g:Node ;
    rdfs:label ""Start"" ;
    d2g:shape d2g:StartEvent .

<http://example.org/diagram/diagram/node/2> a d2g:Process, d2g:Node ;
    rdfs:label ""Look for address"" ;
    d2g:shape d2g:Task .

<http://example.org/diagram/diagram/node/3> a d2g:Decision, d2g:Node ;
    rdfs:label ""Did you find it?"" ;
    d2g:shape d2g:Gateway .

<http://example.org/diagram/diagram/node/4> a d2g:Decision, d2g:Node ;
    rdfs:label ""Ask someone"" ;
    d2g:shape d2g:Gateway .

<http://example.org/diagram/diagram/node/5> a d2g:Terminator, d2g:Node ;
    rdfs:label ""Stop looking"" ;
    d2g:shape d2g:EndEvent .

<http://example.org/diagram/diagram/edge/12> a d2g:Edge, d2g:Solid ;
    d2g:source <http://example.org/diagram/diagram/node/1> ;
    d2g:target <http://example.org/diagram/diagram/node/2> ;
    d2g:relationshipType d2g:Follows .

<http://example.org/diagram/diagram/edge/23> a d2g:Edge, d2g:Solid ;
    d2g:source <http://example.org/diagram/diagram/node/2> ;
    d2g:target <http://example.org/diagram/diagram/node/3> ;
    d2g:relationshipType d2g:Follows .

<http://example.org/diagram/diagram/edge/35> a d2g:Edge, d2g:Solid ;
    d2g:source <http://example.org/diagram/diagram/node/3> ;
    d2g:target <http://example.org/diagram/diagram/node/5> ;
    d2g:relationshipType d2g:Branches ;
    d2g:relationshipValue ""Yes"" .

<http://example.org/diagram/diagram/edge/34> a d2g:Edge, d2g:Solid ;
    d2g:source <http://example.org/diagram/diagram/node/3> ;
    d2g:target <http://example.org/diagram/diagram/node/4> ;
    d2g:relationshipType d2g:Branches ;
    d2g:relationshipValue ""No"" .

<http://example.org/diagram/diagram/edge/42> a d2g:Edge, d2g:Solid ;
    d2g:source <http://example.org/diagram/diagram/node/4> ;
    d2g:target <http://example.org/diagram/diagram/node/2> ;
    d2g:relationshipType d2g:Branches ;
    d2g:relationshipValue ""Yes"" .

<http://example.org/diagram/diagram/edge/45> a d2g:Edge, d2g:Solid ;
    d2g:source <http://example.org/diagram/diagram/node/4> ;
    d2g:target <http://example.org/diagram/diagram/node/5> ;
    d2g:relationshipType d2g:Branches ;
    d2g:relationshipValue ""No"" .

<http://example.org/diagram/diagram/node/1> d2g:follows <http://example.org/diagram/diagram/node/2> .
<http://example.org/diagram/diagram/node/2> d2g:follows <http://example.org/diagram/diagram/node/3> .
<http://example.org/diagram/diagram/node/3> d2g:branches <http://example.org/diagram/diagram/node/5> .
<http://example.org/diagram/diagram/node/3> d2g:branches <http://example.org/diagram/diagram/node/4> .
<http://example.org/diagram/diagram/node/4> d2g:branches <http://example.org/diagram/diagram/node/2> .
<http://example.org/diagram/diagram/node/4> d2g:branches <http://example.org/diagram/diagram/node/5> .
",1.0,1.0
Extract RDF triples from this image (/kaggle/input/diagram2graph-dataset/diagram2graph/273.png),['/kaggle/input/diagram2graph-dataset/diagram2graph/273.png'],"@prefix d2g:  <http://example.org/diagram2graph#> .
@prefix rdfs: <http://www.w3.org/2000/01/rdf-schema#> .

<http://example.org/diagram/diagram/node/1> a d2g:Start, d2g:Node ;
    rdfs:label ""Movie"" ;
    d2g:shape d2g:StartEvent .

<http://example.org/diagram/diagram/node/2> a d2g:Decision, d2g:Node ;
    rdfs:label ""has subtitles"" ;
    d2g:shape d2g:Gateway .

<http://example.org/diagram/diagram/node/3> a d2g:Process, d2g:Node ;
    rdfs:label ""Ask someone"" ;
    d2g:shape d2g:Task .

<http://example.org/diagram/diagram/node/4> a d2g:Decision, d2g:Node ;
    rdfs:label ""Type"" ;
    d2g:shape d2g:Gateway .

<http://example.org/diagram/diagram/node/5> a d2g:Process, d2g:Node ;
    rdfs:label ""Summarize based on selected algorithm"" ;
    d2g:shape d2g:Task .

<http://example.org/diagram/diagram/node/6> a d2g:Process, d2g:Node ;
    rdfs:label ""Create new algorithm"" ;
    d2g:shape d2g:Task .

<http://example.org/diagram/diagram/node/7> a d2g:Terminator, d2g:Node ;
    rdfs:label ""Generate the summarized video"" ;
    d2g:shape d2g:EndEvent .

<http://example.org/diagram/diagram/edge/12> a d2g:Edge, d2g:Solid ;
    d2g:source <http://example.org/diagram/diagram/node/1> ;
    d2g:target <http://example.org/diagram/diagram/node/2> ;
    d2g:relationshipType d2g:Follows .

<http://example.org/diagram/diagram/edge/23> a d2g:Edge, d2g:Solid ;
    d2g:source <http://example.org/diagram/diagram/node/2> ;
    d2g:target <http://example.org/diagram/diagram/node/3> ;
    d2g:relationshipType d2g:Branches ;
    d2g:relationshipValue ""No"" .

<http://example.org/diagram/diagram/edge/24> a d2g:Edge, d2g:Solid ;
    d2g:source <http://example.org/diagram/diagram/node/2> ;
    d2g:target <http://example.org/diagram/diagram/node/4> ;
    d2g:relationshipType d2g:Branches ;
    d2g:relationshipValue ""Yes"" .

<http://example.org/diagram/diagram/edge/34> a d2g:Edge, d2g:Solid ;
    d2g:source <http://example.org/diagram/diagram/node/3> ;
    d2g:target <http://example.org/diagram/diagram/node/4> ;
    d2g:relationshipType d2g:Follows .

<http://example.org/diagram/diagram/edge/45> a d2g:Edge, d2g:Solid ;
    d2g:source <http://example.org/diagram/diagram/node/4> ;
    d2g:target <http://example.org/diagram/diagram/node/5> ;
    d2g:relationshipType d2g:Branches ;
    d2g:relationshipValue ""Single"" .

<http://example.org/diagram/diagram/edge/46> a d2g:Edge, d2g:Solid ;
    d2g:source <http://example.org/diagram/diagram/node/4> ;
    d2g:target <http://example.org/diagram/diagram/node/6> ;
    d2g:relationshipType d2g:Branches ;
    d2g:relationshipValue ""Combined"" .

<http://example.org/diagram/diagram/edge/57> a d2g:Edge, d2g:Solid ;
    d2g:source <http://example.org/diagram/diagram/node/5> ;
    d2g:target <http://example.org/diagram/diagram/node/7> ;
    d2g:relationshipType d2g:Follows .

<http://example.org/diagram/diagram/edge/67> a d2g:Edge, d2g:Solid ;
    d2g:source <http://example.org/diagram/diagram/node/6> ;
    d2g:target <http://example.org/diagram/diagram/node/7> ;
    d2g:relationshipType d2g:Follows .

<http://example.org/diagram/diagram/node/1> d2g:follows <http://example.org/diagram/diagram/node/2> .
<http://example.org/diagram/diagram/node/2> d2g:branches <http://example.org/diagram/diagram/node/3> .
<http://example.org/diagram/diagram/node/2> d2g:branches <http://example.org/diagram/diagram/node/4> .
<http://example.org/diagram/diagram/node/3> d2g:follows <http://example.org/diagram/diagram/node/4> .
<http://example.org/diagram/diagram/node/4> d2g:branches <http://example.org/diagram/diagram/node/5> .
<http://example.org/diagram/diagram/node/4> d2g:branches <http://example.org/diagram/diagram/node/6> .
<http://example.org/diagram/diagram/node/5> d2g:follows <http://example.org/diagram/diagram/node/7> .
<http://example.org/diagram/diagram/node/6> d2g:follows <http://example.org/diagram/diagram/node/7> .
",0.0,1.0
Extract RDF triples from this image (/kaggle/input/diagram2graph-dataset/diagram2graph/274.png),['/kaggle/input/diagram2graph-dataset/diagram2graph/274.png'],"@prefix d2g:  <http://example.org/diagram2graph#> .
@prefix rdfs: <http://www.w3.org/2000/01/rdf-schema#> .

<http://example.org/diagram/diagram/node/1> a d2g:Start, d2g:Node ;
    rdfs:label ""Start"" ;
    d2g:shape d2g:StartEvent .

<http://example.org/diagram/diagram/node/2> a d2g:Process, d2g:Node ;
    rdfs:label ""Take Input"" ;
    d2g:shape d2g:Task .

<http://example.org/diagram/diagram/node/3> a d2g:Decision, d2g:Node ;
    rdfs:label ""If Number%2==0"" ;
    d2g:shape d2g:Gateway .

<http://example.org/diagram/diagram/node/4> a d2g:Process, d2g:Node ;
    rdfs:label ""Print: \""Number is odd\"""" ;
    d2g:shape d2g:Task .

<http://example.org/diagram/diagram/node/5> a d2g:Process, d2g:Node ;
    rdfs:label ""Print result"" ;
    d2g:shape d2g:Task .

<http://example.org/diagram/diagram/node/6> a d2g:Terminator, d2g:Node ;
    rdfs:label ""End"" ;
    d2g:shape d2g:EndEvent .

<http://example.org/diagram/diagram/edge/12> a d2g:Edge, d2g:Solid ;
    d2g:source <http://example.org/diagram/diagram/node/1> ;
    d2g:target <http://example.org/diagram/diagram/node/2> ;
    d2g:relationshipType d2g:Follows .

<http://example.org/diagram/diagram/edge/23> a d2g:Edge, d2g:Solid ;
    d2g:source <http://example.org/diagram/diagram/node/2> ;
    d2g:target <http://example.org/diagram/diagram/node/3> ;
    d2g:relationshipType d2g:Follows .

<http://example.org/diagram/diagram/edge/34> a d2g:Edge, d2g:Solid ;
    d2g:source <http://example.org/diagram/diagram/node/3> ;
    d2g:target <http://example.org/diagram/diagram/node/4> ;
    d2g:relationshipType d2g:Branches ;
    d2g:relationshipValue ""False"" .

<http://example.org/diagram/diagram/edge/35> a d2g:Edge, d2g:Solid ;
    d2g:source <http://example.org/diagram/diagram/node/3> ;
    d2g:target <http://example.org/diagram/diagram/node/5> ;
    d2g:relationshipType d2g:Branches ;
    d2g:relationshipValue ""True"" .

<http://example.org/diagram/diagram/edge/56> a d2g:Edge, d2g:Solid ;
    d2g:source <http://example.org/diagram/diagram/node/5> ;
    d2g:target <http://example.org/diagram/diagram/node/6> ;
    d2g:relationshipType d2g:Follows .

<http://example.org/diagram/diagram/node/1> d2g:follows <http://example.org/diagram/diagram/node/2> .
<http://example.org/diagram/diagram/node/2> d2g:follows <http://example.org/diagram/diagram/node/3> .
<http://example.org/diagram/diagram/node/3> d2g:branches <http://example.org/diagram/diagram/node/4> .
<http://example.org/diagram/diagram/node/3> d2g:branches <http://example.org/diagram/diagram/node/5> .
<http://example.org/diagram/diagram/node/5> d2g:follows <http://example.org/diagram/diagram/node/6> .
",1.0,1.0
Extract RDF triples from this image (/kaggle/input/diagram2graph-dataset/diagram2graph/275.png),['/kaggle/input/diagram2graph-dataset/diagram2graph/275.png'],"@prefix d2g:  <http://example.org/diagram2graph#> .
@prefix rdfs: <http://www.w3.org/2000/01/rdf-schema#> .

<http://example.org/diagram/diagram/node/1> a d2g:Node, d2g:Start ;
    rdfs:label ""Select Topic"" ;
    d2g:shape d2g:StartEvent .

<http://example.org/diagram/diagram/node/2> a d2g:Node, d2g:Process ;
    rdfs:label ""Background Search"" ;
    d2g:shape d2g:Task .

<http://example.org/diagram/diagram/node/3> a d2g:Node, d2g:Process ;
    rdfs:label ""Develop Search Strategy"" ;
    d2g:shape d2g:Task .

<http://example.org/diagram/diagram/node/4> a d2g:Node, d2g:Process ;
    rdfs:label ""Revision of Paper"" ;
    d2g:shape d2g:Task .

<http://example.org/diagram/diagram/node/5> a d2g:Node, d2g:Process ;
    rdfs:label ""Task assign"" ;
    d2g:shape d2g:Task .

<http://example.org/diagram/diagram/node/6> a d2g:Node, d2g:Process ;
    rdfs:label ""Report"" ;
    d2g:shape d2g:Task .

<http://example.org/diagram/diagram/node/7> a d2g:Node, d2g:Process ;
    rdfs:label ""Evaluate Information for Accuracy & Reliability"" ;
    d2g:shape d2g:Task .

<http://example.org/diagram/diagram/node/8> a d2g:Node, d2g:Terminator ;
    rdfs:label ""Submit"" ;
    d2g:shape d2g:EndEvent .

<http://example.org/diagram/diagram/node/9> a d2g:Node, d2g:Process ;
    rdfs:label ""Discuss with others"" ;
    d2g:shape d2g:Task .

<http://example.org/diagram/diagram/edge/12> a d2g:Edge, d2g:Solid ;
    d2g:source <http://example.org/diagram/diagram/node/1> ;
    d2g:target <http://example.org/diagram/diagram/node/2> ;
    d2g:relationshipType d2g:Follows .

<http://example.org/diagram/diagram/edge/23> a d2g:Edge, d2g:Solid ;
    d2g:source <http://example.org/diagram/diagram/node/2> ;
    d2g:target <http://example.org/diagram/diagram/node/3> ;
    d2g:relationshipType d2g:Follows .

<http://example.org/diagram/diagram/edge/34> a d2g:Edge, d2g:Solid ;
    d2g:source <http://example.org/diagram/diagram/node/3> ;
    d2g:target <http://example.org/diagram/diagram/node/4> ;
    d2g:relationshipType d2g:Follows .

<http://example.org/diagram/diagram/edge/35> a d2g:Edge, d2g:Solid ;
    d2g:source <http://example.org/diagram/diagram/node/3> ;
    d2g:target <http://example.org/diagram/diagram/node/5> ;
    d2g:relationshipType d2g:Follows .

<http://example.org/diagram/diagram/edge/46> a d2g:Edge, d2g:Solid ;
    d2g:source <http://example.org/diagram/diagram/node/4> ;
    d2g:target <http://example.org/diagram/diagram/node/6> ;
    d2g:relationshipType d2g:Follows .

<http://example.org/diagram/diagram/edge/48> a d2g:Edge, d2g:Solid ;
    d2g:source <http://example.org/diagram/diagram/node/4> ;
    d2g:target <http://example.org/diagram/diagram/node/8> ;
    d2g:relationshipType d2g:Follows .

<http://example.org/diagram/diagram/edge/57> a d2g:Edge, d2g:Solid ;
    d2g:source <http://example.org/diagram/diagram/node/5> ;
    d2g:target <http://example.org/diagram/diagram/node/7> ;
    d2g:relationshipType d2g:Follows .

<http://example.org/diagram/diagram/edge/79> a d2g:Edge, d2g:Solid ;
    d2g:source <http://example.org/diagram/diagram/node/7> ;
    d2g:target <http://example.org/diagram/diagram/node/9> ;
    d2g:relationshipType d2g:Follows .

<http://example.org/diagram/diagram/edge/94> a d2g:Edge, d2g:Solid ;
    d2g:source <http://example.org/diagram/diagram/node/9> ;
    d2g:target <http://example.org/diagram/diagram/node/4> ;
    d2g:relationshipType d2g:Follows .

<http://example.org/diagram/diagram/node/1> d2g:follows <http://example.org/diagram/diagram/node/2> .
<http://example.org/diagram/diagram/node/2> d2g:follows <http://example.org/diagram/diagram/node/3> .
<http://example.org/diagram/diagram/node/3> d2g:follows <http://example.org/diagram/diagram/node/4> .
<http://example.org/diagram/diagram/node/3> d2g:follows <http://example.org/diagram/diagram/node/5> .
<http://example.org/diagram/diagram/node/4> d2g:follows <http://example.org/diagram/diagram/node/6> .
<http://example.org/diagram/diagram/node/4> d2g:follows <http://example.org/diagram/diagram/node/8> .
<http://example.org/diagram/diagram/node/5> d2g:follows <http://example.org/diagram/diagram/node/7> .
<http://example.org/diagram/diagram/node/7> d2g:follows <http://example.org/diagram/diagram/node/9> .
<http://example.org/diagram/diagram/node/9> d2g:follows <http://example.org/diagram/diagram/node/4> .
",1.0,1.0
Extract RDF triples from this image (/kaggle/input/diagram2graph-dataset/diagram2graph/276.png),['/kaggle/input/diagram2graph-dataset/diagram2graph/276.png'],"@prefix d2g: <http://example.org/diagram2graph#> .
@prefix rdfs: <http://www.w3.org/2000/01/rdf-schema#> .

<http://example.org/diagram/diagram/node/1> a d2g:Start, d2g:Node ;
    rdfs:label ""Start"" ;
    d2g:shape d2g:StartEvent .

<http://example.org/diagram/diagram/node/2> a d2g:Process, d2g:Node ;
    rdfs:label ""Input Salary"" ;
    d2g:shape d2g:Task .

<http://example.org/diagram/diagram/node/3> a d2g:Process, d2g:Node ;
    rdfs:label ""Find Increase in salary"" ;
    d2g:shape d2g:Task .

<http://example.org/diagram/diagram/node/4> a d2g:Process, d2g:Node ;
    rdfs:label ""Add increase to salary"" ;
    d2g:shape d2g:Task .

<http://example.org/diagram/diagram/node/5> a d2g:Process, d2g:Node ;
    rdfs:label ""Print result"" ;
    d2g:shape d2g:Task .

<http://example.org/diagram/diagram/node/6> a d2g:Terminator, d2g:Node ;
    rdfs:label ""End"" ;
    d2g:shape d2g:EndEvent .

<http://example.org/diagram/diagram/edge/12> a d2g:Edge, d2g:Solid ;
    d2g:source <http://example.org/diagram/diagram/node/1> ;
    d2g:target <http://example.org/diagram/diagram/node/2> ;
    d2g:relationshipType d2g:Follows .

<http://example.org/diagram/diagram/edge/23> a d2g:Edge, d2g:Solid ;
    d2g:source <http://example.org/diagram/diagram/node/2> ;
    d2g:target <http://example.org/diagram/diagram/node/3> ;
    d2g:relationshipType d2g:Follows .

<http://example.org/diagram/diagram/edge/34> a d2g:Edge, d2g:Solid ;
    d2g:source <http://example.org/diagram/diagram/node/3> ;
    d2g:target <http://example.org/diagram/diagram/node/4> ;
    d2g:relationshipType d2g:Follows .

<http://example.org/diagram/diagram/edge/45> a d2g:Edge, d2g:Solid ;
    d2g:source <http://example.org/diagram/diagram/node/4> ;
    d2g:target <http://example.org/diagram/diagram/node/5> ;
    d2g:relationshipType d2g:Follows .

<http://example.org/diagram/diagram/edge/56> a d2g:Edge, d2g:Solid ;
    d2g:source <http://example.org/diagram/diagram/node/5> ;
    d2g:target <http://example.org/diagram/diagram/node/6> ;
    d2g:relationshipType d2g:Follows .

<http://example.org/diagram/diagram/node/1> d2g:follows <http://example.org/diagram/diagram/node/2> .
<http://example.org/diagram/diagram/node/2> d2g:follows <http://example.org/diagram/diagram/node/3> .
<http://example.org/diagram/diagram/node/3> d2g:follows <http://example.org/diagram/diagram/node/4> .
<http://example.org/diagram/diagram/node/4> d2g:follows <http://example.org/diagram/diagram/node/5> .
<http://example.org/diagram/diagram/node/5> d2g:follows <http://example.org/diagram/diagram/node/6> .
",1.0,1.0
Extract RDF triples from this image (/kaggle/input/diagram2graph-dataset/diagram2graph/278.png),['/kaggle/input/diagram2graph-dataset/diagram2graph/278.png'],"@prefix d2g:  <http://example.org/diagram2graph#> .
@prefix rdfs: <http://www.w3.org/2000/01/rdf-schema#> .

<http://example.org/diagram/diagram/node/1> a d2g:Start, d2g:Node ;
    rdfs:label ""Start"" ;
    d2g:shape d2g:StartEvent .

<http://example.org/diagram/diagram/node/2> a d2g:Process, d2g:Node ;
    rdfs:label ""Enter measurements"" ;
    d2g:shape d2g:Task .

<http://example.org/diagram/diagram/node/3> a d2g:Process, d2g:Node ;
    rdfs:label ""Input Width"" ;
    d2g:shape d2g:Task .

<http://example.org/diagram/diagram/node/4> a d2g:Process, d2g:Node ;
    rdfs:label ""Input value of Long"" ;
    d2g:shape d2g:Task .

<http://example.org/diagram/diagram/node/5> a d2g:Process, d2g:Node ;
    rdfs:label ""Input Long"" ;
    d2g:shape d2g:Task .

<http://example.org/diagram/diagram/node/6> a d2g:Process, d2g:Node ;
    rdfs:label ""Width * Long"" ;
    d2g:shape d2g:Task .

<http://example.org/diagram/diagram/node/7> a d2g:Process, d2g:Node ;
    rdfs:label ""Area of a Rectangle"" ;
    d2g:shape d2g:Task .

<http://example.org/diagram/diagram/node/8> a d2g:Terminator, d2g:Node ;
    rdfs:label ""End"" ;
    d2g:shape d2g:EndEvent .

<http://example.org/diagram/diagram/edge/12> a d2g:Edge, d2g:Solid ;
    d2g:source <http://example.org/diagram/diagram/node/1> ;
    d2g:target <http://example.org/diagram/diagram/node/2> ;
    d2g:relationshipType d2g:Follows .

<http://example.org/diagram/diagram/edge/23> a d2g:Edge, d2g:Solid ;
    d2g:source <http://example.org/diagram/diagram/node/2> ;
    d2g:target <http://example.org/diagram/diagram/node/3> ;
    d2g:relationshipType d2g:Follows .

<http://example.org/diagram/diagram/edge/34> a d2g:Edge, d2g:Solid ;
    d2g:source <http://example.org/diagram/diagram/node/3> ;
    d2g:target <http://example.org/diagram/diagram/node/4> ;
    d2g:relationshipType d2g:Follows .

<http://example.org/diagram/diagram/edge/45> a d2g:Edge, d2g:Solid ;
    d2g:source <http://example.org/diagram/diagram/node/4> ;
    d2g:target <http://example.org/diagram/diagram/node/5> ;
    d2g:relationshipType d2g:Follows .

<http://example.org/diagram/diagram/edge/56> a d2g:Edge, d2g:Solid ;
    d2g:source <http://example.org/diagram/diagram/node/5> ;
    d2g:target <http://example.org/diagram/diagram/node/6> ;
    d2g:relationshipType d2g:Follows .

<http://example.org/diagram/diagram/edge/67> a d2g:Edge, d2g:Solid ;
    d2g:source <http://example.org/diagram/diagram/node/6> ;
    d2g:target <http://example.org/diagram/diagram/node/7> ;
    d2g:relationshipType d2g:Follows .

<http://example.org/diagram/diagram/edge/78> a d2g:Edge, d2g:Solid ;
    d2g:source <http://example.org/diagram/diagram/node/7> ;
    d2g:target <http://example.org/diagram/diagram/node/8> ;
    d2g:relationshipType d2g:Follows .

<http://example.org/diagram/diagram/node/1> d2g:follows <http://example.org/diagram/diagram/node/2> .
<http://example.org/diagram/diagram/node/2> d2g:follows <http://example.org/diagram/diagram/node/3> .
<http://example.org/diagram/diagram/node/3> d2g:follows <http://example.org/diagram/diagram/node/4> .
<http://example.org/diagram/diagram/node/4> d2g:follows <http://example.org/diagram/diagram/node/5> .
<http://example.org/diagram/diagram/node/5> d2g:follows <http://example.org/diagram/diagram/node/6> .
<http://example.org/diagram/diagram/node/6> d2g:follows <http://example.org/diagram/diagram/node/7> .
<http://example.org/diagram/diagram/node/7> d2g:follows <http://example.org/diagram/diagram/node/8> .
",1.0,1.0
Extract RDF triples from this image (/kaggle/input/diagram2graph-dataset/diagram2graph/279.png),['/kaggle/input/diagram2graph-dataset/diagram2graph/279.png'],"@prefix d2g:  <http://example.org/diagram2graph#> .
@prefix rdfs: <http://www.w3.org/2000/01/rdf-schema#> .

<http://example.org/diagram/diagram/node/1> a d2g:Start, d2g:Node ;
    rdfs:label ""Start"" ;
    d2g:shape d2g:StartEvent .

<http://example.org/diagram/diagram/node/2> a d2g:Process, d2g:Node ;
    rdfs:label ""Find changes in work"" ;
    d2g:shape d2g:Task .

<http://example.org/diagram/diagram/node/3> a d2g:Decision, d2g:Node ;
    rdfs:label ""Approval"" ;
    d2g:shape d2g:Gateway .

<http://example.org/diagram/diagram/node/4> a d2g:Process, d2g:Node ;
    rdfs:label ""Method"" ;
    d2g:shape d2g:Task .

<http://example.org/diagram/diagram/node/5> a d2g:Decision, d2g:Node ;
    rdfs:label ""Agree?"" ;
    d2g:shape d2g:Gateway .

<http://example.org/diagram/diagram/node/6> a d2g:Process, d2g:Node ;
    rdfs:label ""Expand"" ;
    d2g:shape d2g:Task .

<http://example.org/diagram/diagram/node/7> a d2g:Process, d2g:Node ;
    rdfs:label ""Discard"" ;
    d2g:shape d2g:Task .

<http://example.org/diagram/diagram/node/8> a d2g:Process, d2g:Node ;
    rdfs:label ""Ignore change"" ;
    d2g:shape d2g:Task .

<http://example.org/diagram/diagram/node/9> a d2g:Terminator, d2g:Node ;
    rdfs:label ""END"" ;
    d2g:shape d2g:EndEvent .

<http://example.org/diagram/diagram/edge/12> a d2g:Edge, d2g:Solid ;
    d2g:source <http://example.org/diagram/diagram/node/1> ;
    d2g:target <http://example.org/diagram/diagram/node/2> ;
    d2g:relationshipType d2g:Follows .

<http://example.org/diagram/diagram/edge/23> a d2g:Edge, d2g:Solid ;
    d2g:source <http://example.org/diagram/diagram/node/2> ;
    d2g:target <http://example.org/diagram/diagram/node/3> ;
    d2g:relationshipType d2g:Follows .

<http://example.org/diagram/diagram/edge/34> a d2g:Edge, d2g:Solid ;
    d2g:source <http://example.org/diagram/diagram/node/3> ;
    d2g:target <http://example.org/diagram/diagram/node/4> ;
    d2g:relationshipType d2g:Branches ;
    d2g:relationshipValue ""Yes"" .

<http://example.org/diagram/diagram/edge/38> a d2g:Edge, d2g:Solid ;
    d2g:source <http://example.org/diagram/diagram/node/3> ;
    d2g:target <http://example.org/diagram/diagram/node/8> ;
    d2g:relationshipType d2g:Branches ;
    d2g:relationshipValue ""No"" .

<http://example.org/diagram/diagram/edge/45> a d2g:Edge, d2g:Solid ;
    d2g:source <http://example.org/diagram/diagram/node/4> ;
    d2g:target <http://example.org/diagram/diagram/node/5> ;
    d2g:relationshipType d2g:Follows .

<http://example.org/diagram/diagram/edge/56> a d2g:Edge, d2g:Solid ;
    d2g:source <http://example.org/diagram/diagram/node/5> ;
    d2g:target <http://example.org/diagram/diagram/node/6> ;
    d2g:relationshipType d2g:Branches ;
    d2g:relationshipValue ""Yes"" .

<http://example.org/diagram/diagram/edge/57> a d2g:Edge, d2g:Solid ;
    d2g:source <http://example.org/diagram/diagram/node/5> ;
    d2g:target <http://example.org/diagram/diagram/node/7> ;
    d2g:relationshipType d2g:Branches ;
    d2g:relationshipValue ""No"" .

<http://example.org/diagram/diagram/edge/69> a d2g:Edge, d2g:Solid ;
    d2g:source <http://example.org/diagram/diagram/node/6> ;
    d2g:target <http://example.org/diagram/diagram/node/9> ;
    d2g:relationshipType d2g:Follows .

<http://example.org/diagram/diagram/edge/79> a d2g:Edge, d2g:Solid ;
    d2g:source <http://example.org/diagram/diagram/node/7> ;
    d2g:target <http://example.org/diagram/diagram/node/9> ;
    d2g:relationshipType d2g:Follows .

<http://example.org/diagram/diagram/edge/89> a d2g:Edge, d2g:Solid ;
    d2g:source <http://example.org/diagram/diagram/node/8> ;
    d2g:target <http://example.org/diagram/diagram/node/9> ;
    d2g:relationshipType d2g:Follows .

<http://example.org/diagram/diagram/node/1> d2g:follows <http://example.org/diagram/diagram/node/2> .
<http://example.org/diagram/diagram/node/2> d2g:follows <http://example.org/diagram/diagram/node/3> .
<http://example.org/diagram/diagram/node/3> d2g:branches <http://example.org/diagram/diagram/node/4> .
<http://example.org/diagram/diagram/node/3> d2g:branches <http://example.org/diagram/diagram/node/8> .
<http://example.org/diagram/diagram/node/4> d2g:follows <http://example.org/diagram/diagram/node/5> .
<http://example.org/diagram/diagram/node/5> d2g:branches <http://example.org/diagram/diagram/node/6> .
<http://example.org/diagram/diagram/node/5> d2g:branches <http://example.org/diagram/diagram/node/7> .
<http://example.org/diagram/diagram/node/6> d2g:follows <http://example.org/diagram/diagram/node/9> .
<http://example.org/diagram/diagram/node/7> d2g:follows <http://example.org/diagram/diagram/node/9> .
<http://example.org/diagram/diagram/node/8> d2g:follows <http://example.org/diagram/diagram/node/9> .
",0.0,1.0
Extract RDF triples from this image (/kaggle/input/diagram2graph-dataset/diagram2graph/28.png),['/kaggle/input/diagram2graph-dataset/diagram2graph/28.png'],"@prefix d2g:  <http://example.org/diagram2graph#> .
@prefix rdfs: <http://www.w3.org/2000/01/rdf-schema#> .

<http://example.org/diagram/diagram/node/1> a d2g:Node, d2g:Start ;
    rdfs:label """" ;
    d2g:shape d2g:StartEvent .

<http://example.org/diagram/diagram/node/2> a d2g:Node, d2g:Process ;
    rdfs:label ""Check Time"" ;
    d2g:shape d2g:Task .

<http://example.org/diagram/diagram/node/3> a d2g:Node, d2g:Decision ;
    rdfs:label ""Before 4 pm?"" ;
    d2g:shape d2g:Gateway .

<http://example.org/diagram/diagram/node/4> a d2g:Node, d2g:Process ;
    rdfs:label ""Home"" ;
    d2g:shape d2g:Task .

<http://example.org/diagram/diagram/node/5> a d2g:Node, d2g:Process ;
    rdfs:label ""Office"" ;
    d2g:shape d2g:Task .

<http://example.org/diagram/diagram/node/6> a d2g:Node, d2g:Process ;
    rdfs:label ""Check"" ;
    d2g:shape d2g:Task .

<http://example.org/diagram/diagram/node/7> a d2g:Node, d2g:Decision ;
    rdfs:label ""Before 7 pm?"" ;
    d2g:shape d2g:Gateway .

<http://example.org/diagram/diagram/node/8> a d2g:Node, d2g:Process ;
    rdfs:label ""School"" ;
    d2g:shape d2g:Task .

<http://example.org/diagram/diagram/node/9> a d2g:Node, d2g:Terminator ;
    rdfs:label ""End"" ;
    d2g:shape d2g:EndEvent .

<http://example.org/diagram/diagram/edge/12> a d2g:Edge, d2g:Solid ;
    d2g:source <http://example.org/diagram/diagram/node/1> ;
    d2g:target <http://example.org/diagram/diagram/node/2> ;
    d2g:relationshipType d2g:Follows .

<http://example.org/diagram/diagram/edge/23> a d2g:Edge, d2g:Solid ;
    d2g:source <http://example.org/diagram/diagram/node/2> ;
    d2g:target <http://example.org/diagram/diagram/node/3> ;
    d2g:relationshipType d2g:Follows .

<http://example.org/diagram/diagram/edge/34> a d2g:Edge, d2g:Solid ;
    d2g:source <http://example.org/diagram/diagram/node/3> ;
    d2g:target <http://example.org/diagram/diagram/node/4> ;
    d2g:relationshipType d2g:Branches ;
    d2g:relationshipValue ""Yes"" .

<http://example.org/diagram/diagram/edge/35> a d2g:Edge, d2g:Solid ;
    d2g:source <http://example.org/diagram/diagram/node/3> ;
    d2g:target <http://example.org/diagram/diagram/node/5> ;
    d2g:relationshipType d2g:Branches ;
    d2g:relationshipValue ""No"" .

<http://example.org/diagram/diagram/edge/48> a d2g:Edge, d2g:Solid ;
    d2g:source <http://example.org/diagram/diagram/node/4> ;
    d2g:target <http://example.org/diagram/diagram/node/8> ;
    d2g:relationshipType d2g:Follows .

<http://example.org/diagram/diagram/edge/56> a d2g:Edge, d2g:Solid ;
    d2g:source <http://example.org/diagram/diagram/node/5> ;
    d2g:target <http://example.org/diagram/diagram/node/6> ;
    d2g:relationshipType d2g:Follows .

<http://example.org/diagram/diagram/edge/67> a d2g:Edge, d2g:Solid ;
    d2g:source <http://example.org/diagram/diagram/node/6> ;
    d2g:target <http://example.org/diagram/diagram/node/7> ;
    d2g:relationshipType d2g:Follows .

<http://example.org/diagram/diagram/edge/78> a d2g:Edge, d2g:Solid ;
    d2g:source <http://example.org/diagram/diagram/node/7> ;
    d2g:target <http://example.org/diagram/diagram/node/8> ;
    d2g:relationshipType d2g:Branches ;
    d2g:relationshipValue ""Yes"" .

<http://example.org/diagram/diagram/edge/75> a d2g:Edge, d2g:Solid ;
    d2g:source <http://example.org/diagram/diagram/node/7> ;
    d2g:target <http://example.org/diagram/diagram/node/5> ;
    d2g:relationshipType d2g:Branches ;
    d2g:relationshipValue ""No"" .

<http://example.org/diagram/diagram/edge/89> a d2g:Edge, d2g:Solid ;
    d2g:source <http://example.org/diagram/diagram/node/8> ;
    d2g:target <http://example.org/diagram/diagram/node/9> ;
    d2g:relationshipType d2g:Follows .

<http://example.org/diagram/diagram/node/1> d2g:follows <http://example.org/diagram/diagram/node/2> .
<http://example.org/diagram/diagram/node/2> d2g:follows <http://example.org/diagram/diagram/node/3> .
<http://example.org/diagram/diagram/node/3> d2g:branches <http://example.org/diagram/diagram/node/4> .
<http://example.org/diagram/diagram/node/3> d2g:branches <http://example.org/diagram/diagram/node/5> .
<http://example.org/diagram/diagram/node/4> d2g:follows <http://example.org/diagram/diagram/node/8> .
<http://example.org/diagram/diagram/node/5> d2g:follows <http://example.org/diagram/diagram/node/6> .
<http://example.org/diagram/diagram/node/6> d2g:follows <http://example.org/diagram/diagram/node/7> .
<http://example.org/diagram/diagram/node/7> d2g:branches <http://example.org/diagram/diagram/node/8> .
<http://example.org/diagram/diagram/node/7> d2g:branches <http://example.org/diagram/diagram/node/5> .
<http://example.org/diagram/diagram/node/8> d2g:follows <http://example.org/diagram/diagram/node/9> .
",1.0,1.0
Extract RDF triples from this image (/kaggle/input/diagram2graph-dataset/diagram2graph/284.png),['/kaggle/input/diagram2graph-dataset/diagram2graph/284.png'],"@prefix d2g: <http://example.org/diagram2graph#> .
@prefix rdfs: <http://www.w3.org/2000/01/rdf-schema#> .

<http://example.org/diagram/diagram/node/1> a d2g:Node, d2g:Start ;
    rdfs:label ""Start"" ;
    d2g:shape d2g:StartEvent .

<http://example.org/diagram/diagram/node/2> a d2g:Node, d2g:Process ;
    rdfs:label ""Identify Problem"" ;
    d2g:shape d2g:Task .

<http://example.org/diagram/diagram/node/3> a d2g:Node, d2g:Process ;
    rdfs:label ""work on it"" ;
    d2g:shape d2g:Task .

<http://example.org/diagram/diagram/node/4> a d2g:Node, d2g:Process ;
    rdfs:label ""Note them down in a diagram or table."" ;
    d2g:shape d2g:Task .

<http://example.org/diagram/diagram/node/5> a d2g:Node, d2g:Process ;
    rdfs:label ""Ask for assistant"" ;
    d2g:shape d2g:Task .

<http://example.org/diagram/diagram/node/6> a d2g:Node, d2g:Decision ;
    rdfs:label ""Need more help?"" ;
    d2g:shape d2g:Gateway .

<http://example.org/diagram/diagram/node/7> a d2g:Node, d2g:Process ;
    rdfs:label ""Find solutions to the root causes identified."" ;
    d2g:shape d2g:Task .

<http://example.org/diagram/diagram/node/8> a d2g:Node, d2g:Terminator ;
    rdfs:label ""End"" ;
    d2g:shape d2g:EndEvent .

<http://example.org/diagram/diagram/edge/12> a d2g:Edge, d2g:Solid ;
    d2g:source <http://example.org/diagram/diagram/node/1> ;
    d2g:target <http://example.org/diagram/diagram/node/2> ;
    d2g:relationshipType d2g:Follows .

<http://example.org/diagram/diagram/edge/23> a d2g:Edge, d2g:Solid ;
    d2g:source <http://example.org/diagram/diagram/node/2> ;
    d2g:target <http://example.org/diagram/diagram/node/3> ;
    d2g:relationshipType d2g:Follows .

<http://example.org/diagram/diagram/edge/34> a d2g:Edge, d2g:Solid ;
    d2g:source <http://example.org/diagram/diagram/node/3> ;
    d2g:target <http://example.org/diagram/diagram/node/4> ;
    d2g:relationshipType d2g:Follows .

<http://example.org/diagram/diagram/edge/45> a d2g:Edge, d2g:Solid ;
    d2g:source <http://example.org/diagram/diagram/node/4> ;
    d2g:target <http://example.org/diagram/diagram/node/5> ;
    d2g:relationshipType d2g:Follows .

<http://example.org/diagram/diagram/edge/56> a d2g:Edge, d2g:Solid ;
    d2g:source <http://example.org/diagram/diagram/node/5> ;
    d2g:target <http://example.org/diagram/diagram/node/6> ;
    d2g:relationshipType d2g:Follows .

<http://example.org/diagram/diagram/edge/67> a d2g:Edge, d2g:Solid ;
    d2g:source <http://example.org/diagram/diagram/node/6> ;
    d2g:target <http://example.org/diagram/diagram/node/7> ;
    d2g:relationshipType d2g:Branches ;
    d2g:relationshipValue ""Yes"" .

<http://example.org/diagram/diagram/edge/65> a d2g:Edge, d2g:Solid ;
    d2g:source <http://example.org/diagram/diagram/node/6> ;
    d2g:target <http://example.org/diagram/diagram/node/5> ;
    d2g:relationshipType d2g:Branches ;
    d2g:relationshipValue ""No"" .

<http://example.org/diagram/diagram/edge/78> a d2g:Edge, d2g:Solid ;
    d2g:source <http://example.org/diagram/diagram/node/7> ;
    d2g:target <http://example.org/diagram/diagram/node/8> ;
    d2g:relationshipType d2g:Follows .

<http://example.org/diagram/diagram/node/1> d2g:follows <http://example.org/diagram/diagram/node/2> .
<http://example.org/diagram/diagram/node/2> d2g:follows <http://example.org/diagram/diagram/node/3> .
<http://example.org/diagram/diagram/node/3> d2g:follows <http://example.org/diagram/diagram/node/4> .
<http://example.org/diagram/diagram/node/4> d2g:follows <http://example.org/diagram/diagram/node/5> .
<http://example.org/diagram/diagram/node/5> d2g:follows <http://example.org/diagram/diagram/node/6> .
<http://example.org/diagram/diagram/node/6> d2g:branches <http://example.org/diagram/diagram/node/7> .
<http://example.org/diagram/diagram/node/6> d2g:branches <http://example.org/diagram/diagram/node/5> .
<http://example.org/diagram/diagram/node/7> d2g:follows <http://example.org/diagram/diagram/node/8> .
",1.0,1.0
Extract RDF triples from this image (/kaggle/input/diagram2graph-dataset/diagram2graph/286.png),['/kaggle/input/diagram2graph-dataset/diagram2graph/286.png'],"@prefix d2g:  <http://example.org/diagram2graph#> .
@prefix rdfs: <http://www.w3.org/2000/01/rdf-schema#> .

<http://example.org/diagram/diagram/node/1> a d2g:Start, d2g:Node ;
    rdfs:label ""Start"" ;
    d2g:shape d2g:StartEvent .

<http://example.org/diagram/diagram/node/2> a d2g:Decision, d2g:Node ;
    rdfs:label ""Interested in watching movie?"" ;
    d2g:shape d2g:Gateway .

<http://example.org/diagram/diagram/node/3> a d2g:Process, d2g:Node ;
    rdfs:label ""Well, go read a book then."" ;
    d2g:shape d2g:Task .

<http://example.org/diagram/diagram/node/4> a d2g:Decision, d2g:Node ;
    rdfs:label ""Know the story?"" ;
    d2g:shape d2g:Gateway .

<http://example.org/diagram/diagram/node/5> a d2g:Process, d2g:Node ;
    rdfs:label ""Think about what part of the process you need to see"" ;
    d2g:shape d2g:Task .

<http://example.org/diagram/diagram/node/6> a d2g:Process, d2g:Node ;
    rdfs:label ""Let's start"" ;
    d2g:shape d2g:Task .

<http://example.org/diagram/diagram/edge/12> a d2g:Edge, d2g:Solid ;
    d2g:source <http://example.org/diagram/diagram/node/1> ;
    d2g:target <http://example.org/diagram/diagram/node/2> ;
    d2g:relationshipType d2g:Follows .

<http://example.org/diagram/diagram/edge/23> a d2g:Edge, d2g:Solid ;
    d2g:source <http://example.org/diagram/diagram/node/2> ;
    d2g:target <http://example.org/diagram/diagram/node/3> ;
    d2g:relationshipType d2g:Branches ;
    d2g:relationshipValue ""no"" .

<http://example.org/diagram/diagram/edge/24> a d2g:Edge, d2g:Solid ;
    d2g:source <http://example.org/diagram/diagram/node/2> ;
    d2g:target <http://example.org/diagram/diagram/node/4> ;
    d2g:relationshipType d2g:Branches ;
    d2g:relationshipValue ""yes"" .

<http://example.org/diagram/diagram/edge/45> a d2g:Edge, d2g:Solid ;
    d2g:source <http://example.org/diagram/diagram/node/4> ;
    d2g:target <http://example.org/diagram/diagram/node/5> ;
    d2g:relationshipType d2g:Branches ;
    d2g:relationshipValue ""no"" .

<http://example.org/diagram/diagram/edge/46> a d2g:Edge, d2g:Solid ;
    d2g:source <http://example.org/diagram/diagram/node/4> ;
    d2g:target <http://example.org/diagram/diagram/node/6> ;
    d2g:relationshipType d2g:Branches ;
    d2g:relationshipValue ""yes"" .

<http://example.org/diagram/diagram/node/1> d2g:follows <http://example.org/diagram/diagram/node/2> .
<http://example.org/diagram/diagram/node/2> d2g:branches <http://example.org/diagram/diagram/node/3> .
<http://example.org/diagram/diagram/node/2> d2g:branches <http://example.org/diagram/diagram/node/4> .
<http://example.org/diagram/diagram/node/4> d2g:branches <http://example.org/diagram/diagram/node/5> .
<http://example.org/diagram/diagram/node/4> d2g:branches <http://example.org/diagram/diagram/node/6> .
",0.0,1.0
Extract RDF triples from this image (/kaggle/input/diagram2graph-dataset/diagram2graph/288.png),['/kaggle/input/diagram2graph-dataset/diagram2graph/288.png'],"@prefix d2g:  <http://example.org/diagram2graph#> .
@prefix rdfs: <http://www.w3.org/2000/01/rdf-schema#> .

<http://example.org/diagram/diagram/node/1> a d2g:Start, d2g:Node ;
    rdfs:label ""Begin"" ;
    d2g:shape d2g:StartEvent .

<http://example.org/diagram/diagram/node/2> a d2g:Process, d2g:Node ;
    rdfs:label ""Pre-configuration"" ;
    d2g:shape d2g:Task .

<http://example.org/diagram/diagram/node/3> a d2g:Process, d2g:Node ;
    rdfs:label ""Input"" ;
    d2g:shape d2g:Task .

<http://example.org/diagram/diagram/node/4> a d2g:Process, d2g:Node ;
    rdfs:label ""Input Signal Analysis"" ;
    d2g:shape d2g:Task .

<http://example.org/diagram/diagram/node/5> a d2g:Decision, d2g:Node ;
    rdfs:label ""Input Signal Analysis Finished?"" ;
    d2g:shape d2g:Gateway .

<http://example.org/diagram/diagram/node/6> a d2g:Process, d2g:Node ;
    rdfs:label ""Update"" ;
    d2g:shape d2g:Task .

<http://example.org/diagram/diagram/node/7> a d2g:Process, d2g:Node ;
    rdfs:label ""Output Signal Analysis"" ;
    d2g:shape d2g:Task .

<http://example.org/diagram/diagram/node/8> a d2g:Decision, d2g:Node ;
    rdfs:label ""Output Signal Analysis Finished?"" ;
    d2g:shape d2g:Gateway .

<http://example.org/diagram/diagram/node/9> a d2g:Process, d2g:Node ;
    rdfs:label ""Back to work"" ;
    d2g:shape d2g:Task .

<http://example.org/diagram/diagram/edge/12> a d2g:Edge, d2g:Solid ;
    d2g:source <http://example.org/diagram/diagram/node/1> ;
    d2g:target <http://example.org/diagram/diagram/node/2> ;
    d2g:relationshipType d2g:Follows .

<http://example.org/diagram/diagram/edge/23> a d2g:Edge, d2g:Solid ;
    d2g:source <http://example.org/diagram/diagram/node/2> ;
    d2g:target <http://example.org/diagram/diagram/node/3> ;
    d2g:relationshipType d2g:Follows .

<http://example.org/diagram/diagram/edge/34> a d2g:Edge, d2g:Solid ;
    d2g:source <http://example.org/diagram/diagram/node/3> ;
    d2g:target <http://example.org/diagram/diagram/node/4> ;
    d2g:relationshipType d2g:Follows .

<http://example.org/diagram/diagram/edge/45> a d2g:Edge, d2g:Solid ;
    d2g:source <http://example.org/diagram/diagram/node/4> ;
    d2g:target <http://example.org/diagram/diagram/node/5> ;
    d2g:relationshipType d2g:Follows .

<http://example.org/diagram/diagram/edge/57> a d2g:Edge, d2g:Solid ;
    d2g:source <http://example.org/diagram/diagram/node/5> ;
    d2g:target <http://example.org/diagram/diagram/node/7> ;
    d2g:relationshipType d2g:Branches ;
    d2g:relationshipValue ""YES"" .

<http://example.org/diagram/diagram/edge/53> a d2g:Edge, d2g:Solid ;
    d2g:source <http://example.org/diagram/diagram/node/5> ;
    d2g:target <http://example.org/diagram/diagram/node/3> ;
    d2g:relationshipType d2g:Branches ;
    d2g:relationshipValue ""NO"" .

<http://example.org/diagram/diagram/edge/78> a d2g:Edge, d2g:Solid ;
    d2g:source <http://example.org/diagram/diagram/node/7> ;
    d2g:target <http://example.org/diagram/diagram/node/8> ;
    d2g:relationshipType d2g:Follows .

<http://example.org/diagram/diagram/edge/89> a d2g:Edge, d2g:Solid ;
    d2g:source <http://example.org/diagram/diagram/node/8> ;
    d2g:target <http://example.org/diagram/diagram/node/9> ;
    d2g:relationshipType d2g:Branches ;
    d2g:relationshipValue ""YES"" .

<http://example.org/diagram/diagram/edge/86> a d2g:Edge, d2g:Solid ;
    d2g:source <http://example.org/diagram/diagram/node/8> ;
    d2g:target <http://example.org/diagram/diagram/node/6> ;
    d2g:relationshipType d2g:Branches ;
    d2g:relationshipValue ""NO"" .

<http://example.org/diagram/diagram/edge/63> a d2g:Edge, d2g:Solid ;
    d2g:source <http://example.org/diagram/diagram/node/6> ;
    d2g:target <http://example.org/diagram/diagram/node/3> ;
    d2g:relationshipType d2g:Follows .

<http://example.org/diagram/diagram/edge/93> a d2g:Edge, d2g:Solid ;
    d2g:source <http://example.org/diagram/diagram/node/9> ;
    d2g:target <http://example.org/diagram/diagram/node/3> ;
    d2g:relationshipType d2g:Follows .

<http://example.org/diagram/diagram/node/1> d2g:follows <http://example.org/diagram/diagram/node/2> .
<http://example.org/diagram/diagram/node/2> d2g:follows <http://example.org/diagram/diagram/node/3> .
<http://example.org/diagram/diagram/node/3> d2g:follows <http://example.org/diagram/diagram/node/4> .
<http://example.org/diagram/diagram/node/4> d2g:follows <http://example.org/diagram/diagram/node/5> .
<http://example.org/diagram/diagram/node/5> d2g:branches <http://example.org/diagram/diagram/node/7> .
<http://example.org/diagram/diagram/node/5> d2g:branches <http://example.org/diagram/diagram/node/3> .
<http://example.org/diagram/diagram/node/7> d2g:follows <http://example.org/diagram/diagram/node/8> .
<http://example.org/diagram/diagram/node/8> d2g:branches <http://example.org/diagram/diagram/node/9> .
<http://example.org/diagram/diagram/node/8> d2g:branches <http://example.org/diagram/diagram/node/6> .
<http://example.org/diagram/diagram/node/6> d2g:follows <http://example.org/diagram/diagram/node/3> .
<http://example.org/diagram/diagram/node/9> d2g:follows <http://example.org/diagram/diagram/node/3> .
",1.0,1.0
Extract RDF triples from this image (/kaggle/input/diagram2graph-dataset/diagram2graph/29.png),['/kaggle/input/diagram2graph-dataset/diagram2graph/29.png'],"@prefix d2g: <http://example.org/diagram2graph#> .
@prefix rdfs: <http://www.w3.org/2000/01/rdf-schema#> .

<http://example.org/diagram/diagram/node/1> a d2g:Start, d2g:Node ;
    rdfs:label """" ;
    d2g:shape d2g:StartEvent .

<http://example.org/diagram/diagram/node/2> a d2g:Process, d2g:Node ;
    rdfs:label ""Take all values"" ;
    d2g:shape d2g:Task .

<http://example.org/diagram/diagram/node/3> a d2g:Process, d2g:Node ;
    rdfs:label ""Input Hours Per Week"" ;
    d2g:shape d2g:Task .

<http://example.org/diagram/diagram/node/4> a d2g:Process, d2g:Node ;
    rdfs:label ""Hourly Pay x Hours Per Week"" ;
    d2g:shape d2g:Task .

<http://example.org/diagram/diagram/node/5> a d2g:Decision, d2g:Node ;
    rdfs:label ""weeklypay > 400"" ;
    d2g:shape d2g:Gateway .

<http://example.org/diagram/diagram/node/6> a d2g:Process, d2g:Node ;
    rdfs:label ""Output can afford to live along"" ;
    d2g:shape d2g:Task .

<http://example.org/diagram/diagram/node/7> a d2g:Process, d2g:Node ;
    rdfs:label ""Poor condition"" ;
    d2g:shape d2g:Task .

<http://example.org/diagram/diagram/node/8> a d2g:Terminator, d2g:Node ;
    rdfs:label ""End"" ;
    d2g:shape d2g:EndEvent .

<http://example.org/diagram/diagram/edge/12> a d2g:Edge, d2g:Solid ;
    d2g:source <http://example.org/diagram/diagram/node/1> ;
    d2g:target <http://example.org/diagram/diagram/node/2> ;
    d2g:relationshipType d2g:Follows .

<http://example.org/diagram/diagram/edge/23> a d2g:Edge, d2g:Solid ;
    d2g:source <http://example.org/diagram/diagram/node/2> ;
    d2g:target <http://example.org/diagram/diagram/node/3> ;
    d2g:relationshipType d2g:Follows .

<http://example.org/diagram/diagram/edge/34> a d2g:Edge, d2g:Solid ;
    d2g:source <http://example.org/diagram/diagram/node/3> ;
    d2g:target <http://example.org/diagram/diagram/node/4> ;
    d2g:relationshipType d2g:Follows .

<http://example.org/diagram/diagram/edge/45> a d2g:Edge, d2g:Solid ;
    d2g:source <http://example.org/diagram/diagram/node/4> ;
    d2g:target <http://example.org/diagram/diagram/node/5> ;
    d2g:relationshipType d2g:Follows .

<http://example.org/diagram/diagram/edge/56> a d2g:Edge, d2g:Solid ;
    d2g:source <http://example.org/diagram/diagram/node/5> ;
    d2g:target <http://example.org/diagram/diagram/node/6> ;
    d2g:relationshipType d2g:Branches ;
    d2g:relationshipValue ""true"" .

<http://example.org/diagram/diagram/edge/57> a d2g:Edge, d2g:Solid ;
    d2g:source <http://example.org/diagram/diagram/node/5> ;
    d2g:target <http://example.org/diagram/diagram/node/7> ;
    d2g:relationshipType d2g:Branches ;
    d2g:relationshipValue ""false"" .

<http://example.org/diagram/diagram/edge/68> a d2g:Edge, d2g:Solid ;
    d2g:source <http://example.org/diagram/diagram/node/6> ;
    d2g:target <http://example.org/diagram/diagram/node/8> ;
    d2g:relationshipType d2g:Follows .

<http://example.org/diagram/diagram/edge/78> a d2g:Edge, d2g:Solid ;
    d2g:source <http://example.org/diagram/diagram/node/7> ;
    d2g:target <http://example.org/diagram/diagram/node/8> ;
    d2g:relationshipType d2g:Follows .

<http://example.org/diagram/diagram/node/1> d2g:follows <http://example.org/diagram/diagram/node/2> .
<http://example.org/diagram/diagram/node/2> d2g:follows <http://example.org/diagram/diagram/node/3> .
<http://example.org/diagram/diagram/node/3> d2g:follows <http://example.org/diagram/diagram/node/4> .
<http://example.org/diagram/diagram/node/4> d2g:follows <http://example.org/diagram/diagram/node/5> .
<http://example.org/diagram/diagram/node/5> d2g:branches <http://example.org/diagram/diagram/node/6> .
<http://example.org/diagram/diagram/node/5> d2g:branches <http://example.org/diagram/diagram/node/7> .
<http://example.org/diagram/diagram/node/6> d2g:follows <http://example.org/diagram/diagram/node/8> .
<http://example.org/diagram/diagram/node/7> d2g:follows <http://example.org/diagram/diagram/node/8> .
",1.0,1.0
Extract RDF triples from this image (/kaggle/input/diagram2graph-dataset/diagram2graph/291.png),['/kaggle/input/diagram2graph-dataset/diagram2graph/291.png'],"@prefix d2g:  <http://example.org/diagram2graph#> .
@prefix rdfs: <http://www.w3.org/2000/01/rdf-schema#> .

<http://example.org/diagram/diagram/node/1> a d2g:Start, d2g:Node ;
    rdfs:label ""Start"" ;
    d2g:shape d2g:StartEvent .

<http://example.org/diagram/diagram/node/2> a d2g:Process, d2g:Node ;
    rdfs:label ""Enter Website"" ;
    d2g:shape d2g:Task .

<http://example.org/diagram/diagram/node/3> a d2g:Process, d2g:Node ;
    rdfs:label ""Homepage"" ;
    d2g:shape d2g:Task .

<http://example.org/diagram/diagram/node/4> a d2g:Process, d2g:Node ;
    rdfs:label ""Enter Details"" ;
    d2g:shape d2g:Task .

<http://example.org/diagram/diagram/node/5> a d2g:Decision, d2g:Node ;
    rdfs:label ""Correct?"" ;
    d2g:shape d2g:Gateway .

<http://example.org/diagram/diagram/node/6> a d2g:Process, d2g:Node ;
    rdfs:label ""Enter"" ;
    d2g:shape d2g:Task .

<http://example.org/diagram/diagram/node/7> a d2g:Process, d2g:Node ;
    rdfs:label ""Enter Again"" ;
    d2g:shape d2g:Task .

<http://example.org/diagram/diagram/node/8> a d2g:Terminator, d2g:Node ;
    rdfs:label ""Stop"" ;
    d2g:shape d2g:EndEvent .

<http://example.org/diagram/diagram/edge/12> a d2g:Edge, d2g:Solid ;
    d2g:source <http://example.org/diagram/diagram/node/1> ;
    d2g:target <http://example.org/diagram/diagram/node/2> ;
    d2g:relationshipType d2g:Follows .

<http://example.org/diagram/diagram/edge/23> a d2g:Edge, d2g:Solid ;
    d2g:source <http://example.org/diagram/diagram/node/2> ;
    d2g:target <http://example.org/diagram/diagram/node/3> ;
    d2g:relationshipType d2g:Follows .

<http://example.org/diagram/diagram/edge/34> a d2g:Edge, d2g:Solid ;
    d2g:source <http://example.org/diagram/diagram/node/3> ;
    d2g:target <http://example.org/diagram/diagram/node/4> ;
    d2g:relationshipType d2g:Follows .

<http://example.org/diagram/diagram/edge/45> a d2g:Edge, d2g:Solid ;
    d2g:source <http://example.org/diagram/diagram/node/4> ;
    d2g:target <http://example.org/diagram/diagram/node/5> ;
    d2g:relationshipType d2g:Follows .

<http://example.org/diagram/diagram/edge/56> a d2g:Edge, d2g:Solid ;
    d2g:source <http://example.org/diagram/diagram/node/5> ;
    d2g:target <http://example.org/diagram/diagram/node/6> ;
    d2g:relationshipType d2g:Branches ;
    d2g:relationshipValue ""Yes"" .

<http://example.org/diagram/diagram/edge/57> a d2g:Edge, d2g:Solid ;
    d2g:source <http://example.org/diagram/diagram/node/5> ;
    d2g:target <http://example.org/diagram/diagram/node/7> ;
    d2g:relationshipType d2g:Branches ;
    d2g:relationshipValue ""No"" .

<http://example.org/diagram/diagram/edge/74> a d2g:Edge, d2g:Solid ;
    d2g:source <http://example.org/diagram/diagram/node/7> ;
    d2g:target <http://example.org/diagram/diagram/node/4> ;
    d2g:relationshipType d2g:Follows .

<http://example.org/diagram/diagram/edge/68> a d2g:Edge, d2g:Solid ;
    d2g:source <http://example.org/diagram/diagram/node/6> ;
    d2g:target <http://example.org/diagram/diagram/node/8> ;
    d2g:relationshipType d2g:Follows .

<http://example.org/diagram/diagram/node/1> d2g:follows <http://example.org/diagram/diagram/node/2> .
<http://example.org/diagram/diagram/node/2> d2g:follows <http://example.org/diagram/diagram/node/3> .
<http://example.org/diagram/diagram/node/3> d2g:follows <http://example.org/diagram/diagram/node/4> .
<http://example.org/diagram/diagram/node/4> d2g:follows <http://example.org/diagram/diagram/node/5> .
<http://example.org/diagram/diagram/node/5> d2g:branches <http://example.org/diagram/diagram/node/6> .
<http://example.org/diagram/diagram/node/5> d2g:branches <http://example.org/diagram/diagram/node/7> .
<http://example.org/diagram/diagram/node/7> d2g:follows <http://example.org/diagram/diagram/node/4> .
<http://example.org/diagram/diagram/node/6> d2g:follows <http://example.org/diagram/diagram/node/8> .
",1.0,1.0
Extract RDF triples from this image (/kaggle/input/diagram2graph-dataset/diagram2graph/293.png),['/kaggle/input/diagram2graph-dataset/diagram2graph/293.png'],"@prefix d2g:  <http://example.org/diagram2graph#> .
@prefix rdfs: <http://www.w3.org/2000/01/rdf-schema#> .

<http://example.org/diagram/diagram/node/1> a d2g:Start, d2g:Node ;
    rdfs:label ""Start"" ;
    d2g:shape d2g:StartEvent .

<http://example.org/diagram/diagram/node/2> a d2g:Decision, d2g:Node ;
    rdfs:label ""Login Page"" ;
    d2g:shape d2g:Gateway .

<http://example.org/diagram/diagram/node/3> a d2g:Process, d2g:Node ;
    rdfs:label ""Check"" ;
    d2g:shape d2g:Task .

<http://example.org/diagram/diagram/node/4> a d2g:Process, d2g:Node ;
    rdfs:label ""Reconfirm"" ;
    d2g:shape d2g:Task .

<http://example.org/diagram/diagram/node/5> a d2g:Process, d2g:Node ;
    rdfs:label ""NewsFeed"" ;
    d2g:shape d2g:Task .

<http://example.org/diagram/diagram/node/6> a d2g:Terminator, d2g:Node ;
    rdfs:label ""Like"" ;
    d2g:shape d2g:EndEvent .

<http://example.org/diagram/diagram/node/7> a d2g:Terminator, d2g:Node ;
    rdfs:label ""End"" ;
    d2g:shape d2g:EndEvent .

<http://example.org/diagram/diagram/edge/12> a d2g:Edge, d2g:Solid ;
    d2g:source <http://example.org/diagram/diagram/node/1> ;
    d2g:target <http://example.org/diagram/diagram/node/2> ;
    d2g:relationshipType d2g:Follows .

<http://example.org/diagram/diagram/edge/23> a d2g:Edge, d2g:Solid ;
    d2g:source <http://example.org/diagram/diagram/node/2> ;
    d2g:target <http://example.org/diagram/diagram/node/3> ;
    d2g:relationshipType d2g:Branches ;
    d2g:relationshipValue ""Yes"" .

<http://example.org/diagram/diagram/edge/24> a d2g:Edge, d2g:Solid ;
    d2g:source <http://example.org/diagram/diagram/node/2> ;
    d2g:target <http://example.org/diagram/diagram/node/4> ;
    d2g:relationshipType d2g:Branches ;
    d2g:relationshipValue ""No"" .

<http://example.org/diagram/diagram/edge/35> a d2g:Edge, d2g:Solid ;
    d2g:source <http://example.org/diagram/diagram/node/3> ;
    d2g:target <http://example.org/diagram/diagram/node/5> ;
    d2g:relationshipType d2g:Follows .

<http://example.org/diagram/diagram/edge/42> a d2g:Edge, d2g:Solid ;
    d2g:source <http://example.org/diagram/diagram/node/4> ;
    d2g:target <http://example.org/diagram/diagram/node/2> ;
    d2g:relationshipType d2g:Follows .

<http://example.org/diagram/diagram/edge/56> a d2g:Edge, d2g:Solid ;
    d2g:source <http://example.org/diagram/diagram/node/5> ;
    d2g:target <http://example.org/diagram/diagram/node/6> ;
    d2g:relationshipType d2g:Follows .

<http://example.org/diagram/diagram/edge/67> a d2g:Edge, d2g:Solid ;
    d2g:source <http://example.org/diagram/diagram/node/6> ;
    d2g:target <http://example.org/diagram/diagram/node/7> ;
    d2g:relationshipType d2g:Follows .

<http://example.org/diagram/diagram/node/1> d2g:follows <http://example.org/diagram/diagram/node/2> .
<http://example.org/diagram/diagram/node/2> d2g:branches <http://example.org/diagram/diagram/node/3> .
<http://example.org/diagram/diagram/node/2> d2g:branches <http://example.org/diagram/diagram/node/4> .
<http://example.org/diagram/diagram/node/3> d2g:follows <http://example.org/diagram/diagram/node/5> .
<http://example.org/diagram/diagram/node/4> d2g:follows <http://example.org/diagram/diagram/node/2> .
<http://example.org/diagram/diagram/node/5> d2g:follows <http://example.org/diagram/diagram/node/6> .
<http://example.org/diagram/diagram/node/6> d2g:follows <http://example.org/diagram/diagram/node/7> .
",1.0,1.0
Extract RDF triples from this image (/kaggle/input/diagram2graph-dataset/diagram2graph/295.png),['/kaggle/input/diagram2graph-dataset/diagram2graph/295.png'],"@prefix d2g:  <http://example.org/diagram2graph#> .
@prefix rdfs: <http://www.w3.org/2000/01/rdf-schema#> .

<http://example.org/diagram/diagram/node/1> a d2g:Start, d2g:Node ;
    rdfs:label ""Begin"" ;
    d2g:shape d2g:StartEvent .

<http://example.org/diagram/diagram/node/2> a d2g:Decision, d2g:Node ;
    rdfs:label ""Do You Understand Flowcharts?"" ;
    d2g:shape d2g:Gateway .

<http://example.org/diagram/diagram/node/3> a d2g:Process, d2g:Node ;
    rdfs:label ""Great!"" ;
    d2g:shape d2g:Task .

<http://example.org/diagram/diagram/node/4> a d2g:Process, d2g:Node ;
    rdfs:label ""Read each detail"" ;
    d2g:shape d2g:Task .

<http://example.org/diagram/diagram/node/5> a d2g:Decision, d2g:Node ;
    rdfs:label ""Would You Like to Start With the Basics?"" ;
    d2g:shape d2g:Gateway .

<http://example.org/diagram/diagram/node/6> a d2g:Process, d2g:Node ;
    rdfs:label ""Explain everyone"" ;
    d2g:shape d2g:Task .

<http://example.org/diagram/diagram/node/7> a d2g:Process, d2g:Node ;
    rdfs:label ""Further Reading About Flowcharts"" ;
    d2g:shape d2g:Task .

<http://example.org/diagram/diagram/edge/12> a d2g:Edge, d2g:Solid ;
    d2g:source <http://example.org/diagram/diagram/node/1> ;
    d2g:target <http://example.org/diagram/diagram/node/2> ;
    d2g:relationshipType d2g:Follows .

<http://example.org/diagram/diagram/edge/23> a d2g:Edge, d2g:Solid ;
    d2g:source <http://example.org/diagram/diagram/node/2> ;
    d2g:target <http://example.org/diagram/diagram/node/3> ;
    d2g:relationshipType d2g:Branches ;
    d2g:relationshipValue ""YES"" .

<http://example.org/diagram/diagram/edge/25> a d2g:Edge, d2g:Solid ;
    d2g:source <http://example.org/diagram/diagram/node/2> ;
    d2g:target <http://example.org/diagram/diagram/node/5> ;
    d2g:relationshipType d2g:Branches ;
    d2g:relationshipValue ""NO"" .

<http://example.org/diagram/diagram/edge/36> a d2g:Edge, d2g:Solid ;
    d2g:source <http://example.org/diagram/diagram/node/3> ;
    d2g:target <http://example.org/diagram/diagram/node/6> ;
    d2g:relationshipType d2g:Follows .

<http://example.org/diagram/diagram/edge/54> a d2g:Edge, d2g:Solid ;
    d2g:source <http://example.org/diagram/diagram/node/5> ;
    d2g:target <http://example.org/diagram/diagram/node/4> ;
    d2g:relationshipType d2g:Branches ;
    d2g:relationshipValue ""YES"" .

<http://example.org/diagram/diagram/edge/57> a d2g:Edge, d2g:Solid ;
    d2g:source <http://example.org/diagram/diagram/node/5> ;
    d2g:target <http://example.org/diagram/diagram/node/7> ;
    d2g:relationshipType d2g:Branches ;
    d2g:relationshipValue ""NO"" .

<http://example.org/diagram/diagram/node/1> d2g:follows <http://example.org/diagram/diagram/node/2> .
<http://example.org/diagram/diagram/node/2> d2g:branches <http://example.org/diagram/diagram/node/3> .
<http://example.org/diagram/diagram/node/2> d2g:branches <http://example.org/diagram/diagram/node/5> .
<http://example.org/diagram/diagram/node/3> d2g:follows <http://example.org/diagram/diagram/node/6> .
<http://example.org/diagram/diagram/node/5> d2g:branches <http://example.org/diagram/diagram/node/4> .
<http://example.org/diagram/diagram/node/5> d2g:branches <http://example.org/diagram/diagram/node/7> .
",1.0,1.0
Extract RDF triples from this image (/kaggle/input/diagram2graph-dataset/diagram2graph/3.png),['/kaggle/input/diagram2graph-dataset/diagram2graph/3.png'],"@prefix d2g:  <http://example.org/diagram2graph#> .
@prefix rdfs: <http://www.w3.org/2000/01/rdf-schema#> .

<http://example.org/diagram/diagram/node/1> a d2g:Start, d2g:Node ;
    rdfs:label ""Begin"" ;
    d2g:shape d2g:StartEvent .

<http://example.org/diagram/diagram/node/2> a d2g:Process, d2g:Node ;
    rdfs:label ""SUM=0"" ;
    d2g:shape d2g:Task .

<http://example.org/diagram/diagram/node/3> a d2g:Process, d2g:Node ;
    rdfs:label ""Input N"" ;
    d2g:shape d2g:Task .

<http://example.org/diagram/diagram/node/4> a d2g:Decision, d2g:Node ;
    rdfs:label ""N != 0 ?"" ;
    d2g:shape d2g:Gateway .

<http://example.org/diagram/diagram/node/5> a d2g:Process, d2g:Node ;
    rdfs:label ""REM=N%10"" ;
    d2g:shape d2g:Task .

<http://example.org/diagram/diagram/node/6> a d2g:Process, d2g:Node ;
    rdfs:label ""SUM=SUM+REM"" ;
    d2g:shape d2g:Task .

<http://example.org/diagram/diagram/node/7> a d2g:Process, d2g:Node ;
    rdfs:label ""N=N/10"" ;
    d2g:shape d2g:Task .

<http://example.org/diagram/diagram/node/8> a d2g:Process, d2g:Node ;
    rdfs:label ""PRINT SUM"" ;
    d2g:shape d2g:Task .

<http://example.org/diagram/diagram/node/9> a d2g:Terminator, d2g:Node ;
    rdfs:label ""Stop"" ;
    d2g:shape d2g:EndEvent .

<http://example.org/diagram/diagram/edge/12> a d2g:Edge, d2g:Solid ;
    d2g:source <http://example.org/diagram/diagram/node/1> ;
    d2g:target <http://example.org/diagram/diagram/node/2> ;
    d2g:relationshipType d2g:Follows .

<http://example.org/diagram/diagram/edge/23> a d2g:Edge, d2g:Solid ;
    d2g:source <http://example.org/diagram/diagram/node/2> ;
    d2g:target <http://example.org/diagram/diagram/node/3> ;
    d2g:relationshipType d2g:Follows .

<http://example.org/diagram/diagram/edge/34> a d2g:Edge, d2g:Solid ;
    d2g:source <http://example.org/diagram/diagram/node/3> ;
    d2g:target <http://example.org/diagram/diagram/node/4> ;
    d2g:relationshipType d2g:Follows .

<http://example.org/diagram/diagram/edge/45> a d2g:Edge, d2g:Solid ;
    d2g:source <http://example.org/diagram/diagram/node/4> ;
    d2g:target <http://example.org/diagram/diagram/node/5> ;
    d2g:relationshipType d2g:Branches ;
    d2g:relationshipValue ""TRUE"" .

<http://example.org/diagram/diagram/edge/48> a d2g:Edge, d2g:Solid ;
    d2g:source <http://example.org/diagram/diagram/node/4> ;
    d2g:target <http://example.org/diagram/diagram/node/8> ;
    d2g:relationshipType d2g:Branches ;
    d2g:relationshipValue ""FASLE"" .

<http://example.org/diagram/diagram/edge/56> a d2g:Edge, d2g:Solid ;
    d2g:source <http://example.org/diagram/diagram/node/5> ;
    d2g:target <http://example.org/diagram/diagram/node/6> ;
    d2g:relationshipType d2g:Follows .

<http://example.org/diagram/diagram/edge/67> a d2g:Edge, d2g:Solid ;
    d2g:source <http://example.org/diagram/diagram/node/6> ;
    d2g:target <http://example.org/diagram/diagram/node/7> ;
    d2g:relationshipType d2g:Follows .

<http://example.org/diagram/diagram/edge/74> a d2g:Edge, d2g:Solid ;
    d2g:source <http://example.org/diagram/diagram/node/7> ;
    d2g:target <http://example.org/diagram/diagram/node/4> ;
    d2g:relationshipType d2g:Follows .

<http://example.org/diagram/diagram/edge/89> a d2g:Edge, d2g:Solid ;
    d2g:source <http://example.org/diagram/diagram/node/8> ;
    d2g:target <http://example.org/diagram/diagram/node/9> ;
    d2g:relationshipType d2g:Follows .

<http://example.org/diagram/diagram/node/1> d2g:follows <http://example.org/diagram/diagram/node/2> .
<http://example.org/diagram/diagram/node/2> d2g:follows <http://example.org/diagram/diagram/node/3> .
<http://example.org/diagram/diagram/node/3> d2g:follows <http://example.org/diagram/diagram/node/4> .
<http://example.org/diagram/diagram/node/4> d2g:branches <http://example.org/diagram/diagram/node/5> .
<http://example.org/diagram/diagram/node/4> d2g:branches <http://example.org/diagram/diagram/node/8> .
<http://example.org/diagram/diagram/node/5> d2g:follows <http://example.org/diagram/diagram/node/6> .
<http://example.org/diagram/diagram/node/6> d2g:follows <http://example.org/diagram/diagram/node/7> .
<http://example.org/diagram/diagram/node/7> d2g:follows <http://example.org/diagram/diagram/node/4> .
<http://example.org/diagram/diagram/node/8> d2g:follows <http://example.org/diagram/diagram/node/9> .
",1.0,1.0
Extract RDF triples from this image (/kaggle/input/diagram2graph-dataset/diagram2graph/30.png),['/kaggle/input/diagram2graph-dataset/diagram2graph/30.png'],"@prefix d2g:  <http://example.org/diagram2graph#> .
@prefix rdfs: <http://www.w3.org/2000/01/rdf-schema#> .

<http://example.org/diagram/diagram/node/1> a d2g:Start, d2g:Node ;
    rdfs:label ""Begin"" ;
    d2g:shape d2g:StartEvent .

<http://example.org/diagram/diagram/node/2> a d2g:Process, d2g:Node ;
    rdfs:label ""X=1"" ;
    d2g:shape d2g:Task .

<http://example.org/diagram/diagram/node/3> a d2g:Decision, d2g:Node ;
    rdfs:label ""X>1"" ;
    d2g:shape d2g:Gateway .

<http://example.org/diagram/diagram/node/4> a d2g:Terminator, d2g:Node ;
    rdfs:label ""End"" ;
    d2g:shape d2g:EndEvent .

<http://example.org/diagram/diagram/node/5> a d2g:Process, d2g:Node ;
    rdfs:label ""OUTPUT X"" ;
    d2g:shape d2g:Task .

<http://example.org/diagram/diagram/node/6> a d2g:Process, d2g:Node ;
    rdfs:label ""X=X+1"" ;
    d2g:shape d2g:Task .

<http://example.org/diagram/diagram/edge/12> a d2g:Edge, d2g:Solid ;
    d2g:source <http://example.org/diagram/diagram/node/1> ;
    d2g:target <http://example.org/diagram/diagram/node/2> ;
    d2g:relationshipType d2g:Follows .

<http://example.org/diagram/diagram/edge/23> a d2g:Edge, d2g:Solid ;
    d2g:source <http://example.org/diagram/diagram/node/2> ;
    d2g:target <http://example.org/diagram/diagram/node/3> ;
    d2g:relationshipType d2g:Follows .

<http://example.org/diagram/diagram/edge/34> a d2g:Edge, d2g:Solid ;
    d2g:source <http://example.org/diagram/diagram/node/3> ;
    d2g:target <http://example.org/diagram/diagram/node/4> ;
    d2g:relationshipType d2g:Branches ;
    d2g:relationshipValue ""No"" .

<http://example.org/diagram/diagram/edge/35> a d2g:Edge, d2g:Solid ;
    d2g:source <http://example.org/diagram/diagram/node/3> ;
    d2g:target <http://example.org/diagram/diagram/node/5> ;
    d2g:relationshipType d2g:Branches ;
    d2g:relationshipValue ""Yes"" .

<http://example.org/diagram/diagram/edge/56> a d2g:Edge, d2g:Solid ;
    d2g:source <http://example.org/diagram/diagram/node/5> ;
    d2g:target <http://example.org/diagram/diagram/node/6> ;
    d2g:relationshipType d2g:Follows .

<http://example.org/diagram/diagram/edge/63> a d2g:Edge, d2g:Solid ;
    d2g:source <http://example.org/diagram/diagram/node/6> ;
    d2g:target <http://example.org/diagram/diagram/node/3> ;
    d2g:relationshipType d2g:Follows .

<http://example.org/diagram/diagram/node/1> d2g:follows <http://example.org/diagram/diagram/node/2> .
<http://example.org/diagram/diagram/node/2> d2g:follows <http://example.org/diagram/diagram/node/3> .
<http://example.org/diagram/diagram/node/3> d2g:branches <http://example.org/diagram/diagram/node/4> .
<http://example.org/diagram/diagram/node/3> d2g:branches <http://example.org/diagram/diagram/node/5> .
<http://example.org/diagram/diagram/node/5> d2g:follows <http://example.org/diagram/diagram/node/6> .
<http://example.org/diagram/diagram/node/6> d2g:follows <http://example.org/diagram/diagram/node/3> .
",1.0,1.0
Extract RDF triples from this image (/kaggle/input/diagram2graph-dataset/diagram2graph/309.png),['/kaggle/input/diagram2graph-dataset/diagram2graph/309.png'],"@prefix d2g:  <http://example.org/diagram2graph#> .
@prefix rdfs: <http://www.w3.org/2000/01/rdf-schema#> .

<http://example.org/diagram/diagram/node/1> a d2g:Start, d2g:Node ;
    rdfs:label ""Start"" ;
    d2g:shape d2g:StartEvent .

<http://example.org/diagram/diagram/node/2> a d2g:Process, d2g:Node ;
    rdfs:label ""Get ready for bath"" ;
    d2g:shape d2g:Task .

<http://example.org/diagram/diagram/node/3> a d2g:Process, d2g:Node ;
    rdfs:label ""Remove clothes"" ;
    d2g:shape d2g:Task .

<http://example.org/diagram/diagram/node/4> a d2g:Process, d2g:Node ;
    rdfs:label ""Get into bath"" ;
    d2g:shape d2g:Task .

<http://example.org/diagram/diagram/node/5> a d2g:Process, d2g:Node ;
    rdfs:label ""Wash"" ;
    d2g:shape d2g:Task .

<http://example.org/diagram/diagram/node/6> a d2g:Process, d2g:Node ;
    rdfs:label ""Get out of bath"" ;
    d2g:shape d2g:Task .

<http://example.org/diagram/diagram/node/7> a d2g:Process, d2g:Node ;
    rdfs:label ""Switch off the light"" ;
    d2g:shape d2g:Task .

<http://example.org/diagram/diagram/node/8> a d2g:Process, d2g:Node ;
    rdfs:label ""Get dressed"" ;
    d2g:shape d2g:Task .

<http://example.org/diagram/diagram/edge/12> a d2g:Edge, d2g:Solid ;
    d2g:source <http://example.org/diagram/diagram/node/1> ;
    d2g:target <http://example.org/diagram/diagram/node/2> ;
    d2g:relationshipType d2g:Follows .

<http://example.org/diagram/diagram/edge/23> a d2g:Edge, d2g:Solid ;
    d2g:source <http://example.org/diagram/diagram/node/2> ;
    d2g:target <http://example.org/diagram/diagram/node/3> ;
    d2g:relationshipType d2g:Follows .

<http://example.org/diagram/diagram/edge/34> a d2g:Edge, d2g:Solid ;
    d2g:source <http://example.org/diagram/diagram/node/3> ;
    d2g:target <http://example.org/diagram/diagram/node/4> ;
    d2g:relationshipType d2g:Follows .

<http://example.org/diagram/diagram/edge/45> a d2g:Edge, d2g:Solid ;
    d2g:source <http://example.org/diagram/diagram/node/4> ;
    d2g:target <http://example.org/diagram/diagram/node/5> ;
    d2g:relationshipType d2g:Follows .

<http://example.org/diagram/diagram/edge/56> a d2g:Edge, d2g:Solid ;
    d2g:source <http://example.org/diagram/diagram/node/5> ;
    d2g:target <http://example.org/diagram/diagram/node/6> ;
    d2g:relationshipType d2g:Follows .

<http://example.org/diagram/diagram/edge/67> a d2g:Edge, d2g:Solid ;
    d2g:source <http://example.org/diagram/diagram/node/6> ;
    d2g:target <http://example.org/diagram/diagram/node/7> ;
    d2g:relationshipType d2g:Follows .

<http://example.org/diagram/diagram/edge/78> a d2g:Edge, d2g:Solid ;
    d2g:source <http://example.org/diagram/diagram/node/7> ;
    d2g:target <http://example.org/diagram/diagram/node/8> ;
    d2g:relationshipType d2g:Follows .

<http://example.org/diagram/diagram/node/1> d2g:follows <http://example.org/diagram/diagram/node/2> .
<http://example.org/diagram/diagram/node/2> d2g:follows <http://example.org/diagram/diagram/node/3> .
<http://example.org/diagram/diagram/node/3> d2g:follows <http://example.org/diagram/diagram/node/4> .
<http://example.org/diagram/diagram/node/4> d2g:follows <http://example.org/diagram/diagram/node/5> .
<http://example.org/diagram/diagram/node/5> d2g:follows <http://example.org/diagram/diagram/node/6> .
<http://example.org/diagram/diagram/node/6> d2g:follows <http://example.org/diagram/diagram/node/7> .
<http://example.org/diagram/diagram/node/7> d2g:follows <http://example.org/diagram/diagram/node/8> .
",1.0,1.0
Extract RDF triples from this image (/kaggle/input/diagram2graph-dataset/diagram2graph/31.png),['/kaggle/input/diagram2graph-dataset/diagram2graph/31.png'],"@prefix d2g:  <http://example.org/diagram2graph#> .
@prefix rdfs: <http://www.w3.org/2000/01/rdf-schema#> .

<http://example.org/diagram/diagram/node/1> a d2g:Node, d2g:Start ;
    rdfs:label ""Start"" ;
    d2g:shape d2g:StartEvent .

<http://example.org/diagram/diagram/node/2> a d2g:Node, d2g:Process ;
    rdfs:label ""Work on problem"" ;
    d2g:shape d2g:Task .

<http://example.org/diagram/diagram/node/3> a d2g:Node, d2g:Process ;
    rdfs:label ""Assess their Situation and the"" ;
    d2g:shape d2g:Task .

<http://example.org/diagram/diagram/node/4> a d2g:Node, d2g:Process ;
    rdfs:label ""Present Solution(s)"" ;
    d2g:shape d2g:Task .

<http://example.org/diagram/diagram/node/5> a d2g:Node, d2g:Process ;
    rdfs:label ""Sign up"" ;
    d2g:shape d2g:Task .

<http://example.org/diagram/diagram/node/6> a d2g:Node, d2g:Process ;
    rdfs:label ""Retain relationship"" ;
    d2g:shape d2g:Task .

<http://example.org/diagram/diagram/edge/12> a d2g:Edge, d2g:Solid ;
    d2g:source <http://example.org/diagram/diagram/node/1> ;
    d2g:target <http://example.org/diagram/diagram/node/2> ;
    d2g:relationshipType d2g:Follows .

<http://example.org/diagram/diagram/edge/23> a d2g:Edge, d2g:Solid ;
    d2g:source <http://example.org/diagram/diagram/node/2> ;
    d2g:target <http://example.org/diagram/diagram/node/3> ;
    d2g:relationshipType d2g:Follows .

<http://example.org/diagram/diagram/edge/34> a d2g:Edge, d2g:Solid ;
    d2g:source <http://example.org/diagram/diagram/node/3> ;
    d2g:target <http://example.org/diagram/diagram/node/4> ;
    d2g:relationshipType d2g:Follows .

<http://example.org/diagram/diagram/edge/45> a d2g:Edge, d2g:Solid ;
    d2g:source <http://example.org/diagram/diagram/node/4> ;
    d2g:target <http://example.org/diagram/diagram/node/5> ;
    d2g:relationshipType d2g:Follows .

<http://example.org/diagram/diagram/edge/56> a d2g:Edge, d2g:Solid ;
    d2g:source <http://example.org/diagram/diagram/node/5> ;
    d2g:target <http://example.org/diagram/diagram/node/6> ;
    d2g:relationshipType d2g:Follows .

<http://example.org/diagram/diagram/edge/62> a d2g:Edge, d2g:Solid ;
    d2g:source <http://example.org/diagram/diagram/node/6> ;
    d2g:target <http://example.org/diagram/diagram/node/2> ;
    d2g:relationshipType d2g:Follows .

<http://example.org/diagram/diagram/node/1> d2g:follows <http://example.org/diagram/diagram/node/2> .
<http://example.org/diagram/diagram/node/2> d2g:follows <http://example.org/diagram/diagram/node/3> .
<http://example.org/diagram/diagram/node/3> d2g:follows <http://example.org/diagram/diagram/node/4> .
<http://example.org/diagram/diagram/node/4> d2g:follows <http://example.org/diagram/diagram/node/5> .
<http://example.org/diagram/diagram/node/5> d2g:follows <http://example.org/diagram/diagram/node/6> .
<http://example.org/diagram/diagram/node/6> d2g:follows <http://example.org/diagram/diagram/node/2> .
",1.0,1.0
Extract RDF triples from this image (/kaggle/input/diagram2graph-dataset/diagram2graph/310.png),['/kaggle/input/diagram2graph-dataset/diagram2graph/310.png'],"@prefix d2g:  <http://example.org/diagram2graph#> .
@prefix rdfs: <http://www.w3.org/2000/01/rdf-schema#> .

<http://example.org/diagram/diagram/node/1> a d2g:Node, d2g:Start ;
    rdfs:label ""Start"" ;
    d2g:shape d2g:StartEvent .

<http://example.org/diagram/diagram/node/2> a d2g:Node, d2g:Process ;
    rdfs:label ""Go to kitchen"" ;
    d2g:shape d2g:Task .

<http://example.org/diagram/diagram/node/3> a d2g:Node, d2g:Process ;
    rdfs:label ""Find food"" ;
    d2g:shape d2g:Task .

<http://example.org/diagram/diagram/node/4> a d2g:Node, d2g:Process ;
    rdfs:label ""Microwave it"" ;
    d2g:shape d2g:Task .

<http://example.org/diagram/diagram/node/5> a d2g:Node, d2g:Process ;
    rdfs:label ""Switch off light"" ;
    d2g:shape d2g:Task .

<http://example.org/diagram/diagram/node/6> a d2g:Node, d2g:Process ;
    rdfs:label ""Get out of kitchen"" ;
    d2g:shape d2g:Task .

<http://example.org/diagram/diagram/node/7> a d2g:Node, d2g:Process ;
    rdfs:label ""Enjoy dinner"" ;
    d2g:shape d2g:Task .

<http://example.org/diagram/diagram/edge/12> a d2g:Edge, d2g:Solid ;
    d2g:source <http://example.org/diagram/diagram/node/1> ;
    d2g:target <http://example.org/diagram/diagram/node/2> ;
    d2g:relationshipType d2g:Follows .

<http://example.org/diagram/diagram/edge/23> a d2g:Edge, d2g:Solid ;
    d2g:source <http://example.org/diagram/diagram/node/2> ;
    d2g:target <http://example.org/diagram/diagram/node/3> ;
    d2g:relationshipType d2g:Follows .

<http://example.org/diagram/diagram/edge/34> a d2g:Edge, d2g:Solid ;
    d2g:source <http://example.org/diagram/diagram/node/3> ;
    d2g:target <http://example.org/diagram/diagram/node/4> ;
    d2g:relationshipType d2g:Follows .

<http://example.org/diagram/diagram/edge/45> a d2g:Edge, d2g:Solid ;
    d2g:source <http://example.org/diagram/diagram/node/4> ;
    d2g:target <http://example.org/diagram/diagram/node/5> ;
    d2g:relationshipType d2g:Follows .

<http://example.org/diagram/diagram/edge/56> a d2g:Edge, d2g:Solid ;
    d2g:source <http://example.org/diagram/diagram/node/5> ;
    d2g:target <http://example.org/diagram/diagram/node/6> ;
    d2g:relationshipType d2g:Follows .

<http://example.org/diagram/diagram/edge/67> a d2g:Edge, d2g:Solid ;
    d2g:source <http://example.org/diagram/diagram/node/6> ;
    d2g:target <http://example.org/diagram/diagram/node/7> ;
    d2g:relationshipType d2g:Follows .

<http://example.org/diagram/diagram/node/1> d2g:follows <http://example.org/diagram/diagram/node/2> .
<http://example.org/diagram/diagram/node/2> d2g:follows <http://example.org/diagram/diagram/node/3> .
<http://example.org/diagram/diagram/node/3> d2g:follows <http://example.org/diagram/diagram/node/4> .
<http://example.org/diagram/diagram/node/4> d2g:follows <http://example.org/diagram/diagram/node/5> .
<http://example.org/diagram/diagram/node/5> d2g:follows <http://example.org/diagram/diagram/node/6> .
<http://example.org/diagram/diagram/node/6> d2g:follows <http://example.org/diagram/diagram/node/7> .
",1.0,1.0
Extract RDF triples from this image (/kaggle/input/diagram2graph-dataset/diagram2graph/315.png),['/kaggle/input/diagram2graph-dataset/diagram2graph/315.png'],"@prefix d2g:  <http://example.org/diagram2graph#> .
@prefix rdfs: <http://www.w3.org/2000/01/rdf-schema#> .

<http://example.org/diagram/diagram/node/1> a d2g:Node, d2g:Start ;
    rdfs:label ""START"" ;
    d2g:shape d2g:StartEvent .

<http://example.org/diagram/diagram/node/2> a d2g:Node, d2g:Process ;
    rdfs:label ""Initialize"" ;
    d2g:shape d2g:Task .

<http://example.org/diagram/diagram/node/3> a d2g:Node, d2g:Process ;
    rdfs:label ""SUM=A+B"" ;
    d2g:shape d2g:Task .

<http://example.org/diagram/diagram/node/4> a d2g:Node, d2g:Process ;
    rdfs:label ""PRINT VALUE OF SUM"" ;
    d2g:shape d2g:Task .

<http://example.org/diagram/diagram/node/5> a d2g:Node, d2g:Terminator ;
    rdfs:label ""STOP"" ;
    d2g:shape d2g:EndEvent .

<http://example.org/diagram/diagram/edge/12> a d2g:Edge, d2g:Solid ;
    d2g:source <http://example.org/diagram/diagram/node/1> ;
    d2g:target <http://example.org/diagram/diagram/node/2> ;
    d2g:relationshipType d2g:Follows .

<http://example.org/diagram/diagram/edge/23> a d2g:Edge, d2g:Solid ;
    d2g:source <http://example.org/diagram/diagram/node/2> ;
    d2g:target <http://example.org/diagram/diagram/node/3> ;
    d2g:relationshipType d2g:Follows .

<http://example.org/diagram/diagram/edge/34> a d2g:Edge, d2g:Solid ;
    d2g:source <http://example.org/diagram/diagram/node/3> ;
    d2g:target <http://example.org/diagram/diagram/node/4> ;
    d2g:relationshipType d2g:Follows .

<http://example.org/diagram/diagram/edge/45> a d2g:Edge, d2g:Solid ;
    d2g:source <http://example.org/diagram/diagram/node/4> ;
    d2g:target <http://example.org/diagram/diagram/node/5> ;
    d2g:relationshipType d2g:Follows .

<http://example.org/diagram/diagram/node/1> d2g:follows <http://example.org/diagram/diagram/node/2> .
<http://example.org/diagram/diagram/node/2> d2g:follows <http://example.org/diagram/diagram/node/3> .
<http://example.org/diagram/diagram/node/3> d2g:follows <http://example.org/diagram/diagram/node/4> .
<http://example.org/diagram/diagram/node/4> d2g:follows <http://example.org/diagram/diagram/node/5> .
",1.0,1.0
Extract RDF triples from this image (/kaggle/input/diagram2graph-dataset/diagram2graph/319.png),['/kaggle/input/diagram2graph-dataset/diagram2graph/319.png'],"@prefix d2g:  <http://example.org/diagram2graph#> .
@prefix rdfs: <http://www.w3.org/2000/01/rdf-schema#> .

<http://example.org/diagram/diagram/node/1> a d2g:Start, d2g:Node ;
    rdfs:label ""START"" ;
    d2g:shape d2g:StartEvent .

<http://example.org/diagram/diagram/node/2> a d2g:Process, d2g:Node ;
    rdfs:label ""Input"" ;
    d2g:shape d2g:Task .

<http://example.org/diagram/diagram/node/3> a d2g:Process, d2g:Node ;
    rdfs:label ""PROCESS"" ;
    d2g:shape d2g:Task .

<http://example.org/diagram/diagram/node/4> a d2g:Process, d2g:Node ;
    rdfs:label ""Display"" ;
    d2g:shape d2g:Task .

<http://example.org/diagram/diagram/node/5> a d2g:Terminator, d2g:Node ;
    rdfs:label ""END"" ;
    d2g:shape d2g:EndEvent .

<http://example.org/diagram/diagram/edge/12> a d2g:Edge, d2g:Solid ;
    d2g:source <http://example.org/diagram/diagram/node/1> ;
    d2g:target <http://example.org/diagram/diagram/node/2> ;
    d2g:relationshipType d2g:Follows .

<http://example.org/diagram/diagram/edge/23> a d2g:Edge, d2g:Solid ;
    d2g:source <http://example.org/diagram/diagram/node/2> ;
    d2g:target <http://example.org/diagram/diagram/node/3> ;
    d2g:relationshipType d2g:Follows .

<http://example.org/diagram/diagram/edge/34> a d2g:Edge, d2g:Solid ;
    d2g:source <http://example.org/diagram/diagram/node/3> ;
    d2g:target <http://example.org/diagram/diagram/node/4> ;
    d2g:relationshipType d2g:Follows .

<http://example.org/diagram/diagram/edge/45> a d2g:Edge, d2g:Solid ;
    d2g:source <http://example.org/diagram/diagram/node/4> ;
    d2g:target <http://example.org/diagram/diagram/node/5> ;
    d2g:relationshipType d2g:Follows .

<http://example.org/diagram/diagram/node/1> d2g:follows <http://example.org/diagram/diagram/node/2> .
<http://example.org/diagram/diagram/node/2> d2g:follows <http://example.org/diagram/diagram/node/3> .
<http://example.org/diagram/diagram/node/3> d2g:follows <http://example.org/diagram/diagram/node/4> .
<http://example.org/diagram/diagram/node/4> d2g:follows <http://example.org/diagram/diagram/node/5> .
",1.0,1.0
Extract RDF triples from this image (/kaggle/input/diagram2graph-dataset/diagram2graph/322.png),['/kaggle/input/diagram2graph-dataset/diagram2graph/322.png'],"@prefix d2g:  <http://example.org/diagram2graph#> .
@prefix rdfs: <http://www.w3.org/2000/01/rdf-schema#> .

<http://example.org/diagram/diagram/node/1> a d2g:Start, d2g:Node ;
    rdfs:label ""Start"" ;
    d2g:shape d2g:StartEvent .

<http://example.org/diagram/diagram/node/2> a d2g:Process, d2g:Node ;
    rdfs:label ""Read"" ;
    d2g:shape d2g:Task .

<http://example.org/diagram/diagram/node/3> a d2g:Process, d2g:Node ;
    rdfs:label ""Update value"" ;
    d2g:shape d2g:Task .

<http://example.org/diagram/diagram/node/4> a d2g:Process, d2g:Node ;
    rdfs:label ""Print"" ;
    d2g:shape d2g:Task .

<http://example.org/diagram/diagram/node/5> a d2g:Decision, d2g:Node ;
    rdfs:label ""X>0"" ;
    d2g:shape d2g:Gateway .

<http://example.org/diagram/diagram/node/6> a d2g:Terminator, d2g:Node ;
    rdfs:label ""End"" ;
    d2g:shape d2g:EndEvent .

<http://example.org/diagram/diagram/edge/12> a d2g:Edge, d2g:Solid ;
    d2g:source <http://example.org/diagram/diagram/node/1> ;
    d2g:target <http://example.org/diagram/diagram/node/2> ;
    d2g:relationshipType d2g:Follows .

<http://example.org/diagram/diagram/edge/23> a d2g:Edge, d2g:Solid ;
    d2g:source <http://example.org/diagram/diagram/node/2> ;
    d2g:target <http://example.org/diagram/diagram/node/3> ;
    d2g:relationshipType d2g:Follows .

<http://example.org/diagram/diagram/edge/34> a d2g:Edge, d2g:Solid ;
    d2g:source <http://example.org/diagram/diagram/node/3> ;
    d2g:target <http://example.org/diagram/diagram/node/4> ;
    d2g:relationshipType d2g:Follows .

<http://example.org/diagram/diagram/edge/45> a d2g:Edge, d2g:Solid ;
    d2g:source <http://example.org/diagram/diagram/node/4> ;
    d2g:target <http://example.org/diagram/diagram/node/5> ;
    d2g:relationshipType d2g:Follows .

<http://example.org/diagram/diagram/edge/53> a d2g:Edge, d2g:Solid ;
    d2g:source <http://example.org/diagram/diagram/node/5> ;
    d2g:target <http://example.org/diagram/diagram/node/3> ;
    d2g:relationshipType d2g:Branches ;
    d2g:relationshipValue ""YES"" .

<http://example.org/diagram/diagram/edge/56> a d2g:Edge, d2g:Solid ;
    d2g:source <http://example.org/diagram/diagram/node/5> ;
    d2g:target <http://example.org/diagram/diagram/node/6> ;
    d2g:relationshipType d2g:Branches .

<http://example.org/diagram/diagram/node/1> d2g:follows <http://example.org/diagram/diagram/node/2> .
<http://example.org/diagram/diagram/node/2> d2g:follows <http://example.org/diagram/diagram/node/3> .
<http://example.org/diagram/diagram/node/3> d2g:follows <http://example.org/diagram/diagram/node/4> .
<http://example.org/diagram/diagram/node/4> d2g:follows <http://example.org/diagram/diagram/node/5> .
<http://example.org/diagram/diagram/node/5> d2g:branches <http://example.org/diagram/diagram/node/3> .
<http://example.org/diagram/diagram/node/5> d2g:branches <http://example.org/diagram/diagram/node/6> .
",1.0,1.0
Extract RDF triples from this image (/kaggle/input/diagram2graph-dataset/diagram2graph/328.png),['/kaggle/input/diagram2graph-dataset/diagram2graph/328.png'],"@prefix d2g:  <http://example.org/diagram2graph#> .
@prefix rdfs: <http://www.w3.org/2000/01/rdf-schema#> .

<http://example.org/diagram/diagram/node/1> a d2g:Start, d2g:Node ;
    rdfs:label ""Start"" ;
    d2g:shape d2g:StartEvent .

<http://example.org/diagram/diagram/node/2> a d2g:Decision, d2g:Node ;
    rdfs:label ""Are you happy?"" ;
    d2g:shape d2g:Gateway .

<http://example.org/diagram/diagram/node/3> a d2g:Process, d2g:Node ;
    rdfs:label ""Nice"" ;
    d2g:shape d2g:Task .

<http://example.org/diagram/diagram/node/4> a d2g:Terminator, d2g:Node ;
    rdfs:label ""End"" ;
    d2g:shape d2g:EndEvent .

<http://example.org/diagram/diagram/node/5> a d2g:Decision, d2g:Node ;
    rdfs:label ""Want to be happy?"" ;
    d2g:shape d2g:Gateway .

<http://example.org/diagram/diagram/node/6> a d2g:Process, d2g:Node ;
    rdfs:label ""Laugh"" ;
    d2g:shape d2g:Task .

<http://example.org/diagram/diagram/node/7> a d2g:Process, d2g:Node ;
    rdfs:label ""All over again"" ;
    d2g:shape d2g:Task .

<http://example.org/diagram/diagram/edge/12> a d2g:Edge, d2g:Solid ;
    d2g:source <http://example.org/diagram/diagram/node/1> ;
    d2g:target <http://example.org/diagram/diagram/node/2> ;
    d2g:relationshipType d2g:Follows .

<http://example.org/diagram/diagram/edge/23> a d2g:Edge, d2g:Solid ;
    d2g:source <http://example.org/diagram/diagram/node/2> ;
    d2g:target <http://example.org/diagram/diagram/node/3> ;
    d2g:relationshipType d2g:Branches ;
    d2g:relationshipValue ""Yes"" .

<http://example.org/diagram/diagram/edge/34> a d2g:Edge, d2g:Solid ;
    d2g:source <http://example.org/diagram/diagram/node/3> ;
    d2g:target <http://example.org/diagram/diagram/node/4> ;
    d2g:relationshipType d2g:Follows .

<http://example.org/diagram/diagram/edge/25> a d2g:Edge, d2g:Solid ;
    d2g:source <http://example.org/diagram/diagram/node/2> ;
    d2g:target <http://example.org/diagram/diagram/node/5> ;
    d2g:relationshipType d2g:Branches ;
    d2g:relationshipValue ""No"" .

<http://example.org/diagram/diagram/edge/56> a d2g:Edge, d2g:Solid ;
    d2g:source <http://example.org/diagram/diagram/node/5> ;
    d2g:target <http://example.org/diagram/diagram/node/6> ;
    d2g:relationshipType d2g:Branches ;
    d2g:relationshipValue ""Yes"" .

<http://example.org/diagram/diagram/edge/64> a d2g:Edge, d2g:Solid ;
    d2g:source <http://example.org/diagram/diagram/node/6> ;
    d2g:target <http://example.org/diagram/diagram/node/4> ;
    d2g:relationshipType d2g:Follows .

<http://example.org/diagram/diagram/edge/57> a d2g:Edge, d2g:Solid ;
    d2g:source <http://example.org/diagram/diagram/node/5> ;
    d2g:target <http://example.org/diagram/diagram/node/7> ;
    d2g:relationshipType d2g:Branches ;
    d2g:relationshipValue ""No"" .

<http://example.org/diagram/diagram/edge/72> a d2g:Edge, d2g:Solid ;
    d2g:source <http://example.org/diagram/diagram/node/7> ;
    d2g:target <http://example.org/diagram/diagram/node/2> ;
    d2g:relationshipType d2g:Follows .

<http://example.org/diagram/diagram/node/1> d2g:follows <http://example.org/diagram/diagram/node/2> .
<http://example.org/diagram/diagram/node/2> d2g:branches <http://example.org/diagram/diagram/node/3> .
<http://example.org/diagram/diagram/node/3> d2g:follows <http://example.org/diagram/diagram/node/4> .
<http://example.org/diagram/diagram/node/2> d2g:branches <http://example.org/diagram/diagram/node/5> .
<http://example.org/diagram/diagram/node/5> d2g:branches <http://example.org/diagram/diagram/node/6> .
<http://example.org/diagram/diagram/node/6> d2g:follows <http://example.org/diagram/diagram/node/4> .
<http://example.org/diagram/diagram/node/5> d2g:branches <http://example.org/diagram/diagram/node/7> .
<http://example.org/diagram/diagram/node/7> d2g:follows <http://example.org/diagram/diagram/node/2> .
",0.0,1.0
Extract RDF triples from this image (/kaggle/input/diagram2graph-dataset/diagram2graph/33.png),['/kaggle/input/diagram2graph-dataset/diagram2graph/33.png'],"@prefix d2g:  <http://example.org/diagram2graph#> .
@prefix rdfs: <http://www.w3.org/2000/01/rdf-schema#> .

<http://example.org/diagram/diagram/node/1> a d2g:Start, d2g:Node ;
    rdfs:label ""Start"" ;
    d2g:shape d2g:StartEvent .

<http://example.org/diagram/diagram/node/2> a d2g:Process, d2g:Node ;
    rdfs:label ""Read Temperature"" ;
    d2g:shape d2g:Task .

<http://example.org/diagram/diagram/node/3> a d2g:Decision, d2g:Node ;
    rdfs:label ""Check Temperature"" ;
    d2g:shape d2g:Gateway .

<http://example.org/diagram/diagram/node/4> a d2g:Process, d2g:Node ;
    rdfs:label ""Print \""Below Freezing\"""" ;
    d2g:shape d2g:Task .

<http://example.org/diagram/diagram/node/5> a d2g:Process, d2g:Node ;
    rdfs:label ""Print \""Above Freezing\"""" ;
    d2g:shape d2g:Task .

<http://example.org/diagram/diagram/node/6> a d2g:Terminator, d2g:Node ;
    rdfs:label ""End"" ;
    d2g:shape d2g:EndEvent .

<http://example.org/diagram/diagram/edge/12> a d2g:Edge, d2g:Solid ;
    d2g:source <http://example.org/diagram/diagram/node/1> ;
    d2g:target <http://example.org/diagram/diagram/node/2> ;
    d2g:relationshipType d2g:Follows .

<http://example.org/diagram/diagram/edge/23> a d2g:Edge, d2g:Solid ;
    d2g:source <http://example.org/diagram/diagram/node/2> ;
    d2g:target <http://example.org/diagram/diagram/node/3> ;
    d2g:relationshipType d2g:Follows .

<http://example.org/diagram/diagram/edge/34> a d2g:Edge, d2g:Solid ;
    d2g:source <http://example.org/diagram/diagram/node/3> ;
    d2g:target <http://example.org/diagram/diagram/node/4> ;
    d2g:relationshipType d2g:Branches ;
    d2g:relationshipValue ""YES"" .

<http://example.org/diagram/diagram/edge/35> a d2g:Edge, d2g:Solid ;
    d2g:source <http://example.org/diagram/diagram/node/3> ;
    d2g:target <http://example.org/diagram/diagram/node/5> ;
    d2g:relationshipType d2g:Branches ;
    d2g:relationshipValue ""NO"" .

<http://example.org/diagram/diagram/edge/46> a d2g:Edge, d2g:Solid ;
    d2g:source <http://example.org/diagram/diagram/node/4> ;
    d2g:target <http://example.org/diagram/diagram/node/6> ;
    d2g:relationshipType d2g:Follows .

<http://example.org/diagram/diagram/edge/56> a d2g:Edge, d2g:Solid ;
    d2g:source <http://example.org/diagram/diagram/node/5> ;
    d2g:target <http://example.org/diagram/diagram/node/6> ;
    d2g:relationshipType d2g:Follows .

<http://example.org/diagram/diagram/node/1> d2g:follows <http://example.org/diagram/diagram/node/2> .
<http://example.org/diagram/diagram/node/2> d2g:follows <http://example.org/diagram/diagram/node/3> .
<http://example.org/diagram/diagram/node/3> d2g:branches <http://example.org/diagram/diagram/node/4> .
<http://example.org/diagram/diagram/node/3> d2g:branches <http://example.org/diagram/diagram/node/5> .
<http://example.org/diagram/diagram/node/4> d2g:follows <http://example.org/diagram/diagram/node/6> .
<http://example.org/diagram/diagram/node/5> d2g:follows <http://example.org/diagram/diagram/node/6> .
",1.0,1.0
Extract RDF triples from this image (/kaggle/input/diagram2graph-dataset/diagram2graph/331.png),['/kaggle/input/diagram2graph-dataset/diagram2graph/331.png'],"@prefix d2g:  <http://example.org/diagram2graph#> .
@prefix rdfs: <http://www.w3.org/2000/01/rdf-schema#> .

<http://example.org/diagram/diagram/node/1> a d2g:Node, d2g:Start ;
    rdfs:label ""START"" ;
    d2g:shape d2g:StartEvent .

<http://example.org/diagram/diagram/node/2> a d2g:Node, d2g:Process ;
    rdfs:label ""Take Inputs"" ;
    d2g:shape d2g:Task .

<http://example.org/diagram/diagram/node/3> a d2g:Node, d2g:Process ;
    rdfs:label ""Perimeter = 2 * (length + width)"" ;
    d2g:shape d2g:Task .

<http://example.org/diagram/diagram/node/4> a d2g:Node, d2g:Process ;
    rdfs:label ""Print the perimeter"" ;
    d2g:shape d2g:Task .

<http://example.org/diagram/diagram/node/5> a d2g:Node, d2g:Terminator ;
    rdfs:label ""END"" ;
    d2g:shape d2g:EndEvent .

<http://example.org/diagram/diagram/edge/12> a d2g:Edge, d2g:Solid ;
    d2g:source <http://example.org/diagram/diagram/node/1> ;
    d2g:target <http://example.org/diagram/diagram/node/2> ;
    d2g:relationshipType d2g:Follows .

<http://example.org/diagram/diagram/edge/23> a d2g:Edge, d2g:Solid ;
    d2g:source <http://example.org/diagram/diagram/node/2> ;
    d2g:target <http://example.org/diagram/diagram/node/3> ;
    d2g:relationshipType d2g:Follows .

<http://example.org/diagram/diagram/edge/34> a d2g:Edge, d2g:Solid ;
    d2g:source <http://example.org/diagram/diagram/node/3> ;
    d2g:target <http://example.org/diagram/diagram/node/4> ;
    d2g:relationshipType d2g:Follows .

<http://example.org/diagram/diagram/edge/45> a d2g:Edge, d2g:Solid ;
    d2g:source <http://example.org/diagram/diagram/node/4> ;
    d2g:target <http://example.org/diagram/diagram/node/5> ;
    d2g:relationshipType d2g:Follows .

<http://example.org/diagram/diagram/node/1> d2g:follows <http://example.org/diagram/diagram/node/2> .
<http://example.org/diagram/diagram/node/2> d2g:follows <http://example.org/diagram/diagram/node/3> .
<http://example.org/diagram/diagram/node/3> d2g:follows <http://example.org/diagram/diagram/node/4> .
<http://example.org/diagram/diagram/node/4> d2g:follows <http://example.org/diagram/diagram/node/5> .
",1.0,1.0
Extract RDF triples from this image (/kaggle/input/diagram2graph-dataset/diagram2graph/332.png),['/kaggle/input/diagram2graph-dataset/diagram2graph/332.png'],"@prefix d2g:  <http://example.org/diagram2graph#> .
@prefix rdfs: <http://www.w3.org/2000/01/rdf-schema#> .

<http://example.org/diagram/diagram/node/1> a d2g:Start, d2g:Node ;
    rdfs:label ""Start"" ;
    d2g:shape d2g:StartEvent .

<http://example.org/diagram/diagram/node/2> a d2g:Process, d2g:Node ;
    rdfs:label ""Input"" ;
    d2g:shape d2g:Task .

<http://example.org/diagram/diagram/node/3> a d2g:Process, d2g:Node ;
    rdfs:label ""C=5/9*(F-32)"" ;
    d2g:shape d2g:Task .

<http://example.org/diagram/diagram/node/4> a d2g:Process, d2g:Node ;
    rdfs:label ""Display"" ;
    d2g:shape d2g:Task .

<http://example.org/diagram/diagram/node/5> a d2g:Terminator, d2g:Node ;
    rdfs:label ""End"" ;
    d2g:shape d2g:EndEvent .

<http://example.org/diagram/diagram/edge/12> a d2g:Edge, d2g:Solid ;
    d2g:source <http://example.org/diagram/diagram/node/1> ;
    d2g:target <http://example.org/diagram/diagram/node/2> ;
    d2g:relationshipType d2g:Follows .

<http://example.org/diagram/diagram/edge/23> a d2g:Edge, d2g:Solid ;
    d2g:source <http://example.org/diagram/diagram/node/2> ;
    d2g:target <http://example.org/diagram/diagram/node/3> ;
    d2g:relationshipType d2g:Follows .

<http://example.org/diagram/diagram/edge/34> a d2g:Edge, d2g:Solid ;
    d2g:source <http://example.org/diagram/diagram/node/3> ;
    d2g:target <http://example.org/diagram/diagram/node/4> ;
    d2g:relationshipType d2g:Follows .

<http://example.org/diagram/diagram/edge/45> a d2g:Edge, d2g:Solid ;
    d2g:source <http://example.org/diagram/diagram/node/4> ;
    d2g:target <http://example.org/diagram/diagram/node/5> ;
    d2g:relationshipType d2g:Follows .

<http://example.org/diagram/diagram/node/1> d2g:follows <http://example.org/diagram/diagram/node/2> .
<http://example.org/diagram/diagram/node/2> d2g:follows <http://example.org/diagram/diagram/node/3> .
<http://example.org/diagram/diagram/node/3> d2g:follows <http://example.org/diagram/diagram/node/4> .
<http://example.org/diagram/diagram/node/4> d2g:follows <http://example.org/diagram/diagram/node/5> .
",1.0,1.0
Extract RDF triples from this image (/kaggle/input/diagram2graph-dataset/diagram2graph/334.png),['/kaggle/input/diagram2graph-dataset/diagram2graph/334.png'],"@prefix d2g:  <http://example.org/diagram2graph#> .
@prefix rdfs: <http://www.w3.org/2000/01/rdf-schema#> .

<http://example.org/diagram/diagram/node/1> a d2g:Node, d2g:Start ;
    rdfs:label ""START"" ;
    d2g:shape d2g:StartEvent .

<http://example.org/diagram/diagram/node/2> a d2g:Node, d2g:Process ;
    rdfs:label ""Input variables"" ;
    d2g:shape d2g:Task .

<http://example.org/diagram/diagram/node/3> a d2g:Node, d2g:Process ;
    rdfs:label ""C = (F-32) * 519"" ;
    d2g:shape d2g:Task .

<http://example.org/diagram/diagram/node/4> a d2g:Node, d2g:Process ;
    rdfs:label ""Display all variables"" ;
    d2g:shape d2g:Task .

<http://example.org/diagram/diagram/node/5> a d2g:Node, d2g:Terminator ;
    rdfs:label ""STOP"" ;
    d2g:shape d2g:EndEvent .

<http://example.org/diagram/diagram/edge/12> a d2g:Edge, d2g:Solid ;
    d2g:source <http://example.org/diagram/diagram/node/1> ;
    d2g:target <http://example.org/diagram/diagram/node/2> ;
    d2g:relationshipType d2g:Follows .

<http://example.org/diagram/diagram/edge/23> a d2g:Edge, d2g:Solid ;
    d2g:source <http://example.org/diagram/diagram/node/2> ;
    d2g:target <http://example.org/diagram/diagram/node/3> ;
    d2g:relationshipType d2g:Follows .

<http://example.org/diagram/diagram/edge/34> a d2g:Edge, d2g:Solid ;
    d2g:source <http://example.org/diagram/diagram/node/3> ;
    d2g:target <http://example.org/diagram/diagram/node/4> ;
    d2g:relationshipType d2g:Follows .

<http://example.org/diagram/diagram/edge/45> a d2g:Edge, d2g:Solid ;
    d2g:source <http://example.org/diagram/diagram/node/4> ;
    d2g:target <http://example.org/diagram/diagram/node/5> ;
    d2g:relationshipType d2g:Follows .

<http://example.org/diagram/diagram/node/1> d2g:follows <http://example.org/diagram/diagram/node/2> .
<http://example.org/diagram/diagram/node/2> d2g:follows <http://example.org/diagram/diagram/node/3> .
<http://example.org/diagram/diagram/node/3> d2g:follows <http://example.org/diagram/diagram/node/4> .
<http://example.org/diagram/diagram/node/4> d2g:follows <http://example.org/diagram/diagram/node/5> .
",1.0,1.0
Extract RDF triples from this image (/kaggle/input/diagram2graph-dataset/diagram2graph/335.png),['/kaggle/input/diagram2graph-dataset/diagram2graph/335.png'],"@prefix d2g:  <http://example.org/diagram2graph#> .
@prefix rdfs: <http://www.w3.org/2000/01/rdf-schema#> .

<http://example.org/diagram/diagram/node/1> a d2g:Start, d2g:Node ;
    rdfs:label ""Start"" ;
    d2g:shape d2g:StartEvent .

<http://example.org/diagram/diagram/node/2> a d2g:Process, d2g:Node ;
    rdfs:label ""count = 0"" ;
    d2g:shape d2g:Task .

<http://example.org/diagram/diagram/node/3> a d2g:Process, d2g:Node ;
    rdfs:label ""Operation"" ;
    d2g:shape d2g:Task .

<http://example.org/diagram/diagram/node/4> a d2g:Process, d2g:Node ;
    rdfs:label ""count = count + 1"" ;
    d2g:shape d2g:Task .

<http://example.org/diagram/diagram/node/5> a d2g:Decision, d2g:Node ;
    rdfs:label ""Is count < 10"" ;
    d2g:shape d2g:Gateway .

<http://example.org/diagram/diagram/node/6> a d2g:Terminator, d2g:Node ;
    rdfs:label ""Stop"" ;
    d2g:shape d2g:EndEvent .

<http://example.org/diagram/diagram/edge/12> a d2g:Edge, d2g:Solid ;
    d2g:source <http://example.org/diagram/diagram/node/1> ;
    d2g:target <http://example.org/diagram/diagram/node/2> ;
    d2g:relationshipType d2g:Follows .

<http://example.org/diagram/diagram/edge/23> a d2g:Edge, d2g:Solid ;
    d2g:source <http://example.org/diagram/diagram/node/2> ;
    d2g:target <http://example.org/diagram/diagram/node/3> ;
    d2g:relationshipType d2g:Follows .

<http://example.org/diagram/diagram/edge/34> a d2g:Edge, d2g:Solid ;
    d2g:source <http://example.org/diagram/diagram/node/3> ;
    d2g:target <http://example.org/diagram/diagram/node/4> ;
    d2g:relationshipType d2g:Follows .

<http://example.org/diagram/diagram/edge/45> a d2g:Edge, d2g:Solid ;
    d2g:source <http://example.org/diagram/diagram/node/4> ;
    d2g:target <http://example.org/diagram/diagram/node/5> ;
    d2g:relationshipType d2g:Follows .

<http://example.org/diagram/diagram/edge/53> a d2g:Edge, d2g:Solid ;
    d2g:source <http://example.org/diagram/diagram/node/5> ;
    d2g:target <http://example.org/diagram/diagram/node/3> ;
    d2g:relationshipType d2g:Branches ;
    d2g:relationshipValue ""YES"" .

<http://example.org/diagram/diagram/edge/56> a d2g:Edge, d2g:Solid ;
    d2g:source <http://example.org/diagram/diagram/node/5> ;
    d2g:target <http://example.org/diagram/diagram/node/6> ;
    d2g:relationshipType d2g:Branches ;
    d2g:relationshipValue ""NO"" .

<http://example.org/diagram/diagram/node/1> d2g:follows <http://example.org/diagram/diagram/node/2> .
<http://example.org/diagram/diagram/node/2> d2g:follows <http://example.org/diagram/diagram/node/3> .
<http://example.org/diagram/diagram/node/3> d2g:follows <http://example.org/diagram/diagram/node/4> .
<http://example.org/diagram/diagram/node/4> d2g:follows <http://example.org/diagram/diagram/node/5> .
<http://example.org/diagram/diagram/node/5> d2g:branches <http://example.org/diagram/diagram/node/3> .
<http://example.org/diagram/diagram/node/5> d2g:branches <http://example.org/diagram/diagram/node/6> .
",1.0,1.0
Extract RDF triples from this image (/kaggle/input/diagram2graph-dataset/diagram2graph/34.png),['/kaggle/input/diagram2graph-dataset/diagram2graph/34.png'],"@prefix d2g:  <http://example.org/diagram2graph#> .
@prefix rdfs: <http://www.w3.org/2000/01/rdf-schema#> .

<http://example.org/diagram/diagram/node/1> a d2g:Start, d2g:Node ;
    rdfs:label ""Start"" ;
    d2g:shape d2g:StartEvent .

<http://example.org/diagram/diagram/node/2> a d2g:Process, d2g:Node ;
    rdfs:label ""Determine SEUs energy inputs/outputs"" ;
    d2g:shape d2g:Task .

<http://example.org/diagram/diagram/node/3> a d2g:Process, d2g:Node ;
    rdfs:label ""Determine process"" ;
    d2g:shape d2g:Task .

<http://example.org/diagram/diagram/node/4> a d2g:Process, d2g:Node ;
    rdfs:label ""Determine measurement period (EnB process)"" ;
    d2g:shape d2g:Task .

<http://example.org/diagram/diagram/node/5> a d2g:Process, d2g:Node ;
    rdfs:label ""Normalize"" ;
    d2g:shape d2g:Task .

<http://example.org/diagram/diagram/node/6> a d2g:Process, d2g:Node ;
    rdfs:label ""Check"" ;
    d2g:shape d2g:Task .

<http://example.org/diagram/diagram/node/7> a d2g:Process, d2g:Node ;
    rdfs:label ""Report"" ;
    d2g:shape d2g:Task .

<http://example.org/diagram/diagram/edge/12> a d2g:Edge, d2g:Solid ;
    d2g:source <http://example.org/diagram/diagram/node/1> ;
    d2g:target <http://example.org/diagram/diagram/node/2> ;
    d2g:relationshipType d2g:Follows .

<http://example.org/diagram/diagram/edge/23> a d2g:Edge, d2g:Solid ;
    d2g:source <http://example.org/diagram/diagram/node/2> ;
    d2g:target <http://example.org/diagram/diagram/node/3> ;
    d2g:relationshipType d2g:Follows .

<http://example.org/diagram/diagram/edge/34> a d2g:Edge, d2g:Solid ;
    d2g:source <http://example.org/diagram/diagram/node/3> ;
    d2g:target <http://example.org/diagram/diagram/node/4> ;
    d2g:relationshipType d2g:Follows .

<http://example.org/diagram/diagram/edge/45> a d2g:Edge, d2g:Solid ;
    d2g:source <http://example.org/diagram/diagram/node/4> ;
    d2g:target <http://example.org/diagram/diagram/node/5> ;
    d2g:relationshipType d2g:Follows .

<http://example.org/diagram/diagram/edge/56> a d2g:Edge, d2g:Solid ;
    d2g:source <http://example.org/diagram/diagram/node/5> ;
    d2g:target <http://example.org/diagram/diagram/node/6> ;
    d2g:relationshipType d2g:Follows .

<http://example.org/diagram/diagram/edge/67> a d2g:Edge, d2g:Solid ;
    d2g:source <http://example.org/diagram/diagram/node/6> ;
    d2g:target <http://example.org/diagram/diagram/node/7> ;
    d2g:relationshipType d2g:Follows .

<http://example.org/diagram/diagram/edge/71> a d2g:Edge, d2g:Solid ;
    d2g:source <http://example.org/diagram/diagram/node/7> ;
    d2g:target <http://example.org/diagram/diagram/node/1> ;
    d2g:relationshipType d2g:Follows .

<http://example.org/diagram/diagram/node/1> d2g:follows <http://example.org/diagram/diagram/node/2> .
<http://example.org/diagram/diagram/node/2> d2g:follows <http://example.org/diagram/diagram/node/3> .
<http://example.org/diagram/diagram/node/3> d2g:follows <http://example.org/diagram/diagram/node/4> .
<http://example.org/diagram/diagram/node/4> d2g:follows <http://example.org/diagram/diagram/node/5> .
<http://example.org/diagram/diagram/node/5> d2g:follows <http://example.org/diagram/diagram/node/6> .
<http://example.org/diagram/diagram/node/6> d2g:follows <http://example.org/diagram/diagram/node/7> .
<http://example.org/diagram/diagram/node/7> d2g:follows <http://example.org/diagram/diagram/node/1> .
",0.0,1.0
Extract RDF triples from this image (/kaggle/input/diagram2graph-dataset/diagram2graph/341.png),['/kaggle/input/diagram2graph-dataset/diagram2graph/341.png'],"@prefix d2g: <http://example.org/diagram2graph#> .
@prefix rdfs: <http://www.w3.org/2000/01/rdf-schema#> .

<http://example.org/diagram/diagram/node/1> a d2g:Node, d2g:Start ;
    rdfs:label ""Start"" ;
    d2g:shape d2g:StartEvent .

<http://example.org/diagram/diagram/node/2> a d2g:Node, d2g:Process ;
    rdfs:label ""Read Temperature"" ;
    d2g:shape d2g:Task .

<http://example.org/diagram/diagram/node/3> a d2g:Node, d2g:Decision ;
    rdfs:label ""Temperature < 32 ?"" ;
    d2g:shape d2g:Gateway .

<http://example.org/diagram/diagram/node/4> a d2g:Node, d2g:Process ;
    rdfs:label ""Not so cold"" ;
    d2g:shape d2g:Task .

<http://example.org/diagram/diagram/node/5> a d2g:Node, d2g:Process ;
    rdfs:label ""Cold"" ;
    d2g:shape d2g:Task .

<http://example.org/diagram/diagram/node/6> a d2g:Node, d2g:Terminator ;
    rdfs:label ""End"" ;
    d2g:shape d2g:EndEvent .

<http://example.org/diagram/diagram/edge/12> a d2g:Edge, d2g:Solid ;
    d2g:source <http://example.org/diagram/diagram/node/1> ;
    d2g:target <http://example.org/diagram/diagram/node/2> ;
    d2g:relationshipType d2g:Follows .

<http://example.org/diagram/diagram/edge/23> a d2g:Edge, d2g:Solid ;
    d2g:source <http://example.org/diagram/diagram/node/2> ;
    d2g:target <http://example.org/diagram/diagram/node/3> ;
    d2g:relationshipType d2g:Follows .

<http://example.org/diagram/diagram/edge/34> a d2g:Edge, d2g:Solid ;
    d2g:source <http://example.org/diagram/diagram/node/3> ;
    d2g:target <http://example.org/diagram/diagram/node/4> ;
    d2g:relationshipType d2g:Branches ;
    d2g:relationshipValue ""YES"" .

<http://example.org/diagram/diagram/edge/35> a d2g:Edge, d2g:Solid ;
    d2g:source <http://example.org/diagram/diagram/node/3> ;
    d2g:target <http://example.org/diagram/diagram/node/5> ;
    d2g:relationshipType d2g:Branches ;
    d2g:relationshipValue ""NO"" .

<http://example.org/diagram/diagram/edge/46> a d2g:Edge, d2g:Solid ;
    d2g:source <http://example.org/diagram/diagram/node/4> ;
    d2g:target <http://example.org/diagram/diagram/node/6> ;
    d2g:relationshipType d2g:Follows .

<http://example.org/diagram/diagram/edge/56> a d2g:Edge, d2g:Solid ;
    d2g:source <http://example.org/diagram/diagram/node/5> ;
    d2g:target <http://example.org/diagram/diagram/node/6> ;
    d2g:relationshipType d2g:Follows .

<http://example.org/diagram/diagram/node/1> d2g:follows <http://example.org/diagram/diagram/node/2> .
<http://example.org/diagram/diagram/node/2> d2g:follows <http://example.org/diagram/diagram/node/3> .
<http://example.org/diagram/diagram/node/3> d2g:branches <http://example.org/diagram/diagram/node/4> .
<http://example.org/diagram/diagram/node/3> d2g:branches <http://example.org/diagram/diagram/node/5> .
<http://example.org/diagram/diagram/node/4> d2g:follows <http://example.org/diagram/diagram/node/6> .
<http://example.org/diagram/diagram/node/5> d2g:follows <http://example.org/diagram/diagram/node/6> .
",1.0,1.0
Extract RDF triples from this image (/kaggle/input/diagram2graph-dataset/diagram2graph/345.png),['/kaggle/input/diagram2graph-dataset/diagram2graph/345.png'],"@prefix d2g:  <http://example.org/diagram2graph#> .
@prefix rdfs: <http://www.w3.org/2000/01/rdf-schema#> .

<http://example.org/diagram/diagram/node/1> a d2g:Node, d2g:Start ;
    rdfs:label ""Start"" ;
    d2g:shape d2g:StartEvent .

<http://example.org/diagram/diagram/node/2> a d2g:Node, d2g:Process ;
    rdfs:label ""Input"" ;
    d2g:shape d2g:Task .

<http://example.org/diagram/diagram/node/3> a d2g:Node, d2g:Decision ;
    rdfs:label ""C<=10?"" ;
    d2g:shape d2g:Gateway .

<http://example.org/diagram/diagram/node/4> a d2g:Node, d2g:Process ;
    rdfs:label ""Output"" ;
    d2g:shape d2g:Task .

<http://example.org/diagram/diagram/node/5> a d2g:Node, d2g:Process ;
    rdfs:label ""C = C + 1"" ;
    d2g:shape d2g:Task .

<http://example.org/diagram/diagram/node/6> a d2g:Node, d2g:Terminator ;
    rdfs:label ""End"" ;
    d2g:shape d2g:EndEvent .

<http://example.org/diagram/diagram/edge/12> a d2g:Edge, d2g:Solid ;
    d2g:source <http://example.org/diagram/diagram/node/1> ;
    d2g:target <http://example.org/diagram/diagram/node/2> ;
    d2g:relationshipType d2g:Follows .

<http://example.org/diagram/diagram/edge/23> a d2g:Edge, d2g:Solid ;
    d2g:source <http://example.org/diagram/diagram/node/2> ;
    d2g:target <http://example.org/diagram/diagram/node/3> ;
    d2g:relationshipType d2g:Follows .

<http://example.org/diagram/diagram/edge/34> a d2g:Edge, d2g:Solid ;
    d2g:source <http://example.org/diagram/diagram/node/3> ;
    d2g:target <http://example.org/diagram/diagram/node/4> ;
    d2g:relationshipType d2g:Branches ;
    d2g:relationshipValue ""T"" .

<http://example.org/diagram/diagram/edge/36> a d2g:Edge, d2g:Solid ;
    d2g:source <http://example.org/diagram/diagram/node/3> ;
    d2g:target <http://example.org/diagram/diagram/node/6> ;
    d2g:relationshipType d2g:Branches ;
    d2g:relationshipValue ""F"" .

<http://example.org/diagram/diagram/edge/45> a d2g:Edge, d2g:Solid ;
    d2g:source <http://example.org/diagram/diagram/node/4> ;
    d2g:target <http://example.org/diagram/diagram/node/5> ;
    d2g:relationshipType d2g:Follows .

<http://example.org/diagram/diagram/edge/53> a d2g:Edge, d2g:Solid ;
    d2g:source <http://example.org/diagram/diagram/node/5> ;
    d2g:target <http://example.org/diagram/diagram/node/3> ;
    d2g:relationshipType d2g:Follows .

<http://example.org/diagram/diagram/node/1> d2g:follows <http://example.org/diagram/diagram/node/2> .
<http://example.org/diagram/diagram/node/2> d2g:follows <http://example.org/diagram/diagram/node/3> .
<http://example.org/diagram/diagram/node/3> d2g:branches <http://example.org/diagram/diagram/node/4> .
<http://example.org/diagram/diagram/node/3> d2g:branches <http://example.org/diagram/diagram/node/6> .
<http://example.org/diagram/diagram/node/4> d2g:follows <http://example.org/diagram/diagram/node/5> .
<http://example.org/diagram/diagram/node/5> d2g:follows <http://example.org/diagram/diagram/node/3> .
",1.0,1.0
Extract RDF triples from this image (/kaggle/input/diagram2graph-dataset/diagram2graph/347.png),['/kaggle/input/diagram2graph-dataset/diagram2graph/347.png'],"@prefix d2g:  <http://example.org/diagram2graph#> .
@prefix rdfs: <http://www.w3.org/2000/01/rdf-schema#> .

<http://example.org/diagram/diagram/node/1> a d2g:Node, d2g:Start ;
    rdfs:label ""Start"" ;
    d2g:shape d2g:StartEvent .

<http://example.org/diagram/diagram/node/2> a d2g:Node, d2g:Process ;
    rdfs:label ""Inputs"" ;
    d2g:shape d2g:Task .

<http://example.org/diagram/diagram/node/3> a d2g:Node, d2g:Process ;
    rdfs:label ""Find Area"" ;
    d2g:shape d2g:Task .

<http://example.org/diagram/diagram/node/4> a d2g:Node, d2g:Process ;
    rdfs:label ""Display"" ;
    d2g:shape d2g:Task .

<http://example.org/diagram/diagram/node/5> a d2g:Node, d2g:Terminator ;
    rdfs:label ""Stop"" ;
    d2g:shape d2g:EndEvent .

<http://example.org/diagram/diagram/edge/12> a d2g:Edge, d2g:Solid ;
    d2g:source <http://example.org/diagram/diagram/node/1> ;
    d2g:target <http://example.org/diagram/diagram/node/2> ;
    d2g:relationshipType d2g:Follows .

<http://example.org/diagram/diagram/edge/23> a d2g:Edge, d2g:Solid ;
    d2g:source <http://example.org/diagram/diagram/node/2> ;
    d2g:target <http://example.org/diagram/diagram/node/3> ;
    d2g:relationshipType d2g:Follows .

<http://example.org/diagram/diagram/edge/34> a d2g:Edge, d2g:Solid ;
    d2g:source <http://example.org/diagram/diagram/node/3> ;
    d2g:target <http://example.org/diagram/diagram/node/4> ;
    d2g:relationshipType d2g:Follows .

<http://example.org/diagram/diagram/edge/45> a d2g:Edge, d2g:Solid ;
    d2g:source <http://example.org/diagram/diagram/node/4> ;
    d2g:target <http://example.org/diagram/diagram/node/5> ;
    d2g:relationshipType d2g:Follows .

<http://example.org/diagram/diagram/node/1> d2g:follows <http://example.org/diagram/diagram/node/2> .
<http://example.org/diagram/diagram/node/2> d2g:follows <http://example.org/diagram/diagram/node/3> .
<http://example.org/diagram/diagram/node/3> d2g:follows <http://example.org/diagram/diagram/node/4> .
<http://example.org/diagram/diagram/node/4> d2g:follows <http://example.org/diagram/diagram/node/5> .
",1.0,1.0
Extract RDF triples from this image (/kaggle/input/diagram2graph-dataset/diagram2graph/35.png),['/kaggle/input/diagram2graph-dataset/diagram2graph/35.png'],"@prefix d2g:  <http://example.org/diagram2graph#> .
@prefix rdfs: <http://www.w3.org/2000/01/rdf-schema#> .

<http://example.org/diagram/diagram/node/1> a d2g:Start, d2g:Node ;
    rdfs:label ""Start"" ;
    d2g:shape d2g:StartEvent .

<http://example.org/diagram/diagram/node/2> a d2g:Decision, d2g:Node ;
    rdfs:label ""If Condition"" ;
    d2g:shape d2g:Gateway .

<http://example.org/diagram/diagram/node/3> a d2g:Process, d2g:Node ;
    rdfs:label ""If Body"" ;
    d2g:shape d2g:Task .

<http://example.org/diagram/diagram/node/4> a d2g:Process, d2g:Node ;
    rdfs:label ""Else Body"" ;
    d2g:shape d2g:Task .

<http://example.org/diagram/diagram/node/5> a d2g:Process, d2g:Node ;
    rdfs:label ""Statement just below if"" ;
    d2g:shape d2g:Task .

<http://example.org/diagram/diagram/node/6> a d2g:Terminator, d2g:Node ;
    rdfs:label ""Exit"" ;
    d2g:shape d2g:EndEvent .

<http://example.org/diagram/diagram/edge/12> a d2g:Edge, d2g:Solid ;
    d2g:source <http://example.org/diagram/diagram/node/1> ;
    d2g:target <http://example.org/diagram/diagram/node/2> ;
    d2g:relationshipType d2g:Follows .

<http://example.org/diagram/diagram/edge/23> a d2g:Edge, d2g:Solid ;
    d2g:source <http://example.org/diagram/diagram/node/2> ;
    d2g:target <http://example.org/diagram/diagram/node/3> ;
    d2g:relationshipType d2g:Branches ;
    d2g:relationshipValue ""True"" .

<http://example.org/diagram/diagram/edge/24> a d2g:Edge, d2g:Solid ;
    d2g:source <http://example.org/diagram/diagram/node/2> ;
    d2g:target <http://example.org/diagram/diagram/node/4> ;
    d2g:relationshipType d2g:Branches ;
    d2g:relationshipValue ""False"" .

<http://example.org/diagram/diagram/edge/35> a d2g:Edge, d2g:Solid ;
    d2g:source <http://example.org/diagram/diagram/node/3> ;
    d2g:target <http://example.org/diagram/diagram/node/5> ;
    d2g:relationshipType d2g:Follows .

<http://example.org/diagram/diagram/edge/45> a d2g:Edge, d2g:Solid ;
    d2g:source <http://example.org/diagram/diagram/node/4> ;
    d2g:target <http://example.org/diagram/diagram/node/5> ;
    d2g:relationshipType d2g:Follows .

<http://example.org/diagram/diagram/edge/56> a d2g:Edge, d2g:Solid ;
    d2g:source <http://example.org/diagram/diagram/node/5> ;
    d2g:target <http://example.org/diagram/diagram/node/6> ;
    d2g:relationshipType d2g:Follows .

<http://example.org/diagram/diagram/node/1> d2g:follows <http://example.org/diagram/diagram/node/2> .
<http://example.org/diagram/diagram/node/2> d2g:branches <http://example.org/diagram/diagram/node/3> .
<http://example.org/diagram/diagram/node/2> d2g:branches <http://example.org/diagram/diagram/node/4> .
<http://example.org/diagram/diagram/node/3> d2g:follows <http://example.org/diagram/diagram/node/5> .
<http://example.org/diagram/diagram/node/4> d2g:follows <http://example.org/diagram/diagram/node/5> .
<http://example.org/diagram/diagram/node/5> d2g:follows <http://example.org/diagram/diagram/node/6> .
",1.0,1.0
Extract RDF triples from this image (/kaggle/input/diagram2graph-dataset/diagram2graph/351.png),['/kaggle/input/diagram2graph-dataset/diagram2graph/351.png'],"@prefix d2g:  <http://example.org/diagram2graph#> .
@prefix rdfs: <http://www.w3.org/2000/01/rdf-schema#> .

<http://example.org/diagram/diagram/node/1> a d2g:Start, d2g:Node ;
    rdfs:label ""Start"" ;
    d2g:shape d2g:StartEvent .

<http://example.org/diagram/diagram/node/2> a d2g:Process, d2g:Node ;
    rdfs:label ""Input"" ;
    d2g:shape d2g:Task .

<http://example.org/diagram/diagram/node/3> a d2g:Process, d2g:Node ;
    rdfs:label ""C=A+B"" ;
    d2g:shape d2g:Task .

<http://example.org/diagram/diagram/node/4> a d2g:Process, d2g:Node ;
    rdfs:label ""Print A"" ;
    d2g:shape d2g:Task .

<http://example.org/diagram/diagram/node/5> a d2g:Terminator, d2g:Node ;
    rdfs:label ""End"" ;
    d2g:shape d2g:EndEvent .

<http://example.org/diagram/diagram/edge/12> a d2g:Edge, d2g:Solid ;
    d2g:source <http://example.org/diagram/diagram/node/1> ;
    d2g:target <http://example.org/diagram/diagram/node/2> ;
    d2g:relationshipType d2g:Follows .

<http://example.org/diagram/diagram/edge/23> a d2g:Edge, d2g:Solid ;
    d2g:source <http://example.org/diagram/diagram/node/2> ;
    d2g:target <http://example.org/diagram/diagram/node/3> ;
    d2g:relationshipType d2g:Follows .

<http://example.org/diagram/diagram/edge/34> a d2g:Edge, d2g:Solid ;
    d2g:source <http://example.org/diagram/diagram/node/3> ;
    d2g:target <http://example.org/diagram/diagram/node/4> ;
    d2g:relationshipType d2g:Follows .

<http://example.org/diagram/diagram/edge/45> a d2g:Edge, d2g:Solid ;
    d2g:source <http://example.org/diagram/diagram/node/4> ;
    d2g:target <http://example.org/diagram/diagram/node/5> ;
    d2g:relationshipType d2g:Follows .

<http://example.org/diagram/diagram/node/1> d2g:follows <http://example.org/diagram/diagram/node/2> .
<http://example.org/diagram/diagram/node/2> d2g:follows <http://example.org/diagram/diagram/node/3> .
<http://example.org/diagram/diagram/node/3> d2g:follows <http://example.org/diagram/diagram/node/4> .
<http://example.org/diagram/diagram/node/4> d2g:follows <http://example.org/diagram/diagram/node/5> .
",1.0,1.0
Extract RDF triples from this image (/kaggle/input/diagram2graph-dataset/diagram2graph/356.png),['/kaggle/input/diagram2graph-dataset/diagram2graph/356.png'],"@prefix d2g:  <http://example.org/diagram2graph#> .
@prefix rdfs: <http://www.w3.org/2000/01/rdf-schema#> .

<http://example.org/diagram/diagram/node/1> a d2g:Start, d2g:Node ;
    rdfs:label ""start"" ;
    d2g:shape d2g:StartEvent .

<http://example.org/diagram/diagram/node/2> a d2g:Process, d2g:Node ;
    rdfs:label ""Input data user"" ;
    d2g:shape d2g:Task .

<http://example.org/diagram/diagram/node/3> a d2g:Decision, d2g:Node ;
    rdfs:label ""Enter ID"" ;
    d2g:shape d2g:Gateway .

<http://example.org/diagram/diagram/node/4> a d2g:Process, d2g:Node ;
    rdfs:label ""Authentication"" ;
    d2g:shape d2g:Task .

<http://example.org/diagram/diagram/node/5> a d2g:Process, d2g:Node ;
    rdfs:label ""Memory"" ;
    d2g:shape d2g:Task .

<http://example.org/diagram/diagram/node/6> a d2g:Process, d2g:Node ;
    rdfs:label ""Result"" ;
    d2g:shape d2g:Task .

<http://example.org/diagram/diagram/node/7> a d2g:Terminator, d2g:Node ;
    rdfs:label ""end"" ;
    d2g:shape d2g:EndEvent .

<http://example.org/diagram/diagram/edge/12> a d2g:Edge, d2g:Solid ;
    d2g:source <http://example.org/diagram/diagram/node/1> ;
    d2g:target <http://example.org/diagram/diagram/node/2> ;
    d2g:relationshipType d2g:Follows .

<http://example.org/diagram/diagram/edge/23> a d2g:Edge, d2g:Solid ;
    d2g:source <http://example.org/diagram/diagram/node/2> ;
    d2g:target <http://example.org/diagram/diagram/node/3> ;
    d2g:relationshipType d2g:Follows .

<http://example.org/diagram/diagram/edge/34> a d2g:Edge, d2g:Solid ;
    d2g:source <http://example.org/diagram/diagram/node/3> ;
    d2g:target <http://example.org/diagram/diagram/node/4> ;
    d2g:relationshipType d2g:Branches .

<http://example.org/diagram/diagram/edge/45> a d2g:Edge, d2g:Solid ;
    d2g:source <http://example.org/diagram/diagram/node/4> ;
    d2g:target <http://example.org/diagram/diagram/node/5> ;
    d2g:relationshipType d2g:Follows .

<http://example.org/diagram/diagram/edge/56> a d2g:Edge, d2g:Solid ;
    d2g:source <http://example.org/diagram/diagram/node/5> ;
    d2g:target <http://example.org/diagram/diagram/node/6> ;
    d2g:relationshipType d2g:Follows .

<http://example.org/diagram/diagram/edge/67> a d2g:Edge, d2g:Solid ;
    d2g:source <http://example.org/diagram/diagram/node/6> ;
    d2g:target <http://example.org/diagram/diagram/node/7> ;
    d2g:relationshipType d2g:Follows .

<http://example.org/diagram/diagram/node/1> d2g:follows <http://example.org/diagram/diagram/node/2> .
<http://example.org/diagram/diagram/node/2> d2g:follows <http://example.org/diagram/diagram/node/3> .
<http://example.org/diagram/diagram/node/3> d2g:branches <http://example.org/diagram/diagram/node/4> .
<http://example.org/diagram/diagram/node/4> d2g:follows <http://example.org/diagram/diagram/node/5> .
<http://example.org/diagram/diagram/node/5> d2g:follows <http://example.org/diagram/diagram/node/6> .
<http://example.org/diagram/diagram/node/6> d2g:follows <http://example.org/diagram/diagram/node/7> .
",1.0,1.0
Extract RDF triples from this image (/kaggle/input/diagram2graph-dataset/diagram2graph/358.png),['/kaggle/input/diagram2graph-dataset/diagram2graph/358.png'],"@prefix d2g:  <http://example.org/diagram2graph#> .
@prefix rdfs: <http://www.w3.org/2000/01/rdf-schema#> .

<http://example.org/diagram/diagram/node/1> a d2g:Start, d2g:Node ;
    rdfs:label ""Start"" ;
    d2g:shape d2g:StartEvent .

<http://example.org/diagram/diagram/node/2> a d2g:Process, d2g:Node ;
    rdfs:label ""Enter numbers"" ;
    d2g:shape d2g:Task .

<http://example.org/diagram/diagram/node/3> a d2g:Process, d2g:Node ;
    rdfs:label ""Process"" ;
    d2g:shape d2g:Task .

<http://example.org/diagram/diagram/node/4> a d2g:Process, d2g:Node ;
    rdfs:label ""Output"" ;
    d2g:shape d2g:Task .

<http://example.org/diagram/diagram/node/5> a d2g:Terminator, d2g:Node ;
    rdfs:label ""End"" ;
    d2g:shape d2g:EndEvent .

<http://example.org/diagram/diagram/edge/12> a d2g:Edge, d2g:Solid ;
    d2g:source <http://example.org/diagram/diagram/node/1> ;
    d2g:target <http://example.org/diagram/diagram/node/2> ;
    d2g:relationshipType d2g:Follows .

<http://example.org/diagram/diagram/edge/23> a d2g:Edge, d2g:Solid ;
    d2g:source <http://example.org/diagram/diagram/node/2> ;
    d2g:target <http://example.org/diagram/diagram/node/3> ;
    d2g:relationshipType d2g:Follows .

<http://example.org/diagram/diagram/edge/34> a d2g:Edge, d2g:Solid ;
    d2g:source <http://example.org/diagram/diagram/node/3> ;
    d2g:target <http://example.org/diagram/diagram/node/4> ;
    d2g:relationshipType d2g:Follows .

<http://example.org/diagram/diagram/edge/45> a d2g:Edge, d2g:Solid ;
    d2g:source <http://example.org/diagram/diagram/node/4> ;
    d2g:target <http://example.org/diagram/diagram/node/5> ;
    d2g:relationshipType d2g:Follows .

<http://example.org/diagram/diagram/node/1> d2g:follows <http://example.org/diagram/diagram/node/2> .
<http://example.org/diagram/diagram/node/2> d2g:follows <http://example.org/diagram/diagram/node/3> .
<http://example.org/diagram/diagram/node/3> d2g:follows <http://example.org/diagram/diagram/node/4> .
<http://example.org/diagram/diagram/node/4> d2g:follows <http://example.org/diagram/diagram/node/5> .
",1.0,1.0
Extract RDF triples from this image (/kaggle/input/diagram2graph-dataset/diagram2graph/361.png),['/kaggle/input/diagram2graph-dataset/diagram2graph/361.png'],"@prefix d2g:  <http://example.org/diagram2graph#> .
@prefix rdfs: <http://www.w3.org/2000/01/rdf-schema#> .

<http://example.org/diagram/diagram/node/1> a d2g:Node, d2g:Start ;
    rdfs:label ""Start"" ;
    d2g:shape d2g:StartEvent .

<http://example.org/diagram/diagram/node/2> a d2g:Node, d2g:Process ;
    rdfs:label ""Input"" ;
    d2g:shape d2g:Task .

<http://example.org/diagram/diagram/node/3> a d2g:Node, d2g:Process ;
    rdfs:label ""Area = Width*Height"" ;
    d2g:shape d2g:Task .

<http://example.org/diagram/diagram/node/4> a d2g:Node, d2g:Process ;
    rdfs:label ""Height"" ;
    d2g:shape d2g:Task .

<http://example.org/diagram/diagram/node/5> a d2g:Node, d2g:Terminator ;
    rdfs:label ""Stop"" ;
    d2g:shape d2g:EndEvent .

<http://example.org/diagram/diagram/edge/12> a d2g:Edge, d2g:Solid ;
    d2g:source <http://example.org/diagram/diagram/node/1> ;
    d2g:target <http://example.org/diagram/diagram/node/2> ;
    d2g:relationshipType d2g:Follows .

<http://example.org/diagram/diagram/edge/23> a d2g:Edge, d2g:Solid ;
    d2g:source <http://example.org/diagram/diagram/node/2> ;
    d2g:target <http://example.org/diagram/diagram/node/3> ;
    d2g:relationshipType d2g:Follows .

<http://example.org/diagram/diagram/edge/34> a d2g:Edge, d2g:Solid ;
    d2g:source <http://example.org/diagram/diagram/node/3> ;
    d2g:target <http://example.org/diagram/diagram/node/4> ;
    d2g:relationshipType d2g:Follows .

<http://example.org/diagram/diagram/edge/45> a d2g:Edge, d2g:Solid ;
    d2g:source <http://example.org/diagram/diagram/node/4> ;
    d2g:target <http://example.org/diagram/diagram/node/5> ;
    d2g:relationshipType d2g:Follows .

<http://example.org/diagram/diagram/node/1> d2g:follows <http://example.org/diagram/diagram/node/2> .
<http://example.org/diagram/diagram/node/2> d2g:follows <http://example.org/diagram/diagram/node/3> .
<http://example.org/diagram/diagram/node/3> d2g:follows <http://example.org/diagram/diagram/node/4> .
<http://example.org/diagram/diagram/node/4> d2g:follows <http://example.org/diagram/diagram/node/5> .
",1.0,1.0
Extract RDF triples from this image (/kaggle/input/diagram2graph-dataset/diagram2graph/37.png),['/kaggle/input/diagram2graph-dataset/diagram2graph/37.png'],"@prefix d2g:  <http://example.org/diagram2graph#> .
@prefix rdfs: <http://www.w3.org/2000/01/rdf-schema#> .

<http://example.org/diagram/diagram/node/1> a d2g:Start, d2g:Node ;
    rdfs:label ""Start"" ;
    d2g:shape d2g:StartEvent .

<http://example.org/diagram/diagram/node/2> a d2g:Decision, d2g:Node ;
    rdfs:label ""If Condition"" ;
    d2g:shape d2g:Gateway .

<http://example.org/diagram/diagram/node/3> a d2g:Process, d2g:Node ;
    rdfs:label ""If Body"" ;
    d2g:shape d2g:Task .

<http://example.org/diagram/diagram/node/4> a d2g:Decision, d2g:Node ;
    rdfs:label ""Nested If Condition"" ;
    d2g:shape d2g:Gateway .

<http://example.org/diagram/diagram/node/5> a d2g:Process, d2g:Node ;
    rdfs:label ""Nested If Body"" ;
    d2g:shape d2g:Task .

<http://example.org/diagram/diagram/node/6> a d2g:Process, d2g:Node ;
    rdfs:label ""Pass"" ;
    d2g:shape d2g:Task .

<http://example.org/diagram/diagram/node/7> a d2g:Process, d2g:Node ;
    rdfs:label ""Statement just below if"" ;
    d2g:shape d2g:Task .

<http://example.org/diagram/diagram/node/8> a d2g:Terminator, d2g:Node ;
    rdfs:label ""Exit"" ;
    d2g:shape d2g:EndEvent .

<http://example.org/diagram/diagram/edge/12> a d2g:Edge, d2g:Solid ;
    d2g:source <http://example.org/diagram/diagram/node/1> ;
    d2g:target <http://example.org/diagram/diagram/node/2> ;
    d2g:relationshipType d2g:Follows .

<http://example.org/diagram/diagram/edge/23> a d2g:Edge, d2g:Solid ;
    d2g:source <http://example.org/diagram/diagram/node/2> ;
    d2g:target <http://example.org/diagram/diagram/node/3> ;
    d2g:relationshipType d2g:Branches ;
    d2g:relationshipValue ""True"" .

<http://example.org/diagram/diagram/edge/24> a d2g:Edge, d2g:Solid ;
    d2g:source <http://example.org/diagram/diagram/node/2> ;
    d2g:target <http://example.org/diagram/diagram/node/4> ;
    d2g:relationshipType d2g:Branches ;
    d2g:relationshipValue ""False"" .

<http://example.org/diagram/diagram/edge/37> a d2g:Edge, d2g:Solid ;
    d2g:source <http://example.org/diagram/diagram/node/3> ;
    d2g:target <http://example.org/diagram/diagram/node/7> ;
    d2g:relationshipType d2g:Follows .

<http://example.org/diagram/diagram/edge/45> a d2g:Edge, d2g:Solid ;
    d2g:source <http://example.org/diagram/diagram/node/4> ;
    d2g:target <http://example.org/diagram/diagram/node/5> ;
    d2g:relationshipType d2g:Branches ;
    d2g:relationshipValue ""True"" .

<http://example.org/diagram/diagram/edge/46> a d2g:Edge, d2g:Solid ;
    d2g:source <http://example.org/diagram/diagram/node/4> ;
    d2g:target <http://example.org/diagram/diagram/node/6> ;
    d2g:relationshipType d2g:Branches ;
    d2g:relationshipValue ""False"" .

<http://example.org/diagram/diagram/edge/57> a d2g:Edge, d2g:Solid ;
    d2g:source <http://example.org/diagram/diagram/node/5> ;
    d2g:target <http://example.org/diagram/diagram/node/7> ;
    d2g:relationshipType d2g:Follows .

<http://example.org/diagram/diagram/edge/67> a d2g:Edge, d2g:Solid ;
    d2g:source <http://example.org/diagram/diagram/node/6> ;
    d2g:target <http://example.org/diagram/diagram/node/7> ;
    d2g:relationshipType d2g:Follows .

<http://example.org/diagram/diagram/edge/78> a d2g:Edge, d2g:Solid ;
    d2g:source <http://example.org/diagram/diagram/node/7> ;
    d2g:target <http://example.org/diagram/diagram/node/8> ;
    d2g:relationshipType d2g:Follows .

<http://example.org/diagram/diagram/node/1> d2g:follows <http://example.org/diagram/diagram/node/2> .
<http://example.org/diagram/diagram/node/2> d2g:branches <http://example.org/diagram/diagram/node/3> .
<http://example.org/diagram/diagram/node/2> d2g:branches <http://example.org/diagram/diagram/node/4> .
<http://example.org/diagram/diagram/node/3> d2g:follows <http://example.org/diagram/diagram/node/7> .
<http://example.org/diagram/diagram/node/4> d2g:branches <http://example.org/diagram/diagram/node/5> .
<http://example.org/diagram/diagram/node/4> d2g:branches <http://example.org/diagram/diagram/node/6> .
<http://example.org/diagram/diagram/node/5> d2g:follows <http://example.org/diagram/diagram/node/7> .
<http://example.org/diagram/diagram/node/6> d2g:follows <http://example.org/diagram/diagram/node/7> .
<http://example.org/diagram/diagram/node/7> d2g:follows <http://example.org/diagram/diagram/node/8> .
",1.0,1.0
Extract RDF triples from this image (/kaggle/input/diagram2graph-dataset/diagram2graph/38.png),['/kaggle/input/diagram2graph-dataset/diagram2graph/38.png'],"@prefix d2g:  <http://example.org/diagram2graph#> .
@prefix rdfs: <http://www.w3.org/2000/01/rdf-schema#> .

<http://example.org/diagram/diagram/node/1> a d2g:Start, d2g:Node ;
    rdfs:label ""Begin"" ;
    d2g:shape d2g:StartEvent .

<http://example.org/diagram/diagram/node/2> a d2g:Process, d2g:Node ;
    rdfs:label ""Order"" ;
    d2g:shape d2g:Task .

<http://example.org/diagram/diagram/node/3> a d2g:Decision, d2g:Node ;
    rdfs:label ""Want fries?"" ;
    d2g:shape d2g:Gateway .

<http://example.org/diagram/diagram/node/4> a d2g:Process, d2g:Node ;
    rdfs:label ""Order fries"" ;
    d2g:shape d2g:Task .

<http://example.org/diagram/diagram/node/5> a d2g:Decision, d2g:Node ;
    rdfs:label ""Want drink?"" ;
    d2g:shape d2g:Gateway .

<http://example.org/diagram/diagram/node/6> a d2g:Process, d2g:Node ;
    rdfs:label ""Order drink"" ;
    d2g:shape d2g:Task .

<http://example.org/diagram/diagram/node/7> a d2g:Process, d2g:Node ;
    rdfs:label ""Pay"" ;
    d2g:shape d2g:Task .

<http://example.org/diagram/diagram/node/8> a d2g:Terminator, d2g:Node ;
    rdfs:label ""End"" ;
    d2g:shape d2g:EndEvent .

<http://example.org/diagram/diagram/edge/12> a d2g:Edge, d2g:Solid ;
    d2g:source <http://example.org/diagram/diagram/node/1> ;
    d2g:target <http://example.org/diagram/diagram/node/2> ;
    d2g:relationshipType d2g:Follows .

<http://example.org/diagram/diagram/edge/23> a d2g:Edge, d2g:Solid ;
    d2g:source <http://example.org/diagram/diagram/node/2> ;
    d2g:target <http://example.org/diagram/diagram/node/3> ;
    d2g:relationshipType d2g:Follows .

<http://example.org/diagram/diagram/edge/34> a d2g:Edge, d2g:Solid ;
    d2g:source <http://example.org/diagram/diagram/node/3> ;
    d2g:target <http://example.org/diagram/diagram/node/4> ;
    d2g:relationshipType d2g:Branches ;
    d2g:relationshipValue ""Yes"" .

<http://example.org/diagram/diagram/edge/35> a d2g:Edge, d2g:Solid ;
    d2g:source <http://example.org/diagram/diagram/node/3> ;
    d2g:target <http://example.org/diagram/diagram/node/5> ;
    d2g:relationshipType d2g:Branches ;
    d2g:relationshipValue ""No"" .

<http://example.org/diagram/diagram/edge/45> a d2g:Edge, d2g:Solid ;
    d2g:source <http://example.org/diagram/diagram/node/4> ;
    d2g:target <http://example.org/diagram/diagram/node/5> ;
    d2g:relationshipType d2g:Follows .

<http://example.org/diagram/diagram/edge/56> a d2g:Edge, d2g:Solid ;
    d2g:source <http://example.org/diagram/diagram/node/5> ;
    d2g:target <http://example.org/diagram/diagram/node/6> ;
    d2g:relationshipType d2g:Branches ;
    d2g:relationshipValue ""Yes"" .

<http://example.org/diagram/diagram/edge/57> a d2g:Edge, d2g:Solid ;
    d2g:source <http://example.org/diagram/diagram/node/5> ;
    d2g:target <http://example.org/diagram/diagram/node/7> ;
    d2g:relationshipType d2g:Branches ;
    d2g:relationshipValue ""No"" .

<http://example.org/diagram/diagram/edge/67> a d2g:Edge, d2g:Solid ;
    d2g:source <http://example.org/diagram/diagram/node/6> ;
    d2g:target <http://example.org/diagram/diagram/node/7> ;
    d2g:relationshipType d2g:Follows .

<http://example.org/diagram/diagram/edge/78> a d2g:Edge, d2g:Solid ;
    d2g:source <http://example.org/diagram/diagram/node/7> ;
    d2g:target <http://example.org/diagram/diagram/node/8> ;
    d2g:relationshipType d2g:Follows .

<http://example.org/diagram/diagram/node/1> d2g:follows <http://example.org/diagram/diagram/node/2> .
<http://example.org/diagram/diagram/node/2> d2g:follows <http://example.org/diagram/diagram/node/3> .
<http://example.org/diagram/diagram/node/3> d2g:branches <http://example.org/diagram/diagram/node/4> .
<http://example.org/diagram/diagram/node/3> d2g:branches <http://example.org/diagram/diagram/node/5> .
<http://example.org/diagram/diagram/node/4> d2g:follows <http://example.org/diagram/diagram/node/5> .
<http://example.org/diagram/diagram/node/5> d2g:branches <http://example.org/diagram/diagram/node/6> .
<http://example.org/diagram/diagram/node/5> d2g:branches <http://example.org/diagram/diagram/node/7> .
<http://example.org/diagram/diagram/node/6> d2g:follows <http://example.org/diagram/diagram/node/7> .
<http://example.org/diagram/diagram/node/7> d2g:follows <http://example.org/diagram/diagram/node/8> .
",0.0,1.0
Extract RDF triples from this image (/kaggle/input/diagram2graph-dataset/diagram2graph/380.png),['/kaggle/input/diagram2graph-dataset/diagram2graph/380.png'],"@prefix d2g:  <http://example.org/diagram2graph#> .
@prefix rdfs: <http://www.w3.org/2000/01/rdf-schema#> .

<http://example.org/diagram/diagram/node/1> a d2g:Node, d2g:Start ;
    rdfs:label ""Start"" ;
    d2g:shape d2g:StartEvent .

<http://example.org/diagram/diagram/node/2> a d2g:Node, d2g:Process ;
    rdfs:label ""Read Inputs"" ;
    d2g:shape d2g:Task .

<http://example.org/diagram/diagram/node/3> a d2g:Node, d2g:Process ;
    rdfs:label ""Claculate S"" ;
    d2g:shape d2g:Task .

<http://example.org/diagram/diagram/node/4> a d2g:Node, d2g:Process ;
    rdfs:label ""Calculate\narea = sqrt( s*(s-a)*(s-b)*(s-c))"" ;
    d2g:shape d2g:Task .

<http://example.org/diagram/diagram/node/5> a d2g:Node, d2g:Process ;
    rdfs:label ""Print area"" ;
    d2g:shape d2g:Task .

<http://example.org/diagram/diagram/node/6> a d2g:Node, d2g:Terminator ;
    rdfs:label ""End"" ;
    d2g:shape d2g:EndEvent .

<http://example.org/diagram/diagram/edge/12> a d2g:Edge, d2g:Solid ;
    d2g:source <http://example.org/diagram/diagram/node/1> ;
    d2g:target <http://example.org/diagram/diagram/node/2> ;
    d2g:relationshipType d2g:Follows .

<http://example.org/diagram/diagram/edge/23> a d2g:Edge, d2g:Solid ;
    d2g:source <http://example.org/diagram/diagram/node/2> ;
    d2g:target <http://example.org/diagram/diagram/node/3> ;
    d2g:relationshipType d2g:Follows .

<http://example.org/diagram/diagram/edge/34> a d2g:Edge, d2g:Solid ;
    d2g:source <http://example.org/diagram/diagram/node/3> ;
    d2g:target <http://example.org/diagram/diagram/node/4> ;
    d2g:relationshipType d2g:Follows .

<http://example.org/diagram/diagram/edge/45> a d2g:Edge, d2g:Solid ;
    d2g:source <http://example.org/diagram/diagram/node/4> ;
    d2g:target <http://example.org/diagram/diagram/node/5> ;
    d2g:relationshipType d2g:Follows .

<http://example.org/diagram/diagram/edge/56> a d2g:Edge, d2g:Solid ;
    d2g:source <http://example.org/diagram/diagram/node/5> ;
    d2g:target <http://example.org/diagram/diagram/node/6> ;
    d2g:relationshipType d2g:Follows .

<http://example.org/diagram/diagram/node/1> d2g:follows <http://example.org/diagram/diagram/node/2> .
<http://example.org/diagram/diagram/node/2> d2g:follows <http://example.org/diagram/diagram/node/3> .
<http://example.org/diagram/diagram/node/3> d2g:follows <http://example.org/diagram/diagram/node/4> .
<http://example.org/diagram/diagram/node/4> d2g:follows <http://example.org/diagram/diagram/node/5> .
<http://example.org/diagram/diagram/node/5> d2g:follows <http://example.org/diagram/diagram/node/6> .
",1.0,1.0
Extract RDF triples from this image (/kaggle/input/diagram2graph-dataset/diagram2graph/39.png),['/kaggle/input/diagram2graph-dataset/diagram2graph/39.png'],"@prefix d2g:  <http://example.org/diagram2graph#> .
@prefix rdfs: <http://www.w3.org/2000/01/rdf-schema#> .

<http://example.org/diagram/diagram/node/1> a d2g:Start, d2g:Node ;
    rdfs:label ""Start"" ;
    d2g:shape d2g:StartEvent .

<http://example.org/diagram/diagram/node/2> a d2g:Decision, d2g:Node ;
    rdfs:label ""Object Detected"" ;
    d2g:shape d2g:Gateway .

<http://example.org/diagram/diagram/node/3> a d2g:Process, d2g:Node ;
    rdfs:label ""Drive Forwards"" ;
    d2g:shape d2g:Task .

<http://example.org/diagram/diagram/node/4> a d2g:Process, d2g:Node ;
    rdfs:label ""Turn Robot"" ;
    d2g:shape d2g:Task .

<http://example.org/diagram/diagram/edge/12> a d2g:Edge, d2g:Solid ;
    d2g:source <http://example.org/diagram/diagram/node/1> ;
    d2g:target <http://example.org/diagram/diagram/node/2> ;
    d2g:relationshipType d2g:Follows .

<http://example.org/diagram/diagram/edge/23> a d2g:Edge, d2g:Solid ;
    d2g:source <http://example.org/diagram/diagram/node/2> ;
    d2g:target <http://example.org/diagram/diagram/node/3> ;
    d2g:relationshipType d2g:Branches ;
    d2g:relationshipValue ""Yes"" .

<http://example.org/diagram/diagram/edge/24> a d2g:Edge, d2g:Solid ;
    d2g:source <http://example.org/diagram/diagram/node/2> ;
    d2g:target <http://example.org/diagram/diagram/node/4> ;
    d2g:relationshipType d2g:Branches ;
    d2g:relationshipValue ""No"" .

<http://example.org/diagram/diagram/edge/32> a d2g:Edge, d2g:Solid ;
    d2g:source <http://example.org/diagram/diagram/node/3> ;
    d2g:target <http://example.org/diagram/diagram/node/2> ;
    d2g:relationshipType d2g:Follows .

<http://example.org/diagram/diagram/edge/42> a d2g:Edge, d2g:Solid ;
    d2g:source <http://example.org/diagram/diagram/node/4> ;
    d2g:target <http://example.org/diagram/diagram/node/2> ;
    d2g:relationshipType d2g:Follows .

<http://example.org/diagram/diagram/node/1> d2g:follows <http://example.org/diagram/diagram/node/2> .
<http://example.org/diagram/diagram/node/2> d2g:branches <http://example.org/diagram/diagram/node/3> .
<http://example.org/diagram/diagram/node/2> d2g:branches <http://example.org/diagram/diagram/node/4> .
<http://example.org/diagram/diagram/node/3> d2g:follows <http://example.org/diagram/diagram/node/2> .
<http://example.org/diagram/diagram/node/4> d2g:follows <http://example.org/diagram/diagram/node/2> .
",1.0,1.0
Extract RDF triples from this image (/kaggle/input/diagram2graph-dataset/diagram2graph/394.png),['/kaggle/input/diagram2graph-dataset/diagram2graph/394.png'],"@prefix d2g:  <http://example.org/diagram2graph#> .
@prefix rdfs: <http://www.w3.org/2000/01/rdf-schema#> .

<http://example.org/diagram/diagram/node/1> a d2g:Start, d2g:Node ;
    rdfs:label ""Start"" ;
    d2g:shape d2g:StartEvent .

<http://example.org/diagram/diagram/node/2> a d2g:Process, d2g:Node ;
    rdfs:label ""Power On"" ;
    d2g:shape d2g:Task .

<http://example.org/diagram/diagram/node/3> a d2g:Process, d2g:Node ;
    rdfs:label ""Look for previous data"" ;
    d2g:shape d2g:Task .

<http://example.org/diagram/diagram/node/4> a d2g:Process, d2g:Node ;
    rdfs:label ""Generate Map and Location"" ;
    d2g:shape d2g:Task .

<http://example.org/diagram/diagram/node/5> a d2g:Process, d2g:Node ;
    rdfs:label ""Plan route"" ;
    d2g:shape d2g:Task .

<http://example.org/diagram/diagram/node/6> a d2g:Process, d2g:Node ;
    rdfs:label ""Route"" ;
    d2g:shape d2g:Task .

<http://example.org/diagram/diagram/node/7> a d2g:Process, d2g:Node ;
    rdfs:label ""Stop"" ;
    d2g:shape d2g:Task .

<http://example.org/diagram/diagram/edge/12> a d2g:Edge, d2g:Solid ;
    d2g:source <http://example.org/diagram/diagram/node/1> ;
    d2g:target <http://example.org/diagram/diagram/node/2> ;
    d2g:relationshipType d2g:Follows .

<http://example.org/diagram/diagram/edge/23> a d2g:Edge, d2g:Solid ;
    d2g:source <http://example.org/diagram/diagram/node/2> ;
    d2g:target <http://example.org/diagram/diagram/node/3> ;
    d2g:relationshipType d2g:Follows .

<http://example.org/diagram/diagram/edge/34> a d2g:Edge, d2g:Solid ;
    d2g:source <http://example.org/diagram/diagram/node/3> ;
    d2g:target <http://example.org/diagram/diagram/node/4> ;
    d2g:relationshipType d2g:Follows .

<http://example.org/diagram/diagram/edge/45> a d2g:Edge, d2g:Solid ;
    d2g:source <http://example.org/diagram/diagram/node/4> ;
    d2g:target <http://example.org/diagram/diagram/node/5> ;
    d2g:relationshipType d2g:Follows .

<http://example.org/diagram/diagram/edge/56> a d2g:Edge, d2g:Solid ;
    d2g:source <http://example.org/diagram/diagram/node/5> ;
    d2g:target <http://example.org/diagram/diagram/node/6> ;
    d2g:relationshipType d2g:Follows .

<http://example.org/diagram/diagram/edge/57> a d2g:Edge, d2g:Solid ;
    d2g:source <http://example.org/diagram/diagram/node/5> ;
    d2g:target <http://example.org/diagram/diagram/node/7> ;
    d2g:relationshipType d2g:Follows .

<http://example.org/diagram/diagram/node/1> d2g:follows <http://example.org/diagram/diagram/node/2> .
<http://example.org/diagram/diagram/node/2> d2g:follows <http://example.org/diagram/diagram/node/3> .
<http://example.org/diagram/diagram/node/3> d2g:follows <http://example.org/diagram/diagram/node/4> .
<http://example.org/diagram/diagram/node/4> d2g:follows <http://example.org/diagram/diagram/node/5> .
<http://example.org/diagram/diagram/node/5> d2g:follows <http://example.org/diagram/diagram/node/6> .
<http://example.org/diagram/diagram/node/5> d2g:follows <http://example.org/diagram/diagram/node/7> .
",1.0,1.0
Extract RDF triples from this image (/kaggle/input/diagram2graph-dataset/diagram2graph/4.png),['/kaggle/input/diagram2graph-dataset/diagram2graph/4.png'],"@prefix d2g:  <http://example.org/diagram2graph#> .
@prefix rdfs: <http://www.w3.org/2000/01/rdf-schema#> .

<http://example.org/diagram/diagram/node/1> a d2g:Start, d2g:Node ;
    rdfs:label ""Begin"" ;
    d2g:shape d2g:StartEvent .

<http://example.org/diagram/diagram/node/2> a d2g:Process, d2g:Node ;
    rdfs:label ""Initialize weights and biases With random values"" ;
    d2g:shape d2g:Task .

<http://example.org/diagram/diagram/node/3> a d2g:Process, d2g:Node ;
    rdfs:label ""Perform operations"" ;
    d2g:shape d2g:Task .

<http://example.org/diagram/diagram/node/4> a d2g:Process, d2g:Node ;
    rdfs:label ""Calculate Error"" ;
    d2g:shape d2g:Task .

<http://example.org/diagram/diagram/node/5> a d2g:Decision, d2g:Node ;
    rdfs:label ""Error <= Error"" ;
    d2g:shape d2g:Gateway .

<http://example.org/diagram/diagram/node/6> a d2g:Decision, d2g:Node ;
    rdfs:label ""Epoch >= Epoch"" ;
    d2g:shape d2g:Gateway .

<http://example.org/diagram/diagram/node/7> a d2g:Process, d2g:Node ;
    rdfs:label ""Epoch = epoch + 1"" ;
    d2g:shape d2g:Task .

<http://example.org/diagram/diagram/node/8> a d2g:Process, d2g:Node ;
    rdfs:label ""Update weights and biases"" ;
    d2g:shape d2g:Task .

<http://example.org/diagram/diagram/node/9> a d2g:Process, d2g:Node ;
    rdfs:label ""End"" ;
    d2g:shape d2g:Task .

<http://example.org/diagram/diagram/edge/12> a d2g:Edge, d2g:Solid ;
    d2g:source <http://example.org/diagram/diagram/node/1> ;
    d2g:target <http://example.org/diagram/diagram/node/2> ;
    d2g:relationshipType d2g:Follows .

<http://example.org/diagram/diagram/edge/23> a d2g:Edge, d2g:Solid ;
    d2g:source <http://example.org/diagram/diagram/node/2> ;
    d2g:target <http://example.org/diagram/diagram/node/3> ;
    d2g:relationshipType d2g:Follows .

<http://example.org/diagram/diagram/edge/34> a d2g:Edge, d2g:Solid ;
    d2g:source <http://example.org/diagram/diagram/node/3> ;
    d2g:target <http://example.org/diagram/diagram/node/4> ;
    d2g:relationshipType d2g:Follows .

<http://example.org/diagram/diagram/edge/45> a d2g:Edge, d2g:Solid ;
    d2g:source <http://example.org/diagram/diagram/node/4> ;
    d2g:target <http://example.org/diagram/diagram/node/5> ;
    d2g:relationshipType d2g:Follows .

<http://example.org/diagram/diagram/edge/59> a d2g:Edge, d2g:Solid ;
    d2g:source <http://example.org/diagram/diagram/node/5> ;
    d2g:target <http://example.org/diagram/diagram/node/9> ;
    d2g:relationshipType d2g:Branches ;
    d2g:relationshipValue ""Yes"" .

<http://example.org/diagram/diagram/edge/56> a d2g:Edge, d2g:Solid ;
    d2g:source <http://example.org/diagram/diagram/node/5> ;
    d2g:target <http://example.org/diagram/diagram/node/6> ;
    d2g:relationshipType d2g:Branches ;
    d2g:relationshipValue ""No"" .

<http://example.org/diagram/diagram/edge/69> a d2g:Edge, d2g:Solid ;
    d2g:source <http://example.org/diagram/diagram/node/6> ;
    d2g:target <http://example.org/diagram/diagram/node/9> ;
    d2g:relationshipType d2g:Branches ;
    d2g:relationshipValue ""Yes"" .

<http://example.org/diagram/diagram/edge/68> a d2g:Edge, d2g:Solid ;
    d2g:source <http://example.org/diagram/diagram/node/6> ;
    d2g:target <http://example.org/diagram/diagram/node/8> ;
    d2g:relationshipType d2g:Branches ;
    d2g:relationshipValue ""No"" .

<http://example.org/diagram/diagram/edge/87> a d2g:Edge, d2g:Solid ;
    d2g:source <http://example.org/diagram/diagram/node/8> ;
    d2g:target <http://example.org/diagram/diagram/node/7> ;
    d2g:relationshipType d2g:Follows .

<http://example.org/diagram/diagram/edge/73> a d2g:Edge, d2g:Solid ;
    d2g:source <http://example.org/diagram/diagram/node/7> ;
    d2g:target <http://example.org/diagram/diagram/node/3> ;
    d2g:relationshipType d2g:Follows .

<http://example.org/diagram/diagram/node/1> d2g:follows <http://example.org/diagram/diagram/node/2> .
<http://example.org/diagram/diagram/node/2> d2g:follows <http://example.org/diagram/diagram/node/3> .
<http://example.org/diagram/diagram/node/3> d2g:follows <http://example.org/diagram/diagram/node/4> .
<http://example.org/diagram/diagram/node/4> d2g:follows <http://example.org/diagram/diagram/node/5> .
<http://example.org/diagram/diagram/node/5> d2g:branches <http://example.org/diagram/diagram/node/9> .
<http://example.org/diagram/diagram/node/5> d2g:branches <http://example.org/diagram/diagram/node/6> .
<http://example.org/diagram/diagram/node/6> d2g:branches <http://example.org/diagram/diagram/node/9> .
<http://example.org/diagram/diagram/node/6> d2g:branches <http://example.org/diagram/diagram/node/8> .
<http://example.org/diagram/diagram/node/8> d2g:follows <http://example.org/diagram/diagram/node/7> .
<http://example.org/diagram/diagram/node/7> d2g:follows <http://example.org/diagram/diagram/node/3> .
",0.0,1.0
Extract RDF triples from this image (/kaggle/input/diagram2graph-dataset/diagram2graph/40.png),['/kaggle/input/diagram2graph-dataset/diagram2graph/40.png'],"@prefix d2g: <http://example.org/diagram2graph#> .
@prefix rdfs: <http://www.w3.org/2000/01/rdf-schema#> .

<http://example.org/diagram/diagram/node/1> a d2g:Node, d2g:Start ;
    rdfs:label ""Start"" ;
    d2g:shape d2g:StartEvent .

<http://example.org/diagram/diagram/node/2> a d2g:Decision, d2g:Node ;
    rdfs:label ""Object detected in left"" ;
    d2g:shape d2g:Gateway .

<http://example.org/diagram/diagram/node/3> a d2g:Node, d2g:Process ;
    rdfs:label ""Turn Left"" ;
    d2g:shape d2g:Task .

<http://example.org/diagram/diagram/node/4> a d2g:Decision, d2g:Node ;
    rdfs:label ""Object detected in right"" ;
    d2g:shape d2g:Gateway .

<http://example.org/diagram/diagram/node/5> a d2g:Node, d2g:Process ;
    rdfs:label ""Turn Right"" ;
    d2g:shape d2g:Task .

<http://example.org/diagram/diagram/edge/12> a d2g:Edge, d2g:Solid ;
    d2g:source <http://example.org/diagram/diagram/node/1> ;
    d2g:target <http://example.org/diagram/diagram/node/2> ;
    d2g:relationshipType d2g:Follows .

<http://example.org/diagram/diagram/edge/23> a d2g:Edge, d2g:Solid ;
    d2g:source <http://example.org/diagram/diagram/node/2> ;
    d2g:target <http://example.org/diagram/diagram/node/3> ;
    d2g:relationshipType d2g:Branches ;
    d2g:relationshipValue ""Yes"" .

<http://example.org/diagram/diagram/edge/32> a d2g:Edge, d2g:Solid ;
    d2g:source <http://example.org/diagram/diagram/node/3> ;
    d2g:target <http://example.org/diagram/diagram/node/2> ;
    d2g:relationshipType d2g:Follows .

<http://example.org/diagram/diagram/edge/24> a d2g:Edge, d2g:Solid ;
    d2g:source <http://example.org/diagram/diagram/node/2> ;
    d2g:target <http://example.org/diagram/diagram/node/4> ;
    d2g:relationshipType d2g:Branches ;
    d2g:relationshipValue ""No"" .

<http://example.org/diagram/diagram/edge/45> a d2g:Edge, d2g:Solid ;
    d2g:source <http://example.org/diagram/diagram/node/4> ;
    d2g:target <http://example.org/diagram/diagram/node/5> ;
    d2g:relationshipType d2g:Branches ;
    d2g:relationshipValue ""Yes"" .

<http://example.org/diagram/diagram/edge/52> a d2g:Edge, d2g:Solid ;
    d2g:source <http://example.org/diagram/diagram/node/5> ;
    d2g:target <http://example.org/diagram/diagram/node/2> ;
    d2g:relationshipType d2g:Follows .

<http://example.org/diagram/diagram/edge/42> a d2g:Edge, d2g:Solid ;
    d2g:source <http://example.org/diagram/diagram/node/4> ;
    d2g:target <http://example.org/diagram/diagram/node/2> ;
    d2g:relationshipType d2g:Branches ;
    d2g:relationshipValue ""No"" .

<http://example.org/diagram/diagram/node/1> d2g:follows <http://example.org/diagram/diagram/node/2> .
<http://example.org/diagram/diagram/node/2> d2g:branches <http://example.org/diagram/diagram/node/3> .
<http://example.org/diagram/diagram/node/3> d2g:follows <http://example.org/diagram/diagram/node/2> .
<http://example.org/diagram/diagram/node/2> d2g:branches <http://example.org/diagram/diagram/node/4> .
<http://example.org/diagram/diagram/node/4> d2g:branches <http://example.org/diagram/diagram/node/5> .
<http://example.org/diagram/diagram/node/5> d2g:follows <http://example.org/diagram/diagram/node/2> .
<http://example.org/diagram/diagram/node/4> d2g:branches <http://example.org/diagram/diagram/node/2> .
",1.0,1.0
Extract RDF triples from this image (/kaggle/input/diagram2graph-dataset/diagram2graph/401.png),['/kaggle/input/diagram2graph-dataset/diagram2graph/401.png'],"@prefix d2g: <http://example.org/diagram2graph#> .
@prefix rdfs: <http://www.w3.org/2000/01/rdf-schema#> .

<http://example.org/diagram/diagram/node/1> a d2g:Start, d2g:Node ;
    rdfs:label ""Start"" ;
    d2g:shape d2g:StartEvent .

<http://example.org/diagram/diagram/node/2> a d2g:Decision, d2g:Node ;
    rdfs:label ""Check Software"" ;
    d2g:shape d2g:Gateway .

<http://example.org/diagram/diagram/node/3> a d2g:Terminator, d2g:Node ;
    rdfs:label ""B"" ;
    d2g:shape d2g:EndEvent .

<http://example.org/diagram/diagram/node/4> a d2g:Decision, d2g:Node ;
    rdfs:label ""Check all the needs"" ;
    d2g:shape d2g:Gateway .

<http://example.org/diagram/diagram/node/5> a d2g:Process, d2g:Node ;
    rdfs:label ""Good Needs"" ;
    d2g:shape d2g:Task .

<http://example.org/diagram/diagram/node/6> a d2g:Terminator, d2g:Node ;
    rdfs:label ""C"" ;
    d2g:shape d2g:EndEvent .

<http://example.org/diagram/diagram/node/7> a d2g:Terminator, d2g:Node ;
    rdfs:label ""End"" ;
    d2g:shape d2g:EndEvent .

<http://example.org/diagram/diagram/edge/12> a d2g:Edge, d2g:Solid ;
    d2g:source <http://example.org/diagram/diagram/node/1> ;
    d2g:target <http://example.org/diagram/diagram/node/2> ;
    d2g:relationshipType d2g:Follows .

<http://example.org/diagram/diagram/edge/24> a d2g:Edge, d2g:Solid ;
    d2g:source <http://example.org/diagram/diagram/node/2> ;
    d2g:target <http://example.org/diagram/diagram/node/4> ;
    d2g:relationshipType d2g:Branches ;
    d2g:relationshipValue ""Yes"" .

<http://example.org/diagram/diagram/edge/23> a d2g:Edge, d2g:Solid ;
    d2g:source <http://example.org/diagram/diagram/node/2> ;
    d2g:target <http://example.org/diagram/diagram/node/3> ;
    d2g:relationshipType d2g:Branches ;
    d2g:relationshipValue ""No"" .

<http://example.org/diagram/diagram/edge/45> a d2g:Edge, d2g:Solid ;
    d2g:source <http://example.org/diagram/diagram/node/4> ;
    d2g:target <http://example.org/diagram/diagram/node/5> ;
    d2g:relationshipType d2g:Branches ;
    d2g:relationshipValue ""Yes"" .

<http://example.org/diagram/diagram/edge/46> a d2g:Edge, d2g:Solid ;
    d2g:source <http://example.org/diagram/diagram/node/4> ;
    d2g:target <http://example.org/diagram/diagram/node/6> ;
    d2g:relationshipType d2g:Branches ;
    d2g:relationshipValue ""No"" .

<http://example.org/diagram/diagram/edge/57> a d2g:Edge, d2g:Solid ;
    d2g:source <http://example.org/diagram/diagram/node/5> ;
    d2g:target <http://example.org/diagram/diagram/node/7> ;
    d2g:relationshipType d2g:Follows .

<http://example.org/diagram/diagram/node/1> d2g:follows <http://example.org/diagram/diagram/node/2> .
<http://example.org/diagram/diagram/node/2> d2g:branches <http://example.org/diagram/diagram/node/4> .
<http://example.org/diagram/diagram/node/2> d2g:branches <http://example.org/diagram/diagram/node/3> .
<http://example.org/diagram/diagram/node/4> d2g:branches <http://example.org/diagram/diagram/node/5> .
<http://example.org/diagram/diagram/node/4> d2g:branches <http://example.org/diagram/diagram/node/6> .
<http://example.org/diagram/diagram/node/5> d2g:follows <http://example.org/diagram/diagram/node/7> .
",1.0,1.0
Extract RDF triples from this image (/kaggle/input/diagram2graph-dataset/diagram2graph/41.png),['/kaggle/input/diagram2graph-dataset/diagram2graph/41.png'],"@prefix d2g:  <http://example.org/diagram2graph#> .
@prefix rdfs: <http://www.w3.org/2000/01/rdf-schema#> .

<http://example.org/diagram/diagram/node/1> a d2g:Start, d2g:Node ;
    rdfs:label ""Start"" ;
    d2g:shape d2g:StartEvent .

<http://example.org/diagram/diagram/node/2> a d2g:Process, d2g:Node ;
    rdfs:label ""Input F"" ;
    d2g:shape d2g:Task .

<http://example.org/diagram/diagram/node/3> a d2g:Process, d2g:Node ;
    rdfs:label ""C=5/9*(F-32)"" ;
    d2g:shape d2g:Task .

<http://example.org/diagram/diagram/node/4> a d2g:Process, d2g:Node ;
    rdfs:label ""Print C"" ;
    d2g:shape d2g:Task .

<http://example.org/diagram/diagram/node/5> a d2g:Terminator, d2g:Node ;
    rdfs:label ""End"" ;
    d2g:shape d2g:EndEvent .

<http://example.org/diagram/diagram/edge/12> a d2g:Edge, d2g:Solid ;
    d2g:source <http://example.org/diagram/diagram/node/1> ;
    d2g:target <http://example.org/diagram/diagram/node/2> ;
    d2g:relationshipType d2g:Follows .

<http://example.org/diagram/diagram/edge/23> a d2g:Edge, d2g:Solid ;
    d2g:source <http://example.org/diagram/diagram/node/2> ;
    d2g:target <http://example.org/diagram/diagram/node/3> ;
    d2g:relationshipType d2g:Follows .

<http://example.org/diagram/diagram/edge/34> a d2g:Edge, d2g:Solid ;
    d2g:source <http://example.org/diagram/diagram/node/3> ;
    d2g:target <http://example.org/diagram/diagram/node/4> ;
    d2g:relationshipType d2g:Follows .

<http://example.org/diagram/diagram/edge/45> a d2g:Edge, d2g:Solid ;
    d2g:source <http://example.org/diagram/diagram/node/4> ;
    d2g:target <http://example.org/diagram/diagram/node/5> ;
    d2g:relationshipType d2g:Follows .

<http://example.org/diagram/diagram/node/1> d2g:follows <http://example.org/diagram/diagram/node/2> .
<http://example.org/diagram/diagram/node/2> d2g:follows <http://example.org/diagram/diagram/node/3> .
<http://example.org/diagram/diagram/node/3> d2g:follows <http://example.org/diagram/diagram/node/4> .
<http://example.org/diagram/diagram/node/4> d2g:follows <http://example.org/diagram/diagram/node/5> .
",1.0,1.0
Extract RDF triples from this image (/kaggle/input/diagram2graph-dataset/diagram2graph/411.png),['/kaggle/input/diagram2graph-dataset/diagram2graph/411.png'],"@prefix d2g:  <http://example.org/diagram2graph#> .
@prefix rdfs: <http://www.w3.org/2000/01/rdf-schema#> .

<http://example.org/diagram/diagram/node/1> a d2g:Start, d2g:Node ;
    rdfs:label ""Begin"" ;
    d2g:shape d2g:StartEvent .

<http://example.org/diagram/diagram/node/2> a d2g:Process, d2g:Node ;
    rdfs:label ""Input n"" ;
    d2g:shape d2g:Task .

<http://example.org/diagram/diagram/node/3> a d2g:Decision, d2g:Node ;
    rdfs:label ""n%2=0"" ;
    d2g:shape d2g:Gateway .

<http://example.org/diagram/diagram/node/4> a d2g:Process, d2g:Node ;
    rdfs:label ""Even"" ;
    d2g:shape d2g:Task .

<http://example.org/diagram/diagram/node/5> a d2g:Process, d2g:Node ;
    rdfs:label ""Odd"" ;
    d2g:shape d2g:Task .

<http://example.org/diagram/diagram/node/6> a d2g:Terminator, d2g:Node ;
    rdfs:label ""End"" ;
    d2g:shape d2g:EndEvent .

<http://example.org/diagram/diagram/edge/12> a d2g:Edge, d2g:Solid ;
    d2g:source <http://example.org/diagram/diagram/node/1> ;
    d2g:target <http://example.org/diagram/diagram/node/2> ;
    d2g:relationshipType d2g:Follows .

<http://example.org/diagram/diagram/edge/23> a d2g:Edge, d2g:Solid ;
    d2g:source <http://example.org/diagram/diagram/node/2> ;
    d2g:target <http://example.org/diagram/diagram/node/3> ;
    d2g:relationshipType d2g:Follows .

<http://example.org/diagram/diagram/edge/34> a d2g:Edge, d2g:Solid ;
    d2g:source <http://example.org/diagram/diagram/node/3> ;
    d2g:target <http://example.org/diagram/diagram/node/4> ;
    d2g:relationshipType d2g:Branches ;
    d2g:relationshipValue ""Yes"" .

<http://example.org/diagram/diagram/edge/35> a d2g:Edge, d2g:Solid ;
    d2g:source <http://example.org/diagram/diagram/node/3> ;
    d2g:target <http://example.org/diagram/diagram/node/5> ;
    d2g:relationshipType d2g:Branches ;
    d2g:relationshipValue ""No"" .

<http://example.org/diagram/diagram/edge/46> a d2g:Edge, d2g:Solid ;
    d2g:source <http://example.org/diagram/diagram/node/4> ;
    d2g:target <http://example.org/diagram/diagram/node/6> ;
    d2g:relationshipType d2g:Follows .

<http://example.org/diagram/diagram/edge/56> a d2g:Edge, d2g:Solid ;
    d2g:source <http://example.org/diagram/diagram/node/5> ;
    d2g:target <http://example.org/diagram/diagram/node/6> ;
    d2g:relationshipType d2g:Follows .

<http://example.org/diagram/diagram/node/1> d2g:follows <http://example.org/diagram/diagram/node/2> .
<http://example.org/diagram/diagram/node/2> d2g:follows <http://example.org/diagram/diagram/node/3> .
<http://example.org/diagram/diagram/node/3> d2g:branches <http://example.org/diagram/diagram/node/4> .
<http://example.org/diagram/diagram/node/3> d2g:branches <http://example.org/diagram/diagram/node/5> .
<http://example.org/diagram/diagram/node/4> d2g:follows <http://example.org/diagram/diagram/node/6> .
<http://example.org/diagram/diagram/node/5> d2g:follows <http://example.org/diagram/diagram/node/6> .
",1.0,1.0
Extract RDF triples from this image (/kaggle/input/diagram2graph-dataset/diagram2graph/412.png),['/kaggle/input/diagram2graph-dataset/diagram2graph/412.png'],"@prefix d2g:  <http://example.org/diagram2graph#> .
@prefix rdfs: <http://www.w3.org/2000/01/rdf-schema#> .

<http://example.org/diagram/diagram/node/1> a d2g:Start, d2g:Node ;
    rdfs:label ""Begin"" ;
    d2g:shape d2g:StartEvent .

<http://example.org/diagram/diagram/node/2> a d2g:Process, d2g:Node ;
    rdfs:label ""Read A"" ;
    d2g:shape d2g:Task .

<http://example.org/diagram/diagram/node/3> a d2g:Decision, d2g:Node ;
    rdfs:label ""A>0"" ;
    d2g:shape d2g:Gateway .

<http://example.org/diagram/diagram/node/4> a d2g:Process, d2g:Node ;
    rdfs:label ""Positive"" ;
    d2g:shape d2g:Task .

<http://example.org/diagram/diagram/node/5> a d2g:Process, d2g:Node ;
    rdfs:label ""Negative"" ;
    d2g:shape d2g:Task .

<http://example.org/diagram/diagram/node/6> a d2g:Terminator, d2g:Node ;
    rdfs:label ""Stop"" ;
    d2g:shape d2g:EndEvent .

<http://example.org/diagram/diagram/edge/12> a d2g:Edge, d2g:Solid ;
    d2g:source <http://example.org/diagram/diagram/node/1> ;
    d2g:target <http://example.org/diagram/diagram/node/2> ;
    d2g:relationshipType d2g:Follows .

<http://example.org/diagram/diagram/edge/23> a d2g:Edge, d2g:Solid ;
    d2g:source <http://example.org/diagram/diagram/node/2> ;
    d2g:target <http://example.org/diagram/diagram/node/3> ;
    d2g:relationshipType d2g:Follows .

<http://example.org/diagram/diagram/edge/34> a d2g:Edge, d2g:Solid ;
    d2g:source <http://example.org/diagram/diagram/node/3> ;
    d2g:target <http://example.org/diagram/diagram/node/4> ;
    d2g:relationshipType d2g:Branches ;
    d2g:relationshipValue ""Yes"" .

<http://example.org/diagram/diagram/edge/35> a d2g:Edge, d2g:Solid ;
    d2g:source <http://example.org/diagram/diagram/node/3> ;
    d2g:target <http://example.org/diagram/diagram/node/5> ;
    d2g:relationshipType d2g:Branches ;
    d2g:relationshipValue ""No"" .

<http://example.org/diagram/diagram/edge/46> a d2g:Edge, d2g:Solid ;
    d2g:source <http://example.org/diagram/diagram/node/4> ;
    d2g:target <http://example.org/diagram/diagram/node/6> ;
    d2g:relationshipType d2g:Follows .

<http://example.org/diagram/diagram/edge/56> a d2g:Edge, d2g:Solid ;
    d2g:source <http://example.org/diagram/diagram/node/5> ;
    d2g:target <http://example.org/diagram/diagram/node/6> ;
    d2g:relationshipType d2g:Follows .

<http://example.org/diagram/diagram/node/1> d2g:follows <http://example.org/diagram/diagram/node/2> .
<http://example.org/diagram/diagram/node/2> d2g:follows <http://example.org/diagram/diagram/node/3> .
<http://example.org/diagram/diagram/node/3> d2g:branches <http://example.org/diagram/diagram/node/4> .
<http://example.org/diagram/diagram/node/3> d2g:branches <http://example.org/diagram/diagram/node/5> .
<http://example.org/diagram/diagram/node/4> d2g:follows <http://example.org/diagram/diagram/node/6> .
<http://example.org/diagram/diagram/node/5> d2g:follows <http://example.org/diagram/diagram/node/6> .
",1.0,1.0
Extract RDF triples from this image (/kaggle/input/diagram2graph-dataset/diagram2graph/413.png),['/kaggle/input/diagram2graph-dataset/diagram2graph/413.png'],"@prefix d2g: <http://example.org/diagram2graph#> .
@prefix rdfs: <http://www.w3.org/2000/01/rdf-schema#> .

<http://example.org/diagram/diagram/node/1> a d2g:Start, d2g:Node ;
    rdfs:label ""Begin"" ;
    d2g:shape d2g:StartEvent .

<http://example.org/diagram/diagram/node/2> a d2g:Process, d2g:Node ;
    rdfs:label ""Pick up item"" ;
    d2g:shape d2g:Task .

<http://example.org/diagram/diagram/node/3> a d2g:Decision, d2g:Node ;
    rdfs:label ""Does this item spark joy for me?"" ;
    d2g:shape d2g:Gateway .

<http://example.org/diagram/diagram/node/4> a d2g:Process, d2g:Node ;
    rdfs:label ""Delete"" ;
    d2g:shape d2g:Task .

<http://example.org/diagram/diagram/node/5> a d2g:Process, d2g:Node ;
    rdfs:label ""Save"" ;
    d2g:shape d2g:Task .

<http://example.org/diagram/diagram/edge/12> a d2g:Edge, d2g:Solid ;
    d2g:source <http://example.org/diagram/diagram/node/1> ;
    d2g:target <http://example.org/diagram/diagram/node/2> ;
    d2g:relationshipType d2g:Follows .

<http://example.org/diagram/diagram/edge/23> a d2g:Edge, d2g:Solid ;
    d2g:source <http://example.org/diagram/diagram/node/2> ;
    d2g:target <http://example.org/diagram/diagram/node/3> ;
    d2g:relationshipType d2g:Follows .

<http://example.org/diagram/diagram/edge/34> a d2g:Edge, d2g:Solid ;
    d2g:source <http://example.org/diagram/diagram/node/3> ;
    d2g:target <http://example.org/diagram/diagram/node/4> ;
    d2g:relationshipType d2g:Branches ;
    d2g:relationshipValue ""No"" .

<http://example.org/diagram/diagram/edge/35> a d2g:Edge, d2g:Solid ;
    d2g:source <http://example.org/diagram/diagram/node/3> ;
    d2g:target <http://example.org/diagram/diagram/node/5> ;
    d2g:relationshipType d2g:Branches ;
    d2g:relationshipValue ""Yes"" .

<http://example.org/diagram/diagram/node/1> d2g:follows <http://example.org/diagram/diagram/node/2> .
<http://example.org/diagram/diagram/node/2> d2g:follows <http://example.org/diagram/diagram/node/3> .
<http://example.org/diagram/diagram/node/3> d2g:branches <http://example.org/diagram/diagram/node/4> .
<http://example.org/diagram/diagram/node/3> d2g:branches <http://example.org/diagram/diagram/node/5> .
",1.0,1.0
Extract RDF triples from this image (/kaggle/input/diagram2graph-dataset/diagram2graph/416.png),['/kaggle/input/diagram2graph-dataset/diagram2graph/416.png'],"@prefix d2g: <http://example.org/diagram2graph#> .
@prefix rdfs: <http://www.w3.org/2000/01/rdf-schema#> .

<http://example.org/diagram/diagram/node/1> a d2g:Start, d2g:Node ;
    rdfs:label ""Start"" ;
    d2g:shape d2g:StartEvent .

<http://example.org/diagram/diagram/node/2> a d2g:Process, d2g:Node ;
    rdfs:label ""Greet customer"" ;
    d2g:shape d2g:Task .

<http://example.org/diagram/diagram/node/3> a d2g:Process, d2g:Node ;
    rdfs:label ""Talk with them"" ;
    d2g:shape d2g:Task .

<http://example.org/diagram/diagram/node/4> a d2g:Decision, d2g:Node ;
    rdfs:label ""Need help"" ;
    d2g:shape d2g:Gateway .

<http://example.org/diagram/diagram/node/5> a d2g:Process, d2g:Node ;
    rdfs:label ""Call manager"" ;
    d2g:shape d2g:Task .

<http://example.org/diagram/diagram/node/6> a d2g:Process, d2g:Node ;
    rdfs:label ""Manager assist"" ;
    d2g:shape d2g:Task .

<http://example.org/diagram/diagram/node/7> a d2g:Terminator, d2g:Node ;
    rdfs:label ""End"" ;
    d2g:shape d2g:EndEvent .

<http://example.org/diagram/diagram/edge/12> a d2g:Edge, d2g:Solid ;
    d2g:source <http://example.org/diagram/diagram/node/1> ;
    d2g:target <http://example.org/diagram/diagram/node/2> ;
    d2g:relationshipType d2g:Follows .

<http://example.org/diagram/diagram/edge/23> a d2g:Edge, d2g:Solid ;
    d2g:source <http://example.org/diagram/diagram/node/2> ;
    d2g:target <http://example.org/diagram/diagram/node/3> ;
    d2g:relationshipType d2g:Follows .

<http://example.org/diagram/diagram/edge/34> a d2g:Edge, d2g:Solid ;
    d2g:source <http://example.org/diagram/diagram/node/3> ;
    d2g:target <http://example.org/diagram/diagram/node/4> ;
    d2g:relationshipType d2g:Follows .

<http://example.org/diagram/diagram/edge/45> a d2g:Edge, d2g:Solid ;
    d2g:source <http://example.org/diagram/diagram/node/4> ;
    d2g:target <http://example.org/diagram/diagram/node/5> ;
    d2g:relationshipType d2g:Branches ;
    d2g:relationshipValue ""Yes"" .

<http://example.org/diagram/diagram/edge/47> a d2g:Edge, d2g:Solid ;
    d2g:source <http://example.org/diagram/diagram/node/4> ;
    d2g:target <http://example.org/diagram/diagram/node/7> ;
    d2g:relationshipType d2g:Branches ;
    d2g:relationshipValue ""No"" .

<http://example.org/diagram/diagram/edge/56> a d2g:Edge, d2g:Solid ;
    d2g:source <http://example.org/diagram/diagram/node/5> ;
    d2g:target <http://example.org/diagram/diagram/node/6> ;
    d2g:relationshipType d2g:Follows .

<http://example.org/diagram/diagram/edge/67> a d2g:Edge, d2g:Solid ;
    d2g:source <http://example.org/diagram/diagram/node/6> ;
    d2g:target <http://example.org/diagram/diagram/node/7> ;
    d2g:relationshipType d2g:Follows .

<http://example.org/diagram/diagram/node/1> d2g:follows <http://example.org/diagram/diagram/node/2> .
<http://example.org/diagram/diagram/node/2> d2g:follows <http://example.org/diagram/diagram/node/3> .
<http://example.org/diagram/diagram/node/3> d2g:follows <http://example.org/diagram/diagram/node/4> .
<http://example.org/diagram/diagram/node/4> d2g:branches <http://example.org/diagram/diagram/node/5> .
<http://example.org/diagram/diagram/node/4> d2g:branches <http://example.org/diagram/diagram/node/7> .
<http://example.org/diagram/diagram/node/5> d2g:follows <http://example.org/diagram/diagram/node/6> .
<http://example.org/diagram/diagram/node/6> d2g:follows <http://example.org/diagram/diagram/node/7> .
",1.0,1.0
Extract RDF triples from this image (/kaggle/input/diagram2graph-dataset/diagram2graph/418.png),['/kaggle/input/diagram2graph-dataset/diagram2graph/418.png'],"@prefix d2g:  <http://example.org/diagram2graph#> .
@prefix rdfs: <http://www.w3.org/2000/01/rdf-schema#> .

<http://example.org/diagram/diagram/node/1> a d2g:Start, d2g:Node ;
    rdfs:label ""Begin"" ;
    d2g:shape d2g:StartEvent .

<http://example.org/diagram/diagram/node/2> a d2g:Process, d2g:Node ;
    rdfs:label ""Alarm Rings"" ;
    d2g:shape d2g:Task .

<http://example.org/diagram/diagram/node/3> a d2g:Decision, d2g:Node ;
    rdfs:label ""Ready to face the world?"" ;
    d2g:shape d2g:Gateway .

<http://example.org/diagram/diagram/node/4> a d2g:Process, d2g:Node ;
    rdfs:label ""Get Up"" ;
    d2g:shape d2g:Task .

<http://example.org/diagram/diagram/node/5> a d2g:Terminator, d2g:Node ;
    rdfs:label ""End"" ;
    d2g:shape d2g:EndEvent .

<http://example.org/diagram/diagram/node/6> a d2g:Delay, d2g:Node ;
    rdfs:label ""Ignore"" ;
    d2g:shape d2g:Delay .

<http://example.org/diagram/diagram/node/7> a d2g:Process, d2g:Node ;
    rdfs:label ""Hit SNOOZE"" ;
    d2g:shape d2g:Task .

<http://example.org/diagram/diagram/edge/12> a d2g:Edge, d2g:Solid ;
    d2g:source <http://example.org/diagram/diagram/node/1> ;
    d2g:target <http://example.org/diagram/diagram/node/2> ;
    d2g:relationshipType d2g:Follows .

<http://example.org/diagram/diagram/edge/23> a d2g:Edge, d2g:Solid ;
    d2g:source <http://example.org/diagram/diagram/node/2> ;
    d2g:target <http://example.org/diagram/diagram/node/3> ;
    d2g:relationshipType d2g:Follows .

<http://example.org/diagram/diagram/edge/34> a d2g:Edge, d2g:Solid ;
    d2g:source <http://example.org/diagram/diagram/node/3> ;
    d2g:target <http://example.org/diagram/diagram/node/4> ;
    d2g:relationshipType d2g:Branches ;
    d2g:relationshipValue ""Yes"" .

<http://example.org/diagram/diagram/edge/37> a d2g:Edge, d2g:Solid ;
    d2g:source <http://example.org/diagram/diagram/node/3> ;
    d2g:target <http://example.org/diagram/diagram/node/7> ;
    d2g:relationshipType d2g:Branches ;
    d2g:relationshipValue ""No"" .

<http://example.org/diagram/diagram/edge/45> a d2g:Edge, d2g:Solid ;
    d2g:source <http://example.org/diagram/diagram/node/4> ;
    d2g:target <http://example.org/diagram/diagram/node/5> ;
    d2g:relationshipType d2g:Follows .

<http://example.org/diagram/diagram/edge/76> a d2g:Edge, d2g:Solid ;
    d2g:source <http://example.org/diagram/diagram/node/7> ;
    d2g:target <http://example.org/diagram/diagram/node/6> ;
    d2g:relationshipType d2g:Follows .

<http://example.org/diagram/diagram/edge/62> a d2g:Edge, d2g:Solid ;
    d2g:source <http://example.org/diagram/diagram/node/6> ;
    d2g:target <http://example.org/diagram/diagram/node/2> ;
    d2g:relationshipType d2g:Follows .

<http://example.org/diagram/diagram/node/1> d2g:follows <http://example.org/diagram/diagram/node/2> .
<http://example.org/diagram/diagram/node/2> d2g:follows <http://example.org/diagram/diagram/node/3> .
<http://example.org/diagram/diagram/node/3> d2g:branches <http://example.org/diagram/diagram/node/4> .
<http://example.org/diagram/diagram/node/3> d2g:branches <http://example.org/diagram/diagram/node/7> .
<http://example.org/diagram/diagram/node/4> d2g:follows <http://example.org/diagram/diagram/node/5> .
<http://example.org/diagram/diagram/node/7> d2g:follows <http://example.org/diagram/diagram/node/6> .
<http://example.org/diagram/diagram/node/6> d2g:follows <http://example.org/diagram/diagram/node/2> .
",1.0,1.0
Extract RDF triples from this image (/kaggle/input/diagram2graph-dataset/diagram2graph/428.png),['/kaggle/input/diagram2graph-dataset/diagram2graph/428.png'],"@prefix d2g:  <http://example.org/diagram2graph#> .
@prefix rdfs: <http://www.w3.org/2000/01/rdf-schema#> .

<http://example.org/diagram/diagram/node/1> a d2g:Start, d2g:Node ;
    rdfs:label ""START"" ;
    d2g:shape d2g:StartEvent .

<http://example.org/diagram/diagram/node/2> a d2g:Process, d2g:Node ;
    rdfs:label ""Input A,B,C"" ;
    d2g:shape d2g:Task .

<http://example.org/diagram/diagram/node/3> a d2g:Decision, d2g:Node ;
    rdfs:label ""IS B>C?"" ;
    d2g:shape d2g:Gateway .

<http://example.org/diagram/diagram/node/4> a d2g:Decision, d2g:Node ;
    rdfs:label ""IS A>B?"" ;
    d2g:shape d2g:Gateway .

<http://example.org/diagram/diagram/node/5> a d2g:Decision, d2g:Node ;
    rdfs:label ""IS A>C?"" ;
    d2g:shape d2g:Gateway .

<http://example.org/diagram/diagram/node/6> a d2g:Process, d2g:Node ;
    rdfs:label ""PRINT B"" ;
    d2g:shape d2g:Task .

<http://example.org/diagram/diagram/node/7> a d2g:Process, d2g:Node ;
    rdfs:label ""PRINT C"" ;
    d2g:shape d2g:Task .

<http://example.org/diagram/diagram/node/8> a d2g:Process, d2g:Node ;
    rdfs:label ""PRINT A"" ;
    d2g:shape d2g:Task .

<http://example.org/diagram/diagram/node/9> a d2g:Terminator, d2g:Node ;
    rdfs:label ""Stop"" ;
    d2g:shape d2g:EndEvent .

<http://example.org/diagram/diagram/edge/12> a d2g:Edge, d2g:Solid ;
    d2g:source <http://example.org/diagram/diagram/node/1> ;
    d2g:target <http://example.org/diagram/diagram/node/2> ;
    d2g:relationshipType d2g:Follows .

<http://example.org/diagram/diagram/edge/23> a d2g:Edge, d2g:Solid ;
    d2g:source <http://example.org/diagram/diagram/node/2> ;
    d2g:target <http://example.org/diagram/diagram/node/3> ;
    d2g:relationshipType d2g:Follows .

<http://example.org/diagram/diagram/edge/36> a d2g:Edge, d2g:Solid ;
    d2g:source <http://example.org/diagram/diagram/node/3> ;
    d2g:target <http://example.org/diagram/diagram/node/6> ;
    d2g:relationshipType d2g:Branches ;
    d2g:relationshipValue ""YES"" .

<http://example.org/diagram/diagram/edge/34> a d2g:Edge, d2g:Solid ;
    d2g:source <http://example.org/diagram/diagram/node/3> ;
    d2g:target <http://example.org/diagram/diagram/node/4> ;
    d2g:relationshipType d2g:Branches ;
    d2g:relationshipValue ""NO"" .

<http://example.org/diagram/diagram/edge/45> a d2g:Edge, d2g:Solid ;
    d2g:source <http://example.org/diagram/diagram/node/4> ;
    d2g:target <http://example.org/diagram/diagram/node/5> ;
    d2g:relationshipType d2g:Branches ;
    d2g:relationshipValue ""YES"" .

<http://example.org/diagram/diagram/edge/47> a d2g:Edge, d2g:Solid ;
    d2g:source <http://example.org/diagram/diagram/node/4> ;
    d2g:target <http://example.org/diagram/diagram/node/7> ;
    d2g:relationshipType d2g:Branches ;
    d2g:relationshipValue ""NO"" .

<http://example.org/diagram/diagram/edge/57> a d2g:Edge, d2g:Solid ;
    d2g:source <http://example.org/diagram/diagram/node/5> ;
    d2g:target <http://example.org/diagram/diagram/node/7> ;
    d2g:relationshipType d2g:Branches ;
    d2g:relationshipValue ""NO"" .

<http://example.org/diagram/diagram/edge/58> a d2g:Edge, d2g:Solid ;
    d2g:source <http://example.org/diagram/diagram/node/5> ;
    d2g:target <http://example.org/diagram/diagram/node/8> ;
    d2g:relationshipType d2g:Branches ;
    d2g:relationshipValue ""YES"" .

<http://example.org/diagram/diagram/edge/69> a d2g:Edge, d2g:Solid ;
    d2g:source <http://example.org/diagram/diagram/node/6> ;
    d2g:target <http://example.org/diagram/diagram/node/9> ;
    d2g:relationshipType d2g:Follows .

<http://example.org/diagram/diagram/edge/79> a d2g:Edge, d2g:Solid ;
    d2g:source <http://example.org/diagram/diagram/node/7> ;
    d2g:target <http://example.org/diagram/diagram/node/9> ;
    d2g:relationshipType d2g:Follows .

<http://example.org/diagram/diagram/edge/89> a d2g:Edge, d2g:Solid ;
    d2g:source <http://example.org/diagram/diagram/node/8> ;
    d2g:target <http://example.org/diagram/diagram/node/9> ;
    d2g:relationshipType d2g:Follows .

<http://example.org/diagram/diagram/node/1> d2g:follows <http://example.org/diagram/diagram/node/2> .
<http://example.org/diagram/diagram/node/2> d2g:follows <http://example.org/diagram/diagram/node/3> .
<http://example.org/diagram/diagram/node/3> d2g:branches <http://example.org/diagram/diagram/node/6> .
<http://example.org/diagram/diagram/node/3> d2g:branches <http://example.org/diagram/diagram/node/4> .
<http://example.org/diagram/diagram/node/4> d2g:branches <http://example.org/diagram/diagram/node/5> .
<http://example.org/diagram/diagram/node/4> d2g:branches <http://example.org/diagram/diagram/node/7> .
<http://example.org/diagram/diagram/node/5> d2g:branches <http://example.org/diagram/diagram/node/7> .
<http://example.org/diagram/diagram/node/5> d2g:branches <http://example.org/diagram/diagram/node/8> .
<http://example.org/diagram/diagram/node/6> d2g:follows <http://example.org/diagram/diagram/node/9> .
<http://example.org/diagram/diagram/node/7> d2g:follows <http://example.org/diagram/diagram/node/9> .
<http://example.org/diagram/diagram/node/8> d2g:follows <http://example.org/diagram/diagram/node/9> .
",0.0,1.0
Extract RDF triples from this image (/kaggle/input/diagram2graph-dataset/diagram2graph/429.png),['/kaggle/input/diagram2graph-dataset/diagram2graph/429.png'],"@prefix d2g:  <http://example.org/diagram2graph#> .
@prefix rdfs: <http://www.w3.org/2000/01/rdf-schema#> .

<http://example.org/diagram/diagram/node/1> a d2g:Start, d2g:Node ;
    rdfs:label ""Begin"" ;
    d2g:shape d2g:StartEvent .

<http://example.org/diagram/diagram/node/2> a d2g:Process, d2g:Node ;
    rdfs:label ""READ N"" ;
    d2g:shape d2g:Task .

<http://example.org/diagram/diagram/node/3> a d2g:Process, d2g:Node ;
    rdfs:label ""M = 1"" ;
    d2g:shape d2g:Task .

<http://example.org/diagram/diagram/node/4> a d2g:Process, d2g:Node ;
    rdfs:label ""F = 1"" ;
    d2g:shape d2g:Task .

<http://example.org/diagram/diagram/node/5> a d2g:Process, d2g:Node ;
    rdfs:label ""F = F * M"" ;
    d2g:shape d2g:Task .

<http://example.org/diagram/diagram/node/6> a d2g:Decision, d2g:Node ;
    rdfs:label ""M = N?"" ;
    d2g:shape d2g:Gateway .

<http://example.org/diagram/diagram/node/7> a d2g:Process, d2g:Node ;
    rdfs:label ""M = M + 1"" ;
    d2g:shape d2g:Task .

<http://example.org/diagram/diagram/node/8> a d2g:Process, d2g:Node ;
    rdfs:label ""PRINT F"" ;
    d2g:shape d2g:Task .

<http://example.org/diagram/diagram/edge/12> a d2g:Edge, d2g:Solid ;
    d2g:source <http://example.org/diagram/diagram/node/1> ;
    d2g:target <http://example.org/diagram/diagram/node/2> ;
    d2g:relationshipType d2g:Follows .

<http://example.org/diagram/diagram/edge/23> a d2g:Edge, d2g:Solid ;
    d2g:source <http://example.org/diagram/diagram/node/2> ;
    d2g:target <http://example.org/diagram/diagram/node/3> ;
    d2g:relationshipType d2g:Follows .

<http://example.org/diagram/diagram/edge/34> a d2g:Edge, d2g:Solid ;
    d2g:source <http://example.org/diagram/diagram/node/3> ;
    d2g:target <http://example.org/diagram/diagram/node/4> ;
    d2g:relationshipType d2g:Follows .

<http://example.org/diagram/diagram/edge/45> a d2g:Edge, d2g:Solid ;
    d2g:source <http://example.org/diagram/diagram/node/4> ;
    d2g:target <http://example.org/diagram/diagram/node/5> ;
    d2g:relationshipType d2g:Follows .

<http://example.org/diagram/diagram/edge/56> a d2g:Edge, d2g:Solid ;
    d2g:source <http://example.org/diagram/diagram/node/5> ;
    d2g:target <http://example.org/diagram/diagram/node/6> ;
    d2g:relationshipType d2g:Follows .

<http://example.org/diagram/diagram/edge/67> a d2g:Edge, d2g:Solid ;
    d2g:source <http://example.org/diagram/diagram/node/6> ;
    d2g:target <http://example.org/diagram/diagram/node/7> ;
    d2g:relationshipType d2g:Branches ;
    d2g:relationshipValue ""NO"" .

<http://example.org/diagram/diagram/edge/75> a d2g:Edge, d2g:Solid ;
    d2g:source <http://example.org/diagram/diagram/node/7> ;
    d2g:target <http://example.org/diagram/diagram/node/5> ;
    d2g:relationshipType d2g:Follows .

<http://example.org/diagram/diagram/edge/68> a d2g:Edge, d2g:Solid ;
    d2g:source <http://example.org/diagram/diagram/node/6> ;
    d2g:target <http://example.org/diagram/diagram/node/8> ;
    d2g:relationshipType d2g:Branches ;
    d2g:relationshipValue ""YES"" .

<http://example.org/diagram/diagram/node/1> d2g:follows <http://example.org/diagram/diagram/node/2> .
<http://example.org/diagram/diagram/node/2> d2g:follows <http://example.org/diagram/diagram/node/3> .
<http://example.org/diagram/diagram/node/3> d2g:follows <http://example.org/diagram/diagram/node/4> .
<http://example.org/diagram/diagram/node/4> d2g:follows <http://example.org/diagram/diagram/node/5> .
<http://example.org/diagram/diagram/node/5> d2g:follows <http://example.org/diagram/diagram/node/6> .
<http://example.org/diagram/diagram/node/6> d2g:branches <http://example.org/diagram/diagram/node/7> .
<http://example.org/diagram/diagram/node/7> d2g:follows <http://example.org/diagram/diagram/node/5> .
<http://example.org/diagram/diagram/node/6> d2g:branches <http://example.org/diagram/diagram/node/8> .
",1.0,1.0
Extract RDF triples from this image (/kaggle/input/diagram2graph-dataset/diagram2graph/432.png),['/kaggle/input/diagram2graph-dataset/diagram2graph/432.png'],"@prefix d2g: <http://example.org/diagram2graph#> .
@prefix rdfs: <http://www.w3.org/2000/01/rdf-schema#> .

<http://example.org/diagram/diagram/node/1> a d2g:Node, d2g:Start ;
    rdfs:label ""Begin"" ;
    d2g:shape d2g:StartEvent .

<http://example.org/diagram/diagram/node/2> a d2g:Node, d2g:Process ;
    rdfs:label ""Total patients"" ;
    d2g:shape d2g:Task .

<http://example.org/diagram/diagram/node/3> a d2g:Node, d2g:Process ;
    rdfs:label ""Serious patients"" ;
    d2g:shape d2g:Task .

<http://example.org/diagram/diagram/node/4> a d2g:Node, d2g:Process ;
    rdfs:label ""Operation needed"" ;
    d2g:shape d2g:Task .

<http://example.org/diagram/diagram/node/5> a d2g:Node, d2g:Process ;
    rdfs:label ""Doctor needed"" ;
    d2g:shape d2g:Task .

<http://example.org/diagram/diagram/node/6> a d2g:Node, d2g:Process ;
    rdfs:label ""No operation needed"" ;
    d2g:shape d2g:Task .

<http://example.org/diagram/diagram/node/7> a d2g:Node, d2g:Process ;
    rdfs:label ""PACC Group"" ;
    d2g:shape d2g:Task .

<http://example.org/diagram/diagram/node/8> a d2g:Node, d2g:Process ;
    rdfs:label ""Get well soon"" ;
    d2g:shape d2g:Task .

<http://example.org/diagram/diagram/edge/12> a d2g:Edge, d2g:Solid ;
    d2g:source <http://example.org/diagram/diagram/node/1> ;
    d2g:target <http://example.org/diagram/diagram/node/2> ;
    d2g:relationshipType d2g:Follows .

<http://example.org/diagram/diagram/edge/23> a d2g:Edge, d2g:Solid ;
    d2g:source <http://example.org/diagram/diagram/node/2> ;
    d2g:target <http://example.org/diagram/diagram/node/3> ;
    d2g:relationshipType d2g:Follows .

<http://example.org/diagram/diagram/edge/34> a d2g:Edge, d2g:Solid ;
    d2g:source <http://example.org/diagram/diagram/node/3> ;
    d2g:target <http://example.org/diagram/diagram/node/4> ;
    d2g:relationshipType d2g:Follows .

<http://example.org/diagram/diagram/edge/35> a d2g:Edge, d2g:Solid ;
    d2g:source <http://example.org/diagram/diagram/node/3> ;
    d2g:target <http://example.org/diagram/diagram/node/5> ;
    d2g:relationshipType d2g:Follows .

<http://example.org/diagram/diagram/edge/36> a d2g:Edge, d2g:Solid ;
    d2g:source <http://example.org/diagram/diagram/node/3> ;
    d2g:target <http://example.org/diagram/diagram/node/6> ;
    d2g:relationshipType d2g:Follows .

<http://example.org/diagram/diagram/edge/47> a d2g:Edge, d2g:Solid ;
    d2g:source <http://example.org/diagram/diagram/node/4> ;
    d2g:target <http://example.org/diagram/diagram/node/7> ;
    d2g:relationshipType d2g:Follows .

<http://example.org/diagram/diagram/edge/58> a d2g:Edge, d2g:Solid ;
    d2g:source <http://example.org/diagram/diagram/node/5> ;
    d2g:target <http://example.org/diagram/diagram/node/8> ;
    d2g:relationshipType d2g:Follows .

<http://example.org/diagram/diagram/edge/68> a d2g:Edge, d2g:Solid ;
    d2g:source <http://example.org/diagram/diagram/node/6> ;
    d2g:target <http://example.org/diagram/diagram/node/8> ;
    d2g:relationshipType d2g:Follows .

<http://example.org/diagram/diagram/node/1> d2g:follows <http://example.org/diagram/diagram/node/2> .
<http://example.org/diagram/diagram/node/2> d2g:follows <http://example.org/diagram/diagram/node/3> .
<http://example.org/diagram/diagram/node/3> d2g:follows <http://example.org/diagram/diagram/node/4> .
<http://example.org/diagram/diagram/node/3> d2g:follows <http://example.org/diagram/diagram/node/5> .
<http://example.org/diagram/diagram/node/3> d2g:follows <http://example.org/diagram/diagram/node/6> .
<http://example.org/diagram/diagram/node/4> d2g:follows <http://example.org/diagram/diagram/node/7> .
<http://example.org/diagram/diagram/node/5> d2g:follows <http://example.org/diagram/diagram/node/8> .
<http://example.org/diagram/diagram/node/6> d2g:follows <http://example.org/diagram/diagram/node/8> .
",0.0,1.0
Extract RDF triples from this image (/kaggle/input/diagram2graph-dataset/diagram2graph/433.png),['/kaggle/input/diagram2graph-dataset/diagram2graph/433.png'],"@prefix d2g:  <http://example.org/diagram2graph#> .
@prefix rdfs: <http://www.w3.org/2000/01/rdf-schema#> .

<http://example.org/diagram/diagram/node/1> a d2g:Start, d2g:Node ;
    rdfs:label ""Begin"" ;
    d2g:shape d2g:StartEvent .

<http://example.org/diagram/diagram/node/2> a d2g:Process, d2g:Node ;
    rdfs:label ""Input Data"" ;
    d2g:shape d2g:Task .

<http://example.org/diagram/diagram/node/3> a d2g:Process, d2g:Node ;
    rdfs:label ""Looking for Entropy"" ;
    d2g:shape d2g:Task .

<http://example.org/diagram/diagram/node/4> a d2g:Process, d2g:Node ;
    rdfs:label ""Gain"" ;
    d2g:shape d2g:Task .

<http://example.org/diagram/diagram/node/5> a d2g:Process, d2g:Node ;
    rdfs:label ""Highest Gain"" ;
    d2g:shape d2g:Task .

<http://example.org/diagram/diagram/node/6> a d2g:Process, d2g:Node ;
    rdfs:label ""Creating a Node Branch"" ;
    d2g:shape d2g:Task .

<http://example.org/diagram/diagram/node/7> a d2g:Decision, d2g:Node ;
    rdfs:label ""Finished"" ;
    d2g:shape d2g:Gateway .

<http://example.org/diagram/diagram/node/8> a d2g:Terminator, d2g:Node ;
    rdfs:label ""Stop"" ;
    d2g:shape d2g:EndEvent .

<http://example.org/diagram/diagram/edge/12> a d2g:Edge, d2g:Solid ;
    d2g:source <http://example.org/diagram/diagram/node/1> ;
    d2g:target <http://example.org/diagram/diagram/node/2> ;
    d2g:relationshipType d2g:Follows .

<http://example.org/diagram/diagram/edge/23> a d2g:Edge, d2g:Solid ;
    d2g:source <http://example.org/diagram/diagram/node/2> ;
    d2g:target <http://example.org/diagram/diagram/node/3> ;
    d2g:relationshipType d2g:Follows .

<http://example.org/diagram/diagram/edge/34> a d2g:Edge, d2g:Solid ;
    d2g:source <http://example.org/diagram/diagram/node/3> ;
    d2g:target <http://example.org/diagram/diagram/node/4> ;
    d2g:relationshipType d2g:Follows .

<http://example.org/diagram/diagram/edge/45> a d2g:Edge, d2g:Solid ;
    d2g:source <http://example.org/diagram/diagram/node/4> ;
    d2g:target <http://example.org/diagram/diagram/node/5> ;
    d2g:relationshipType d2g:Follows .

<http://example.org/diagram/diagram/edge/56> a d2g:Edge, d2g:Solid ;
    d2g:source <http://example.org/diagram/diagram/node/5> ;
    d2g:target <http://example.org/diagram/diagram/node/6> ;
    d2g:relationshipType d2g:Follows .

<http://example.org/diagram/diagram/edge/67> a d2g:Edge, d2g:Solid ;
    d2g:source <http://example.org/diagram/diagram/node/6> ;
    d2g:target <http://example.org/diagram/diagram/node/7> ;
    d2g:relationshipType d2g:Follows .

<http://example.org/diagram/diagram/edge/78> a d2g:Edge, d2g:Solid ;
    d2g:source <http://example.org/diagram/diagram/node/7> ;
    d2g:target <http://example.org/diagram/diagram/node/8> ;
    d2g:relationshipType d2g:Branches ;
    d2g:relationshipValue ""Yes"" .

<http://example.org/diagram/diagram/edge/73> a d2g:Edge, d2g:Solid ;
    d2g:source <http://example.org/diagram/diagram/node/7> ;
    d2g:target <http://example.org/diagram/diagram/node/3> ;
    d2g:relationshipType d2g:Branches ;
    d2g:relationshipValue ""No"" .

<http://example.org/diagram/diagram/node/1> d2g:follows <http://example.org/diagram/diagram/node/2> .
<http://example.org/diagram/diagram/node/2> d2g:follows <http://example.org/diagram/diagram/node/3> .
<http://example.org/diagram/diagram/node/3> d2g:follows <http://example.org/diagram/diagram/node/4> .
<http://example.org/diagram/diagram/node/4> d2g:follows <http://example.org/diagram/diagram/node/5> .
<http://example.org/diagram/diagram/node/5> d2g:follows <http://example.org/diagram/diagram/node/6> .
<http://example.org/diagram/diagram/node/6> d2g:follows <http://example.org/diagram/diagram/node/7> .
<http://example.org/diagram/diagram/node/7> d2g:branches <http://example.org/diagram/diagram/node/8> .
<http://example.org/diagram/diagram/node/7> d2g:branches <http://example.org/diagram/diagram/node/3> .
",1.0,1.0
Extract RDF triples from this image (/kaggle/input/diagram2graph-dataset/diagram2graph/44.png),['/kaggle/input/diagram2graph-dataset/diagram2graph/44.png'],"@prefix d2g: <http://example.org/diagram2graph#> .
@prefix rdfs: <http://www.w3.org/2000/01/rdf-schema#> .

<http://example.org/diagram/diagram/node/1> a d2g:Start, d2g:Node ;
    rdfs:label ""Begin"" ;
    d2g:shape d2g:StartEvent .

<http://example.org/diagram/diagram/node/2> a d2g:Process, d2g:Node ;
    rdfs:label ""This is an example of flow chart symbols."" ;
    d2g:shape d2g:Task .

<http://example.org/diagram/diagram/node/3> a d2g:Process, d2g:Node ;
    rdfs:label ""num1\nnum2"" ;
    d2g:shape d2g:Task .

<http://example.org/diagram/diagram/node/4> a d2g:Decision, d2g:Node ;
    rdfs:label ""num1 > num2"" ;
    d2g:shape d2g:Gateway .

<http://example.org/diagram/diagram/node/5> a d2g:Process, d2g:Node ;
    rdfs:label ""Update"" ;
    d2g:shape d2g:Task .

<http://example.org/diagram/diagram/node/6> a d2g:Process, d2g:Node ;
    rdfs:label ""num1++\nnum2--"" ;
    d2g:shape d2g:Task .

<http://example.org/diagram/diagram/node/7> a d2g:Process, d2g:Node ;
    rdfs:label """" ;
    d2g:shape d2g:Task .

<http://example.org/diagram/diagram/node/8> a d2g:Process, d2g:Node ;
    rdfs:label ""Display: num1, num2"" ;
    d2g:shape d2g:Task .

<http://example.org/diagram/diagram/node/9> a d2g:Terminator, d2g:Node ;
    rdfs:label ""End"" ;
    d2g:shape d2g:EndEvent .

<http://example.org/diagram/diagram/edge/12> a d2g:Edge, d2g:Solid ;
    d2g:source <http://example.org/diagram/diagram/node/1> ;
    d2g:target <http://example.org/diagram/diagram/node/2> ;
    d2g:relationshipType d2g:Follows .

<http://example.org/diagram/diagram/edge/23> a d2g:Edge, d2g:Solid ;
    d2g:source <http://example.org/diagram/diagram/node/2> ;
    d2g:target <http://example.org/diagram/diagram/node/3> ;
    d2g:relationshipType d2g:Follows .

<http://example.org/diagram/diagram/edge/34> a d2g:Edge, d2g:Solid ;
    d2g:source <http://example.org/diagram/diagram/node/3> ;
    d2g:target <http://example.org/diagram/diagram/node/4> ;
    d2g:relationshipType d2g:Follows .

<http://example.org/diagram/diagram/edge/45> a d2g:Edge, d2g:Solid ;
    d2g:source <http://example.org/diagram/diagram/node/4> ;
    d2g:target <http://example.org/diagram/diagram/node/5> ;
    d2g:relationshipType d2g:Branches ;
    d2g:relationshipValue ""True"" .

<http://example.org/diagram/diagram/edge/46> a d2g:Edge, d2g:Solid ;
    d2g:source <http://example.org/diagram/diagram/node/4> ;
    d2g:target <http://example.org/diagram/diagram/node/6> ;
    d2g:relationshipType d2g:Branches ;
    d2g:relationshipValue ""False"" .

<http://example.org/diagram/diagram/edge/57> a d2g:Edge, d2g:Solid ;
    d2g:source <http://example.org/diagram/diagram/node/5> ;
    d2g:target <http://example.org/diagram/diagram/node/7> ;
    d2g:relationshipType d2g:Follows .

<http://example.org/diagram/diagram/edge/67> a d2g:Edge, d2g:Solid ;
    d2g:source <http://example.org/diagram/diagram/node/6> ;
    d2g:target <http://example.org/diagram/diagram/node/7> ;
    d2g:relationshipType d2g:Follows .

<http://example.org/diagram/diagram/edge/78> a d2g:Edge, d2g:Solid ;
    d2g:source <http://example.org/diagram/diagram/node/7> ;
    d2g:target <http://example.org/diagram/diagram/node/8> ;
    d2g:relationshipType d2g:Follows .

<http://example.org/diagram/diagram/edge/89> a d2g:Edge, d2g:Solid ;
    d2g:source <http://example.org/diagram/diagram/node/8> ;
    d2g:target <http://example.org/diagram/diagram/node/9> ;
    d2g:relationshipType d2g:Follows .

<http://example.org/diagram/diagram/node/1> d2g:follows <http://example.org/diagram/diagram/node/2> .
<http://example.org/diagram/diagram/node/2> d2g:follows <http://example.org/diagram/diagram/node/3> .
<http://example.org/diagram/diagram/node/3> d2g:follows <http://example.org/diagram/diagram/node/4> .
<http://example.org/diagram/diagram/node/4> d2g:branches <http://example.org/diagram/diagram/node/5> .
<http://example.org/diagram/diagram/node/4> d2g:branches <http://example.org/diagram/diagram/node/6> .
<http://example.org/diagram/diagram/node/5> d2g:follows <http://example.org/diagram/diagram/node/7> .
<http://example.org/diagram/diagram/node/6> d2g:follows <http://example.org/diagram/diagram/node/7> .
<http://example.org/diagram/diagram/node/7> d2g:follows <http://example.org/diagram/diagram/node/8> .
<http://example.org/diagram/diagram/node/8> d2g:follows <http://example.org/diagram/diagram/node/9> .
",1.0,1.0
Extract RDF triples from this image (/kaggle/input/diagram2graph-dataset/diagram2graph/444.png),['/kaggle/input/diagram2graph-dataset/diagram2graph/444.png'],"@prefix d2g:  <http://example.org/diagram2graph#> .
@prefix rdfs: <http://www.w3.org/2000/01/rdf-schema#> .

<http://example.org/diagram/diagram/node/1> a d2g:Start, d2g:Node ;
    rdfs:label ""Begin"" ;
    d2g:shape d2g:StartEvent .

<http://example.org/diagram/diagram/node/2> a d2g:Process, d2g:Node ;
    rdfs:label ""Process step 1"" ;
    d2g:shape d2g:Task .

<http://example.org/diagram/diagram/node/3> a d2g:Decision, d2g:Node ;
    rdfs:label ""Decision?"" ;
    d2g:shape d2g:Gateway .

<http://example.org/diagram/diagram/node/4> a d2g:Process, d2g:Node ;
    rdfs:label ""Process step 2"" ;
    d2g:shape d2g:Task .

<http://example.org/diagram/diagram/node/5> a d2g:Terminator, d2g:Node ;
    rdfs:label ""A"" ;
    d2g:shape d2g:EndEvent .

<http://example.org/diagram/diagram/edge/12> a d2g:Edge, d2g:Solid ;
    d2g:source <http://example.org/diagram/diagram/node/1> ;
    d2g:target <http://example.org/diagram/diagram/node/2> ;
    d2g:relationshipType d2g:Follows .

<http://example.org/diagram/diagram/edge/23> a d2g:Edge, d2g:Solid ;
    d2g:source <http://example.org/diagram/diagram/node/2> ;
    d2g:target <http://example.org/diagram/diagram/node/3> ;
    d2g:relationshipType d2g:Follows .

<http://example.org/diagram/diagram/edge/32> a d2g:Edge, d2g:Solid ;
    d2g:source <http://example.org/diagram/diagram/node/3> ;
    d2g:target <http://example.org/diagram/diagram/node/2> ;
    d2g:relationshipType d2g:Branches ;
    d2g:relationshipValue ""Choice 2"" .

<http://example.org/diagram/diagram/edge/34> a d2g:Edge, d2g:Solid ;
    d2g:source <http://example.org/diagram/diagram/node/3> ;
    d2g:target <http://example.org/diagram/diagram/node/4> ;
    d2g:relationshipType d2g:Branches ;
    d2g:relationshipValue ""Choice 1"" .

<http://example.org/diagram/diagram/edge/45> a d2g:Edge, d2g:Solid ;
    d2g:source <http://example.org/diagram/diagram/node/4> ;
    d2g:target <http://example.org/diagram/diagram/node/5> ;
    d2g:relationshipType d2g:Follows .

<http://example.org/diagram/diagram/node/1> d2g:follows <http://example.org/diagram/diagram/node/2> .
<http://example.org/diagram/diagram/node/2> d2g:follows <http://example.org/diagram/diagram/node/3> .
<http://example.org/diagram/diagram/node/3> d2g:branches <http://example.org/diagram/diagram/node/2> .
<http://example.org/diagram/diagram/node/3> d2g:branches <http://example.org/diagram/diagram/node/4> .
<http://example.org/diagram/diagram/node/4> d2g:follows <http://example.org/diagram/diagram/node/5> .
",0.0,1.0
Extract RDF triples from this image (/kaggle/input/diagram2graph-dataset/diagram2graph/446.png),['/kaggle/input/diagram2graph-dataset/diagram2graph/446.png'],"@prefix d2g: <http://example.org/diagram2graph#> .
@prefix rdfs: <http://www.w3.org/2000/01/rdf-schema#> .

<http://example.org/diagram/diagram/node/1> a d2g:Start, d2g:Node ;
    rdfs:label ""Begin"" ;
    d2g:shape d2g:StartEvent .

<http://example.org/diagram/diagram/node/2> a d2g:Process, d2g:Node ;
    rdfs:label ""Step 1"" ;
    d2g:shape d2g:Task .

<http://example.org/diagram/diagram/node/3> a d2g:Decision, d2g:Node ;
    rdfs:label ""Decision"" ;
    d2g:shape d2g:Gateway .

<http://example.org/diagram/diagram/node/4> a d2g:Process, d2g:Node ;
    rdfs:label ""Step 2"" ;
    d2g:shape d2g:Task .

<http://example.org/diagram/diagram/node/5> a d2g:Terminator, d2g:Node ;
    rdfs:label ""End"" ;
    d2g:shape d2g:EndEvent .

<http://example.org/diagram/diagram/edge/12> a d2g:Edge, d2g:Solid ;
    d2g:source <http://example.org/diagram/diagram/node/1> ;
    d2g:target <http://example.org/diagram/diagram/node/2> ;
    d2g:relationshipType d2g:Follows .

<http://example.org/diagram/diagram/edge/23> a d2g:Edge, d2g:Solid ;
    d2g:source <http://example.org/diagram/diagram/node/2> ;
    d2g:target <http://example.org/diagram/diagram/node/3> ;
    d2g:relationshipType d2g:Follows .

<http://example.org/diagram/diagram/edge/32> a d2g:Edge, d2g:Solid ;
    d2g:source <http://example.org/diagram/diagram/node/3> ;
    d2g:target <http://example.org/diagram/diagram/node/2> ;
    d2g:relationshipType d2g:Branches ;
    d2g:relationshipValue ""No"" .

<http://example.org/diagram/diagram/edge/34> a d2g:Edge, d2g:Solid ;
    d2g:source <http://example.org/diagram/diagram/node/3> ;
    d2g:target <http://example.org/diagram/diagram/node/4> ;
    d2g:relationshipType d2g:Branches ;
    d2g:relationshipValue ""Yes"" .

<http://example.org/diagram/diagram/edge/45> a d2g:Edge, d2g:Solid ;
    d2g:source <http://example.org/diagram/diagram/node/4> ;
    d2g:target <http://example.org/diagram/diagram/node/5> ;
    d2g:relationshipType d2g:Follows .

<http://example.org/diagram/diagram/node/1> d2g:follows <http://example.org/diagram/diagram/node/2> .
<http://example.org/diagram/diagram/node/2> d2g:follows <http://example.org/diagram/diagram/node/3> .
<http://example.org/diagram/diagram/node/3> d2g:branches <http://example.org/diagram/diagram/node/2> .
<http://example.org/diagram/diagram/node/3> d2g:branches <http://example.org/diagram/diagram/node/4> .
<http://example.org/diagram/diagram/node/4> d2g:follows <http://example.org/diagram/diagram/node/5> .
",0.0,1.0
Extract RDF triples from this image (/kaggle/input/diagram2graph-dataset/diagram2graph/45.png),['/kaggle/input/diagram2graph-dataset/diagram2graph/45.png'],"@prefix d2g:  <http://example.org/diagram2graph#> .
@prefix rdfs: <http://www.w3.org/2000/01/rdf-schema#> .

<http://example.org/diagram/diagram/node/1> a d2g:Start, d2g:Node ;
    rdfs:label ""Start"" ;
    d2g:shape d2g:StartEvent .

<http://example.org/diagram/diagram/node/2> a d2g:Process, d2g:Node ;
    rdfs:label ""Process 1"" ;
    d2g:shape d2g:Task .

<http://example.org/diagram/diagram/node/3> a d2g:Decision, d2g:Node ;
    rdfs:label ""Decision"" ;
    d2g:shape d2g:Gateway .

<http://example.org/diagram/diagram/node/4> a d2g:Process, d2g:Node ;
    rdfs:label ""Process 2"" ;
    d2g:shape d2g:Task .

<http://example.org/diagram/diagram/node/5> a d2g:Process, d2g:Node ;
    rdfs:label ""Process 3"" ;
    d2g:shape d2g:Task .

<http://example.org/diagram/diagram/node/6> a d2g:Terminator, d2g:Node ;
    rdfs:label ""Stop"" ;
    d2g:shape d2g:EndEvent .

<http://example.org/diagram/diagram/edge/12> a d2g:Edge, d2g:Solid ;
    d2g:source <http://example.org/diagram/diagram/node/1> ;
    d2g:target <http://example.org/diagram/diagram/node/2> ;
    d2g:relationshipType d2g:Follows .

<http://example.org/diagram/diagram/edge/23> a d2g:Edge, d2g:Solid ;
    d2g:source <http://example.org/diagram/diagram/node/2> ;
    d2g:target <http://example.org/diagram/diagram/node/3> ;
    d2g:relationshipType d2g:Follows .

<http://example.org/diagram/diagram/edge/34> a d2g:Edge, d2g:Solid ;
    d2g:source <http://example.org/diagram/diagram/node/3> ;
    d2g:target <http://example.org/diagram/diagram/node/4> ;
    d2g:relationshipType d2g:Branches ;
    d2g:relationshipValue ""No"" .

<http://example.org/diagram/diagram/edge/35> a d2g:Edge, d2g:Solid ;
    d2g:source <http://example.org/diagram/diagram/node/3> ;
    d2g:target <http://example.org/diagram/diagram/node/5> ;
    d2g:relationshipType d2g:Branches ;
    d2g:relationshipValue ""Yes"" .

<http://example.org/diagram/diagram/edge/42> a d2g:Edge, d2g:Solid ;
    d2g:source <http://example.org/diagram/diagram/node/4> ;
    d2g:target <http://example.org/diagram/diagram/node/2> ;
    d2g:relationshipType d2g:Follows .

<http://example.org/diagram/diagram/edge/56> a d2g:Edge, d2g:Solid ;
    d2g:source <http://example.org/diagram/diagram/node/5> ;
    d2g:target <http://example.org/diagram/diagram/node/6> ;
    d2g:relationshipType d2g:Follows .

<http://example.org/diagram/diagram/node/1> d2g:follows <http://example.org/diagram/diagram/node/2> .
<http://example.org/diagram/diagram/node/2> d2g:follows <http://example.org/diagram/diagram/node/3> .
<http://example.org/diagram/diagram/node/3> d2g:branches <http://example.org/diagram/diagram/node/4> .
<http://example.org/diagram/diagram/node/3> d2g:branches <http://example.org/diagram/diagram/node/5> .
<http://example.org/diagram/diagram/node/4> d2g:follows <http://example.org/diagram/diagram/node/2> .
<http://example.org/diagram/diagram/node/5> d2g:follows <http://example.org/diagram/diagram/node/6> .
",1.0,1.0
Extract RDF triples from this image (/kaggle/input/diagram2graph-dataset/diagram2graph/457.png),['/kaggle/input/diagram2graph-dataset/diagram2graph/457.png'],"@prefix d2g:  <http://example.org/diagram2graph#> .
@prefix rdfs: <http://www.w3.org/2000/01/rdf-schema#> .

<http://example.org/diagram/diagram/node/1> a d2g:Start, d2g:Node ;
    rdfs:label ""Begin"" ;
    d2g:shape d2g:StartEvent .

<http://example.org/diagram/diagram/node/2> a d2g:Decision, d2g:Node ;
    rdfs:label ""Has 5 attempts"" ;
    d2g:shape d2g:Gateway .

<http://example.org/diagram/diagram/node/3> a d2g:Process, d2g:Node ;
    rdfs:label ""Block"" ;
    d2g:shape d2g:Task .

<http://example.org/diagram/diagram/node/4> a d2g:Process, d2g:Node ;
    rdfs:label ""Login"" ;
    d2g:shape d2g:Task .

<http://example.org/diagram/diagram/node/5> a d2g:Process, d2g:Node ;
    rdfs:label ""Alert"" ;
    d2g:shape d2g:Task .

<http://example.org/diagram/diagram/node/6> a d2g:Decision, d2g:Node ;
    rdfs:label ""Authorized"" ;
    d2g:shape d2g:Gateway .

<http://example.org/diagram/diagram/node/7> a d2g:Process, d2g:Node ;
    rdfs:label ""Allow"" ;
    d2g:shape d2g:Task .

<http://example.org/diagram/diagram/node/8> a d2g:Terminator, d2g:Node ;
    rdfs:label ""Stop"" ;
    d2g:shape d2g:EndEvent .

<http://example.org/diagram/diagram/edge/12> a d2g:Edge, d2g:Solid ;
    d2g:source <http://example.org/diagram/diagram/node/1> ;
    d2g:target <http://example.org/diagram/diagram/node/2> ;
    d2g:relationshipType d2g:Follows .

<http://example.org/diagram/diagram/edge/23> a d2g:Edge, d2g:Solid ;
    d2g:source <http://example.org/diagram/diagram/node/2> ;
    d2g:target <http://example.org/diagram/diagram/node/3> ;
    d2g:relationshipType d2g:Branches ;
    d2g:relationshipValue ""Yes"" .

<http://example.org/diagram/diagram/edge/24> a d2g:Edge, d2g:Solid ;
    d2g:source <http://example.org/diagram/diagram/node/2> ;
    d2g:target <http://example.org/diagram/diagram/node/4> ;
    d2g:relationshipType d2g:Branches ;
    d2g:relationshipValue ""No"" .

<http://example.org/diagram/diagram/edge/35> a d2g:Edge, d2g:Solid ;
    d2g:source <http://example.org/diagram/diagram/node/3> ;
    d2g:target <http://example.org/diagram/diagram/node/5> ;
    d2g:relationshipType d2g:Follows .

<http://example.org/diagram/diagram/edge/46> a d2g:Edge, d2g:Solid ;
    d2g:source <http://example.org/diagram/diagram/node/4> ;
    d2g:target <http://example.org/diagram/diagram/node/6> ;
    d2g:relationshipType d2g:Follows .

<http://example.org/diagram/diagram/edge/58> a d2g:Edge, d2g:Solid ;
    d2g:source <http://example.org/diagram/diagram/node/5> ;
    d2g:target <http://example.org/diagram/diagram/node/8> ;
    d2g:relationshipType d2g:Follows .

<http://example.org/diagram/diagram/edge/67> a d2g:Edge, d2g:Solid ;
    d2g:source <http://example.org/diagram/diagram/node/6> ;
    d2g:target <http://example.org/diagram/diagram/node/7> ;
    d2g:relationshipType d2g:Branches ;
    d2g:relationshipValue ""Yes"" .

<http://example.org/diagram/diagram/edge/62> a d2g:Edge, d2g:Solid ;
    d2g:source <http://example.org/diagram/diagram/node/6> ;
    d2g:target <http://example.org/diagram/diagram/node/2> ;
    d2g:relationshipType d2g:Branches ;
    d2g:relationshipValue ""No"" .

<http://example.org/diagram/diagram/edge/78> a d2g:Edge, d2g:Solid ;
    d2g:source <http://example.org/diagram/diagram/node/7> ;
    d2g:target <http://example.org/diagram/diagram/node/8> ;
    d2g:relationshipType d2g:Follows .

<http://example.org/diagram/diagram/node/1> d2g:follows <http://example.org/diagram/diagram/node/2> .
<http://example.org/diagram/diagram/node/2> d2g:branches <http://example.org/diagram/diagram/node/3> .
<http://example.org/diagram/diagram/node/2> d2g:branches <http://example.org/diagram/diagram/node/4> .
<http://example.org/diagram/diagram/node/3> d2g:follows <http://example.org/diagram/diagram/node/5> .
<http://example.org/diagram/diagram/node/4> d2g:follows <http://example.org/diagram/diagram/node/6> .
<http://example.org/diagram/diagram/node/5> d2g:follows <http://example.org/diagram/diagram/node/8> .
<http://example.org/diagram/diagram/node/6> d2g:branches <http://example.org/diagram/diagram/node/7> .
<http://example.org/diagram/diagram/node/6> d2g:branches <http://example.org/diagram/diagram/node/2> .
<http://example.org/diagram/diagram/node/7> d2g:follows <http://example.org/diagram/diagram/node/8> .
",0.0,1.0
Extract RDF triples from this image (/kaggle/input/diagram2graph-dataset/diagram2graph/46.png),['/kaggle/input/diagram2graph-dataset/diagram2graph/46.png'],"@prefix d2g:  <http://example.org/diagram2graph#> .
@prefix rdfs: <http://www.w3.org/2000/01/rdf-schema#> .

<http://example.org/diagram/diagram/node/1> a d2g:Start, d2g:Node ;
    rdfs:label ""Start"" ;
    d2g:shape d2g:StartEvent .

<http://example.org/diagram/diagram/node/2> a d2g:Process, d2g:Node ;
    rdfs:label ""Step 1"" ;
    d2g:shape d2g:Task .

<http://example.org/diagram/diagram/node/3> a d2g:Decision, d2g:Node ;
    rdfs:label ""Decision"" ;
    d2g:shape d2g:Gateway .

<http://example.org/diagram/diagram/node/4> a d2g:Process, d2g:Node ;
    rdfs:label ""Update"" ;
    d2g:shape d2g:Task .

<http://example.org/diagram/diagram/node/5> a d2g:Terminator, d2g:Node ;
    rdfs:label ""End"" ;
    d2g:shape d2g:EndEvent .

<http://example.org/diagram/diagram/edge/12> a d2g:Edge, d2g:Solid ;
    d2g:source <http://example.org/diagram/diagram/node/1> ;
    d2g:target <http://example.org/diagram/diagram/node/2> ;
    d2g:relationshipType d2g:Follows .

<http://example.org/diagram/diagram/edge/23> a d2g:Edge, d2g:Solid ;
    d2g:source <http://example.org/diagram/diagram/node/2> ;
    d2g:target <http://example.org/diagram/diagram/node/3> ;
    d2g:relationshipType d2g:Follows .

<http://example.org/diagram/diagram/edge/35> a d2g:Edge, d2g:Solid ;
    d2g:source <http://example.org/diagram/diagram/node/3> ;
    d2g:target <http://example.org/diagram/diagram/node/5> ;
    d2g:relationshipType d2g:Branches ;
    d2g:relationshipValue ""Yes"" .

<http://example.org/diagram/diagram/edge/34> a d2g:Edge, d2g:Solid ;
    d2g:source <http://example.org/diagram/diagram/node/3> ;
    d2g:target <http://example.org/diagram/diagram/node/4> ;
    d2g:relationshipType d2g:Branches ;
    d2g:relationshipValue ""No"" .

<http://example.org/diagram/diagram/edge/42> a d2g:Edge, d2g:Solid ;
    d2g:source <http://example.org/diagram/diagram/node/4> ;
    d2g:target <http://example.org/diagram/diagram/node/2> ;
    d2g:relationshipType d2g:Follows .

<http://example.org/diagram/diagram/node/1> d2g:follows <http://example.org/diagram/diagram/node/2> .
<http://example.org/diagram/diagram/node/2> d2g:follows <http://example.org/diagram/diagram/node/3> .
<http://example.org/diagram/diagram/node/3> d2g:branches <http://example.org/diagram/diagram/node/5> .
<http://example.org/diagram/diagram/node/3> d2g:branches <http://example.org/diagram/diagram/node/4> .
<http://example.org/diagram/diagram/node/4> d2g:follows <http://example.org/diagram/diagram/node/2> .
",0.0,1.0
Extract RDF triples from this image (/kaggle/input/diagram2graph-dataset/diagram2graph/47.png),['/kaggle/input/diagram2graph-dataset/diagram2graph/47.png'],"@prefix d2g:  <http://example.org/diagram2graph#> .
@prefix rdfs: <http://www.w3.org/2000/01/rdf-schema#> .

<http://example.org/diagram/diagram/node/1> a d2g:Start, d2g:Node ;
    rdfs:label ""Begin"" ;
    d2g:shape d2g:StartEvent .

<http://example.org/diagram/diagram/node/2> a d2g:Process, d2g:Node ;
    rdfs:label ""Input length, width"" ;
    d2g:shape d2g:Task .

<http://example.org/diagram/diagram/node/3> a d2g:Process, d2g:Node ;
    rdfs:label ""Perimeter = 2 * (length + width)"" ;
    d2g:shape d2g:Task .

<http://example.org/diagram/diagram/node/4> a d2g:Process, d2g:Node ;
    rdfs:label ""Print output"" ;
    d2g:shape d2g:Task .

<http://example.org/diagram/diagram/node/5> a d2g:Terminator, d2g:Node ;
    rdfs:label ""Stop"" ;
    d2g:shape d2g:EndEvent .

<http://example.org/diagram/diagram/edge/12> a d2g:Edge, d2g:Solid ;
    d2g:source <http://example.org/diagram/diagram/node/1> ;
    d2g:target <http://example.org/diagram/diagram/node/2> ;
    d2g:relationshipType d2g:Follows .

<http://example.org/diagram/diagram/edge/23> a d2g:Edge, d2g:Solid ;
    d2g:source <http://example.org/diagram/diagram/node/2> ;
    d2g:target <http://example.org/diagram/diagram/node/3> ;
    d2g:relationshipType d2g:Follows .

<http://example.org/diagram/diagram/edge/34> a d2g:Edge, d2g:Solid ;
    d2g:source <http://example.org/diagram/diagram/node/3> ;
    d2g:target <http://example.org/diagram/diagram/node/4> ;
    d2g:relationshipType d2g:Follows .

<http://example.org/diagram/diagram/edge/45> a d2g:Edge, d2g:Solid ;
    d2g:source <http://example.org/diagram/diagram/node/4> ;
    d2g:target <http://example.org/diagram/diagram/node/5> ;
    d2g:relationshipType d2g:Follows .

<http://example.org/diagram/diagram/node/1> d2g:follows <http://example.org/diagram/diagram/node/2> .
<http://example.org/diagram/diagram/node/2> d2g:follows <http://example.org/diagram/diagram/node/3> .
<http://example.org/diagram/diagram/node/3> d2g:follows <http://example.org/diagram/diagram/node/4> .
<http://example.org/diagram/diagram/node/4> d2g:follows <http://example.org/diagram/diagram/node/5> .
",1.0,1.0
Extract RDF triples from this image (/kaggle/input/diagram2graph-dataset/diagram2graph/470.png),['/kaggle/input/diagram2graph-dataset/diagram2graph/470.png'],"@prefix d2g:  <http://example.org/diagram2graph#> .
@prefix rdfs: <http://www.w3.org/2000/01/rdf-schema#> .

<http://example.org/diagram/diagram/node/1> a d2g:Start, d2g:Node ;
    rdfs:label ""Begin"" ;
    d2g:shape d2g:StartEvent .

<http://example.org/diagram/diagram/node/2> a d2g:Process, d2g:Node ;
    rdfs:label ""Create a swarm of particles"" ;
    d2g:shape d2g:Task .

<http://example.org/diagram/diagram/node/3> a d2g:Process, d2g:Node ;
    rdfs:label ""Calculate each particle's fitness"" ;
    d2g:shape d2g:Task .

<http://example.org/diagram/diagram/node/4> a d2g:Process, d2g:Node ;
    rdfs:label ""Determine best value"" ;
    d2g:shape d2g:Task .

<http://example.org/diagram/diagram/node/5> a d2g:Process, d2g:Node ;
    rdfs:label ""Update Value"" ;
    d2g:shape d2g:Task .

<http://example.org/diagram/diagram/node/6> a d2g:Decision, d2g:Node ;
    rdfs:label ""Termination"" ;
    d2g:shape d2g:Gateway .

<http://example.org/diagram/diagram/node/7> a d2g:Terminator, d2g:Node ;
    rdfs:label ""End"" ;
    d2g:shape d2g:EndEvent .

<http://example.org/diagram/diagram/edge/12> a d2g:Edge, d2g:Solid ;
    d2g:source <http://example.org/diagram/diagram/node/1> ;
    d2g:target <http://example.org/diagram/diagram/node/2> ;
    d2g:relationshipType d2g:Follows .

<http://example.org/diagram/diagram/edge/23> a d2g:Edge, d2g:Solid ;
    d2g:source <http://example.org/diagram/diagram/node/2> ;
    d2g:target <http://example.org/diagram/diagram/node/3> ;
    d2g:relationshipType d2g:Follows .

<http://example.org/diagram/diagram/edge/34> a d2g:Edge, d2g:Solid ;
    d2g:source <http://example.org/diagram/diagram/node/3> ;
    d2g:target <http://example.org/diagram/diagram/node/4> ;
    d2g:relationshipType d2g:Follows .

<http://example.org/diagram/diagram/edge/45> a d2g:Edge, d2g:Solid ;
    d2g:source <http://example.org/diagram/diagram/node/4> ;
    d2g:target <http://example.org/diagram/diagram/node/5> ;
    d2g:relationshipType d2g:Follows .

<http://example.org/diagram/diagram/edge/56> a d2g:Edge, d2g:Solid ;
    d2g:source <http://example.org/diagram/diagram/node/5> ;
    d2g:target <http://example.org/diagram/diagram/node/6> ;
    d2g:relationshipType d2g:Follows .

<http://example.org/diagram/diagram/edge/67> a d2g:Edge, d2g:Solid ;
    d2g:source <http://example.org/diagram/diagram/node/6> ;
    d2g:target <http://example.org/diagram/diagram/node/7> ;
    d2g:relationshipType d2g:Branches ;
    d2g:relationshipValue ""Yes"" .

<http://example.org/diagram/diagram/edge/63> a d2g:Edge, d2g:Solid ;
    d2g:source <http://example.org/diagram/diagram/node/6> ;
    d2g:target <http://example.org/diagram/diagram/node/3> ;
    d2g:relationshipType d2g:Branches ;
    d2g:relationshipValue ""No"" .

<http://example.org/diagram/diagram/node/1> d2g:follows <http://example.org/diagram/diagram/node/2> .
<http://example.org/diagram/diagram/node/2> d2g:follows <http://example.org/diagram/diagram/node/3> .
<http://example.org/diagram/diagram/node/3> d2g:follows <http://example.org/diagram/diagram/node/4> .
<http://example.org/diagram/diagram/node/4> d2g:follows <http://example.org/diagram/diagram/node/5> .
<http://example.org/diagram/diagram/node/5> d2g:follows <http://example.org/diagram/diagram/node/6> .
<http://example.org/diagram/diagram/node/6> d2g:branches <http://example.org/diagram/diagram/node/7> .
<http://example.org/diagram/diagram/node/6> d2g:branches <http://example.org/diagram/diagram/node/3> .
",1.0,1.0
Extract RDF triples from this image (/kaggle/input/diagram2graph-dataset/diagram2graph/48.png),['/kaggle/input/diagram2graph-dataset/diagram2graph/48.png'],"@prefix d2g: <http://example.org/diagram2graph#> .
@prefix rdfs: <http://www.w3.org/2000/01/rdf-schema#> .

<http://example.org/diagram/diagram/node/1> a d2g:Node, d2g:Start ;
    rdfs:label ""START"" ;
    d2g:shape d2g:StartEvent .

<http://example.org/diagram/diagram/node/2> a d2g:Node, d2g:Process ;
    rdfs:label ""count = 1"" ;
    d2g:shape d2g:Task .

<http://example.org/diagram/diagram/node/3> a d2g:Node, d2g:Decision ;
    rdfs:label ""count <= 3"" ;
    d2g:shape d2g:Gateway .

<http://example.org/diagram/diagram/node/4> a d2g:Node, d2g:Process ;
    rdfs:label ""INPUT"" ;
    d2g:shape d2g:Task .

<http://example.org/diagram/diagram/node/5> a d2g:Node, d2g:Process ;
    rdfs:label ""p * n * r / 100"" ;
    d2g:shape d2g:Task .

<http://example.org/diagram/diagram/node/6> a d2g:Node, d2g:Process ;
    rdfs:label ""PRINT"" ;
    d2g:shape d2g:Task .

<http://example.org/diagram/diagram/node/7> a d2g:Node, d2g:Process ;
    rdfs:label ""count = count + 1"" ;
    d2g:shape d2g:Task .

<http://example.org/diagram/diagram/node/8> a d2g:Node, d2g:Terminator ;
    rdfs:label ""STOP"" ;
    d2g:shape d2g:EndEvent .

<http://example.org/diagram/diagram/edge/12> a d2g:Edge, d2g:Solid ;
    d2g:source <http://example.org/diagram/diagram/node/1> ;
    d2g:target <http://example.org/diagram/diagram/node/2> ;
    d2g:relationshipType d2g:Follows .

<http://example.org/diagram/diagram/edge/23> a d2g:Edge, d2g:Solid ;
    d2g:source <http://example.org/diagram/diagram/node/2> ;
    d2g:target <http://example.org/diagram/diagram/node/3> ;
    d2g:relationshipType d2g:Follows .

<http://example.org/diagram/diagram/edge/34> a d2g:Edge, d2g:Solid ;
    d2g:source <http://example.org/diagram/diagram/node/3> ;
    d2g:target <http://example.org/diagram/diagram/node/4> ;
    d2g:relationshipType d2g:Branches ;
    d2g:relationshipValue ""Yes"" .

<http://example.org/diagram/diagram/edge/38> a d2g:Edge, d2g:Solid ;
    d2g:source <http://example.org/diagram/diagram/node/3> ;
    d2g:target <http://example.org/diagram/diagram/node/8> ;
    d2g:relationshipType d2g:Branches ;
    d2g:relationshipValue ""No"" .

<http://example.org/diagram/diagram/edge/45> a d2g:Edge, d2g:Solid ;
    d2g:source <http://example.org/diagram/diagram/node/4> ;
    d2g:target <http://example.org/diagram/diagram/node/5> ;
    d2g:relationshipType d2g:Follows .

<http://example.org/diagram/diagram/edge/56> a d2g:Edge, d2g:Solid ;
    d2g:source <http://example.org/diagram/diagram/node/5> ;
    d2g:target <http://example.org/diagram/diagram/node/6> ;
    d2g:relationshipType d2g:Follows .

<http://example.org/diagram/diagram/edge/67> a d2g:Edge, d2g:Solid ;
    d2g:source <http://example.org/diagram/diagram/node/6> ;
    d2g:target <http://example.org/diagram/diagram/node/7> ;
    d2g:relationshipType d2g:Follows .

<http://example.org/diagram/diagram/edge/73> a d2g:Edge, d2g:Solid ;
    d2g:source <http://example.org/diagram/diagram/node/7> ;
    d2g:target <http://example.org/diagram/diagram/node/3> ;
    d2g:relationshipType d2g:Follows .

<http://example.org/diagram/diagram/node/1> d2g:follows <http://example.org/diagram/diagram/node/2> .
<http://example.org/diagram/diagram/node/2> d2g:follows <http://example.org/diagram/diagram/node/3> .
<http://example.org/diagram/diagram/node/3> d2g:branches <http://example.org/diagram/diagram/node/4> .
<http://example.org/diagram/diagram/node/3> d2g:branches <http://example.org/diagram/diagram/node/8> .
<http://example.org/diagram/diagram/node/4> d2g:follows <http://example.org/diagram/diagram/node/5> .
<http://example.org/diagram/diagram/node/5> d2g:follows <http://example.org/diagram/diagram/node/6> .
<http://example.org/diagram/diagram/node/6> d2g:follows <http://example.org/diagram/diagram/node/7> .
<http://example.org/diagram/diagram/node/7> d2g:follows <http://example.org/diagram/diagram/node/3> .
",1.0,1.0
Extract RDF triples from this image (/kaggle/input/diagram2graph-dataset/diagram2graph/49.png),['/kaggle/input/diagram2graph-dataset/diagram2graph/49.png'],"@prefix d2g:  <http://example.org/diagram2graph#> .
@prefix rdfs: <http://www.w3.org/2000/01/rdf-schema#> .

<http://example.org/diagram/diagram/node/1> a d2g:Node, d2g:Start ;
    rdfs:label ""Start"" ;
    d2g:shape d2g:StartEvent .

<http://example.org/diagram/diagram/node/2> a d2g:Node, d2g:Process ;
    rdfs:label ""Read P,R,N"" ;
    d2g:shape d2g:Task .

<http://example.org/diagram/diagram/node/3> a d2g:Node, d2g:Process ;
    rdfs:label ""Calculate\nI = (P * R * N) / 100"" ;
    d2g:shape d2g:Task .

<http://example.org/diagram/diagram/node/4> a d2g:Node, d2g:Process ;
    rdfs:label ""Print Output"" ;
    d2g:shape d2g:Task .

<http://example.org/diagram/diagram/node/5> a d2g:Node, d2g:Terminator ;
    rdfs:label ""Stop"" ;
    d2g:shape d2g:EndEvent .

<http://example.org/diagram/diagram/edge/12> a d2g:Edge, d2g:Solid ;
    d2g:source <http://example.org/diagram/diagram/node/1> ;
    d2g:target <http://example.org/diagram/diagram/node/2> ;
    d2g:relationshipType d2g:Follows .

<http://example.org/diagram/diagram/edge/23> a d2g:Edge, d2g:Solid ;
    d2g:source <http://example.org/diagram/diagram/node/2> ;
    d2g:target <http://example.org/diagram/diagram/node/3> ;
    d2g:relationshipType d2g:Follows .

<http://example.org/diagram/diagram/edge/34> a d2g:Edge, d2g:Solid ;
    d2g:source <http://example.org/diagram/diagram/node/3> ;
    d2g:target <http://example.org/diagram/diagram/node/4> ;
    d2g:relationshipType d2g:Follows .

<http://example.org/diagram/diagram/edge/45> a d2g:Edge, d2g:Solid ;
    d2g:source <http://example.org/diagram/diagram/node/4> ;
    d2g:target <http://example.org/diagram/diagram/node/5> ;
    d2g:relationshipType d2g:Follows .

<http://example.org/diagram/diagram/node/1> d2g:follows <http://example.org/diagram/diagram/node/2> .
<http://example.org/diagram/diagram/node/2> d2g:follows <http://example.org/diagram/diagram/node/3> .
<http://example.org/diagram/diagram/node/3> d2g:follows <http://example.org/diagram/diagram/node/4> .
<http://example.org/diagram/diagram/node/4> d2g:follows <http://example.org/diagram/diagram/node/5> .
",1.0,1.0
Extract RDF triples from this image (/kaggle/input/diagram2graph-dataset/diagram2graph/497.png),['/kaggle/input/diagram2graph-dataset/diagram2graph/497.png'],"@prefix d2g:  <http://example.org/diagram2graph#> .
@prefix rdfs: <http://www.w3.org/2000/01/rdf-schema#> .

<http://example.org/diagram/diagram/node/1> a d2g:Start, d2g:Node ;
    rdfs:label ""Begin"" ;
    d2g:shape d2g:StartEvent .

<http://example.org/diagram/diagram/node/2> a d2g:Decision, d2g:Node ;
    rdfs:label ""Do you want to do this?"" ;
    d2g:shape d2g:Gateway .

<http://example.org/diagram/diagram/node/3> a d2g:Process, d2g:Node ;
    rdfs:label ""Don't do it"" ;
    d2g:shape d2g:Task .

<http://example.org/diagram/diagram/node/4> a d2g:Decision, d2g:Node ;
    rdfs:label ""Will it likely end in disaster?"" ;
    d2g:shape d2g:Gateway .

<http://example.org/diagram/diagram/node/5> a d2g:Terminator, d2g:Node ;
    rdfs:label ""End"" ;
    d2g:shape d2g:EndEvent .

<http://example.org/diagram/diagram/node/6> a d2g:Process, d2g:Node ;
    rdfs:label ""Do it"" ;
    d2g:shape d2g:Task .

<http://example.org/diagram/diagram/node/7> a d2g:Decision, d2g:Node ;
    rdfs:label ""Good Movie?"" ;
    d2g:shape d2g:Gateway .

<http://example.org/diagram/diagram/node/8> a d2g:Terminator, d2g:Node ;
    rdfs:label ""End"" ;
    d2g:shape d2g:EndEvent .

<http://example.org/diagram/diagram/edge/12> a d2g:Edge, d2g:Solid ;
    d2g:source <http://example.org/diagram/diagram/node/1> ;
    d2g:target <http://example.org/diagram/diagram/node/2> ;
    d2g:relationshipType d2g:Follows .

<http://example.org/diagram/diagram/edge/23> a d2g:Edge, d2g:Solid ;
    d2g:source <http://example.org/diagram/diagram/node/2> ;
    d2g:target <http://example.org/diagram/diagram/node/3> ;
    d2g:relationshipType d2g:Branches ;
    d2g:relationshipValue ""No"" .

<http://example.org/diagram/diagram/edge/24> a d2g:Edge, d2g:Solid ;
    d2g:source <http://example.org/diagram/diagram/node/2> ;
    d2g:target <http://example.org/diagram/diagram/node/4> ;
    d2g:relationshipType d2g:Follows .

<http://example.org/diagram/diagram/edge/35> a d2g:Edge, d2g:Solid ;
    d2g:source <http://example.org/diagram/diagram/node/3> ;
    d2g:target <http://example.org/diagram/diagram/node/5> ;
    d2g:relationshipType d2g:Follows .

<http://example.org/diagram/diagram/edge/46> a d2g:Edge, d2g:Solid ;
    d2g:source <http://example.org/diagram/diagram/node/4> ;
    d2g:target <http://example.org/diagram/diagram/node/6> ;
    d2g:relationshipType d2g:Branches ;
    d2g:relationshipValue ""No"" .

<http://example.org/diagram/diagram/edge/47> a d2g:Edge, d2g:Solid ;
    d2g:source <http://example.org/diagram/diagram/node/4> ;
    d2g:target <http://example.org/diagram/diagram/node/7> ;
    d2g:relationshipType d2g:Branches ;
    d2g:relationshipValue ""Yes"" .

<http://example.org/diagram/diagram/edge/68> a d2g:Edge, d2g:Solid ;
    d2g:source <http://example.org/diagram/diagram/node/6> ;
    d2g:target <http://example.org/diagram/diagram/node/8> ;
    d2g:relationshipType d2g:Follows .

<http://example.org/diagram/diagram/edge/73> a d2g:Edge, d2g:Solid ;
    d2g:source <http://example.org/diagram/diagram/node/7> ;
    d2g:target <http://example.org/diagram/diagram/node/3> ;
    d2g:relationshipType d2g:Branches ;
    d2g:relationshipValue ""No"" .

<http://example.org/diagram/diagram/edge/76> a d2g:Edge, d2g:Solid ;
    d2g:source <http://example.org/diagram/diagram/node/7> ;
    d2g:target <http://example.org/diagram/diagram/node/6> ;
    d2g:relationshipType d2g:Branches ;
    d2g:relationshipValue ""Yes"" .

<http://example.org/diagram/diagram/node/1> d2g:follows <http://example.org/diagram/diagram/node/2> .
<http://example.org/diagram/diagram/node/2> d2g:branches <http://example.org/diagram/diagram/node/3> .
<http://example.org/diagram/diagram/node/2> d2g:follows <http://example.org/diagram/diagram/node/4> .
<http://example.org/diagram/diagram/node/3> d2g:follows <http://example.org/diagram/diagram/node/5> .
<http://example.org/diagram/diagram/node/4> d2g:branches <http://example.org/diagram/diagram/node/6> .
<http://example.org/diagram/diagram/node/4> d2g:branches <http://example.org/diagram/diagram/node/7> .
<http://example.org/diagram/diagram/node/6> d2g:follows <http://example.org/diagram/diagram/node/8> .
<http://example.org/diagram/diagram/node/7> d2g:branches <http://example.org/diagram/diagram/node/3> .
<http://example.org/diagram/diagram/node/7> d2g:branches <http://example.org/diagram/diagram/node/6> .
",1.0,1.0
Extract RDF triples from this image (/kaggle/input/diagram2graph-dataset/diagram2graph/498.png),['/kaggle/input/diagram2graph-dataset/diagram2graph/498.png'],"@prefix d2g:  <http://example.org/diagram2graph#> .
@prefix rdfs: <http://www.w3.org/2000/01/rdf-schema#> .

<http://example.org/diagram/diagram/node/1> a d2g:Start, d2g:Node ;
    rdfs:label ""Start"" ;
    d2g:shape d2g:StartEvent .

<http://example.org/diagram/diagram/node/2> a d2g:Process, d2g:Node ;
    rdfs:label ""Initialize"" ;
    d2g:shape d2g:Task .

<http://example.org/diagram/diagram/node/3> a d2g:Process, d2g:Node ;
    rdfs:label ""Average = (num1+num2)/2"" ;
    d2g:shape d2g:Task .

<http://example.org/diagram/diagram/node/4> a d2g:Process, d2g:Node ;
    rdfs:label ""Print Average"" ;
    d2g:shape d2g:Task .

<http://example.org/diagram/diagram/node/5> a d2g:Terminator, d2g:Node ;
    rdfs:label ""End"" ;
    d2g:shape d2g:EndEvent .

<http://example.org/diagram/diagram/edge/12> a d2g:Edge, d2g:Solid ;
    d2g:source <http://example.org/diagram/diagram/node/1> ;
    d2g:target <http://example.org/diagram/diagram/node/2> ;
    d2g:relationshipType d2g:Follows .

<http://example.org/diagram/diagram/edge/23> a d2g:Edge, d2g:Solid ;
    d2g:source <http://example.org/diagram/diagram/node/2> ;
    d2g:target <http://example.org/diagram/diagram/node/3> ;
    d2g:relationshipType d2g:Follows .

<http://example.org/diagram/diagram/edge/34> a d2g:Edge, d2g:Solid ;
    d2g:source <http://example.org/diagram/diagram/node/3> ;
    d2g:target <http://example.org/diagram/diagram/node/4> ;
    d2g:relationshipType d2g:Follows .

<http://example.org/diagram/diagram/edge/45> a d2g:Edge, d2g:Solid ;
    d2g:source <http://example.org/diagram/diagram/node/4> ;
    d2g:target <http://example.org/diagram/diagram/node/5> ;
    d2g:relationshipType d2g:Follows .

<http://example.org/diagram/diagram/node/1> d2g:follows <http://example.org/diagram/diagram/node/2> .
<http://example.org/diagram/diagram/node/2> d2g:follows <http://example.org/diagram/diagram/node/3> .
<http://example.org/diagram/diagram/node/3> d2g:follows <http://example.org/diagram/diagram/node/4> .
<http://example.org/diagram/diagram/node/4> d2g:follows <http://example.org/diagram/diagram/node/5> .
",1.0,1.0
Extract RDF triples from this image (/kaggle/input/diagram2graph-dataset/diagram2graph/52.png),['/kaggle/input/diagram2graph-dataset/diagram2graph/52.png'],"@prefix d2g: <http://example.org/diagram2graph#> .
@prefix rdfs: <http://www.w3.org/2000/01/rdf-schema#> .

<http://example.org/diagram/diagram/node/1> a d2g:Start, d2g:Node ;
    rdfs:label ""Begin"" ;
    d2g:shape d2g:StartEvent .

<http://example.org/diagram/diagram/node/2> a d2g:Process, d2g:Node ;
    rdfs:label ""count = 0"" ;
    d2g:shape d2g:Task .

<http://example.org/diagram/diagram/node/3> a d2g:Process, d2g:Node ;
    rdfs:label ""Print count"" ;
    d2g:shape d2g:Task .

<http://example.org/diagram/diagram/node/4> a d2g:Process, d2g:Node ;
    rdfs:label ""count = count + 1"" ;
    d2g:shape d2g:Task .

<http://example.org/diagram/diagram/node/5> a d2g:Decision, d2g:Node ;
    rdfs:label ""Is count < 10"" ;
    d2g:shape d2g:Gateway .

<http://example.org/diagram/diagram/node/6> a d2g:Terminator, d2g:Node ;
    rdfs:label ""End"" ;
    d2g:shape d2g:EndEvent .

<http://example.org/diagram/diagram/edge/12> a d2g:Edge, d2g:Solid ;
    d2g:source <http://example.org/diagram/diagram/node/1> ;
    d2g:target <http://example.org/diagram/diagram/node/2> ;
    d2g:relationshipType d2g:Follows .

<http://example.org/diagram/diagram/edge/23> a d2g:Edge, d2g:Solid ;
    d2g:source <http://example.org/diagram/diagram/node/2> ;
    d2g:target <http://example.org/diagram/diagram/node/3> ;
    d2g:relationshipType d2g:Follows .

<http://example.org/diagram/diagram/edge/34> a d2g:Edge, d2g:Solid ;
    d2g:source <http://example.org/diagram/diagram/node/3> ;
    d2g:target <http://example.org/diagram/diagram/node/4> ;
    d2g:relationshipType d2g:Follows .

<http://example.org/diagram/diagram/edge/45> a d2g:Edge, d2g:Solid ;
    d2g:source <http://example.org/diagram/diagram/node/4> ;
    d2g:target <http://example.org/diagram/diagram/node/5> ;
    d2g:relationshipType d2g:Follows .

<http://example.org/diagram/diagram/edge/53> a d2g:Edge, d2g:Solid ;
    d2g:source <http://example.org/diagram/diagram/node/5> ;
    d2g:target <http://example.org/diagram/diagram/node/3> ;
    d2g:relationshipType d2g:Branches ;
    d2g:relationshipValue ""YES"" .

<http://example.org/diagram/diagram/edge/56> a d2g:Edge, d2g:Solid ;
    d2g:source <http://example.org/diagram/diagram/node/5> ;
    d2g:target <http://example.org/diagram/diagram/node/6> ;
    d2g:relationshipType d2g:Branches ;
    d2g:relationshipValue ""NO"" .

<http://example.org/diagram/diagram/node/1> d2g:follows <http://example.org/diagram/diagram/node/2> .
<http://example.org/diagram/diagram/node/2> d2g:follows <http://example.org/diagram/diagram/node/3> .
<http://example.org/diagram/diagram/node/3> d2g:follows <http://example.org/diagram/diagram/node/4> .
<http://example.org/diagram/diagram/node/4> d2g:follows <http://example.org/diagram/diagram/node/5> .
<http://example.org/diagram/diagram/node/5> d2g:branches <http://example.org/diagram/diagram/node/3> .
<http://example.org/diagram/diagram/node/5> d2g:branches <http://example.org/diagram/diagram/node/6> .
",1.0,1.0
Extract RDF triples from this image (/kaggle/input/diagram2graph-dataset/diagram2graph/520.png),['/kaggle/input/diagram2graph-dataset/diagram2graph/520.png'],"@prefix d2g:  <http://example.org/diagram2graph#> .
@prefix rdfs: <http://www.w3.org/2000/01/rdf-schema#> .

<http://example.org/diagram/diagram/node/1> a d2g:Start, d2g:Node ;
    rdfs:label ""Begin"" ;
    d2g:shape d2g:StartEvent .

<http://example.org/diagram/diagram/node/2> a d2g:Process, d2g:Node ;
    rdfs:label ""READ num1"" ;
    d2g:shape d2g:Task .

<http://example.org/diagram/diagram/node/3> a d2g:Process, d2g:Node ;
    rdfs:label ""I = 1\nbun = 1"" ;
    d2g:shape d2g:Task .

<http://example.org/diagram/diagram/node/4> a d2g:Decision, d2g:Node ;
    rdfs:label ""Is I < num1"" ;
    d2g:shape d2g:Gateway .

<http://example.org/diagram/diagram/node/5> a d2g:Process, d2g:Node ;
    rdfs:label ""I = I + 1"" ;
    d2g:shape d2g:Task .

<http://example.org/diagram/diagram/node/6> a d2g:Process, d2g:Node ;
    rdfs:label ""bun = bun*I"" ;
    d2g:shape d2g:Task .

<http://example.org/diagram/diagram/node/7> a d2g:Process, d2g:Node ;
    rdfs:label ""PRINT\nbun"" ;
    d2g:shape d2g:Task .

<http://example.org/diagram/diagram/node/8> a d2g:Terminator, d2g:Node ;
    rdfs:label ""Stop"" ;
    d2g:shape d2g:EndEvent .

<http://example.org/diagram/diagram/edge/12> a d2g:Edge, d2g:Solid ;
    d2g:source <http://example.org/diagram/diagram/node/1> ;
    d2g:target <http://example.org/diagram/diagram/node/2> ;
    d2g:relationshipType d2g:Follows .

<http://example.org/diagram/diagram/edge/23> a d2g:Edge, d2g:Solid ;
    d2g:source <http://example.org/diagram/diagram/node/2> ;
    d2g:target <http://example.org/diagram/diagram/node/3> ;
    d2g:relationshipType d2g:Follows .

<http://example.org/diagram/diagram/edge/34> a d2g:Edge, d2g:Solid ;
    d2g:source <http://example.org/diagram/diagram/node/3> ;
    d2g:target <http://example.org/diagram/diagram/node/4> ;
    d2g:relationshipType d2g:Follows .

<http://example.org/diagram/diagram/edge/45> a d2g:Edge, d2g:Solid ;
    d2g:source <http://example.org/diagram/diagram/node/4> ;
    d2g:target <http://example.org/diagram/diagram/node/5> ;
    d2g:relationshipType d2g:Branches ;
    d2g:relationshipValue ""True"" .

<http://example.org/diagram/diagram/edge/47> a d2g:Edge, d2g:Solid ;
    d2g:source <http://example.org/diagram/diagram/node/4> ;
    d2g:target <http://example.org/diagram/diagram/node/7> ;
    d2g:relationshipType d2g:Branches ;
    d2g:relationshipValue ""False"" .

<http://example.org/diagram/diagram/edge/56> a d2g:Edge, d2g:Solid ;
    d2g:source <http://example.org/diagram/diagram/node/5> ;
    d2g:target <http://example.org/diagram/diagram/node/6> ;
    d2g:relationshipType d2g:Follows .

<http://example.org/diagram/diagram/edge/64> a d2g:Edge, d2g:Solid ;
    d2g:source <http://example.org/diagram/diagram/node/6> ;
    d2g:target <http://example.org/diagram/diagram/node/4> ;
    d2g:relationshipType d2g:Follows .

<http://example.org/diagram/diagram/edge/78> a d2g:Edge, d2g:Solid ;
    d2g:source <http://example.org/diagram/diagram/node/7> ;
    d2g:target <http://example.org/diagram/diagram/node/8> ;
    d2g:relationshipType d2g:Follows .

<http://example.org/diagram/diagram/node/1> d2g:follows <http://example.org/diagram/diagram/node/2> .
<http://example.org/diagram/diagram/node/2> d2g:follows <http://example.org/diagram/diagram/node/3> .
<http://example.org/diagram/diagram/node/3> d2g:follows <http://example.org/diagram/diagram/node/4> .
<http://example.org/diagram/diagram/node/4> d2g:branches <http://example.org/diagram/diagram/node/5> .
<http://example.org/diagram/diagram/node/4> d2g:branches <http://example.org/diagram/diagram/node/7> .
<http://example.org/diagram/diagram/node/5> d2g:follows <http://example.org/diagram/diagram/node/6> .
<http://example.org/diagram/diagram/node/6> d2g:follows <http://example.org/diagram/diagram/node/4> .
<http://example.org/diagram/diagram/node/7> d2g:follows <http://example.org/diagram/diagram/node/8> .
",1.0,0.0
Extract RDF triples from this image (/kaggle/input/diagram2graph-dataset/diagram2graph/521.png),['/kaggle/input/diagram2graph-dataset/diagram2graph/521.png'],"@prefix d2g: <http://example.org/diagram2graph#> .
@prefix rdfs: <http://www.w3.org/2000/01/rdf-schema#> .

<http://example.org/diagram/diagram/node/1> a d2g:Start, d2g:Node ;
    rdfs:label ""Start"" ;
    d2g:shape d2g:StartEvent .

<http://example.org/diagram/diagram/node/2> a d2g:Process, d2g:Node ;
    rdfs:label ""Open Email"" ;
    d2g:shape d2g:Task .

<http://example.org/diagram/diagram/node/3> a d2g:Process, d2g:Node ;
    rdfs:label ""Read email"" ;
    d2g:shape d2g:Task .

<http://example.org/diagram/diagram/node/4> a d2g:Decision, d2g:Node ;
    rdfs:label ""Input Structured?"" ;
    d2g:shape d2g:Gateway .

<http://example.org/diagram/diagram/node/5> a d2g:Process, d2g:Node ;
    rdfs:label ""Process Manually"" ;
    d2g:shape d2g:Task .

<http://example.org/diagram/diagram/node/6> a d2g:Terminator, d2g:Node ;
    rdfs:label ""End"" ;
    d2g:shape d2g:EndEvent .

<http://example.org/diagram/diagram/node/7> a d2g:Process, d2g:Node ;
    rdfs:label ""Extract Data"" ;
    d2g:shape d2g:Task .

<http://example.org/diagram/diagram/node/8> a d2g:Process, d2g:Node ;
    rdfs:label ""Lookup Product Description"" ;
    d2g:shape d2g:Task .

<http://example.org/diagram/diagram/node/9> a d2g:Decision, d2g:Node ;
    rdfs:label ""Match Found?"" ;
    d2g:shape d2g:Gateway .

<http://example.org/diagram/diagram/node/10> a d2g:Process, d2g:Node ;
    rdfs:label ""Send Email to Update File"" ;
    d2g:shape d2g:Task .

<http://example.org/diagram/diagram/edge/12> a d2g:Edge, d2g:Solid ;
    d2g:source <http://example.org/diagram/diagram/node/1> ;
    d2g:target <http://example.org/diagram/diagram/node/2> ;
    d2g:relationshipType d2g:Follows .

<http://example.org/diagram/diagram/edge/23> a d2g:Edge, d2g:Solid ;
    d2g:source <http://example.org/diagram/diagram/node/2> ;
    d2g:target <http://example.org/diagram/diagram/node/3> ;
    d2g:relationshipType d2g:Follows .

<http://example.org/diagram/diagram/edge/34> a d2g:Edge, d2g:Solid ;
    d2g:source <http://example.org/diagram/diagram/node/3> ;
    d2g:target <http://example.org/diagram/diagram/node/4> ;
    d2g:relationshipType d2g:Follows .

<http://example.org/diagram/diagram/edge/45> a d2g:Edge, d2g:Solid ;
    d2g:source <http://example.org/diagram/diagram/node/4> ;
    d2g:target <http://example.org/diagram/diagram/node/5> ;
    d2g:relationshipType d2g:Branches ;
    d2g:relationshipValue ""NO"" .

<http://example.org/diagram/diagram/edge/47> a d2g:Edge, d2g:Solid ;
    d2g:source <http://example.org/diagram/diagram/node/4> ;
    d2g:target <http://example.org/diagram/diagram/node/7> ;
    d2g:relationshipType d2g:Branches ;
    d2g:relationshipValue ""YES"" .

<http://example.org/diagram/diagram/edge/56> a d2g:Edge, d2g:Solid ;
    d2g:source <http://example.org/diagram/diagram/node/5> ;
    d2g:target <http://example.org/diagram/diagram/node/6> ;
    d2g:relationshipType d2g:Follows .

<http://example.org/diagram/diagram/edge/78> a d2g:Edge, d2g:Solid ;
    d2g:source <http://example.org/diagram/diagram/node/7> ;
    d2g:target <http://example.org/diagram/diagram/node/8> ;
    d2g:relationshipType d2g:Follows .

<http://example.org/diagram/diagram/edge/89> a d2g:Edge, d2g:Solid ;
    d2g:source <http://example.org/diagram/diagram/node/8> ;
    d2g:target <http://example.org/diagram/diagram/node/9> ;
    d2g:relationshipType d2g:Follows .

<http://example.org/diagram/diagram/edge/910> a d2g:Edge, d2g:Solid ;
    d2g:source <http://example.org/diagram/diagram/node/9> ;
    d2g:target <http://example.org/diagram/diagram/node/10> ;
    d2g:relationshipType d2g:Branches ;
    d2g:relationshipValue ""NO"" .

<http://example.org/diagram/diagram/edge/106> a d2g:Edge, d2g:Solid ;
    d2g:source <http://example.org/diagram/diagram/node/10> ;
    d2g:target <http://example.org/diagram/diagram/node/6> ;
    d2g:relationshipType d2g:Follows .

<http://example.org/diagram/diagram/node/1> d2g:follows <http://example.org/diagram/diagram/node/2> .
<http://example.org/diagram/diagram/node/2> d2g:follows <http://example.org/diagram/diagram/node/3> .
<http://example.org/diagram/diagram/node/3> d2g:follows <http://example.org/diagram/diagram/node/4> .
<http://example.org/diagram/diagram/node/4> d2g:branches <http://example.org/diagram/diagram/node/5> .
<http://example.org/diagram/diagram/node/4> d2g:branches <http://example.org/diagram/diagram/node/7> .
<http://example.org/diagram/diagram/node/5> d2g:follows <http://example.org/diagram/diagram/node/6> .
<http://example.org/diagram/diagram/node/7> d2g:follows <http://example.org/diagram/diagram/node/8> .
<http://example.org/diagram/diagram/node/8> d2g:follows <http://example.org/diagram/diagram/node/9> .
<http://example.org/diagram/diagram/node/9> d2g:branches <http://example.org/diagram/diagram/node/10> .
<http://example.org/diagram/diagram/node/10> d2g:follows <http://example.org/diagram/diagram/node/6> .
",1.0,1.0
Extract RDF triples from this image (/kaggle/input/diagram2graph-dataset/diagram2graph/525.png),['/kaggle/input/diagram2graph-dataset/diagram2graph/525.png'],"@prefix d2g:  <http://example.org/diagram2graph#> .
@prefix rdfs: <http://www.w3.org/2000/01/rdf-schema#> .

<http://example.org/diagram/diagram/node/1> a d2g:Process, d2g:Node ;
    rdfs:label ""Log In"" ;
    d2g:shape d2g:Task .

<http://example.org/diagram/diagram/node/2> a d2g:Decision, d2g:Node ;
    rdfs:label ""Logged In"" ;
    d2g:shape d2g:Gateway .

<http://example.org/diagram/diagram/node/3> a d2g:Process, d2g:Node ;
    rdfs:label ""OpenID log in"" ;
    d2g:shape d2g:Task .

<http://example.org/diagram/diagram/node/4> a d2g:Terminator, d2g:Node ;
    rdfs:label ""End"" ;
    d2g:shape d2g:EndEvent .

<http://example.org/diagram/diagram/edge/12> a d2g:Edge, d2g:Solid ;
    d2g:source <http://example.org/diagram/diagram/node/1> ;
    d2g:target <http://example.org/diagram/diagram/node/2> ;
    d2g:relationshipType d2g:Follows ;
    d2g:relationshipValue ""OpenID login"" .

<http://example.org/diagram/diagram/edge/24> a d2g:Edge, d2g:Solid ;
    d2g:source <http://example.org/diagram/diagram/node/2> ;
    d2g:target <http://example.org/diagram/diagram/node/4> ;
    d2g:relationshipType d2g:Branches ;
    d2g:relationshipValue ""Yes"" .

<http://example.org/diagram/diagram/edge/23> a d2g:Edge, d2g:Solid ;
    d2g:source <http://example.org/diagram/diagram/node/2> ;
    d2g:target <http://example.org/diagram/diagram/node/3> ;
    d2g:relationshipType d2g:Branches ;
    d2g:relationshipValue ""No"" .

<http://example.org/diagram/diagram/edge/34> a d2g:Edge, d2g:Solid ;
    d2g:source <http://example.org/diagram/diagram/node/3> ;
    d2g:target <http://example.org/diagram/diagram/node/4> ;
    d2g:relationshipType d2g:Follows .

<http://example.org/diagram/diagram/node/1> d2g:follows <http://example.org/diagram/diagram/node/2> .
<http://example.org/diagram/diagram/node/2> d2g:branches <http://example.org/diagram/diagram/node/4> .
<http://example.org/diagram/diagram/node/2> d2g:branches <http://example.org/diagram/diagram/node/3> .
<http://example.org/diagram/diagram/node/3> d2g:follows <http://example.org/diagram/diagram/node/4> .
",1.0,1.0
Extract RDF triples from this image (/kaggle/input/diagram2graph-dataset/diagram2graph/542.png),['/kaggle/input/diagram2graph-dataset/diagram2graph/542.png'],"@prefix d2g: <http://example.org/diagram2graph#> .
@prefix rdfs: <http://www.w3.org/2000/01/rdf-schema#> .

<http://example.org/diagram/diagram/node/1> a d2g:Start, d2g:Node ;
    rdfs:label ""A"" ;
    d2g:shape d2g:StartEvent .

<http://example.org/diagram/diagram/node/2> a d2g:Process, d2g:Node ;
    rdfs:label ""Process step 3"" ;
    d2g:shape d2g:Task .

<http://example.org/diagram/diagram/node/3> a d2g:Process, d2g:Node ;
    rdfs:label ""Process step 4"" ;
    d2g:shape d2g:Task .

<http://example.org/diagram/diagram/node/4> a d2g:Process, d2g:Node ;
    rdfs:label ""Process step 5"" ;
    d2g:shape d2g:Task .

<http://example.org/diagram/diagram/node/5> a d2g:Process, d2g:Node ;
    rdfs:label ""Process step 6"" ;
    d2g:shape d2g:Task .

<http://example.org/diagram/diagram/node/6> a d2g:Terminator, d2g:Node ;
    rdfs:label ""End"" ;
    d2g:shape d2g:EndEvent .

<http://example.org/diagram/diagram/edge/12> a d2g:Edge, d2g:Solid ;
    d2g:source <http://example.org/diagram/diagram/node/1> ;
    d2g:target <http://example.org/diagram/diagram/node/2> ;
    d2g:relationshipType d2g:Follows .

<http://example.org/diagram/diagram/edge/23> a d2g:Edge, d2g:Solid ;
    d2g:source <http://example.org/diagram/diagram/node/2> ;
    d2g:target <http://example.org/diagram/diagram/node/3> ;
    d2g:relationshipType d2g:Follows .

<http://example.org/diagram/diagram/edge/34> a d2g:Edge, d2g:Solid ;
    d2g:source <http://example.org/diagram/diagram/node/3> ;
    d2g:target <http://example.org/diagram/diagram/node/4> ;
    d2g:relationshipType d2g:Follows .

<http://example.org/diagram/diagram/edge/45> a d2g:Edge, d2g:Solid ;
    d2g:source <http://example.org/diagram/diagram/node/4> ;
    d2g:target <http://example.org/diagram/diagram/node/5> ;
    d2g:relationshipType d2g:Follows .

<http://example.org/diagram/diagram/edge/56> a d2g:Edge, d2g:Solid ;
    d2g:source <http://example.org/diagram/diagram/node/5> ;
    d2g:target <http://example.org/diagram/diagram/node/6> ;
    d2g:relationshipType d2g:Follows .

<http://example.org/diagram/diagram/node/1> d2g:follows <http://example.org/diagram/diagram/node/2> .
<http://example.org/diagram/diagram/node/2> d2g:follows <http://example.org/diagram/diagram/node/3> .
<http://example.org/diagram/diagram/node/3> d2g:follows <http://example.org/diagram/diagram/node/4> .
<http://example.org/diagram/diagram/node/4> d2g:follows <http://example.org/diagram/diagram/node/5> .
<http://example.org/diagram/diagram/node/5> d2g:follows <http://example.org/diagram/diagram/node/6> .
",1.0,1.0
Extract RDF triples from this image (/kaggle/input/diagram2graph-dataset/diagram2graph/548.png),['/kaggle/input/diagram2graph-dataset/diagram2graph/548.png'],"@prefix d2g: <http://example.org/diagram2graph#> .
@prefix rdfs: <http://www.w3.org/2000/01/rdf-schema#> .

<http://example.org/diagram/diagram/node/1> a d2g:Start, d2g:Node ;
    rdfs:label ""Start"" ;
    d2g:shape d2g:StartEvent .

<http://example.org/diagram/diagram/node/2> a d2g:Decision, d2g:Node ;
    rdfs:label ""Make decision"" ;
    d2g:shape d2g:Gateway .

<http://example.org/diagram/diagram/node/3> a d2g:Process, d2g:Node ;
    rdfs:label ""Do 1"" ;
    d2g:shape d2g:Task .

<http://example.org/diagram/diagram/node/4> a d2g:Process, d2g:Node ;
    rdfs:label ""Do 3"" ;
    d2g:shape d2g:Task .

<http://example.org/diagram/diagram/node/5> a d2g:Process, d2g:Node ;
    rdfs:label ""Do 2"" ;
    d2g:shape d2g:Task .

<http://example.org/diagram/diagram/node/6> a d2g:Terminator, d2g:Node ;
    rdfs:label ""Stop"" ;
    d2g:shape d2g:EndEvent .

<http://example.org/diagram/diagram/edge/12> a d2g:Edge, d2g:Solid ;
    d2g:source <http://example.org/diagram/diagram/node/1> ;
    d2g:target <http://example.org/diagram/diagram/node/2> ;
    d2g:relationshipType d2g:Follows .

<http://example.org/diagram/diagram/edge/23> a d2g:Edge, d2g:Solid ;
    d2g:source <http://example.org/diagram/diagram/node/2> ;
    d2g:target <http://example.org/diagram/diagram/node/3> ;
    d2g:relationshipType d2g:Branches ;
    d2g:relationshipValue ""outcome 1"" .

<http://example.org/diagram/diagram/edge/25> a d2g:Edge, d2g:Solid ;
    d2g:source <http://example.org/diagram/diagram/node/2> ;
    d2g:target <http://example.org/diagram/diagram/node/5> ;
    d2g:relationshipType d2g:Branches ;
    d2g:relationshipValue ""outcome 2"" .

<http://example.org/diagram/diagram/edge/34> a d2g:Edge, d2g:Solid ;
    d2g:source <http://example.org/diagram/diagram/node/3> ;
    d2g:target <http://example.org/diagram/diagram/node/4> ;
    d2g:relationshipType d2g:Follows .

<http://example.org/diagram/diagram/edge/54> a d2g:Edge, d2g:Solid ;
    d2g:source <http://example.org/diagram/diagram/node/5> ;
    d2g:target <http://example.org/diagram/diagram/node/4> ;
    d2g:relationshipType d2g:Follows .

<http://example.org/diagram/diagram/edge/46> a d2g:Edge, d2g:Solid ;
    d2g:source <http://example.org/diagram/diagram/node/4> ;
    d2g:target <http://example.org/diagram/diagram/node/6> ;
    d2g:relationshipType d2g:Follows .

<http://example.org/diagram/diagram/node/1> d2g:follows <http://example.org/diagram/diagram/node/2> .
<http://example.org/diagram/diagram/node/2> d2g:branches <http://example.org/diagram/diagram/node/3> .
<http://example.org/diagram/diagram/node/2> d2g:branches <http://example.org/diagram/diagram/node/5> .
<http://example.org/diagram/diagram/node/3> d2g:follows <http://example.org/diagram/diagram/node/4> .
<http://example.org/diagram/diagram/node/5> d2g:follows <http://example.org/diagram/diagram/node/4> .
<http://example.org/diagram/diagram/node/4> d2g:follows <http://example.org/diagram/diagram/node/6> .
",1.0,1.0
Extract RDF triples from this image (/kaggle/input/diagram2graph-dataset/diagram2graph/55.png),['/kaggle/input/diagram2graph-dataset/diagram2graph/55.png'],"@prefix d2g: <http://example.org/diagram2graph#> .
@prefix rdfs: <http://www.w3.org/2000/01/rdf-schema#> .

<http://example.org/diagram/diagram/node/1> a d2g:Start, d2g:Node ;
    rdfs:label ""Begin"" ;
    d2g:shape d2g:StartEvent .

<http://example.org/diagram/diagram/node/2> a d2g:Decision, d2g:Node ;
    rdfs:label ""Condition"" ;
    d2g:shape d2g:Gateway .

<http://example.org/diagram/diagram/node/3> a d2g:Process, d2g:Node ;
    rdfs:label ""Loop Body"" ;
    d2g:shape d2g:Task .

<http://example.org/diagram/diagram/node/4> a d2g:Terminator, d2g:Node ;
    rdfs:label ""End of loop"" ;
    d2g:shape d2g:EndEvent .

<http://example.org/diagram/diagram/edge/12> a d2g:Edge, d2g:Solid ;
    d2g:source <http://example.org/diagram/diagram/node/1> ;
    d2g:target <http://example.org/diagram/diagram/node/2> ;
    d2g:relationshipType d2g:Follows .

<http://example.org/diagram/diagram/edge/23> a d2g:Edge, d2g:Solid ;
    d2g:source <http://example.org/diagram/diagram/node/2> ;
    d2g:target <http://example.org/diagram/diagram/node/3> ;
    d2g:relationshipType d2g:Branches ;
    d2g:relationshipValue ""True"" .

<http://example.org/diagram/diagram/edge/32> a d2g:Edge, d2g:Solid ;
    d2g:source <http://example.org/diagram/diagram/node/3> ;
    d2g:target <http://example.org/diagram/diagram/node/2> ;
    d2g:relationshipType d2g:Follows .

<http://example.org/diagram/diagram/edge/24> a d2g:Edge, d2g:Solid ;
    d2g:source <http://example.org/diagram/diagram/node/2> ;
    d2g:target <http://example.org/diagram/diagram/node/4> ;
    d2g:relationshipType d2g:Branches ;
    d2g:relationshipValue ""False"" .

<http://example.org/diagram/diagram/node/1> d2g:follows <http://example.org/diagram/diagram/node/2> .
<http://example.org/diagram/diagram/node/2> d2g:branches <http://example.org/diagram/diagram/node/3> .
<http://example.org/diagram/diagram/node/3> d2g:follows <http://example.org/diagram/diagram/node/2> .
<http://example.org/diagram/diagram/node/2> d2g:branches <http://example.org/diagram/diagram/node/4> .
",1.0,1.0
Extract RDF triples from this image (/kaggle/input/diagram2graph-dataset/diagram2graph/556.png),['/kaggle/input/diagram2graph-dataset/diagram2graph/556.png'],"@prefix d2g:  <http://example.org/diagram2graph#> .
@prefix rdfs: <http://www.w3.org/2000/01/rdf-schema#> .

<http://example.org/diagram/diagram/node/1> a d2g:Start, d2g:Node ;
    rdfs:label ""Begin"" ;
    d2g:shape d2g:StartEvent .

<http://example.org/diagram/diagram/node/2> a d2g:Decision, d2g:Node ;
    rdfs:label ""Are you happy?"" ;
    d2g:shape d2g:Gateway .

<http://example.org/diagram/diagram/node/3> a d2g:Process, d2g:Node ;
    rdfs:label ""Yes a lot"" ;
    d2g:shape d2g:Task .

<http://example.org/diagram/diagram/node/4> a d2g:Decision, d2g:Node ;
    rdfs:label ""Want to be happy?"" ;
    d2g:shape d2g:Gateway .

<http://example.org/diagram/diagram/edge/12> a d2g:Edge, d2g:Solid ;
    d2g:source <http://example.org/diagram/diagram/node/1> ;
    d2g:target <http://example.org/diagram/diagram/node/2> ;
    d2g:relationshipType d2g:Follows .

<http://example.org/diagram/diagram/edge/23> a d2g:Edge, d2g:Solid ;
    d2g:source <http://example.org/diagram/diagram/node/2> ;
    d2g:target <http://example.org/diagram/diagram/node/3> ;
    d2g:relationshipType d2g:Branches .

<http://example.org/diagram/diagram/edge/24> a d2g:Edge, d2g:Solid ;
    d2g:source <http://example.org/diagram/diagram/node/2> ;
    d2g:target <http://example.org/diagram/diagram/node/4> ;
    d2g:relationshipType d2g:Branches .

<http://example.org/diagram/diagram/node/1> d2g:follows <http://example.org/diagram/diagram/node/2> .
<http://example.org/diagram/diagram/node/2> d2g:branches <http://example.org/diagram/diagram/node/3> .
<http://example.org/diagram/diagram/node/2> d2g:branches <http://example.org/diagram/diagram/node/4> .
",1.0,1.0
Extract RDF triples from this image (/kaggle/input/diagram2graph-dataset/diagram2graph/562.png),['/kaggle/input/diagram2graph-dataset/diagram2graph/562.png'],"@prefix d2g: <http://example.org/diagram2graph#> .
@prefix rdfs: <http://www.w3.org/2000/01/rdf-schema#> .

<http://example.org/diagram/diagram/node/1> a d2g:Start, d2g:Node ;
    rdfs:label ""Start"" ;
    d2g:shape d2g:StartEvent .

<http://example.org/diagram/diagram/node/2> a d2g:Process, d2g:Node ;
    rdfs:label ""document-filter"" ;
    d2g:shape d2g:Task .

<http://example.org/diagram/diagram/node/3> a d2g:Process, d2g:Node ;
    rdfs:label ""Screening"" ;
    d2g:shape d2g:Task .

<http://example.org/diagram/diagram/node/4> a d2g:Process, d2g:Node ;
    rdfs:label ""document-converter"" ;
    d2g:shape d2g:Task .

<http://example.org/diagram/diagram/node/5> a d2g:Process, d2g:Node ;
    rdfs:label ""document-converter-topic"" ;
    d2g:shape d2g:Task .

<http://example.org/diagram/diagram/node/6> a d2g:Process, d2g:Node ;
    rdfs:label ""published"" ;
    d2g:shape d2g:Task .

<http://example.org/diagram/diagram/node/7> a d2g:Process, d2g:Node ;
    rdfs:label ""s3-publisher-topic"" ;
    d2g:shape d2g:Task .

<http://example.org/diagram/diagram/node/8> a d2g:Process, d2g:Node ;
    rdfs:label ""workflow-s3"" ;
    d2g:shape d2g:Task .

<http://example.org/diagram/diagram/edge/12> a d2g:Edge, d2g:Solid ;
    d2g:source <http://example.org/diagram/diagram/node/1> ;
    d2g:target <http://example.org/diagram/diagram/node/2> ;
    d2g:relationshipType d2g:Follows .

<http://example.org/diagram/diagram/edge/23> a d2g:Edge, d2g:Solid ;
    d2g:source <http://example.org/diagram/diagram/node/2> ;
    d2g:target <http://example.org/diagram/diagram/node/3> ;
    d2g:relationshipType d2g:Follows .

<http://example.org/diagram/diagram/edge/34> a d2g:Edge, d2g:Solid ;
    d2g:source <http://example.org/diagram/diagram/node/3> ;
    d2g:target <http://example.org/diagram/diagram/node/4> ;
    d2g:relationshipType d2g:Follows .

<http://example.org/diagram/diagram/edge/45> a d2g:Edge, d2g:Solid ;
    d2g:source <http://example.org/diagram/diagram/node/4> ;
    d2g:target <http://example.org/diagram/diagram/node/5> ;
    d2g:relationshipType d2g:Follows .

<http://example.org/diagram/diagram/edge/56> a d2g:Edge, d2g:Solid ;
    d2g:source <http://example.org/diagram/diagram/node/5> ;
    d2g:target <http://example.org/diagram/diagram/node/6> ;
    d2g:relationshipType d2g:Follows .

<http://example.org/diagram/diagram/edge/67> a d2g:Edge, d2g:Solid ;
    d2g:source <http://example.org/diagram/diagram/node/6> ;
    d2g:target <http://example.org/diagram/diagram/node/7> ;
    d2g:relationshipType d2g:Follows .

<http://example.org/diagram/diagram/edge/68> a d2g:Edge, d2g:Solid ;
    d2g:source <http://example.org/diagram/diagram/node/6> ;
    d2g:target <http://example.org/diagram/diagram/node/8> ;
    d2g:relationshipType d2g:Follows .

<http://example.org/diagram/diagram/node/1> d2g:follows <http://example.org/diagram/diagram/node/2> .
<http://example.org/diagram/diagram/node/2> d2g:follows <http://example.org/diagram/diagram/node/3> .
<http://example.org/diagram/diagram/node/3> d2g:follows <http://example.org/diagram/diagram/node/4> .
<http://example.org/diagram/diagram/node/4> d2g:follows <http://example.org/diagram/diagram/node/5> .
<http://example.org/diagram/diagram/node/5> d2g:follows <http://example.org/diagram/diagram/node/6> .
<http://example.org/diagram/diagram/node/6> d2g:follows <http://example.org/diagram/diagram/node/7> .
<http://example.org/diagram/diagram/node/6> d2g:follows <http://example.org/diagram/diagram/node/8> .
",1.0,0.0
Extract RDF triples from this image (/kaggle/input/diagram2graph-dataset/diagram2graph/563.png),['/kaggle/input/diagram2graph-dataset/diagram2graph/563.png'],"@prefix d2g:  <http://example.org/diagram2graph#> .
@prefix rdfs: <http://www.w3.org/2000/01/rdf-schema#> .

<http://example.org/diagram/diagram/node/1> a d2g:Node, d2g:Start ;
    rdfs:label ""Start"" ;
    d2g:shape d2g:StartEvent .

<http://example.org/diagram/diagram/node/2> a d2g:Node, d2g:Process ;
    rdfs:label ""Log In"" ;
    d2g:shape d2g:Task .

<http://example.org/diagram/diagram/node/3> a d2g:Node, d2g:Process ;
    rdfs:label ""Change ID"" ;
    d2g:shape d2g:Task .

<http://example.org/diagram/diagram/node/4> a d2g:Node, d2g:Process ;
    rdfs:label ""Change Password"" ;
    d2g:shape d2g:Task .

<http://example.org/diagram/diagram/node/5> a d2g:Node, d2g:Process ;
    rdfs:label ""Forgot Password"" ;
    d2g:shape d2g:Task .

<http://example.org/diagram/diagram/node/6> a d2g:Node, d2g:Process ;
    rdfs:label ""Successful"" ;
    d2g:shape d2g:Task .

<http://example.org/diagram/diagram/node/7> a d2g:Node, d2g:Terminator ;
    rdfs:label ""End"" ;
    d2g:shape d2g:EndEvent .

<http://example.org/diagram/diagram/edge/12> a d2g:Edge, d2g:Solid ;
    d2g:source <http://example.org/diagram/diagram/node/1> ;
    d2g:target <http://example.org/diagram/diagram/node/2> ;
    d2g:relationshipType d2g:Follows .

<http://example.org/diagram/diagram/edge/23> a d2g:Edge, d2g:Solid ;
    d2g:source <http://example.org/diagram/diagram/node/2> ;
    d2g:target <http://example.org/diagram/diagram/node/3> ;
    d2g:relationshipType d2g:Follows .

<http://example.org/diagram/diagram/edge/34> a d2g:Edge, d2g:Solid ;
    d2g:source <http://example.org/diagram/diagram/node/3> ;
    d2g:target <http://example.org/diagram/diagram/node/4> ;
    d2g:relationshipType d2g:Follows .

<http://example.org/diagram/diagram/edge/45> a d2g:Edge, d2g:Solid ;
    d2g:source <http://example.org/diagram/diagram/node/4> ;
    d2g:target <http://example.org/diagram/diagram/node/5> ;
    d2g:relationshipType d2g:Follows .

<http://example.org/diagram/diagram/edge/56> a d2g:Edge, d2g:Solid ;
    d2g:source <http://example.org/diagram/diagram/node/5> ;
    d2g:target <http://example.org/diagram/diagram/node/6> ;
    d2g:relationshipType d2g:Follows .

<http://example.org/diagram/diagram/edge/67> a d2g:Edge, d2g:Solid ;
    d2g:source <http://example.org/diagram/diagram/node/6> ;
    d2g:target <http://example.org/diagram/diagram/node/7> ;
    d2g:relationshipType d2g:Follows .

<http://example.org/diagram/diagram/node/1> d2g:follows <http://example.org/diagram/diagram/node/2> .
<http://example.org/diagram/diagram/node/2> d2g:follows <http://example.org/diagram/diagram/node/3> .
<http://example.org/diagram/diagram/node/3> d2g:follows <http://example.org/diagram/diagram/node/4> .
<http://example.org/diagram/diagram/node/4> d2g:follows <http://example.org/diagram/diagram/node/5> .
<http://example.org/diagram/diagram/node/5> d2g:follows <http://example.org/diagram/diagram/node/6> .
<http://example.org/diagram/diagram/node/6> d2g:follows <http://example.org/diagram/diagram/node/7> .
",1.0,1.0
Extract RDF triples from this image (/kaggle/input/diagram2graph-dataset/diagram2graph/57.png),['/kaggle/input/diagram2graph-dataset/diagram2graph/57.png'],"@prefix d2g: <http://example.org/diagram2graph#> .
@prefix rdfs: <http://www.w3.org/2000/01/rdf-schema#> .

<http://example.org/diagram/diagram/node/1> a d2g:Start, d2g:Node ;
    rdfs:label ""Start"" ;
    d2g:shape d2g:StartEvent .

<http://example.org/diagram/diagram/node/2> a d2g:Process, d2g:Node ;
    rdfs:label ""Edit Video"" ;
    d2g:shape d2g:Task .

<http://example.org/diagram/diagram/node/3> a d2g:Decision, d2g:Node ;
    rdfs:label ""Short video"" ;
    d2g:shape d2g:Gateway .

<http://example.org/diagram/diagram/node/4> a d2g:Process, d2g:Node ;
    rdfs:label ""Click to upload"" ;
    d2g:shape d2g:Task .

<http://example.org/diagram/diagram/node/5> a d2g:Process, d2g:Node ;
    rdfs:label ""Sign Up"" ;
    d2g:shape d2g:Task .

<http://example.org/diagram/diagram/node/6> a d2g:Decision, d2g:Node ;
    rdfs:label ""VIP user?"" ;
    d2g:shape d2g:Gateway .

<http://example.org/diagram/diagram/node/7> a d2g:Process, d2g:Node ;
    rdfs:label ""Login"" ;
    d2g:shape d2g:Task .

<http://example.org/diagram/diagram/node/8> a d2g:Process, d2g:Node ;
    rdfs:label ""Browse to upload"" ;
    d2g:shape d2g:Task .

<http://example.org/diagram/diagram/node/9> a d2g:Process, d2g:Node ;
    rdfs:label ""Finish"" ;
    d2g:shape d2g:Task .

<http://example.org/diagram/diagram/edge/12> a d2g:Edge, d2g:Solid ;
    d2g:source <http://example.org/diagram/diagram/node/1> ;
    d2g:target <http://example.org/diagram/diagram/node/2> ;
    d2g:relationshipType d2g:Follows .

<http://example.org/diagram/diagram/edge/23> a d2g:Edge, d2g:Solid ;
    d2g:source <http://example.org/diagram/diagram/node/2> ;
    d2g:target <http://example.org/diagram/diagram/node/3> ;
    d2g:relationshipType d2g:Follows .

<http://example.org/diagram/diagram/edge/34> a d2g:Edge, d2g:Solid ;
    d2g:source <http://example.org/diagram/diagram/node/3> ;
    d2g:target <http://example.org/diagram/diagram/node/4> ;
    d2g:relationshipType d2g:Branches ;
    d2g:relationshipValue ""YES"" .

<http://example.org/diagram/diagram/edge/36> a d2g:Edge, d2g:Solid ;
    d2g:source <http://example.org/diagram/diagram/node/3> ;
    d2g:target <http://example.org/diagram/diagram/node/6> ;
    d2g:relationshipType d2g:Branches ;
    d2g:relationshipValue ""NO"" .

<http://example.org/diagram/diagram/edge/46> a d2g:Edge, d2g:Solid ;
    d2g:source <http://example.org/diagram/diagram/node/4> ;
    d2g:target <http://example.org/diagram/diagram/node/6> ;
    d2g:relationshipType d2g:Follows .

<http://example.org/diagram/diagram/edge/65> a d2g:Edge, d2g:Solid ;
    d2g:source <http://example.org/diagram/diagram/node/6> ;
    d2g:target <http://example.org/diagram/diagram/node/5> ;
    d2g:relationshipType d2g:Branches ;
    d2g:relationshipValue ""NO"" .

<http://example.org/diagram/diagram/edge/67> a d2g:Edge, d2g:Solid ;
    d2g:source <http://example.org/diagram/diagram/node/6> ;
    d2g:target <http://example.org/diagram/diagram/node/7> ;
    d2g:relationshipType d2g:Branches ;
    d2g:relationshipValue ""YES"" .

<http://example.org/diagram/diagram/edge/56> a d2g:Edge, d2g:Solid ;
    d2g:source <http://example.org/diagram/diagram/node/5> ;
    d2g:target <http://example.org/diagram/diagram/node/6> ;
    d2g:relationshipType d2g:Follows .

<http://example.org/diagram/diagram/edge/78> a d2g:Edge, d2g:Solid ;
    d2g:source <http://example.org/diagram/diagram/node/7> ;
    d2g:target <http://example.org/diagram/diagram/node/8> ;
    d2g:relationshipType d2g:Follows .

<http://example.org/diagram/diagram/edge/89> a d2g:Edge, d2g:Solid ;
    d2g:source <http://example.org/diagram/diagram/node/8> ;
    d2g:target <http://example.org/diagram/diagram/node/9> ;
    d2g:relationshipType d2g:Follows .

<http://example.org/diagram/diagram/node/1> d2g:follows <http://example.org/diagram/diagram/node/2> .
<http://example.org/diagram/diagram/node/2> d2g:follows <http://example.org/diagram/diagram/node/3> .
<http://example.org/diagram/diagram/node/3> d2g:branches <http://example.org/diagram/diagram/node/4> .
<http://example.org/diagram/diagram/node/3> d2g:branches <http://example.org/diagram/diagram/node/6> .
<http://example.org/diagram/diagram/node/4> d2g:follows <http://example.org/diagram/diagram/node/6> .
<http://example.org/diagram/diagram/node/6> d2g:branches <http://example.org/diagram/diagram/node/5> .
<http://example.org/diagram/diagram/node/6> d2g:branches <http://example.org/diagram/diagram/node/7> .
<http://example.org/diagram/diagram/node/5> d2g:follows <http://example.org/diagram/diagram/node/6> .
<http://example.org/diagram/diagram/node/7> d2g:follows <http://example.org/diagram/diagram/node/8> .
<http://example.org/diagram/diagram/node/8> d2g:follows <http://example.org/diagram/diagram/node/9> .
",1.0,1.0
Extract RDF triples from this image (/kaggle/input/diagram2graph-dataset/diagram2graph/576.png),['/kaggle/input/diagram2graph-dataset/diagram2graph/576.png'],"@prefix d2g:  <http://example.org/diagram2graph#> .
@prefix rdfs: <http://www.w3.org/2000/01/rdf-schema#> .

<http://example.org/diagram/diagram/node/1> a d2g:Start, d2g:Node ;
    rdfs:label ""Begin"" ;
    d2g:shape d2g:StartEvent .

<http://example.org/diagram/diagram/node/2> a d2g:Process, d2g:Node ;
    rdfs:label ""1. Record Customer's Application"" ;
    d2g:shape d2g:Task .

<http://example.org/diagram/diagram/node/3> a d2g:Process, d2g:Node ;
    rdfs:label ""2. Initial Processing"" ;
    d2g:shape d2g:Task .

<http://example.org/diagram/diagram/node/4> a d2g:Process, d2g:Node ;
    rdfs:label ""5. Evaluate"" ;
    d2g:shape d2g:Task .

<http://example.org/diagram/diagram/node/5> a d2g:Process, d2g:Node ;
    rdfs:label ""4. Documentation"" ;
    d2g:shape d2g:Task .

<http://example.org/diagram/diagram/node/6> a d2g:Process, d2g:Node ;
    rdfs:label ""3. Obtain Documents from Customer"" ;
    d2g:shape d2g:Task .

<http://example.org/diagram/diagram/node/7> a d2g:Process, d2g:Node ;
    rdfs:label ""6. Approval"" ;
    d2g:shape d2g:Task .

<http://example.org/diagram/diagram/node/8> a d2g:Process, d2g:Node ;
    rdfs:label ""7. Loan Granted"" ;
    d2g:shape d2g:Task .

<http://example.org/diagram/diagram/node/9> a d2g:Terminator, d2g:Node ;
    rdfs:label ""Finish"" ;
    d2g:shape d2g:EndEvent .

<http://example.org/diagram/diagram/edge/12> a d2g:Edge, d2g:Solid ;
    d2g:source <http://example.org/diagram/diagram/node/1> ;
    d2g:target <http://example.org/diagram/diagram/node/2> ;
    d2g:relationshipType d2g:Follows .

<http://example.org/diagram/diagram/edge/23> a d2g:Edge, d2g:Solid ;
    d2g:source <http://example.org/diagram/diagram/node/2> ;
    d2g:target <http://example.org/diagram/diagram/node/3> ;
    d2g:relationshipType d2g:Follows .

<http://example.org/diagram/diagram/edge/36> a d2g:Edge, d2g:Solid ;
    d2g:source <http://example.org/diagram/diagram/node/3> ;
    d2g:target <http://example.org/diagram/diagram/node/6> ;
    d2g:relationshipType d2g:Follows .

<http://example.org/diagram/diagram/edge/65> a d2g:Edge, d2g:Solid ;
    d2g:source <http://example.org/diagram/diagram/node/6> ;
    d2g:target <http://example.org/diagram/diagram/node/5> ;
    d2g:relationshipType d2g:Follows .

<http://example.org/diagram/diagram/edge/54> a d2g:Edge, d2g:Solid ;
    d2g:source <http://example.org/diagram/diagram/node/5> ;
    d2g:target <http://example.org/diagram/diagram/node/4> ;
    d2g:relationshipType d2g:Follows .

<http://example.org/diagram/diagram/edge/47> a d2g:Edge, d2g:Solid ;
    d2g:source <http://example.org/diagram/diagram/node/4> ;
    d2g:target <http://example.org/diagram/diagram/node/7> ;
    d2g:relationshipType d2g:Follows .

<http://example.org/diagram/diagram/edge/78> a d2g:Edge, d2g:Solid ;
    d2g:source <http://example.org/diagram/diagram/node/7> ;
    d2g:target <http://example.org/diagram/diagram/node/8> ;
    d2g:relationshipType d2g:Follows .

<http://example.org/diagram/diagram/edge/89> a d2g:Edge, d2g:Solid ;
    d2g:source <http://example.org/diagram/diagram/node/8> ;
    d2g:target <http://example.org/diagram/diagram/node/9> ;
    d2g:relationshipType d2g:Follows .

<http://example.org/diagram/diagram/node/1> d2g:follows <http://example.org/diagram/diagram/node/2> .
<http://example.org/diagram/diagram/node/2> d2g:follows <http://example.org/diagram/diagram/node/3> .
<http://example.org/diagram/diagram/node/3> d2g:follows <http://example.org/diagram/diagram/node/6> .
<http://example.org/diagram/diagram/node/6> d2g:follows <http://example.org/diagram/diagram/node/5> .
<http://example.org/diagram/diagram/node/5> d2g:follows <http://example.org/diagram/diagram/node/4> .
<http://example.org/diagram/diagram/node/4> d2g:follows <http://example.org/diagram/diagram/node/7> .
<http://example.org/diagram/diagram/node/7> d2g:follows <http://example.org/diagram/diagram/node/8> .
<http://example.org/diagram/diagram/node/8> d2g:follows <http://example.org/diagram/diagram/node/9> .
",1.0,1.0
Extract RDF triples from this image (/kaggle/input/diagram2graph-dataset/diagram2graph/577.png),['/kaggle/input/diagram2graph-dataset/diagram2graph/577.png'],"@prefix d2g:  <http://example.org/diagram2graph#> .
@prefix rdfs: <http://www.w3.org/2000/01/rdf-schema#> .

<http://example.org/diagram/diagram/node/1> a d2g:Start, d2g:Node ;
    rdfs:label ""Begin"" ;
    d2g:shape d2g:StartEvent .

<http://example.org/diagram/diagram/node/2> a d2g:Process, d2g:Node ;
    rdfs:label ""Online Application"" ;
    d2g:shape d2g:Task .

<http://example.org/diagram/diagram/node/3> a d2g:Process, d2g:Node ;
    rdfs:label ""Applicant meets with a loan officer to discuss their needs"" ;
    d2g:shape d2g:Task .

<http://example.org/diagram/diagram/node/4> a d2g:Process, d2g:Node ;
    rdfs:label ""Process Application"" ;
    d2g:shape d2g:Task .

<http://example.org/diagram/diagram/node/5> a d2g:Decision, d2g:Node ;
    rdfs:label ""Application reviewed by the office manager"" ;
    d2g:shape d2g:Gateway .

<http://example.org/diagram/diagram/node/6> a d2g:Process, d2g:Node ;
    rdfs:label ""Application Rejected"" ;
    d2g:shape d2g:Task .

<http://example.org/diagram/diagram/node/7> a d2g:Process, d2g:Node ;
    rdfs:label ""Application Approved"" ;
    d2g:shape d2g:Task .

<http://example.org/diagram/diagram/node/8> a d2g:Terminator, d2g:Node ;
    rdfs:label ""END"" ;
    d2g:shape d2g:EndEvent .

<http://example.org/diagram/diagram/edge/12> a d2g:Edge, d2g:Solid ;
    d2g:source <http://example.org/diagram/diagram/node/1> ;
    d2g:target <http://example.org/diagram/diagram/node/2> ;
    d2g:relationshipType d2g:Follows .

<http://example.org/diagram/diagram/edge/23> a d2g:Edge, d2g:Solid ;
    d2g:source <http://example.org/diagram/diagram/node/2> ;
    d2g:target <http://example.org/diagram/diagram/node/3> ;
    d2g:relationshipType d2g:Follows .

<http://example.org/diagram/diagram/edge/34> a d2g:Edge, d2g:Solid ;
    d2g:source <http://example.org/diagram/diagram/node/3> ;
    d2g:target <http://example.org/diagram/diagram/node/4> ;
    d2g:relationshipType d2g:Follows .

<http://example.org/diagram/diagram/edge/45> a d2g:Edge, d2g:Solid ;
    d2g:source <http://example.org/diagram/diagram/node/4> ;
    d2g:target <http://example.org/diagram/diagram/node/5> ;
    d2g:relationshipType d2g:Follows .

<http://example.org/diagram/diagram/edge/56> a d2g:Edge, d2g:Solid ;
    d2g:source <http://example.org/diagram/diagram/node/5> ;
    d2g:target <http://example.org/diagram/diagram/node/6> ;
    d2g:relationshipType d2g:Branches ;
    d2g:relationshipValue ""N"" .

<http://example.org/diagram/diagram/edge/57> a d2g:Edge, d2g:Solid ;
    d2g:source <http://example.org/diagram/diagram/node/5> ;
    d2g:target <http://example.org/diagram/diagram/node/7> ;
    d2g:relationshipType d2g:Branches ;
    d2g:relationshipValue ""Y"" .

<http://example.org/diagram/diagram/edge/78> a d2g:Edge, d2g:Solid ;
    d2g:source <http://example.org/diagram/diagram/node/7> ;
    d2g:target <http://example.org/diagram/diagram/node/8> ;
    d2g:relationshipType d2g:Follows .

<http://example.org/diagram/diagram/node/1> d2g:follows <http://example.org/diagram/diagram/node/2> .
<http://example.org/diagram/diagram/node/2> d2g:follows <http://example.org/diagram/diagram/node/3> .
<http://example.org/diagram/diagram/node/3> d2g:follows <http://example.org/diagram/diagram/node/4> .
<http://example.org/diagram/diagram/node/4> d2g:follows <http://example.org/diagram/diagram/node/5> .
<http://example.org/diagram/diagram/node/5> d2g:branches <http://example.org/diagram/diagram/node/6> .
<http://example.org/diagram/diagram/node/5> d2g:branches <http://example.org/diagram/diagram/node/7> .
<http://example.org/diagram/diagram/node/7> d2g:follows <http://example.org/diagram/diagram/node/8> .
",1.0,1.0
Extract RDF triples from this image (/kaggle/input/diagram2graph-dataset/diagram2graph/580.png),['/kaggle/input/diagram2graph-dataset/diagram2graph/580.png'],"@prefix d2g:  <http://example.org/diagram2graph#> .
@prefix rdfs: <http://www.w3.org/2000/01/rdf-schema#> .

<http://example.org/diagram/diagram/node/1> a d2g:Node, d2g:Start ;
    rdfs:label ""Image"" ;
    d2g:shape d2g:StartEvent .

<http://example.org/diagram/diagram/node/2> a d2g:Node, d2g:Process ;
    rdfs:label ""3D point cloud"" ;
    d2g:shape d2g:Task .

<http://example.org/diagram/diagram/node/3> a d2g:Node, d2g:Process ;
    rdfs:label ""Threshold"" ;
    d2g:shape d2g:Task .

<http://example.org/diagram/diagram/node/4> a d2g:Node, d2g:Process ;
    rdfs:label ""Preprocessing"" ;
    d2g:shape d2g:Task .

<http://example.org/diagram/diagram/node/5> a d2g:Node, d2g:Process ;
    rdfs:label ""Information"" ;
    d2g:shape d2g:Task .

<http://example.org/diagram/diagram/node/6> a d2g:Node, d2g:Process ;
    rdfs:label ""Gesture recognition"" ;
    d2g:shape d2g:Task .

<http://example.org/diagram/diagram/node/7> a d2g:Node, d2g:Terminator ;
    rdfs:label ""Image"" ;
    d2g:shape d2g:EndEvent .

<http://example.org/diagram/diagram/edge/12> a d2g:Edge, d2g:Solid ;
    d2g:source <http://example.org/diagram/diagram/node/1> ;
    d2g:target <http://example.org/diagram/diagram/node/2> ;
    d2g:relationshipType d2g:Follows .

<http://example.org/diagram/diagram/edge/23> a d2g:Edge, d2g:Solid ;
    d2g:source <http://example.org/diagram/diagram/node/2> ;
    d2g:target <http://example.org/diagram/diagram/node/3> ;
    d2g:relationshipType d2g:Follows .

<http://example.org/diagram/diagram/edge/34> a d2g:Edge, d2g:Solid ;
    d2g:source <http://example.org/diagram/diagram/node/3> ;
    d2g:target <http://example.org/diagram/diagram/node/4> ;
    d2g:relationshipType d2g:Follows .

<http://example.org/diagram/diagram/edge/45> a d2g:Edge, d2g:Solid ;
    d2g:source <http://example.org/diagram/diagram/node/4> ;
    d2g:target <http://example.org/diagram/diagram/node/5> ;
    d2g:relationshipType d2g:Follows .

<http://example.org/diagram/diagram/edge/56> a d2g:Edge, d2g:Solid ;
    d2g:source <http://example.org/diagram/diagram/node/5> ;
    d2g:target <http://example.org/diagram/diagram/node/6> ;
    d2g:relationshipType d2g:Follows .

<http://example.org/diagram/diagram/edge/67> a d2g:Edge, d2g:Solid ;
    d2g:source <http://example.org/diagram/diagram/node/6> ;
    d2g:target <http://example.org/diagram/diagram/node/7> ;
    d2g:relationshipType d2g:Follows .

<http://example.org/diagram/diagram/node/1> d2g:follows <http://example.org/diagram/diagram/node/2> .
<http://example.org/diagram/diagram/node/2> d2g:follows <http://example.org/diagram/diagram/node/3> .
<http://example.org/diagram/diagram/node/3> d2g:follows <http://example.org/diagram/diagram/node/4> .
<http://example.org/diagram/diagram/node/4> d2g:follows <http://example.org/diagram/diagram/node/5> .
<http://example.org/diagram/diagram/node/5> d2g:follows <http://example.org/diagram/diagram/node/6> .
<http://example.org/diagram/diagram/node/6> d2g:follows <http://example.org/diagram/diagram/node/7> .
",1.0,1.0
Extract RDF triples from this image (/kaggle/input/diagram2graph-dataset/diagram2graph/589.png),['/kaggle/input/diagram2graph-dataset/diagram2graph/589.png'],"@prefix d2g:  <http://example.org/diagram2graph#> .
@prefix rdfs: <http://www.w3.org/2000/01/rdf-schema#> .

<http://example.org/diagram/diagram/node/1> a d2g:Node, d2g:Start ;
    rdfs:label ""Start"" ;
    d2g:shape d2g:StartEvent .

<http://example.org/diagram/diagram/node/2> a d2g:Node, d2g:Process ;
    rdfs:label ""Source Processor"" ;
    d2g:shape d2g:Task .

<http://example.org/diagram/diagram/node/3> a d2g:Node, d2g:Process ;
    rdfs:label ""Processor"" ;
    d2g:shape d2g:Task .

<http://example.org/diagram/diagram/node/4> a d2g:Node, d2g:Process ;
    rdfs:label ""Sink Processor"" ;
    d2g:shape d2g:Task .

<http://example.org/diagram/diagram/node/5> a d2g:Node, d2g:Terminator ;
    rdfs:label ""End"" ;
    d2g:shape d2g:EndEvent .

<http://example.org/diagram/diagram/edge/12> a d2g:Edge, d2g:Solid ;
    d2g:source <http://example.org/diagram/diagram/node/1> ;
    d2g:target <http://example.org/diagram/diagram/node/2> ;
    d2g:relationshipType d2g:Follows .

<http://example.org/diagram/diagram/edge/23> a d2g:Edge, d2g:Solid ;
    d2g:source <http://example.org/diagram/diagram/node/2> ;
    d2g:target <http://example.org/diagram/diagram/node/3> ;
    d2g:relationshipType d2g:Follows ;
    d2g:relationshipValue ""Stream"" .

<http://example.org/diagram/diagram/edge/34> a d2g:Edge, d2g:Solid ;
    d2g:source <http://example.org/diagram/diagram/node/3> ;
    d2g:target <http://example.org/diagram/diagram/node/4> ;
    d2g:relationshipType d2g:Follows ;
    d2g:relationshipValue ""Stream"" .

<http://example.org/diagram/diagram/edge/45> a d2g:Edge, d2g:Solid ;
    d2g:source <http://example.org/diagram/diagram/node/4> ;
    d2g:target <http://example.org/diagram/diagram/node/5> ;
    d2g:relationshipType d2g:Follows .

<http://example.org/diagram/diagram/node/1> d2g:follows <http://example.org/diagram/diagram/node/2> .
<http://example.org/diagram/diagram/node/2> d2g:follows <http://example.org/diagram/diagram/node/3> .
<http://example.org/diagram/diagram/node/3> d2g:follows <http://example.org/diagram/diagram/node/4> .
<http://example.org/diagram/diagram/node/4> d2g:follows <http://example.org/diagram/diagram/node/5> .
",1.0,0.0
Extract RDF triples from this image (/kaggle/input/diagram2graph-dataset/diagram2graph/591.png),['/kaggle/input/diagram2graph-dataset/diagram2graph/591.png'],"@prefix d2g:  <http://example.org/diagram2graph#> .
@prefix rdfs: <http://www.w3.org/2000/01/rdf-schema#> .

<http://example.org/diagram/diagram/node/1> a d2g:Start, d2g:Node ;
    rdfs:label ""Start"" ;
    d2g:shape d2g:StartEvent .

<http://example.org/diagram/diagram/node/2> a d2g:Process, d2g:Node ;
    rdfs:label ""Scan Bar code"" ;
    d2g:shape d2g:Task .

<http://example.org/diagram/diagram/node/3> a d2g:Process, d2g:Node ;
    rdfs:label ""\""Reader\"" decrypts message and sends it to \""3D object management interface\"""" ;
    d2g:shape d2g:Task .

<http://example.org/diagram/diagram/node/4> a d2g:Process, d2g:Node ;
    rdfs:label ""Check the website"" ;
    d2g:shape d2g:Task .

<http://example.org/diagram/diagram/node/5> a d2g:Process, d2g:Node ;
    rdfs:label ""The back-end server checks data and compares it with \""3D objects database\"""" ;
    d2g:shape d2g:Task .

<http://example.org/diagram/diagram/node/6> a d2g:Decision, d2g:Node ;
    rdfs:label ""Does data match the detail in \""3D objects database\"""" ;
    d2g:shape d2g:Gateway .

<http://example.org/diagram/diagram/node/7> a d2g:Process, d2g:Node ;
    rdfs:label ""An error message is displayed on the user screen"" ;
    d2g:shape d2g:Task .

<http://example.org/diagram/diagram/node/8> a d2g:Process, d2g:Node ;
    rdfs:label ""The 3D object is displayed on the user screen"" ;
    d2g:shape d2g:Task .

<http://example.org/diagram/diagram/edge/12> a d2g:Edge, d2g:Solid ;
    d2g:source <http://example.org/diagram/diagram/node/1> ;
    d2g:target <http://example.org/diagram/diagram/node/2> ;
    d2g:relationshipType d2g:Follows .

<http://example.org/diagram/diagram/edge/23> a d2g:Edge, d2g:Solid ;
    d2g:source <http://example.org/diagram/diagram/node/2> ;
    d2g:target <http://example.org/diagram/diagram/node/3> ;
    d2g:relationshipType d2g:Follows .

<http://example.org/diagram/diagram/edge/34> a d2g:Edge, d2g:Solid ;
    d2g:source <http://example.org/diagram/diagram/node/3> ;
    d2g:target <http://example.org/diagram/diagram/node/4> ;
    d2g:relationshipType d2g:Follows .

<http://example.org/diagram/diagram/edge/45> a d2g:Edge, d2g:Solid ;
    d2g:source <http://example.org/diagram/diagram/node/4> ;
    d2g:target <http://example.org/diagram/diagram/node/5> ;
    d2g:relationshipType d2g:Follows .

<http://example.org/diagram/diagram/edge/56> a d2g:Edge, d2g:Solid ;
    d2g:source <http://example.org/diagram/diagram/node/5> ;
    d2g:target <http://example.org/diagram/diagram/node/6> ;
    d2g:relationshipType d2g:Follows .

<http://example.org/diagram/diagram/edge/67> a d2g:Edge, d2g:Solid ;
    d2g:source <http://example.org/diagram/diagram/node/6> ;
    d2g:target <http://example.org/diagram/diagram/node/7> ;
    d2g:relationshipType d2g:Branches ;
    d2g:relationshipValue ""No?"" .

<http://example.org/diagram/diagram/edge/68> a d2g:Edge, d2g:Solid ;
    d2g:source <http://example.org/diagram/diagram/node/6> ;
    d2g:target <http://example.org/diagram/diagram/node/8> ;
    d2g:relationshipType d2g:Branches ;
    d2g:relationshipValue ""Yes?"" .

<http://example.org/diagram/diagram/node/1> d2g:follows <http://example.org/diagram/diagram/node/2> .
<http://example.org/diagram/diagram/node/2> d2g:follows <http://example.org/diagram/diagram/node/3> .
<http://example.org/diagram/diagram/node/3> d2g:follows <http://example.org/diagram/diagram/node/4> .
<http://example.org/diagram/diagram/node/4> d2g:follows <http://example.org/diagram/diagram/node/5> .
<http://example.org/diagram/diagram/node/5> d2g:follows <http://example.org/diagram/diagram/node/6> .
<http://example.org/diagram/diagram/node/6> d2g:branches <http://example.org/diagram/diagram/node/7> .
<http://example.org/diagram/diagram/node/6> d2g:branches <http://example.org/diagram/diagram/node/8> .
",1.0,1.0
Extract RDF triples from this image (/kaggle/input/diagram2graph-dataset/diagram2graph/598.png),['/kaggle/input/diagram2graph-dataset/diagram2graph/598.png'],"@prefix d2g:  <http://example.org/diagram2graph#> .
@prefix rdfs: <http://www.w3.org/2000/01/rdf-schema#> .

<http://example.org/diagram/diagram/node/1> a d2g:Process, d2g:Node ;
    rdfs:label ""New Member"" ;
    d2g:shape d2g:Task .

<http://example.org/diagram/diagram/node/2> a d2g:Process, d2g:Node ;
    rdfs:label ""Login"" ;
    d2g:shape d2g:Task .

<http://example.org/diagram/diagram/node/3> a d2g:Process, d2g:Node ;
    rdfs:label ""Authentication"" ;
    d2g:shape d2g:Task .

<http://example.org/diagram/diagram/node/4> a d2g:Process, d2g:Node ;
    rdfs:label ""D1"" ;
    d2g:shape d2g:Task .

<http://example.org/diagram/diagram/node/5> a d2g:Process, d2g:Node ;
    rdfs:label ""Print info"" ;
    d2g:shape d2g:Task .

<http://example.org/diagram/diagram/node/6> a d2g:Process, d2g:Node ;
    rdfs:label ""Validation"" ;
    d2g:shape d2g:Task .

<http://example.org/diagram/diagram/node/7> a d2g:Process, d2g:Node ;
    rdfs:label ""D2"" ;
    d2g:shape d2g:Task .

<http://example.org/diagram/diagram/edge/12> a d2g:Edge, d2g:Solid ;
    d2g:source <http://example.org/diagram/diagram/node/1> ;
    d2g:target <http://example.org/diagram/diagram/node/2> ;
    d2g:relationshipType d2g:Follows ;
    d2g:relationshipValue ""User name Password"" .

<http://example.org/diagram/diagram/edge/23> a d2g:Edge, d2g:Solid ;
    d2g:source <http://example.org/diagram/diagram/node/2> ;
    d2g:target <http://example.org/diagram/diagram/node/3> ;
    d2g:relationshipType d2g:Follows .

<http://example.org/diagram/diagram/edge/35> a d2g:Edge, d2g:Solid ;
    d2g:source <http://example.org/diagram/diagram/node/3> ;
    d2g:target <http://example.org/diagram/diagram/node/5> ;
    d2g:relationshipType d2g:Follows ;
    d2g:relationshipValue ""If not a member"" .

<http://example.org/diagram/diagram/edge/51> a d2g:Edge, d2g:Solid ;
    d2g:source <http://example.org/diagram/diagram/node/5> ;
    d2g:target <http://example.org/diagram/diagram/node/1> ;
    d2g:relationshipType d2g:Follows .

<http://example.org/diagram/diagram/edge/36> a d2g:Edge, d2g:Solid ;
    d2g:source <http://example.org/diagram/diagram/node/3> ;
    d2g:target <http://example.org/diagram/diagram/node/6> ;
    d2g:relationshipType d2g:Follows ;
    d2g:relationshipValue ""If existing member, ADP Username ADP Password"" .

<http://example.org/diagram/diagram/edge/34> a d2g:Edge, d2g:Solid ;
    d2g:source <http://example.org/diagram/diagram/node/3> ;
    d2g:target <http://example.org/diagram/diagram/node/4> ;
    d2g:relationshipType d2g:Follows .

<http://example.org/diagram/diagram/edge/67> a d2g:Edge, d2g:Solid ;
    d2g:source <http://example.org/diagram/diagram/node/6> ;
    d2g:target <http://example.org/diagram/diagram/node/7> ;
    d2g:relationshipType d2g:Follows ;
    d2g:relationshipValue ""ADP Username ADP Password"" .

<http://example.org/diagram/diagram/node/1> d2g:follows <http://example.org/diagram/diagram/node/2> .
<http://example.org/diagram/diagram/node/2> d2g:follows <http://example.org/diagram/diagram/node/3> .
<http://example.org/diagram/diagram/node/3> d2g:follows <http://example.org/diagram/diagram/node/5> .
<http://example.org/diagram/diagram/node/5> d2g:follows <http://example.org/diagram/diagram/node/1> .
<http://example.org/diagram/diagram/node/3> d2g:follows <http://example.org/diagram/diagram/node/6> .
<http://example.org/diagram/diagram/node/3> d2g:follows <http://example.org/diagram/diagram/node/4> .
<http://example.org/diagram/diagram/node/6> d2g:follows <http://example.org/diagram/diagram/node/7> .
",0.0,1.0
Extract RDF triples from this image (/kaggle/input/diagram2graph-dataset/diagram2graph/6.png),['/kaggle/input/diagram2graph-dataset/diagram2graph/6.png'],"@prefix d2g:  <http://example.org/diagram2graph#> .
@prefix rdfs: <http://www.w3.org/2000/01/rdf-schema#> .

<http://example.org/diagram/diagram/node/1> a d2g:Start, d2g:Node ;
    rdfs:label ""Start"" ;
    d2g:shape d2g:StartEvent .

<http://example.org/diagram/diagram/node/2> a d2g:Decision, d2g:Node ;
    rdfs:label ""Is target sector\n<\nmax sector?"" ;
    d2g:shape d2g:Gateway .

<http://example.org/diagram/diagram/node/3> a d2g:Process, d2g:Node ;
    rdfs:label ""Increment Sector"" ;
    d2g:shape d2g:Task .

<http://example.org/diagram/diagram/node/4> a d2g:Process, d2g:Node ;
    rdfs:label ""Target Sector = 0"" ;
    d2g:shape d2g:Task .

<http://example.org/diagram/diagram/node/5> a d2g:Decision, d2g:Node ;
    rdfs:label ""Want to\nupdate?"" ;
    d2g:shape d2g:Gateway .

<http://example.org/diagram/diagram/node/6> a d2g:Process, d2g:Node ;
    rdfs:label ""Increment head"" ;
    d2g:shape d2g:Task .

<http://example.org/diagram/diagram/node/7> a d2g:Process, d2g:Node ;
    rdfs:label ""Target head = 0"" ;
    d2g:shape d2g:Task .

<http://example.org/diagram/diagram/node/8> a d2g:Process, d2g:Node ;
    rdfs:label ""Increment"" ;
    d2g:shape d2g:Task .

<http://example.org/diagram/diagram/node/9> a d2g:Terminator, d2g:Node ;
    rdfs:label ""End"" ;
    d2g:shape d2g:EndEvent .

<http://example.org/diagram/diagram/edge/12> a d2g:Edge, d2g:Solid ;
    d2g:source <http://example.org/diagram/diagram/node/1> ;
    d2g:target <http://example.org/diagram/diagram/node/2> ;
    d2g:relationshipType d2g:Follows .

<http://example.org/diagram/diagram/edge/23> a d2g:Edge, d2g:Solid ;
    d2g:source <http://example.org/diagram/diagram/node/2> ;
    d2g:target <http://example.org/diagram/diagram/node/3> ;
    d2g:relationshipType d2g:Branches ;
    d2g:relationshipValue ""Yes"" .

<http://example.org/diagram/diagram/edge/24> a d2g:Edge, d2g:Solid ;
    d2g:source <http://example.org/diagram/diagram/node/2> ;
    d2g:target <http://example.org/diagram/diagram/node/4> ;
    d2g:relationshipType d2g:Branches ;
    d2g:relationshipValue ""No"" .

<http://example.org/diagram/diagram/edge/35> a d2g:Edge, d2g:Solid ;
    d2g:source <http://example.org/diagram/diagram/node/3> ;
    d2g:target <http://example.org/diagram/diagram/node/5> ;
    d2g:relationshipType d2g:Follows .

<http://example.org/diagram/diagram/edge/45> a d2g:Edge, d2g:Solid ;
    d2g:source <http://example.org/diagram/diagram/node/4> ;
    d2g:target <http://example.org/diagram/diagram/node/5> ;
    d2g:relationshipType d2g:Follows .

<http://example.org/diagram/diagram/edge/56> a d2g:Edge, d2g:Solid ;
    d2g:source <http://example.org/diagram/diagram/node/5> ;
    d2g:target <http://example.org/diagram/diagram/node/6> ;
    d2g:relationshipType d2g:Branches ;
    d2g:relationshipValue ""Yes"" .

<http://example.org/diagram/diagram/edge/57> a d2g:Edge, d2g:Solid ;
    d2g:source <http://example.org/diagram/diagram/node/5> ;
    d2g:target <http://example.org/diagram/diagram/node/7> ;
    d2g:relationshipType d2g:Branches ;
    d2g:relationshipValue ""No"" .

<http://example.org/diagram/diagram/edge/68> a d2g:Edge, d2g:Solid ;
    d2g:source <http://example.org/diagram/diagram/node/6> ;
    d2g:target <http://example.org/diagram/diagram/node/8> ;
    d2g:relationshipType d2g:Follows .

<http://example.org/diagram/diagram/edge/78> a d2g:Edge, d2g:Solid ;
    d2g:source <http://example.org/diagram/diagram/node/7> ;
    d2g:target <http://example.org/diagram/diagram/node/8> ;
    d2g:relationshipType d2g:Follows .

<http://example.org/diagram/diagram/edge/89> a d2g:Edge, d2g:Solid ;
    d2g:source <http://example.org/diagram/diagram/node/8> ;
    d2g:target <http://example.org/diagram/diagram/node/9> ;
    d2g:relationshipType d2g:Follows .

<http://example.org/diagram/diagram/node/1> d2g:follows <http://example.org/diagram/diagram/node/2> .
<http://example.org/diagram/diagram/node/2> d2g:branches <http://example.org/diagram/diagram/node/3> .
<http://example.org/diagram/diagram/node/2> d2g:branches <http://example.org/diagram/diagram/node/4> .
<http://example.org/diagram/diagram/node/3> d2g:follows <http://example.org/diagram/diagram/node/5> .
<http://example.org/diagram/diagram/node/4> d2g:follows <http://example.org/diagram/diagram/node/5> .
<http://example.org/diagram/diagram/node/5> d2g:branches <http://example.org/diagram/diagram/node/6> .
<http://example.org/diagram/diagram/node/5> d2g:branches <http://example.org/diagram/diagram/node/7> .
<http://example.org/diagram/diagram/node/6> d2g:follows <http://example.org/diagram/diagram/node/8> .
<http://example.org/diagram/diagram/node/7> d2g:follows <http://example.org/diagram/diagram/node/8> .
<http://example.org/diagram/diagram/node/8> d2g:follows <http://example.org/diagram/diagram/node/9> .
",1.0,1.0
Extract RDF triples from this image (/kaggle/input/diagram2graph-dataset/diagram2graph/60.png),['/kaggle/input/diagram2graph-dataset/diagram2graph/60.png'],"@prefix d2g:  <http://example.org/diagram2graph#> .
@prefix rdfs: <http://www.w3.org/2000/01/rdf-schema#> .

<http://example.org/diagram/diagram/node/1> a d2g:Start, d2g:Node ;
    rdfs:label ""Begin"" ;
    d2g:shape d2g:StartEvent .

<http://example.org/diagram/diagram/node/2> a d2g:Process, d2g:Node ;
    rdfs:label ""Step 1"" ;
    d2g:shape d2g:Task .

<http://example.org/diagram/diagram/node/3> a d2g:Decision, d2g:Node ;
    rdfs:label ""Decision"" ;
    d2g:shape d2g:Gateway .

<http://example.org/diagram/diagram/node/4> a d2g:Process, d2g:Node ;
    rdfs:label ""Step 2"" ;
    d2g:shape d2g:Task .

<http://example.org/diagram/diagram/node/5> a d2g:Terminator, d2g:Node ;
    rdfs:label ""Stop"" ;
    d2g:shape d2g:EndEvent .

<http://example.org/diagram/diagram/edge/12> a d2g:Edge, d2g:Solid ;
    d2g:source <http://example.org/diagram/diagram/node/1> ;
    d2g:target <http://example.org/diagram/diagram/node/2> ;
    d2g:relationshipType d2g:Follows .

<http://example.org/diagram/diagram/edge/23> a d2g:Edge, d2g:Solid ;
    d2g:source <http://example.org/diagram/diagram/node/2> ;
    d2g:target <http://example.org/diagram/diagram/node/3> ;
    d2g:relationshipType d2g:Follows .

<http://example.org/diagram/diagram/edge/34> a d2g:Edge, d2g:Solid ;
    d2g:source <http://example.org/diagram/diagram/node/3> ;
    d2g:target <http://example.org/diagram/diagram/node/4> ;
    d2g:relationshipType d2g:Branches ;
    d2g:relationshipValue ""Yes"" .

<http://example.org/diagram/diagram/edge/32> a d2g:Edge, d2g:Solid ;
    d2g:source <http://example.org/diagram/diagram/node/3> ;
    d2g:target <http://example.org/diagram/diagram/node/2> ;
    d2g:relationshipType d2g:Branches ;
    d2g:relationshipValue ""No"" .

<http://example.org/diagram/diagram/edge/45> a d2g:Edge, d2g:Solid ;
    d2g:source <http://example.org/diagram/diagram/node/4> ;
    d2g:target <http://example.org/diagram/diagram/node/5> ;
    d2g:relationshipType d2g:Follows .

<http://example.org/diagram/diagram/node/1> d2g:follows <http://example.org/diagram/diagram/node/2> .
<http://example.org/diagram/diagram/node/2> d2g:follows <http://example.org/diagram/diagram/node/3> .
<http://example.org/diagram/diagram/node/3> d2g:branches <http://example.org/diagram/diagram/node/4> .
<http://example.org/diagram/diagram/node/3> d2g:branches <http://example.org/diagram/diagram/node/2> .
<http://example.org/diagram/diagram/node/4> d2g:follows <http://example.org/diagram/diagram/node/5> .
",1.0,1.0
Extract RDF triples from this image (/kaggle/input/diagram2graph-dataset/diagram2graph/605.png),['/kaggle/input/diagram2graph-dataset/diagram2graph/605.png'],"@prefix d2g: <http://example.org/diagram2graph#> .
@prefix rdfs: <http://www.w3.org/2000/01/rdf-schema#> .

<http://example.org/diagram/diagram/node/1> a d2g:Start, d2g:Node ;
    rdfs:label ""Mail Invoice to Accounts Payable"" ;
    d2g:shape d2g:StartEvent .

<http://example.org/diagram/diagram/node/2> a d2g:Process, d2g:Node ;
    rdfs:label ""Review Invoice for Compliance"" ;
    d2g:shape d2g:Task .

<http://example.org/diagram/diagram/node/3> a d2g:Decision, d2g:Node ;
    rdfs:label ""Invoice Meets Requirement?"" ;
    d2g:shape d2g:Gateway .

<http://example.org/diagram/diagram/node/4> a d2g:Process, d2g:Node ;
    rdfs:label ""Don't accept"" ;
    d2g:shape d2g:Task .

<http://example.org/diagram/diagram/node/5> a d2g:Decision, d2g:Node ;
    rdfs:label ""Approval?"" ;
    d2g:shape d2g:Gateway .

<http://example.org/diagram/diagram/node/6> a d2g:Process, d2g:Node ;
    rdfs:label ""Place in queue"" ;
    d2g:shape d2g:Task .

<http://example.org/diagram/diagram/node/7> a d2g:Decision, d2g:Node ;
    rdfs:label ""Action Taken, Issue Resolved?"" ;
    d2g:shape d2g:Gateway .

<http://example.org/diagram/diagram/node/8> a d2g:Process, d2g:Node ;
    rdfs:label ""Invoice Placed in Payment Queue"" ;
    d2g:shape d2g:Task .

<http://example.org/diagram/diagram/node/9> a d2g:Terminator, d2g:Node ;
    rdfs:label ""Payment Processed"" ;
    d2g:shape d2g:EndEvent .

<http://example.org/diagram/diagram/edge/12> a d2g:Edge, d2g:Solid ;
    d2g:source <http://example.org/diagram/diagram/node/1> ;
    d2g:target <http://example.org/diagram/diagram/node/2> ;
    d2g:relationshipType d2g:Follows .

<http://example.org/diagram/diagram/edge/23> a d2g:Edge, d2g:Solid ;
    d2g:source <http://example.org/diagram/diagram/node/2> ;
    d2g:target <http://example.org/diagram/diagram/node/3> ;
    d2g:relationshipType d2g:Follows .

<http://example.org/diagram/diagram/edge/34> a d2g:Edge, d2g:Dashed ;
    d2g:source <http://example.org/diagram/diagram/node/3> ;
    d2g:target <http://example.org/diagram/diagram/node/4> ;
    d2g:relationshipType d2g:Branches ;
    d2g:relationshipValue ""No"" .

<http://example.org/diagram/diagram/edge/35> a d2g:Edge, d2g:Solid ;
    d2g:source <http://example.org/diagram/diagram/node/3> ;
    d2g:target <http://example.org/diagram/diagram/node/5> ;
    d2g:relationshipType d2g:Branches ;
    d2g:relationshipValue ""Yes"" .

<http://example.org/diagram/diagram/edge/56> a d2g:Edge, d2g:Solid ;
    d2g:source <http://example.org/diagram/diagram/node/5> ;
    d2g:target <http://example.org/diagram/diagram/node/6> ;
    d2g:relationshipType d2g:Branches ;
    d2g:relationshipValue ""No"" .

<http://example.org/diagram/diagram/edge/58> a d2g:Edge, d2g:Solid ;
    d2g:source <http://example.org/diagram/diagram/node/5> ;
    d2g:target <http://example.org/diagram/diagram/node/8> ;
    d2g:relationshipType d2g:Branches ;
    d2g:relationshipValue ""Yes"" .

<http://example.org/diagram/diagram/edge/67> a d2g:Edge, d2g:Dashed ;
    d2g:source <http://example.org/diagram/diagram/node/6> ;
    d2g:target <http://example.org/diagram/diagram/node/7> ;
    d2g:relationshipType d2g:Follows .

<http://example.org/diagram/diagram/edge/75> a d2g:Edge, d2g:Solid ;
    d2g:source <http://example.org/diagram/diagram/node/7> ;
    d2g:target <http://example.org/diagram/diagram/node/5> ;
    d2g:relationshipType d2g:Branches ;
    d2g:relationshipValue ""Yes"" .

<http://example.org/diagram/diagram/edge/76> a d2g:Edge, d2g:Dashed ;
    d2g:source <http://example.org/diagram/diagram/node/7> ;
    d2g:target <http://example.org/diagram/diagram/node/6> ;
    d2g:relationshipType d2g:Branches ;
    d2g:relationshipValue ""No"" .

<http://example.org/diagram/diagram/edge/89> a d2g:Edge, d2g:Solid ;
    d2g:source <http://example.org/diagram/diagram/node/8> ;
    d2g:target <http://example.org/diagram/diagram/node/9> ;
    d2g:relationshipType d2g:Follows .

<http://example.org/diagram/diagram/node/1> d2g:follows <http://example.org/diagram/diagram/node/2> .
<http://example.org/diagram/diagram/node/2> d2g:follows <http://example.org/diagram/diagram/node/3> .
<http://example.org/diagram/diagram/node/3> d2g:branches <http://example.org/diagram/diagram/node/4> .
<http://example.org/diagram/diagram/node/3> d2g:branches <http://example.org/diagram/diagram/node/5> .
<http://example.org/diagram/diagram/node/5> d2g:branches <http://example.org/diagram/diagram/node/6> .
<http://example.org/diagram/diagram/node/5> d2g:branches <http://example.org/diagram/diagram/node/8> .
<http://example.org/diagram/diagram/node/6> d2g:follows <http://example.org/diagram/diagram/node/7> .
<http://example.org/diagram/diagram/node/7> d2g:branches <http://example.org/diagram/diagram/node/5> .
<http://example.org/diagram/diagram/node/7> d2g:branches <http://example.org/diagram/diagram/node/6> .
<http://example.org/diagram/diagram/node/8> d2g:follows <http://example.org/diagram/diagram/node/9> .
",1.0,1.0
Extract RDF triples from this image (/kaggle/input/diagram2graph-dataset/diagram2graph/607.png),['/kaggle/input/diagram2graph-dataset/diagram2graph/607.png'],"@prefix d2g:  <http://example.org/diagram2graph#> .
@prefix rdfs: <http://www.w3.org/2000/01/rdf-schema#> .

<http://example.org/diagram/diagram/node/1> a d2g:Start, d2g:Node ;
    rdfs:label ""Start"" ;
    d2g:shape d2g:StartEvent .

<http://example.org/diagram/diagram/node/2> a d2g:Process, d2g:Node ;
    rdfs:label ""Initial"" ;
    d2g:shape d2g:Task .

<http://example.org/diagram/diagram/node/3> a d2g:Decision, d2g:Node ;
    rdfs:label ""Process"" ;
    d2g:shape d2g:Gateway .

<http://example.org/diagram/diagram/node/4> a d2g:Process, d2g:Node ;
    rdfs:label ""Data"" ;
    d2g:shape d2g:Task .

<http://example.org/diagram/diagram/node/5> a d2g:Process, d2g:Node ;
    rdfs:label ""Document"" ;
    d2g:shape d2g:Task .

<http://example.org/diagram/diagram/node/6> a d2g:Process, d2g:Node ;
    rdfs:label ""Data"" ;
    d2g:shape d2g:Task .

<http://example.org/diagram/diagram/edge/12> a d2g:Edge, d2g:Solid ;
    d2g:source <http://example.org/diagram/diagram/node/1> ;
    d2g:target <http://example.org/diagram/diagram/node/2> ;
    d2g:relationshipType d2g:Follows .

<http://example.org/diagram/diagram/edge/23> a d2g:Edge, d2g:Solid ;
    d2g:source <http://example.org/diagram/diagram/node/2> ;
    d2g:target <http://example.org/diagram/diagram/node/3> ;
    d2g:relationshipType d2g:Follows .

<http://example.org/diagram/diagram/edge/34> a d2g:Edge, d2g:Solid ;
    d2g:source <http://example.org/diagram/diagram/node/3> ;
    d2g:target <http://example.org/diagram/diagram/node/4> ;
    d2g:relationshipType d2g:Branches ;
    d2g:relationshipValue ""Yes"" .

<http://example.org/diagram/diagram/edge/36> a d2g:Edge, d2g:Solid ;
    d2g:source <http://example.org/diagram/diagram/node/3> ;
    d2g:target <http://example.org/diagram/diagram/node/6> ;
    d2g:relationshipType d2g:Branches ;
    d2g:relationshipValue ""No"" .

<http://example.org/diagram/diagram/edge/45> a d2g:Edge, d2g:Solid ;
    d2g:source <http://example.org/diagram/diagram/node/4> ;
    d2g:target <http://example.org/diagram/diagram/node/5> ;
    d2g:relationshipType d2g:Follows .

<http://example.org/diagram/diagram/edge/65> a d2g:Edge, d2g:Solid ;
    d2g:source <http://example.org/diagram/diagram/node/6> ;
    d2g:target <http://example.org/diagram/diagram/node/5> ;
    d2g:relationshipType d2g:Follows .

<http://example.org/diagram/diagram/node/1> d2g:follows <http://example.org/diagram/diagram/node/2> .
<http://example.org/diagram/diagram/node/2> d2g:follows <http://example.org/diagram/diagram/node/3> .
<http://example.org/diagram/diagram/node/3> d2g:branches <http://example.org/diagram/diagram/node/4> .
<http://example.org/diagram/diagram/node/3> d2g:branches <http://example.org/diagram/diagram/node/6> .
<http://example.org/diagram/diagram/node/4> d2g:follows <http://example.org/diagram/diagram/node/5> .
<http://example.org/diagram/diagram/node/6> d2g:follows <http://example.org/diagram/diagram/node/5> .
",1.0,1.0
Extract RDF triples from this image (/kaggle/input/diagram2graph-dataset/diagram2graph/62.png),['/kaggle/input/diagram2graph-dataset/diagram2graph/62.png'],"@prefix d2g:  <http://example.org/diagram2graph#> .
@prefix rdfs: <http://www.w3.org/2000/01/rdf-schema#> .

<http://example.org/diagram/diagram/node/1> a d2g:Node, d2g:Start ;
    rdfs:label ""Begin"" ;
    d2g:shape d2g:StartEvent .

<http://example.org/diagram/diagram/node/2> a d2g:Node, d2g:Process ;
    rdfs:label ""Initialize variables"" ;
    d2g:shape d2g:Task .

<http://example.org/diagram/diagram/node/3> a d2g:Node, d2g:Process ;
    rdfs:label ""INPUT\nnumbers"" ;
    d2g:shape d2g:Task .

<http://example.org/diagram/diagram/node/4> a d2g:Node, d2g:Decision ;
    rdfs:label ""All numbers\nbeen entered?"" ;
    d2g:shape d2g:Gateway .

<http://example.org/diagram/diagram/node/5> a d2g:Node, d2g:Process ;
    rdfs:label ""INPUT latest"" ;
    d2g:shape d2g:Task .

<http://example.org/diagram/diagram/node/6> a d2g:Node, d2g:Process ;
    rdfs:label ""total = total + latest"" ;
    d2g:shape d2g:Task .

<http://example.org/diagram/diagram/node/7> a d2g:Node, d2g:Process ;
    rdfs:label ""average = total /\nnumbers"" ;
    d2g:shape d2g:Task .

<http://example.org/diagram/diagram/node/8> a d2g:Node, d2g:Process ;
    rdfs:label ""Print Output"" ;
    d2g:shape d2g:Task .

<http://example.org/diagram/diagram/node/9> a d2g:Node, d2g:Terminator ;
    rdfs:label ""Stop"" ;
    d2g:shape d2g:EndEvent .

<http://example.org/diagram/diagram/edge/12> a d2g:Edge, d2g:Solid ;
    d2g:source <http://example.org/diagram/diagram/node/1> ;
    d2g:target <http://example.org/diagram/diagram/node/2> ;
    d2g:relationshipType d2g:Follows .

<http://example.org/diagram/diagram/edge/23> a d2g:Edge, d2g:Solid ;
    d2g:source <http://example.org/diagram/diagram/node/2> ;
    d2g:target <http://example.org/diagram/diagram/node/3> ;
    d2g:relationshipType d2g:Follows .

<http://example.org/diagram/diagram/edge/34> a d2g:Edge, d2g:Solid ;
    d2g:source <http://example.org/diagram/diagram/node/3> ;
    d2g:target <http://example.org/diagram/diagram/node/4> ;
    d2g:relationshipType d2g:Follows .

<http://example.org/diagram/diagram/edge/47> a d2g:Edge, d2g:Solid ;
    d2g:source <http://example.org/diagram/diagram/node/4> ;
    d2g:target <http://example.org/diagram/diagram/node/7> ;
    d2g:relationshipType d2g:Branches ;
    d2g:relationshipValue ""Yes"" .

<http://example.org/diagram/diagram/edge/45> a d2g:Edge, d2g:Solid ;
    d2g:source <http://example.org/diagram/diagram/node/4> ;
    d2g:target <http://example.org/diagram/diagram/node/5> ;
    d2g:relationshipType d2g:Branches ;
    d2g:relationshipValue ""No"" .

<http://example.org/diagram/diagram/edge/56> a d2g:Edge, d2g:Solid ;
    d2g:source <http://example.org/diagram/diagram/node/5> ;
    d2g:target <http://example.org/diagram/diagram/node/6> ;
    d2g:relationshipType d2g:Follows .

<http://example.org/diagram/diagram/edge/64> a d2g:Edge, d2g:Solid ;
    d2g:source <http://example.org/diagram/diagram/node/6> ;
    d2g:target <http://example.org/diagram/diagram/node/4> ;
    d2g:relationshipType d2g:Follows .

<http://example.org/diagram/diagram/edge/78> a d2g:Edge, d2g:Solid ;
    d2g:source <http://example.org/diagram/diagram/node/7> ;
    d2g:target <http://example.org/diagram/diagram/node/8> ;
    d2g:relationshipType d2g:Follows .

<http://example.org/diagram/diagram/edge/89> a d2g:Edge, d2g:Solid ;
    d2g:source <http://example.org/diagram/diagram/node/8> ;
    d2g:target <http://example.org/diagram/diagram/node/9> ;
    d2g:relationshipType d2g:Follows .

<http://example.org/diagram/diagram/node/1> d2g:follows <http://example.org/diagram/diagram/node/2> .
<http://example.org/diagram/diagram/node/2> d2g:follows <http://example.org/diagram/diagram/node/3> .
<http://example.org/diagram/diagram/node/3> d2g:follows <http://example.org/diagram/diagram/node/4> .
<http://example.org/diagram/diagram/node/4> d2g:branches <http://example.org/diagram/diagram/node/7> .
<http://example.org/diagram/diagram/node/4> d2g:branches <http://example.org/diagram/diagram/node/5> .
<http://example.org/diagram/diagram/node/5> d2g:follows <http://example.org/diagram/diagram/node/6> .
<http://example.org/diagram/diagram/node/6> d2g:follows <http://example.org/diagram/diagram/node/4> .
<http://example.org/diagram/diagram/node/7> d2g:follows <http://example.org/diagram/diagram/node/8> .
<http://example.org/diagram/diagram/node/8> d2g:follows <http://example.org/diagram/diagram/node/9> .
",1.0,1.0
Extract RDF triples from this image (/kaggle/input/diagram2graph-dataset/diagram2graph/620.png),['/kaggle/input/diagram2graph-dataset/diagram2graph/620.png'],"@prefix d2g:  <http://example.org/diagram2graph#> .
@prefix rdfs: <http://www.w3.org/2000/01/rdf-schema#> .

<http://example.org/diagram/diagram/node/1> a d2g:Start, d2g:Node ;
    rdfs:label ""Start"" ;
    d2g:shape d2g:StartEvent .

<http://example.org/diagram/diagram/node/2> a d2g:Process, d2g:Node ;
    rdfs:label ""Submit the registration form"" ;
    d2g:shape d2g:Task .

<http://example.org/diagram/diagram/node/3> a d2g:Decision, d2g:Node ;
    rdfs:label ""Form Complete?"" ;
    d2g:shape d2g:Gateway .

<http://example.org/diagram/diagram/node/4> a d2g:Process, d2g:Node ;
    rdfs:label ""Verify details"" ;
    d2g:shape d2g:Task .

<http://example.org/diagram/diagram/node/5> a d2g:Decision, d2g:Node ;
    rdfs:label ""Accept Submission?"" ;
    d2g:shape d2g:Gateway .

<http://example.org/diagram/diagram/node/6> a d2g:Process, d2g:Node ;
    rdfs:label ""Return Document"" ;
    d2g:shape d2g:Task .

<http://example.org/diagram/diagram/node/7> a d2g:Process, d2g:Node ;
    rdfs:label ""Write Acceptance Letter"" ;
    d2g:shape d2g:Task .

<http://example.org/diagram/diagram/node/8> a d2g:Process, d2g:Node ;
    rdfs:label ""Confirmation"" ;
    d2g:shape d2g:Task .

<http://example.org/diagram/diagram/node/9> a d2g:Terminator, d2g:Node ;
    rdfs:label ""End"" ;
    d2g:shape d2g:EndEvent .

<http://example.org/diagram/diagram/edge/12> a d2g:Edge, d2g:Solid ;
    d2g:source <http://example.org/diagram/diagram/node/1> ;
    d2g:target <http://example.org/diagram/diagram/node/2> ;
    d2g:relationshipType d2g:Follows .

<http://example.org/diagram/diagram/edge/23> a d2g:Edge, d2g:Solid ;
    d2g:source <http://example.org/diagram/diagram/node/2> ;
    d2g:target <http://example.org/diagram/diagram/node/3> ;
    d2g:relationshipType d2g:Follows .

<http://example.org/diagram/diagram/edge/32> a d2g:Edge, d2g:Solid ;
    d2g:source <http://example.org/diagram/diagram/node/3> ;
    d2g:target <http://example.org/diagram/diagram/node/2> ;
    d2g:relationshipType d2g:Branches ;
    d2g:relationshipValue ""No"" .

<http://example.org/diagram/diagram/edge/34> a d2g:Edge, d2g:Solid ;
    d2g:source <http://example.org/diagram/diagram/node/3> ;
    d2g:target <http://example.org/diagram/diagram/node/4> ;
    d2g:relationshipType d2g:Branches ;
    d2g:relationshipValue ""Yes"" .

<http://example.org/diagram/diagram/edge/45> a d2g:Edge, d2g:Solid ;
    d2g:source <http://example.org/diagram/diagram/node/4> ;
    d2g:target <http://example.org/diagram/diagram/node/5> ;
    d2g:relationshipType d2g:Follows .

<http://example.org/diagram/diagram/edge/56> a d2g:Edge, d2g:Solid ;
    d2g:source <http://example.org/diagram/diagram/node/5> ;
    d2g:target <http://example.org/diagram/diagram/node/6> ;
    d2g:relationshipType d2g:Branches ;
    d2g:relationshipValue ""No"" .

<http://example.org/diagram/diagram/edge/57> a d2g:Edge, d2g:Solid ;
    d2g:source <http://example.org/diagram/diagram/node/5> ;
    d2g:target <http://example.org/diagram/diagram/node/7> ;
    d2g:relationshipType d2g:Branches ;
    d2g:relationshipValue ""Yes"" .

<http://example.org/diagram/diagram/edge/69> a d2g:Edge, d2g:Solid ;
    d2g:source <http://example.org/diagram/diagram/node/6> ;
    d2g:target <http://example.org/diagram/diagram/node/9> ;
    d2g:relationshipType d2g:Follows .

<http://example.org/diagram/diagram/edge/78> a d2g:Edge, d2g:Solid ;
    d2g:source <http://example.org/diagram/diagram/node/7> ;
    d2g:target <http://example.org/diagram/diagram/node/8> ;
    d2g:relationshipType d2g:Follows .

<http://example.org/diagram/diagram/edge/89> a d2g:Edge, d2g:Solid ;
    d2g:source <http://example.org/diagram/diagram/node/8> ;
    d2g:target <http://example.org/diagram/diagram/node/9> ;
    d2g:relationshipType d2g:Follows .

<http://example.org/diagram/diagram/node/1> d2g:follows <http://example.org/diagram/diagram/node/2> .
<http://example.org/diagram/diagram/node/2> d2g:follows <http://example.org/diagram/diagram/node/3> .
<http://example.org/diagram/diagram/node/3> d2g:branches <http://example.org/diagram/diagram/node/2> .
<http://example.org/diagram/diagram/node/3> d2g:branches <http://example.org/diagram/diagram/node/4> .
<http://example.org/diagram/diagram/node/4> d2g:follows <http://example.org/diagram/diagram/node/5> .
<http://example.org/diagram/diagram/node/5> d2g:branches <http://example.org/diagram/diagram/node/6> .
<http://example.org/diagram/diagram/node/5> d2g:branches <http://example.org/diagram/diagram/node/7> .
<http://example.org/diagram/diagram/node/6> d2g:follows <http://example.org/diagram/diagram/node/9> .
<http://example.org/diagram/diagram/node/7> d2g:follows <http://example.org/diagram/diagram/node/8> .
<http://example.org/diagram/diagram/node/8> d2g:follows <http://example.org/diagram/diagram/node/9> .
",0.0,1.0
Extract RDF triples from this image (/kaggle/input/diagram2graph-dataset/diagram2graph/624.png),['/kaggle/input/diagram2graph-dataset/diagram2graph/624.png'],"@prefix d2g: <http://example.org/diagram2graph#> .
@prefix rdfs: <http://www.w3.org/2000/01/rdf-schema#> .

<http://example.org/diagram/diagram/node/1> a d2g:Start, d2g:Node ;
    rdfs:label ""Fruits"" ;
    d2g:shape d2g:StartEvent .

<http://example.org/diagram/diagram/node/2> a d2g:Process, d2g:Node ;
    rdfs:label ""Input mango, pitaya, durian"" ;
    d2g:shape d2g:Task .

<http://example.org/diagram/diagram/node/3> a d2g:Decision, d2g:Node ;
    rdfs:label ""Prefer pitaya to durian?"" ;
    d2g:shape d2g:Gateway .

<http://example.org/diagram/diagram/node/4> a d2g:Decision, d2g:Node ;
    rdfs:label ""Prefer mango to pitaya?"" ;
    d2g:shape d2g:Gateway .

<http://example.org/diagram/diagram/node/5> a d2g:Decision, d2g:Node ;
    rdfs:label ""Prefer mango to durain"" ;
    d2g:shape d2g:Gateway .

<http://example.org/diagram/diagram/node/6> a d2g:Process, d2g:Node ;
    rdfs:label ""Go for mango"" ;
    d2g:shape d2g:Task .

<http://example.org/diagram/diagram/node/7> a d2g:Process, d2g:Node ;
    rdfs:label ""Go for pitaya"" ;
    d2g:shape d2g:Task .

<http://example.org/diagram/diagram/node/8> a d2g:Process, d2g:Node ;
    rdfs:label ""Go for pitaya"" ;
    d2g:shape d2g:Task .

<http://example.org/diagram/diagram/node/9> a d2g:Terminator, d2g:Node ;
    rdfs:label ""End"" ;
    d2g:shape d2g:EndEvent .

<http://example.org/diagram/diagram/edge/12> a d2g:Edge, d2g:Solid ;
    d2g:source <http://example.org/diagram/diagram/node/1> ;
    d2g:target <http://example.org/diagram/diagram/node/2> ;
    d2g:relationshipType d2g:Follows .

<http://example.org/diagram/diagram/edge/24> a d2g:Edge, d2g:Solid ;
    d2g:source <http://example.org/diagram/diagram/node/2> ;
    d2g:target <http://example.org/diagram/diagram/node/4> ;
    d2g:relationshipType d2g:Follows .

<http://example.org/diagram/diagram/edge/43> a d2g:Edge, d2g:Solid ;
    d2g:source <http://example.org/diagram/diagram/node/4> ;
    d2g:target <http://example.org/diagram/diagram/node/3> ;
    d2g:relationshipType d2g:Branches ;
    d2g:relationshipValue ""No"" .

<http://example.org/diagram/diagram/edge/45> a d2g:Edge, d2g:Solid ;
    d2g:source <http://example.org/diagram/diagram/node/4> ;
    d2g:target <http://example.org/diagram/diagram/node/5> ;
    d2g:relationshipType d2g:Branches ;
    d2g:relationshipValue ""Yes"" .

<http://example.org/diagram/diagram/edge/36_yes> a d2g:Edge, d2g:Solid ;
    d2g:source <http://example.org/diagram/diagram/node/3> ;
    d2g:target <http://example.org/diagram/diagram/node/6> ;
    d2g:relationshipType d2g:Branches ;
    d2g:relationshipValue ""Yes"" .

<http://example.org/diagram/diagram/edge/36_no> a d2g:Edge, d2g:Solid ;
    d2g:source <http://example.
",0.0,1.0
Extract RDF triples from this image (/kaggle/input/diagram2graph-dataset/diagram2graph/627.png),['/kaggle/input/diagram2graph-dataset/diagram2graph/627.png'],"@prefix d2g: <http://example.org/diagram2graph#> .
@prefix rdfs: <http://www.w3.org/2000/01/rdf-schema#> .

<http://example.org/diagram/diagram/node/1> a d2g:Start, d2g:Node ;
    rdfs:label ""Start"" ;
    d2g:shape d2g:StartEvent .

<http://example.org/diagram/diagram/node/2> a d2g:Process, d2g:Node ;
    rdfs:label ""Door bell"" ;
    d2g:shape d2g:Task .

<http://example.org/diagram/diagram/node/3> a d2g:Decision, d2g:Node ;
    rdfs:label ""Ready to face the world?"" ;
    d2g:shape d2g:Gateway .

<http://example.org/diagram/diagram/node/4> a d2g:Process, d2g:Node ;
    rdfs:label ""Get Up"" ;
    d2g:shape d2g:Task .

<http://example.org/diagram/diagram/node/5> a d2g:Terminator, d2g:Node ;
    rdfs:label ""End"" ;
    d2g:shape d2g:EndEvent .

<http://example.org/diagram/diagram/node/6> a d2g:Process, d2g:Node ;
    rdfs:label ""Ignore"" ;
    d2g:shape d2g:Task .

<http://example.org/diagram/diagram/node/7> a d2g:Delay, d2g:Node ;
    rdfs:label ""Delay inevitable for 5 minutes"" ;
    d2g:shape d2g:Delay .

<http://example.org/diagram/diagram/edge/12> a d2g:Edge, d2g:Solid ;
    d2g:source <http://example.org/diagram/diagram/node/1> ;
    d2g:target <http://example.org/diagram/diagram/node/2> ;
    d2g:relationshipType d2g:Follows .

<http://example.org/diagram/diagram/edge/23> a d2g:Edge, d2g:Solid ;
    d2g:source <http://example.org/diagram/diagram/node/2> ;
    d2g:target <http://example.org/diagram/diagram/node/3> ;
    d2g:relationshipType d2g:Follows .

<http://example.org/diagram/diagram/edge/34> a d2g:Edge, d2g:Solid ;
    d2g:source <http://example.org/diagram/diagram/node/3> ;
    d2g:target <http://example.org/diagram/diagram/node/4> ;
    d2g:relationshipType d2g:Branches ;
    d2g:relationshipValue ""Yes"" .

<http://example.org/diagram/diagram/edge/36> a d2g:Edge, d2g:Solid ;
    d2g:source <http://example.org/diagram/diagram/node/3> ;
    d2g:target <http://example.org/diagram/diagram/node/6> ;
    d2g:relationshipType d2g:Branches ;
    d2g:relationshipValue ""No"" .

<http://example.org/diagram/diagram/edge/67> a d2g:Edge, d2g:Solid ;
    d2g:source <http://example.org/diagram/diagram/node/6> ;
    d2g:target <http://example.org/diagram/diagram/node/7> ;
    d2g:relationshipType d2g:Follows .

<http://example.org/diagram/diagram/edge/72> a d2g:Edge, d2g:Solid ;
    d2g:source <http://example.org/diagram/diagram/node/7> ;
    d2g:target <http://example.org/diagram/diagram/node/2> ;
    d2g:relationshipType d2g:Follows .

<http://example.org/diagram/diagram/edge/45> a d2g:Edge, d2g:Solid ;
    d2g:source <http://example.org/diagram/diagram/node/4> ;
    d2g:target <http://example.org/diagram/diagram/node/5> ;
    d2g:relationshipType d2g:Follows .

<http://example.org/diagram/diagram/node/1> d2g:follows <http://example.org/diagram/diagram/node/2> .
<http://example.org/diagram/diagram/node/2> d2g:follows <http://example.org/diagram/diagram/node/3> .
<http://example.org/diagram/diagram/node/3> d2g:branches <http://example.org/diagram/diagram/node/4> .
<http://example.org/diagram/diagram/node/3> d2g:branches <http://example.org/diagram/diagram/node/6> .
<http://example.org/diagram/diagram/node/6> d2g:follows <http://example.org/diagram/diagram/node/7> .
<http://example.org/diagram/diagram/node/7> d2g:follows <http://example.org/diagram/diagram/node/2> .
<http://example.org/diagram/diagram/node/4> d2g:follows <http://example.org/diagram/diagram/node/5> .
",1.0,1.0
Extract RDF triples from this image (/kaggle/input/diagram2graph-dataset/diagram2graph/63.png),['/kaggle/input/diagram2graph-dataset/diagram2graph/63.png'],"@prefix d2g:  <http://example.org/diagram2graph#> .
@prefix rdfs: <http://www.w3.org/2000/01/rdf-schema#> .

<http://example.org/diagram/diagram/node/1> a d2g:Start, d2g:Node ;
    rdfs:label ""Start"" ;
    d2g:shape d2g:StartEvent .

<http://example.org/diagram/diagram/node/2> a d2g:Process, d2g:Node ;
    rdfs:label ""INPUT numbers"" ;
    d2g:shape d2g:Task .

<http://example.org/diagram/diagram/node/3> a d2g:Decision, d2g:Node ;
    rdfs:label ""Perform operation"" ;
    d2g:shape d2g:Gateway .

<http://example.org/diagram/diagram/node/4> a d2g:Process, d2g:Node ;
    rdfs:label ""INPUT latest"" ;
    d2g:shape d2g:Task .

<http://example.org/diagram/diagram/node/5> a d2g:Process, d2g:Node ;
    rdfs:label ""total = total + latest"" ;
    d2g:shape d2g:Task .

<http://example.org/diagram/diagram/node/6> a d2g:Process, d2g:Node ;
    rdfs:label ""Find Average"" ;
    d2g:shape d2g:Task .

<http://example.org/diagram/diagram/node/7> a d2g:Process, d2g:Node ;
    rdfs:label ""OUTPUT \""The total of the numbers was \"" + total"" ;
    d2g:shape d2g:Task .

<http://example.org/diagram/diagram/node/8> a d2g:Process, d2g:Node ;
    rdfs:label ""Print result"" ;
    d2g:shape d2g:Task .

<http://example.org/diagram/diagram/node/9> a d2g:Terminator, d2g:Node ;
    rdfs:label ""Stop"" ;
    d2g:shape d2g:EndEvent .

<http://example.org/diagram/diagram/edge/12> a d2g:Edge, d2g:Solid ;
    d2g:source <http://example.org/diagram/diagram/node/1> ;
    d2g:target <http://example.org/diagram/diagram/node/2> ;
    d2g:relationshipType d2g:Follows .

<http://example.org/diagram/diagram/edge/23> a d2g:Edge, d2g:Solid ;
    d2g:source <http://example.org/diagram/diagram/node/2> ;
    d2g:target <http://example.org/diagram/diagram/node/3> ;
    d2g:relationshipType d2g:Follows .

<http://example.org/diagram/diagram/edge/36> a d2g:Edge, d2g:Solid ;
    d2g:source <http://example.org/diagram/diagram/node/3> ;
    d2g:target <http://example.org/diagram/diagram/node/6> ;
    d2g:relationshipType d2g:Branches ;
    d2g:relationshipValue ""Yes"" .

<http://example.org/diagram/diagram/edge/34> a d2g:Edge, d2g:Solid ;
    d2g:source <http://example.org/diagram/diagram/node/3> ;
    d2g:target <http://example.org/diagram/diagram/node/4> ;
    d2g:relationshipType d2g:Branches ;
    d2g:relationshipValue ""No"" .

<http://example.org/diagram/diagram/edge/45> a d2g:Edge, d2g:Solid ;
    d2g:source <http://example.org/diagram/diagram/node/4> ;
    d2g:target <http://example.org/diagram/diagram/node/5> ;
    d2g:relationshipType d2g:Follows .

<http://example.org/diagram/diagram/edge/53> a d2g:Edge, d2g:Solid ;
    d2g:source <http://example.org/diagram/diagram/node/5> ;
    d2g:target <http://example.org/diagram/diagram/node/3> ;
    d2g:relationshipType d2g:Follows .

<http://example.org/diagram/diagram/edge/67> a d2g:Edge, d2g:Solid ;
    d2g:source <http://example.org/diagram/diagram/node/6> ;
    d2g:target <http://example.org/diagram/diagram/node/7> ;
    d2g:relationshipType d2g:Follows .

<http://example.org/diagram/diagram/edge/78> a d2g:Edge, d2g:Solid ;
    d2g:source <http://example.org/diagram/diagram/node/7> ;
    d2g:target <http://example.org/diagram/diagram/node/8> ;
    d2g:relationshipType d2g:Follows .

<http://example.org/diagram/diagram/edge/89> a d2g:Edge, d2g:Solid ;
    d2g:source <http://example.org/diagram/diagram/node/8> ;
    d2g:target <http://example.org/diagram/diagram/node/9> ;
    d2g:relationshipType d2g:Follows .

<http://example.org/diagram/diagram/node/1> d2g:follows <http://example.org/diagram/diagram/node/2> .
<http://example.org/diagram/diagram/node/2> d2g:follows <http://example.org/diagram/diagram/node/3> .
<http://example.org/diagram/diagram/node/3> d2g:branches <http://example.org/diagram/diagram/node/6> .
<http://example.org/diagram/diagram/node/3> d2g:branches <http://example.org/diagram/diagram/node/4> .
<http://example.org/diagram/diagram/node/4> d2g:follows <http://example.org/diagram/diagram/node/5> .
<http://example.org/diagram/diagram/node/5> d2g:follows <http://example.org/diagram/diagram/node/3> .
<http://example.org/diagram/diagram/node/6> d2g:follows <http://example.org/diagram/diagram/node/7> .
<http://example.org/diagram/diagram/node/7> d2g:follows <http://example.org/diagram/diagram/node/8> .
<http://example.org/diagram/diagram/node/8> d2g:follows <http://example.org/diagram/diagram/node/9> .
",0.0,1.0
Extract RDF triples from this image (/kaggle/input/diagram2graph-dataset/diagram2graph/630.png),['/kaggle/input/diagram2graph-dataset/diagram2graph/630.png'],"@prefix d2g: <http://example.org/diagram2graph#> .
@prefix rdfs: <http://www.w3.org/2000/01/rdf-schema#> .

<http://example.org/diagram/diagram/node/1> a d2g:Start, d2g:Node ;
    rdfs:label ""START"" ;
    d2g:shape d2g:StartEvent .

<http://example.org/diagram/diagram/node/2> a d2g:Process, d2g:Node ;
    rdfs:label ""COMPUTE LOCAL ADMIN GROUP NAME"" ;
    d2g:shape d2g:Task .

<http://example.org/diagram/diagram/node/3> a d2g:Decision, d2g:Node ;
    rdfs:label ""ADD OR REMOVE?"" ;
    d2g:shape d2g:Gateway .

<http://example.org/diagram/diagram/node/4> a d2g:Process, d2g:Node ;
    rdfs:label ""Update"" ;
    d2g:shape d2g:Task .

<http://example.org/diagram/diagram/node/5> a d2g:Process, d2g:Node ;
    rdfs:label ""ADD USERS TO GROUP"" ;
    d2g:shape d2g:Task .

<http://example.org/diagram/diagram/node/6> a d2g:Terminator, d2g:Node ;
    rdfs:label ""END"" ;
    d2g:shape d2g:EndEvent .

<http://example.org/diagram/diagram/node/7> a d2g:Process, d2g:Node ;
    rdfs:label ""Personalize"" ;
    d2g:shape d2g:Task .

<http://example.org/diagram/diagram/node/8> a d2g:Process, d2g:Node ;
    rdfs:label ""DISPLAY CURRENT MEMBERS"" ;
    d2g:shape d2g:Task .

<http://example.org/diagram/diagram/node/9> a d2g:Process, d2g:Node ;
    rdfs:label ""Check"" ;
    d2g:shape d2g:Task .

<http://example.org/diagram/diagram/edge/12> a d2g:Edge, d2g:Solid ;
    d2g:source <http://example.org/diagram/diagram/node/1> ;
    d2g:target <http://example.org/diagram/diagram/node/2> ;
    d2g:relationshipType d2g:Follows .

<http://example.org/diagram/diagram/edge/23> a d2g:Edge, d2g:Solid ;
    d2g:source <http://example.org/diagram/diagram/node/2> ;
    d2g:target <http://example.org/diagram/diagram/node/3> ;
    d2g:relationshipType d2g:Follows .

<http://example.org/diagram/diagram/edge/34> a d2g:Edge, d2g:Solid ;
    d2g:source <http://example.org/diagram/diagram/node/3> ;
    d2g:target <http://example.org/diagram/diagram/node/4> ;
    d2g:relationshipType d2g:Branches ;
    d2g:relationshipValue ""ADD"" .

<http://example.org/diagram/diagram/edge/37> a d2g:Edge, d2g:Solid ;
    d2g:source <http://example.org/diagram/diagram/node/3> ;
    d2g:target <http://example.org/diagram/diagram/node/7> ;
    d2g:relationshipType d2g:Branches ;
    d2g:relationshipValue ""REMOVE"" .

<http://example.org/diagram/diagram/edge/45> a d2g:Edge, d2g:Solid ;
    d2g:source <http://example.org/diagram/diagram/node/4> ;
    d2g:target <http://example.org/diagram/diagram/node/5> ;
    d2g:relationshipType d2g:Follows .

<http://example.org/diagram/diagram/edge/56> a d2g:Edge, d2g:Solid ;
    d2g:source <http://example.org/diagram/diagram/node/5> ;
    d2g:target <http://example.org/diagram/diagram/node/6> ;
    d2g:relationshipType d2g:Follows .

<http://example.org/diagram/diagram/edge/78> a d2g:Edge, d2g:Solid ;
    d2g:source <http://example.org/diagram/diagram/node/7> ;
    d2g:target <http://example.org/diagram/diagram/node/8> ;
    d2g:relationshipType d2g:Follows .

<http://example.org/diagram/diagram/edge/89> a d2g:Edge, d2g:Solid ;
    d2g:source <http://example.org/diagram/diagram/node/8> ;
    d2g:target <http://example.org/diagram/diagram/node/9> ;
    d2g:relationshipType d2g:Follows .

<http://example.org/diagram/diagram/edge/96> a d2g:Edge, d2g:Solid ;
    d2g:source <http://example.org/diagram/diagram/node/9> ;
    d2g:target <http://example.org/diagram/diagram/node/6> ;
    d2g:relationshipType d2g:Follows .

<http://example.org/diagram/diagram/node/1> d2g:follows <http://example.org/diagram/diagram/node/2> .
<http://example.org/diagram/diagram/node/2> d2g:follows <http://example.org/diagram/diagram/node/3> .
<http://example.org/diagram/diagram/node/3> d2g:branches <http://example.org/diagram/diagram/node/4> .
<http://example.org/diagram/diagram/node/3> d2g:branches <http://example.org/diagram/diagram/node/7> .
<http://example.org/diagram/diagram/node/4> d2g:follows <http://example.org/diagram/diagram/node/5> .
<http://example.org/diagram/diagram/node/5> d2g:follows <http://example.org/diagram/diagram/node/6> .
<http://example.org/diagram/diagram/node/7> d2g:follows <http://example.org/diagram/diagram/node/8> .
<http://example.org/diagram/diagram/node/8> d2g:follows <http://example.org/diagram/diagram/node/9> .
<http://example.org/diagram/diagram/node/9> d2g:follows <http://example.org/diagram/diagram/node/6> .
",1.0,1.0
Extract RDF triples from this image (/kaggle/input/diagram2graph-dataset/diagram2graph/634.png),['/kaggle/input/diagram2graph-dataset/diagram2graph/634.png'],"@prefix d2g: <http://example.org/diagram2graph#> .
@prefix rdfs: <http://www.w3.org/2000/01/rdf-schema#> .

<http://example.org/diagram/diagram/node/1> a d2g:Process, d2g:Node ;
    rdfs:label ""Initial"" ;
    d2g:shape d2g:Task .

<http://example.org/diagram/diagram/node/2> a d2g:Decision, d2g:Node ;
    rdfs:label ""Case 1"" ;
    d2g:shape d2g:Gateway .

<http://example.org/diagram/diagram/node/3> a d2g:Process, d2g:Node ;
    rdfs:label ""Statement 1"" ;
    d2g:shape d2g:Task .

<http://example.org/diagram/diagram/node/4> a d2g:Decision, d2g:Node ;
    rdfs:label ""Case 2"" ;
    d2g:shape d2g:Gateway .

<http://example.org/diagram/diagram/node/5> a d2g:Process, d2g:Node ;
    rdfs:label ""Statement 2"" ;
    d2g:shape d2g:Task .

<http://example.org/diagram/diagram/node/6> a d2g:Decision, d2g:Node ;
    rdfs:label ""Case N"" ;
    d2g:shape d2g:Gateway .

<http://example.org/diagram/diagram/node/7> a d2g:Process, d2g:Node ;
    rdfs:label ""Statement N"" ;
    d2g:shape d2g:Task .

<http://example.org/diagram/diagram/node/8> a d2g:Process, d2g:Node ;
    rdfs:label ""Default statement"" ;
    d2g:shape d2g:Task .

<http://example.org/diagram/diagram/node/9> a d2g:Terminator, d2g:Node ;
    rdfs:label ""End"" ;
    d2g:shape d2g:EndEvent .

<http://example.org/diagram/diagram/edge/12> a d2g:Edge, d2g:Solid ;
    d2g:source <http://example.org/diagram/diagram/node/1> ;
    d2g:target <http://example.org/diagram/diagram/node/2> ;
    d2g:relationshipType d2g:Follows .

<http://example.org/diagram/diagram/edge/23> a d2g:Edge, d2g:Solid ;
    d2g:source <http://example.org/diagram/diagram/node/2> ;
    d2g:target <http://example.org/diagram/diagram/node/3> ;
    d2g:relationshipType d2g:Branches ;
    d2g:relationshipValue ""YES"" .

<http://example.org/diagram/diagram/edge/24> a d2g:Edge, d2g:Solid ;
    d2g:source <http://example.org/diagram/diagram/node/2> ;
    d2g:target <http://example.org/diagram/diagram/node/4> ;
    d2g:relationshipType d2g:Branches ;
    d2g:relationshipValue ""NO"" .

<http://example.org/diagram/diagram/edge/39> a d2g:Edge, d2g:Solid ;
    d2g:source <http://example.org/diagram/diagram/node/3> ;
    d2g:target <http://example.org/diagram/diagram/node/9> ;
    d2g:relationshipType d2g:Follows .

<http://example.org/diagram/diagram/edge/45> a d2g:Edge, d2g:Solid ;
    d2g:source <http://example.org/diagram/diagram/node/4> ;
    d2g:target <http://example.org/diagram/diagram/node/5> ;
    d2g:relationshipType d2g:Branches ;
    d2g:relationshipValue ""YES"" .

<http://example.org/diagram/diagram/edge/46> a d2g:Edge, d2g:Dashed ;
    d2g:source <http://example.org/diagram/diagram/node/4> ;
    d2g:target <http://example.org/diagram/diagram/node/6> ;
    d2g:relationshipType d2g:Branches ;
    d2g:relationshipValue ""NO"" .

<http://example.org/diagram/diagram/edge/59> a d2g:Edge, d2g:Solid ;
    d2g:source <http://example.org/diagram/diagram/node/5> ;
    d2g:target <http://example.org/diagram/diagram/node/9> ;
    d2g:relationshipType d2g:Follows .

<http://example.org/diagram/diagram/edge/67> a d2g:Edge, d2g:Solid ;
    d2g:source <http://example.org/diagram/diagram/node/6> ;
    d2g:target <http://example.org/diagram/diagram/node/7> ;
    d2g:relationshipType d2g:Branches ;
    d2g:relationshipValue ""YES"" .

<http://example.org/diagram/diagram/edge/68> a d2g:Edge, d2g:Solid ;
    d2g:source <http://example.org/diagram/diagram/node/6> ;
    d2g:target <http://example.org/diagram/diagram/node/8> ;
    d2g:relationshipType d2g:Branches ;
    d2g:relationshipValue ""NO"" .

<http://example.org/diagram/diagram/edge/79> a d2g:Edge, d2g:Solid ;
    d2g:source <http://example.org/diagram/diagram/node/7> ;
    d2g:target <http://example.org/diagram/diagram/node/9> ;
    d2g:relationshipType d2g:Follows .

<http://example.org/diagram/diagram/edge/89> a d2g:Edge, d2g:Solid ;
    d2g:source <http://example.org/diagram/diagram/node/8> ;
    d2g:target <http://example.org/diagram/diagram/node/9> ;
    d2g:relationshipType d2g:Follows .

<http://example.org/diagram/diagram/node/1> d2g:follows <http://example.org/diagram/diagram/node/2> .
<http://example.org/diagram/diagram/node/2> d2g:branches <http://example.org/diagram/diagram/node/3> .
<http://example.org/diagram/diagram/node/2> d2g:branches <http://example.org/diagram/diagram/node/4> .
<http://example.org/diagram/diagram/node/3> d2g:follows <http://example.org/diagram/diagram/node/9> .
<http://example.org/diagram/diagram/node/4> d2g:branches <http://example.org/diagram/diagram/node/5> .
<http://example.org/diagram/diagram/node/4> d2g:branches <http://example.org/diagram/diagram/node/6> .
<http://example.org/diagram/diagram/node/5> d2g:follows <http://example.org/diagram/diagram/node/9> .
<http://example.org/diagram/diagram/node/6> d2g:branches <http://example.org/diagram/diagram/node/7> .
<http://example.org/diagram/diagram/node/6> d2g:branches <http://example.org/diagram/diagram/node/8> .
<http://example.org/diagram/diagram/node/7> d2g:follows <http://example.org/diagram/diagram/node/9> .
<http://example.org/diagram/diagram/node/8> d2g:follows <http://example.org/diagram/diagram/node/9> .
",0.0,1.0
Extract RDF triples from this image (/kaggle/input/diagram2graph-dataset/diagram2graph/64.png),['/kaggle/input/diagram2graph-dataset/diagram2graph/64.png'],"@prefix d2g:  <http://example.org/diagram2graph#> .
@prefix rdfs: <http://www.w3.org/2000/01/rdf-schema#> .

<http://example.org/diagram/diagram/node/1> a d2g:Start, d2g:Node ;
    rdfs:label ""Start"" ;
    d2g:shape d2g:StartEvent .

<http://example.org/diagram/diagram/node/2> a d2g:Process, d2g:Node ;
    rdfs:label ""Get N from user"" ;
    d2g:shape d2g:Task .

<http://example.org/diagram/diagram/node/3> a d2g:Process, d2g:Node ;
    rdfs:label ""Initialize"" ;
    d2g:shape d2g:Task .

<http://example.org/diagram/diagram/node/4> a d2g:Decision, d2g:Node ;
    rdfs:label ""I is greater than N"" ;
    d2g:shape d2g:Gateway .

<http://example.org/diagram/diagram/node/5> a d2g:Process, d2g:Node ;
    rdfs:label ""Add I to Sum"" ;
    d2g:shape d2g:Task .

<http://example.org/diagram/diagram/node/6> a d2g:Process, d2g:Node ;
    rdfs:label ""Update"" ;
    d2g:shape d2g:Task .

<http://example.org/diagram/diagram/node/7> a d2g:Process, d2g:Node ;
    rdfs:label ""Show Sum on output"" ;
    d2g:shape d2g:Task .

<http://example.org/diagram/diagram/node/8> a d2g:Terminator, d2g:Node ;
    rdfs:label ""End"" ;
    d2g:shape d2g:EndEvent .

<http://example.org/diagram/diagram/edge/12> a d2g:Edge, d2g:Solid ;
    d2g:source <http://example.org/diagram/diagram/node/1> ;
    d2g:target <http://example.org/diagram/diagram/node/2> ;
    d2g:relationshipType d2g:Follows .

<http://example.org/diagram/diagram/edge/23> a d2g:Edge, d2g:Solid ;
    d2g:source <http://example.org/diagram/diagram/node/2> ;
    d2g:target <http://example.org/diagram/diagram/node/3> ;
    d2g:relationshipType d2g:Follows .

<http://example.org/diagram/diagram/edge/34> a d2g:Edge, d2g:Solid ;
    d2g:source <http://example.org/diagram/diagram/node/3> ;
    d2g:target <http://example.org/diagram/diagram/node/4> ;
    d2g:relationshipType d2g:Follows .

<http://example.org/diagram/diagram/edge/47> a d2g:Edge, d2g:Solid ;
    d2g:source <http://example.org/diagram/diagram/node/4> ;
    d2g:target <http://example.org/diagram/diagram/node/7> ;
    d2g:relationshipType d2g:Branches ;
    d2g:relationshipValue ""Yes"" .

<http://example.org/diagram/diagram/edge/45> a d2g:Edge, d2g:Solid ;
    d2g:source <http://example.org/diagram/diagram/node/4> ;
    d2g:target <http://example.org/diagram/diagram/node/5> ;
    d2g:relationshipType d2g:Branches ;
    d2g:relationshipValue ""No"" .

<http://example.org/diagram/diagram/edge/56> a d2g:Edge, d2g:Solid ;
    d2g:source <http://example.org/diagram/diagram/node/5> ;
    d2g:target <http://example.org/diagram/diagram/node/6> ;
    d2g:relationshipType d2g:Follows .

<http://example.org/diagram/diagram/edge/64> a d2g:Edge, d2g:Solid ;
    d2g:source <http://example.org/diagram/diagram/node/6> ;
    d2g:target <http://example.org/diagram/diagram/node/4> ;
    d2g:relationshipType d2g:Follows .

<http://example.org/diagram/diagram/edge/78> a d2g:Edge, d2g:Solid ;
    d2g:source <http://example.org/diagram/diagram/node/7> ;
    d2g:target <http://example.org/diagram/diagram/node/8> ;
    d2g:relationshipType d2g:Follows .

<http://example.org/diagram/diagram/node/1> d2g:follows <http://example.org/diagram/diagram/node/2> .
<http://example.org/diagram/diagram/node/2> d2g:follows <http://example.org/diagram/diagram/node/3> .
<http://example.org/diagram/diagram/node/3> d2g:follows <http://example.org/diagram/diagram/node/4> .
<http://example.org/diagram/diagram/node/4> d2g:branches <http://example.org/diagram/diagram/node/7> .
<http://example.org/diagram/diagram/node/4> d2g:branches <http://example.org/diagram/diagram/node/5> .
<http://example.org/diagram/diagram/node/5> d2g:follows <http://example.org/diagram/diagram/node/6> .
<http://example.org/diagram/diagram/node/6> d2g:follows <http://example.org/diagram/diagram/node/4> .
<http://example.org/diagram/diagram/node/7> d2g:follows <http://example.org/diagram/diagram/node/8> .
",1.0,1.0
Extract RDF triples from this image (/kaggle/input/diagram2graph-dataset/diagram2graph/65.png),['/kaggle/input/diagram2graph-dataset/diagram2graph/65.png'],"@prefix d2g:  <http://example.org/diagram2graph#> .
@prefix rdfs: <http://www.w3.org/2000/01/rdf-schema#> .

<http://example.org/diagram/diagram/node/1> a d2g:Node, d2g:Start ;
    rdfs:label ""Start"" ;
    d2g:shape d2g:StartEvent .

<http://example.org/diagram/diagram/node/2> a d2g:Node, d2g:Process ;
    rdfs:label ""Collide"" ;
    d2g:shape d2g:Task .

<http://example.org/diagram/diagram/node/3> a d2g:Node, d2g:Process ;
    rdfs:label ""Wake up"" ;
    d2g:shape d2g:Task .

<http://example.org/diagram/diagram/node/4> a d2g:Node, d2g:Process ;
    rdfs:label ""Run"" ;
    d2g:shape d2g:Task .

<http://example.org/diagram/diagram/node/5> a d2g:Node, d2g:Terminator ;
    rdfs:label ""End"" ;
    d2g:shape d2g:EndEvent .

<http://example.org/diagram/diagram/edge/12> a d2g:Edge, d2g:Solid ;
    d2g:source <http://example.org/diagram/diagram/node/1> ;
    d2g:target <http://example.org/diagram/diagram/node/2> ;
    d2g:relationshipType d2g:Follows .

<http://example.org/diagram/diagram/edge/23> a d2g:Edge, d2g:Solid ;
    d2g:source <http://example.org/diagram/diagram/node/2> ;
    d2g:target <http://example.org/diagram/diagram/node/3> ;
    d2g:relationshipType d2g:Follows .

<http://example.org/diagram/diagram/edge/34> a d2g:Edge, d2g:Solid ;
    d2g:source <http://example.org/diagram/diagram/node/3> ;
    d2g:target <http://example.org/diagram/diagram/node/4> ;
    d2g:relationshipType d2g:Follows .

<http://example.org/diagram/diagram/edge/45> a d2g:Edge, d2g:Solid ;
    d2g:source <http://example.org/diagram/diagram/node/4> ;
    d2g:target <http://example.org/diagram/diagram/node/5> ;
    d2g:relationshipType d2g:Follows .

<http://example.org/diagram/diagram/node/1> d2g:follows <http://example.org/diagram/diagram/node/2> .
<http://example.org/diagram/diagram/node/2> d2g:follows <http://example.org/diagram/diagram/node/3> .
<http://example.org/diagram/diagram/node/3> d2g:follows <http://example.org/diagram/diagram/node/4> .
<http://example.org/diagram/diagram/node/4> d2g:follows <http://example.org/diagram/diagram/node/5> .
",1.0,1.0
Extract RDF triples from this image (/kaggle/input/diagram2graph-dataset/diagram2graph/652.png),['/kaggle/input/diagram2graph-dataset/diagram2graph/652.png'],"@prefix d2g:  <http://example.org/diagram2graph#> .
@prefix rdfs: <http://www.w3.org/2000/01/rdf-schema#> .

<http://example.org/diagram/diagram/node/1> a d2g:Start, d2g:Node ;
    rdfs:label ""Start"" ;
    d2g:shape d2g:StartEvent .

<http://example.org/diagram/diagram/node/2> a d2g:Process, d2g:Node ;
    rdfs:label ""Documentation Work"" ;
    d2g:shape d2g:Task .

<http://example.org/diagram/diagram/node/3> a d2g:Process, d2g:Node ;
    rdfs:label ""Print cycle count sheets"" ;
    d2g:shape d2g:Task .

<http://example.org/diagram/diagram/node/4> a d2g:Process, d2g:Node ;
    rdfs:label ""Perform physical count of stock"" ;
    d2g:shape d2g:Task .

<http://example.org/diagram/diagram/node/5> a d2g:Process, d2g:Node ;
    rdfs:label ""Enter physical counts"" ;
    d2g:shape d2g:Task .

<http://example.org/diagram/diagram/node/6> a d2g:Process, d2g:Node ;
    rdfs:label ""Report differences"" ;
    d2g:shape d2g:Task .

<http://example.org/diagram/diagram/node/7> a d2g:Decision, d2g:Node ;
    rdfs:label ""Recount inventory ?"" ;
    d2g:shape d2g:Gateway .

<http://example.org/diagram/diagram/node/8> a d2g:Process, d2g:Node ;
    rdfs:label ""Post inventory documents"" ;
    d2g:shape d2g:Task .

<http://example.org/diagram/diagram/node/9> a d2g:Terminator, d2g:Node ;
    rdfs:label ""End"" ;
    d2g:shape d2g:EndEvent .

<http://example.org/diagram/diagram/node/10> a d2g:Process, d2g:Node ;
    rdfs:label ""Display documents"" ;
    d2g:shape d2g:Task .

<http://example.org/diagram/diagram/node/11> a d2g:Process, d2g:Node ;
    rdfs:label ""Perform physical count of stock"" ;
    d2g:shape d2g:Task .

<http://example.org/diagram/diagram/edge/12> a d2g:Edge, d2g:Solid ;
    d2g:source <http://example.org/diagram/diagram/node/1> ;
    d2g:target <http://example.org/diagram/diagram/node/2> ;
    d2g:relationshipType d2g:Follows .

<http://example.org/diagram/diagram/edge/23> a d2g:Edge, d2g:Solid ;
    d2g:source <http://example.org/diagram/diagram/node/2> ;
    d2g:target <http://example.org/diagram/diagram/node/3> ;
    d2g:relationshipType d2g:Follows .

<http://example.org/diagram/diagram/edge/34> a d2g:Edge, d2g:Solid ;
    d2g:source <http://example.org/diagram/diagram/node/3> ;
    d2g:target <http://example.org/diagram/diagram/node/4> ;
    d2g:relationshipType d2g:Follows .

<http://example.org/diagram/diagram/edge/45> a d2g:Edge, d2g:Solid ;
    d2g:source <http://example.org/diagram/diagram/node/4> ;
    d2g:target <http://example.org/diagram/diagram/node/5> ;
    d2g:relationshipType d2g:Follows .

<http://example.org/diagram/diagram/edge/56> a d2g:Edge, d2g:Solid ;
    d2g:source <http://example.org/diagram/diagram/node/5> ;
    d2g:target <http://example.org/diagram/diagram/node/6> ;
    d2g:relationshipType d2g:Follows .

<http://example.org/diagram/diagram/edge/67> a d2g:Edge, d2g:Solid ;
    d2g:source <http://example.org/diagram/diagram/node/6> ;
    d2g:target <http://example.org/diagram/diagram/node/7> ;
    d2g:relationshipType d2g:Follows .

<http://example.org/diagram/diagram/edge/78> a d2g:Edge, d2g:Solid ;
    d2g:source <http://example.org/diagram/diagram/node/7> ;
    d2g:target <http://example.org/diagram/diagram/node/8> ;
    d2g:relationshipType d2g:Branches ;
    d2g:relationshipValue ""No"" .

<http://example.org/diagram/diagram/edge/710> a d2g:Edge, d2g:Solid ;
    d2g:source <http://example.org/diagram/diagram/node/7> ;
    d2g:target <http://example.org/diagram/diagram/node/10> ;
    d2g:relationshipType d2g:Branches ;
    d2g:relationshipValue ""Yes"" .

<http://example.org/diagram/diagram/edge/89> a d2g:Edge, d2g:Solid ;
    d2g:source <http://example.org/diagram/diagram/node/8> ;
    d2g:target <http://example.org/diagram/diagram/node/9> ;
    d2g:relationshipType d2g:Follows .

<http://example.org/diagram/diagram/edge/1011> a d2g:Edge, d2g:Solid ;
    d2g:source <http://example.org/diagram/diagram/node/10> ;
    d2g:target <http://example.org/diagram/diagram/node/11> ;
    d2g:relationshipType d2g:Follows .

<http://example.org/diagram/diagram/edge/116> a d2g:Edge, d2g:Solid ;
    d2g:source <http://example.org/diagram/diagram/node/11> ;
    d2g:target <http://example.org/diagram/diagram/node/6> ;
    d2g:relationshipType d2g:Follows .

<http://example.org/diagram/diagram/node/1> d2g:follows <http://example.org/diagram/diagram/node/2> .
<http://example.org/diagram/diagram/node/2> d2g:follows <http://example.org/diagram/diagram/node/3> .
<http://example.org/diagram/diagram/node/3> d2g:follows <http://example.org/diagram/diagram/node/4> .
<http://example.org/diagram/diagram/node/4> d2g:follows <http://example.org/diagram/diagram/node/5> .
<http://example.org/diagram/diagram/node/5> d2g:follows <http://example.org/diagram/diagram/node/6> .
<http://example.org/diagram/diagram/node/6> d2g:follows <http://example.org/diagram/diagram/node/7> .
<http://example.org/diagram/diagram/node/7> d2g:branches <http://example.org/diagram/diagram/node/8> .
<http://example.org/diagram/diagram/node/7> d2g:branches <http://example.org/diagram/diagram/node/10> .
<http://example.org/diagram/diagram/node/8> d2g:follows <http://example.org/diagram/diagram/node/9> .
<http://example.org/diagram/diagram/node/10> d2g:follows <http://example.org/diagram/diagram/node/11> .
<http://example.org/diagram/diagram/node/11> d2g:follows <http://example.org/diagram/diagram/node/6> .
",0.0,1.0
Extract RDF triples from this image (/kaggle/input/diagram2graph-dataset/diagram2graph/655.png),['/kaggle/input/diagram2graph-dataset/diagram2graph/655.png'],"@prefix d2g: <http://example.org/diagram2graph#> .
@prefix rdfs: <http://www.w3.org/2000/01/rdf-schema#> .

<http://example.org/diagram/diagram/node/1> a d2g:Start, d2g:Node ;
    rdfs:label ""Start"" ;
    d2g:shape d2g:StartEvent .

<http://example.org/diagram/diagram/node/2> a d2g:Process, d2g:Node ;
    rdfs:label ""Read Value"" ;
    d2g:shape d2g:Task .

<http://example.org/diagram/diagram/node/3> a d2g:Decision, d2g:Node ;
    rdfs:label ""Temp < 32?"" ;
    d2g:shape d2g:Gateway .

<http://example.org/diagram/diagram/node/4> a d2g:Process, d2g:Node ;
    rdfs:label ""Print Cold"" ;
    d2g:shape d2g:Task .

<http://example.org/diagram/diagram/node/5> a d2g:Process, d2g:Node ;
    rdfs:label ""Print Not Cold"" ;
    d2g:shape d2g:Task .

<http://example.org/diagram/diagram/node/6> a d2g:Terminator, d2g:Node ;
    rdfs:label ""End"" ;
    d2g:shape d2g:EndEvent .

<http://example.org/diagram/diagram/edge/12> a d2g:Edge, d2g:Solid ;
    d2g:source <http://example.org/diagram/diagram/node/1> ;
    d2g:target <http://example.org/diagram/diagram/node/2> ;
    d2g:relationshipType d2g:Follows .

<http://example.org/diagram/diagram/edge/23> a d2g:Edge, d2g:Solid ;
    d2g:source <http://example.org/diagram/diagram/node/2> ;
    d2g:target <http://example.org/diagram/diagram/node/3> ;
    d2g:relationshipType d2g:Follows .

<http://example.org/diagram/diagram/edge/34> a d2g:Edge, d2g:Solid ;
    d2g:source <http://example.org/diagram/diagram/node/3> ;
    d2g:target <http://example.org/diagram/diagram/node/4> ;
    d2g:relationshipType d2g:Branches ;
    d2g:relationshipValue ""Yes"" .

<http://example.org/diagram/diagram/edge/35> a d2g:Edge, d2g:Solid ;
    d2g:source <http://example.org/diagram/diagram/node/3> ;
    d2g:target <http://example.org/diagram/diagram/node/5> ;
    d2g:relationshipType d2g:Branches ;
    d2g:relationshipValue ""No"" .

<http://example.org/diagram/diagram/edge/46> a d2g:Edge, d2g:Solid ;
    d2g:source <http://example.org/diagram/diagram/node/4> ;
    d2g:target <http://example.org/diagram/diagram/node/6> ;
    d2g:relationshipType d2g:Follows .

<http://example.org/diagram/diagram/edge/56> a d2g:Edge, d2g:Solid ;
    d2g:source <http://example.org/diagram/diagram/node/5> ;
    d2g:target <http://example.org/diagram/diagram/node/6> ;
    d2g:relationshipType d2g:Follows .

<http://example.org/diagram/diagram/node/1> d2g:follows <http://example.org/diagram/diagram/node/2> .
<http://example.org/diagram/diagram/node/2> d2g:follows <http://example.org/diagram/diagram/node/3> .
<http://example.org/diagram/diagram/node/3> d2g:branches <http://example.org/diagram/diagram/node/4> .
<http://example.org/diagram/diagram/node/3> d2g:branches <http://example.org/diagram/diagram/node/5> .
<http://example.org/diagram/diagram/node/4> d2g:follows <http://example.org/diagram/diagram/node/6> .
<http://example.org/diagram/diagram/node/5> d2g:follows <http://example.org/diagram/diagram/node/6> .
",1.0,1.0
Extract RDF triples from this image (/kaggle/input/diagram2graph-dataset/diagram2graph/66.png),['/kaggle/input/diagram2graph-dataset/diagram2graph/66.png'],"@prefix d2g:  <http://example.org/diagram2graph#> .
@prefix rdfs: <http://www.w3.org/2000/01/rdf-schema#> .

<http://example.org/diagram/diagram/node/1> a d2g:Start, d2g:Node ;
    rdfs:label ""Start"" ;
    d2g:shape d2g:StartEvent .

<http://example.org/diagram/diagram/node/2> a d2g:Process, d2g:Node ;
    rdfs:label ""Payment gateway"" ;
    d2g:shape d2g:Task .

<http://example.org/diagram/diagram/node/3> a d2g:Process, d2g:Node ;
    rdfs:label ""Enter your amount and mode"" ;
    d2g:shape d2g:Task .

<http://example.org/diagram/diagram/node/4> a d2g:Process, d2g:Node ;
    rdfs:label ""Enter code"" ;
    d2g:shape d2g:Task .

<http://example.org/diagram/diagram/node/5> a d2g:Process, d2g:Node ;
    rdfs:label ""Select gateway"" ;
    d2g:shape d2g:Task .

<http://example.org/diagram/diagram/node/6> a d2g:Decision, d2g:Node ;
    rdfs:label ""Converging ?"" ;
    d2g:shape d2g:Gateway .

<http://example.org/diagram/diagram/node/7> a d2g:Terminator, d2g:Node ;
    rdfs:label ""End"" ;
    d2g:shape d2g:EndEvent .

<http://example.org/diagram/diagram/edge/12> a d2g:Edge, d2g:Solid ;
    d2g:source <http://example.org/diagram/diagram/node/1> ;
    d2g:target <http://example.org/diagram/diagram/node/2> ;
    d2g:relationshipType d2g:Follows .

<http://example.org/diagram/diagram/edge/23> a d2g:Edge, d2g:Solid ;
    d2g:source <http://example.org/diagram/diagram/node/2> ;
    d2g:target <http://example.org/diagram/diagram/node/3> ;
    d2g:relationshipType d2g:Follows .

<http://example.org/diagram/diagram/edge/34> a d2g:Edge, d2g:Solid ;
    d2g:source <http://example.org/diagram/diagram/node/3> ;
    d2g:target <http://example.org/diagram/diagram/node/4> ;
    d2g:relationshipType d2g:Follows .

<http://example.org/diagram/diagram/edge/45> a d2g:Edge, d2g:Solid ;
    d2g:source <http://example.org/diagram/diagram/node/4> ;
    d2g:target <http://example.org/diagram/diagram/node/5> ;
    d2g:relationshipType d2g:Follows .

<http://example.org/diagram/diagram/edge/56> a d2g:Edge, d2g:Solid ;
    d2g:source <http://example.org/diagram/diagram/node/5> ;
    d2g:target <http://example.org/diagram/diagram/node/6> ;
    d2g:relationshipType d2g:Follows .

<http://example.org/diagram/diagram/edge/63> a d2g:Edge, d2g:Solid ;
    d2g:source <http://example.org/diagram/diagram/node/6> ;
    d2g:target <http://example.org/diagram/diagram/node/3> ;
    d2g:relationshipType d2g:Branches ;
    d2g:relationshipValue ""NO"" .

<http://example.org/diagram/diagram/edge/67> a d2g:Edge, d2g:Solid ;
    d2g:source <http://example.org/diagram/diagram/node/6> ;
    d2g:target <http://example.org/diagram/diagram/node/7> ;
    d2g:relationshipType d2g:Branches ;
    d2g:relationshipValue ""YES"" .

<http://example.org/diagram/diagram/node/1> d2g:follows <http://example.org/diagram/diagram/node/2> .
<http://example.org/diagram/diagram/node/2> d2g:follows <http://example.org/diagram/diagram/node/3> .
<http://example.org/diagram/diagram/node/3> d2g:follows <http://example.org/diagram/diagram/node/4> .
<http://example.org/diagram/diagram/node/4> d2g:follows <http://example.org/diagram/diagram/node/5> .
<http://example.org/diagram/diagram/node/5> d2g:follows <http://example.org/diagram/diagram/node/6> .
<http://example.org/diagram/diagram/node/6> d2g:branches <http://example.org/diagram/diagram/node/3> .
<http://example.org/diagram/diagram/node/6> d2g:branches <http://example.org/diagram/diagram/node/7> .
",0.0,1.0
Extract RDF triples from this image (/kaggle/input/diagram2graph-dataset/diagram2graph/663.png),['/kaggle/input/diagram2graph-dataset/diagram2graph/663.png'],"@prefix d2g:  <http://example.org/diagram2graph#> .
@prefix rdfs: <http://www.w3.org/2000/01/rdf-schema#> .

<http://example.org/diagram/diagram/node/1> a d2g:Node, d2g:Start ;
    rdfs:label ""Leave home"" ;
    d2g:shape d2g:StartEvent .

<http://example.org/diagram/diagram/node/2> a d2g:Node, d2g:Process ;
    rdfs:label ""Check time"" ;
    d2g:shape d2g:Task .

<http://example.org/diagram/diagram/node/3> a d2g:Node, d2g:Decision ;
    rdfs:label ""Before 7 am?"" ;
    d2g:shape d2g:Gateway .

<http://example.org/diagram/diagram/node/4> a d2g:Node, d2g:Process ;
    rdfs:label ""Take bus"" ;
    d2g:shape d2g:Task .

<http://example.org/diagram/diagram/node/5> a d2g:Node, d2g:Process ;
    rdfs:label ""Take Car"" ;
    d2g:shape d2g:Task .

<http://example.org/diagram/diagram/node/6> a d2g:Node, d2g:Terminator ;
    rdfs:label ""Reach school"" ;
    d2g:shape d2g:EndEvent .

<http://example.org/diagram/diagram/edge/12> a d2g:Edge, d2g:Solid ;
    d2g:source <http://example.org/diagram/diagram/node/1> ;
    d2g:target <http://example.org/diagram/diagram/node/2> ;
    d2g:relationshipType d2g:Follows .

<http://example.org/diagram/diagram/edge/23> a d2g:Edge, d2g:Solid ;
    d2g:source <http://example.org/diagram/diagram/node/2> ;
    d2g:target <http://example.org/diagram/diagram/node/3> ;
    d2g:relationshipType d2g:Follows .

<http://example.org/diagram/diagram/edge/34> a d2g:Edge, d2g:Solid ;
    d2g:source <http://example.org/diagram/diagram/node/3> ;
    d2g:target <http://example.org/diagram/diagram/node/4> ;
    d2g:relationshipType d2g:Branches ;
    d2g:relationshipValue ""NO"" .

<http://example.org/diagram/diagram/edge/35> a d2g:Edge, d2g:Solid ;
    d2g:source <http://example.org/diagram/diagram/node/3> ;
    d2g:target <http://example.org/diagram/diagram/node/5> ;
    d2g:relationshipType d2g:Branches ;
    d2g:relationshipValue ""YES"" .

<http://example.org/diagram/diagram/edge/46> a d2g:Edge, d2g:Solid ;
    d2g:source <http://example.org/diagram/diagram/node/4> ;
    d2g:target <http://example.org/diagram/diagram/node/6> ;
    d2g:relationshipType d2g:Follows .

<http://example.org/diagram/diagram/edge/56> a d2g:Edge, d2g:Solid ;
    d2g:source <http://example.org/diagram/diagram/node/5> ;
    d2g:target <http://example.org/diagram/diagram/node/6> ;
    d2g:relationshipType d2g:Follows .

<http://example.org/diagram/diagram/node/1> d2g:follows <http://example.org/diagram/diagram/node/2> .
<http://example.org/diagram/diagram/node/2> d2g:follows <http://example.org/diagram/diagram/node/3> .
<http://example.org/diagram/diagram/node/3> d2g:branches <http://example.org/diagram/diagram/node/4> .
<http://example.org/diagram/diagram/node/3> d2g:branches <http://example.org/diagram/diagram/node/5> .
<http://example.org/diagram/diagram/node/4> d2g:follows <http://example.org/diagram/diagram/node/6> .
<http://example.org/diagram/diagram/node/5> d2g:follows <http://example.org/diagram/diagram/node/6> .
",0.0,1.0
Extract RDF triples from this image (/kaggle/input/diagram2graph-dataset/diagram2graph/67.png),['/kaggle/input/diagram2graph-dataset/diagram2graph/67.png'],"@prefix d2g: <http://example.org/diagram2graph#> .
@prefix rdfs: <http://www.w3.org/2000/01/rdf-schema#> .

<http://example.org/diagram/diagram/node/1> a d2g:Start, d2g:Node ;
    rdfs:label ""Start"" ;
    d2g:shape d2g:StartEvent .

<http://example.org/diagram/diagram/node/2> a d2g:Process, d2g:Node ;
    rdfs:label ""Entry Users Personal ID"" ;
    d2g:shape d2g:Task .

<http://example.org/diagram/diagram/node/3> a d2g:Process, d2g:Node ;
    rdfs:label ""Login Success"" ;
    d2g:shape d2g:Task .

<http://example.org/diagram/diagram/node/4> a d2g:Process, d2g:Node ;
    rdfs:label ""Read to-n Answer"" ;
    d2g:shape d2g:Task .

<http://example.org/diagram/diagram/node/5> a d2g:Process, d2g:Node ;
    rdfs:label ""Start Loop"" ;
    d2g:shape d2g:Task .

<http://example.org/diagram/diagram/node/6> a d2g:Process, d2g:Node ;
    rdfs:label ""Inference Process"" ;
    d2g:shape d2g:Task .

<http://example.org/diagram/diagram/node/7> a d2g:Decision, d2g:Node ;
    rdfs:label ""Conclusion"" ;
    d2g:shape d2g:Gateway .

<http://example.org/diagram/diagram/node/8> a d2g:Process, d2g:Node ;
    rdfs:label ""Positioning Detection for monitoring"" ;
    d2g:shape d2g:Task .

<http://example.org/diagram/diagram/node/9> a d2g:Terminator, d2g:Node ;
    rdfs:label ""Stop"" ;
    d2g:shape d2g:EndEvent .

<http://example.org/diagram/diagram/edge/12> a d2g:Edge, d2g:Solid ;
    d2g:source <http://example.org/diagram/diagram/node/1> ;
    d2g:target <http://example.org/diagram/diagram/node/2> ;
    d2g:relationshipType d2g:Follows .

<http://example.org/diagram/diagram/edge/23> a d2g:Edge, d2g:Solid ;
    d2g:source <http://example.org/diagram/diagram/node/2> ;
    d2g:target <http://example.org/diagram/diagram/node/3> ;
    d2g:relationshipType d2g:Follows .

<http://example.org/diagram/diagram/edge/34> a d2g:Edge, d2g:Solid ;
    d2g:source <http://example.org/diagram/diagram/node/3> ;
    d2g:target <http://example.org/diagram/diagram/node/4> ;
    d2g:relationshipType d2g:Follows .

<http://example.org/diagram/diagram/edge/45> a d2g:Edge, d2g:Solid ;
    d2g:source <http://example.org/diagram/diagram/node/4> ;
    d2g:target <http://example.org/diagram/diagram/node/5> ;
    d2g:relationshipType d2g:Follows .

<http://example.org/diagram/diagram/edge/53> a d2g:Edge, d2g:Solid ;
    d2g:source <http://example.org/diagram/diagram/node/5> ;
    d2g:target <http://example.org/diagram/diagram/node/3> ;
    d2g:relationshipType d2g:Follows .

<http://example.org/diagram/diagram/edge/56> a d2g:Edge, d2g:Solid ;
    d2g:source <http://example.org/diagram/diagram/node/5> ;
    d2g:target <http://example.org/diagram/diagram/node/6> ;
    d2g:relationshipType d2g:Follows .

<http://example.org/diagram/diagram/edge/67> a d2g:Edge, d2g:Solid ;
    d2g:source <http://example.org/diagram/diagram/node/6> ;
    d2g:target <http://example.org/diagram/diagram/node/7> ;
    d2g:relationshipType d2g:Follows .

<http://example.org/diagram/diagram/edge/78> a d2g:Edge, d2g:Solid ;
    d2g:source <http://example.org/diagram/diagram/node/7> ;
    d2g:target <http://example.org/diagram/diagram/node/8> ;
    d2g:relationshipType d2g:Branches ;
    d2g:relationshipValue ""Yes"" .

<http://example.org/diagram/diagram/edge/79> a d2g:Edge, d2g:Solid ;
    d2g:source <http://example.org/diagram/diagram/node/7> ;
    d2g:target <http://example.org/diagram/diagram/node/9> ;
    d2g:relationshipType d2g:Branches ;
    d2g:relationshipValue ""No"" .

<http://example.org/diagram/diagram/edge/89> a d2g:Edge, d2g:Solid ;
    d2g:source <http://example.org/diagram/diagram/node/8> ;
    d2g:target <http://example.org/diagram/diagram/node/9> ;
    d2g:relationshipType d2g:Follows .

<http://example.org/diagram/diagram/node/1> d2g:follows <http://example.org/diagram/diagram/node/2> .
<http://example.org/diagram/diagram/node/2> d2g:follows <http://example.org/diagram/diagram/node/3> .
<http://example.org/diagram/diagram/node/3> d2g:follows <http://example.org/diagram/diagram/node/4> .
<http://example.org/diagram/diagram/node/4> d2g:follows <http://example.org/diagram/diagram/node/5> .
<http://example.org/diagram/diagram/node/5> d2g:follows <http://example.org/diagram/diagram/node/3> .
<http://example.org/diagram/diagram/node/5> d2g:follows <http://example.org/diagram/diagram/node/6> .
<http://example.org/diagram/diagram/node/6> d2g:follows <http://example.org/diagram/diagram/node/7> .
<http://example.org/diagram/diagram/node/7> d2g:branches <http://example.org/diagram/diagram/node/8> .
<http://example.org/diagram/diagram/node/7> d2g:branches <http://example.org/diagram/diagram/node/9> .
<http://example.org/diagram/diagram/node/8> d2g:follows <http://example.org/diagram/diagram/node/9> .
",1.0,1.0
Extract RDF triples from this image (/kaggle/input/diagram2graph-dataset/diagram2graph/672.png),['/kaggle/input/diagram2graph-dataset/diagram2graph/672.png'],"@prefix d2g:  <http://example.org/diagram2graph#> .
@prefix rdfs: <http://www.w3.org/2000/01/rdf-schema#> .

<http://example.org/diagram/diagram/node/1> a d2g:Start, d2g:Node ;
    rdfs:label ""START"" ;
    d2g:shape d2g:StartEvent .

<http://example.org/diagram/diagram/node/2> a d2g:Process, d2g:Node ;
    rdfs:label ""Read Inputs"" ;
    d2g:shape d2g:Task .

<http://example.org/diagram/diagram/node/3> a d2g:Process, d2g:Node ;
    rdfs:label ""Read command from\nBluetooth Unit"" ;
    d2g:shape d2g:Task .

<http://example.org/diagram/diagram/node/4> a d2g:Process, d2g:Node ;
    rdfs:label ""Run sensors"" ;
    d2g:shape d2g:Task .

<http://example.org/diagram/diagram/node/5> a d2g:Process, d2g:Node ;
    rdfs:label ""Read sensor values"" ;
    d2g:shape d2g:Task .

<http://example.org/diagram/diagram/node/6> a d2g:Process, d2g:Node ;
    rdfs:label ""Send read sensor values\nTo bluetooth unit"" ;
    d2g:shape d2g:Task .

<http://example.org/diagram/diagram/edge/12> a d2g:Edge, d2g:Solid ;
    d2g:source <http://example.org/diagram/diagram/node/1> ;
    d2g:target <http://example.org/diagram/diagram/node/2> ;
    d2g:relationshipType d2g:Follows .

<http://example.org/diagram/diagram/edge/23> a d2g:Edge, d2g:Solid ;
    d2g:source <http://example.org/diagram/diagram/node/2> ;
    d2g:target <http://example.org/diagram/diagram/node/3> ;
    d2g:relationshipType d2g:Follows .

<http://example.org/diagram/diagram/edge/34> a d2g:Edge, d2g:Solid ;
    d2g:source <http://example.org/diagram/diagram/node/3> ;
    d2g:target <http://example.org/diagram/diagram/node/4> ;
    d2g:relationshipType d2g:Follows .

<http://example.org/diagram/diagram/edge/45> a d2g:Edge, d2g:Solid ;
    d2g:source <http://example.org/diagram/diagram/node/4> ;
    d2g:target <http://example.org/diagram/diagram/node/5> ;
    d2g:relationshipType d2g:Follows .

<http://example.org/diagram/diagram/edge/56> a d2g:Edge, d2g:Solid ;
    d2g:source <http://example.org/diagram/diagram/node/5> ;
    d2g:target <http://example.org/diagram/diagram/node/6> ;
    d2g:relationshipType d2g:Follows .

<http://example.org/diagram/diagram/edge/63> a d2g:Edge, d2g:Solid ;
    d2g:source <http://example.org/diagram/diagram/node/6> ;
    d2g:target <http://example.org/diagram/diagram/node/3> ;
    d2g:relationshipType d2g:Follows .

<http://example.org/diagram/diagram/node/1> d2g:follows <http://example.org/diagram/diagram/node/2> .
<http://example.org/diagram/diagram/node/2> d2g:follows <http://example.org/diagram/diagram/node/3> .
<http://example.org/diagram/diagram/node/3> d2g:follows <http://example.org/diagram/diagram/node/4> .
<http://example.org/diagram/diagram/node/4> d2g:follows <http://example.org/diagram/diagram/node/5> .
<http://example.org/diagram/diagram/node/5> d2g:follows <http://example.org/diagram/diagram/node/6> .
<http://example.org/diagram/diagram/node/6> d2g:follows <http://example.org/diagram/diagram/node/3> .
",0.0,1.0
Extract RDF triples from this image (/kaggle/input/diagram2graph-dataset/diagram2graph/68.png),['/kaggle/input/diagram2graph-dataset/diagram2graph/68.png'],"@prefix d2g:  <http://example.org/diagram2graph#> .
@prefix rdfs: <http://www.w3.org/2000/01/rdf-schema#> .

<http://example.org/diagram/diagram/node/1> a d2g:Start, d2g:Node ;
    rdfs:label ""Begin"" ;
    d2g:shape d2g:StartEvent .

<http://example.org/diagram/diagram/node/2> a d2g:Process, d2g:Node ;
    rdfs:label ""Pour Cold Water"" ;
    d2g:shape d2g:Task .

<http://example.org/diagram/diagram/node/3> a d2g:Decision, d2g:Node ;
    rdfs:label ""Set Water Level Reached?"" ;
    d2g:shape d2g:Gateway .

<http://example.org/diagram/diagram/node/4> a d2g:Process, d2g:Node ;
    rdfs:label ""Pour Hot Water"" ;
    d2g:shape d2g:Task .

<http://example.org/diagram/diagram/node/5> a d2g:Decision, d2g:Node ;
    rdfs:label ""Check Water Temperature"" ;
    d2g:shape d2g:Gateway .

<http://example.org/diagram/diagram/node/6> a d2g:Process, d2g:Node ;
    rdfs:label ""Washing Process (Pump ON)"" ;
    d2g:shape d2g:Task .

<http://example.org/diagram/diagram/node/7> a d2g:Decision, d2g:Node ;
    rdfs:label ""Check Time Limit"" ;
    d2g:shape d2g:Gateway .

<http://example.org/diagram/diagram/node/8> a d2g:Terminator, d2g:Node ;
    rdfs:label ""End"" ;
    d2g:shape d2g:EndEvent .

<http://example.org/diagram/diagram/edge/12> a d2g:Edge, d2g:Solid ;
    d2g:source <http://example.org/diagram/diagram/node/1> ;
    d2g:target <http://example.org/diagram/diagram/node/2> ;
    d2g:relationshipType d2g:Follows .

<http://example.org/diagram/diagram/edge/23> a d2g:Edge, d2g:Solid ;
    d2g:source <http://example.org/diagram/diagram/node/2> ;
    d2g:target <http://example.org/diagram/diagram/node/3> ;
    d2g:relationshipType d2g:Follows .

<http://example.org/diagram/diagram/edge/32> a d2g:Edge, d2g:Solid ;
    d2g:source <http://example.org/diagram/diagram/node/3> ;
    d2g:target <http://example.org/diagram/diagram/node/2> ;
    d2g:relationshipType d2g:Branches ;
    d2g:relationshipValue ""No"" .

<http://example.org/diagram/diagram/edge/34> a d2g:Edge, d2g:Solid ;
    d2g:source <http://example.org/diagram/diagram/node/3> ;
    d2g:target <http://example.org/diagram/diagram/node/4> ;
    d2g:relationshipType d2g:Branches ;
    d2g:relationshipValue ""Yes"" .

<http://example.org/diagram/diagram/edge/45> a d2g:Edge, d2g:Solid ;
    d2g:source <http://example.org/diagram/diagram/node/4> ;
    d2g:target <http://example.org/diagram/diagram/node/5> ;
    d2g:relationshipType d2g:Follows .

<http://example.org/diagram/diagram/edge/54> a d2g:Edge, d2g:Solid ;
    d2g:source <http://example.org/diagram/diagram/node/5> ;
    d2g:target <http://example.org/diagram/diagram/node/4> ;
    d2g:relationshipType d2g:Branches ;
    d2g:relationshipValue ""No"" .

<http://example.org/diagram/diagram/edge/56> a d2g:Edge, d2g:Solid ;
    d2g:source <http://example.org/diagram/diagram/node/5> ;
    d2g:target <http://example.org/diagram/diagram/node/6> ;
    d2g:relationshipType d2g:Branches ;
    d2g:relationshipValue ""Yes"" .

<http://example.org/diagram/diagram/edge/67> a d2g:Edge, d2g:Solid ;
    d2g:source <http://example.org/diagram/diagram/node/6> ;
    d2g:target <http://example.org/diagram/diagram/node/7> ;
    d2g:relationshipType d2g:Follows .

<http://example.org/diagram/diagram/edge/76> a d2g:Edge, d2g:Solid ;
    d2g:source <http://example.org/diagram/diagram/node/7> ;
    d2g:target <http://example.org/diagram/diagram/node/6> ;
    d2g:relationshipType d2g:Branches ;
    d2g:relationshipValue ""No"" .

<http://example.org/diagram/diagram/edge/78> a d2g:Edge, d2g:Solid ;
    d2g:source <http://example.org/diagram/diagram/node/7> ;
    d2g:target <http://example.org/diagram/diagram/node/8> ;
    d2g:relationshipType d2g:Branches ;
    d2g:relationshipValue ""Yes"" .

<http://example.org/diagram/diagram/node/1> d2g:follows <http://example.org/diagram/diagram/node/2> .
<http://example.org/diagram/diagram/node/2> d2g:follows <http://example.org/diagram/diagram/node/3> .
<http://example.org/diagram/diagram/node/3> d2g:branches <http://example.org/diagram/diagram/node/2> .
<http://example.org/diagram/diagram/node/3> d2g:branches <http://example.org/diagram/diagram/node/4> .
<http://example.org/diagram/diagram/node/4> d2g:follows <http://example.org/diagram/diagram/node/5> .
<http://example.org/diagram/diagram/node/5> d2g:branches <http://example.org/diagram/diagram/node/4> .
<http://example.org/diagram/diagram/node/5> d2g:branches <http://example.org/diagram/diagram/node/6> .
<http://example.org/diagram/diagram/node/6> d2g:follows <http://example.org/diagram/diagram/node/7> .
<http://example.org/diagram/diagram/node/7> d2g:branches <http://example.org/diagram/diagram/node/6> .
<http://example.org/diagram/diagram/node/7> d2g:branches <http://example.org/diagram/diagram/node/8> .
",1.0,1.0
Extract RDF triples from this image (/kaggle/input/diagram2graph-dataset/diagram2graph/684.png),['/kaggle/input/diagram2graph-dataset/diagram2graph/684.png'],"@prefix d2g: <http://example.org/diagram2graph#> .
@prefix rdfs: <http://www.w3.org/2000/01/rdf-schema#> .

<http://example.org/diagram/diagram/node/1> a d2g:Start, d2g:Node ;
    rdfs:label ""Begin"" ;
    d2g:shape d2g:StartEvent .

<http://example.org/diagram/diagram/node/2> a d2g:Process, d2g:Node ;
    rdfs:label ""Initialize weights and biases With random values"" ;
    d2g:shape d2g:Task .

<http://example.org/diagram/diagram/node/3> a d2g:Process, d2g:Node ;
    rdfs:label ""Perform operations"" ;
    d2g:shape d2g:Task .

<http://example.org/diagram/diagram/node/4> a d2g:Process, d2g:Node ;
    rdfs:label ""Calculate Error"" ;
    d2g:shape d2g:Task .

<http://example.org/diagram/diagram/node/5> a d2g:Decision, d2g:Node ;
    rdfs:label ""Error <= Error"" ;
    d2g:shape d2g:Gateway .

<http://example.org/diagram/diagram/node/6> a d2g:Decision, d2g:Node ;
    rdfs:label ""Epoch >= Epoch"" ;
    d2g:shape d2g:Gateway .

<http://example.org/diagram/diagram/node/7> a d2g:Process, d2g:Node ;
    rdfs:label ""Epoch = epoch + 1"" ;
    d2g:shape d2g:Task .

<http://example.org/diagram/diagram/node/8> a d2g:Process, d2g:Node ;
    rdfs:label ""Update weights and biases"" ;
    d2g:shape d2g:Task .

<http://example.org/diagram/diagram/node/9> a d2g:Terminator, d2g:Node ;
    rdfs:label ""End"" ;
    d2g:shape d2g:EndEvent .

<http://example.org/diagram/diagram/edge/12> a d2g:Edge, d2g:Solid ;
    d2g:source <http://example.org/diagram/diagram/node/1> ;
    d2g:target <http://example.org/diagram/diagram/node/2> ;
    d2g:relationshipType d2g:Follows .

<http://example.org/diagram/diagram/edge/23> a d2g:Edge, d2g:Solid ;
    d2g:source <http://example.org/diagram/diagram/node/2> ;
    d2g:target <http://example.org/diagram/diagram/node/3> ;
    d2g:relationshipType d2g:Follows .

<http://example.org/diagram/diagram/edge/34> a d2g:Edge, d2g:Solid ;
    d2g:source <http://example.org/diagram/diagram/node/3> ;
    d2g:target <http://example.org/diagram/diagram/node/4> ;
    d2g:relationshipType d2g:Follows .

<http://example.org/diagram/diagram/edge/45> a d2g:Edge, d2g:Solid ;
    d2g:source <http://example.org/diagram/diagram/node/4> ;
    d2g:target <http://example.org/diagram/diagram/node/5> ;
    d2g:relationshipType d2g:Follows .

<http://example.org/diagram/diagram/edge/59> a d2g:Edge, d2g:Solid ;
    d2g:source <http://example.org/diagram/diagram/node/5> ;
    d2g:target <http://example.org/diagram/diagram/node/9> ;
    d2g:relationshipType d2g:Branches ;
    d2g:relationshipValue ""Yes"" .

<http://example.org/diagram/diagram/edge/56> a d2g:Edge, d2g:Solid ;
    d2g:source <http://example.org/diagram/diagram/node/5> ;
    d2g:target <http://example.org/diagram/diagram/node/6> ;
    d2g:relationshipType d2g:Branches ;
    d2g:relationshipValue ""No"" .

<http://example.org/diagram/diagram/edge/69> a d2g:Edge, d2g:Solid ;
    d2g:source <http://example.org/diagram/diagram/node/6> ;
    d2g:target <http://example.org/diagram/diagram/node/9> ;
    d2g:relationshipType d2g:Branches ;
    d2g:relationshipValue ""Yes"" .

<http://example.org/diagram/diagram/edge/68> a d2g:Edge, d2g:Solid ;
    d2g:source <http://example.org/diagram/diagram/node/6> ;
    d2g:target <http://example.org/diagram/diagram/node/8> ;
    d2g:relationshipType d2g:Branches ;
    d2g:relationshipValue ""No"" .

<http://example.org/diagram/diagram/edge/87> a d2g:Edge, d2g:Solid ;
    d2g:source <http://example.org/diagram/diagram/node/8> ;
    d2g:target <http://example.org/diagram/diagram/node/7> ;
    d2g:relationshipType d2g:Follows .

<http://example.org/diagram/diagram/edge/73> a d2g:Edge, d2g:Solid ;
    d2g:source <http://example.org/diagram/diagram/node/7> ;
    d2g:target <http://example.org/diagram/diagram/node/3> ;
    d2g:relationshipType d2g:Follows .

<http://example.org/diagram/diagram/node/1> d2g:follows <http://example.org/diagram/diagram/node/2> .
<http://example.org/diagram/diagram/node/2> d2g:follows <http://example.org/diagram/diagram/node/3> .
<http://example.org/diagram/diagram/node/3> d2g:follows <http://example.org/diagram/diagram/node/4> .
<http://example.org/diagram/diagram/node/4> d2g:follows <http://example.org/diagram/diagram/node/5> .
<http://example.org/diagram/diagram/node/5> d2g:branches <http://example.org/diagram/diagram/node/9> .
<http://example.org/diagram/diagram/node/5> d2g:branches <http://example.org/diagram/diagram/node/6> .
<http://example.org/diagram/diagram/node/6> d2g:branches <http://example.org/diagram/diagram/node/9> .
<http://example.org/diagram/diagram/node/6> d2g:branches <http://example.org/diagram/diagram/node/8> .
<http://example.org/diagram/diagram/node/8> d2g:follows <http://example.org/diagram/diagram/node/7> .
<http://example.org/diagram/diagram/node/7> d2g:follows <http://example.org/diagram/diagram/node/3> .
",0.0,1.0
Extract RDF triples from this image (/kaggle/input/diagram2graph-dataset/diagram2graph/692.png),['/kaggle/input/diagram2graph-dataset/diagram2graph/692.png'],"@prefix d2g: <http://example.org/diagram2graph#> .
@prefix rdfs: <http://www.w3.org/2000/01/rdf-schema#> .

<http://example.org/diagram/diagram/node/1> a d2g:Start, d2g:Node ;
    rdfs:label ""Start"" ;
    d2g:shape d2g:StartEvent .

<http://example.org/diagram/diagram/node/2> a d2g:Process, d2g:Node ;
    rdfs:label ""Input Data"" ;
    d2g:shape d2g:Task .

<http://example.org/diagram/diagram/node/3> a d2g:Process, d2g:Node ;
    rdfs:label ""Process"" ;
    d2g:shape d2g:Task .

<http://example.org/diagram/diagram/node/4> a d2g:Process, d2g:Node ;
    rdfs:label ""Looking for Gain"" ;
    d2g:shape d2g:Task .

<http://example.org/diagram/diagram/node/5> a d2g:Process, d2g:Node ;
    rdfs:label ""Determine The Highest Gain"" ;
    d2g:shape d2g:Task .

<http://example.org/diagram/diagram/node/6> a d2g:Process, d2g:Node ;
    rdfs:label ""Update"" ;
    d2g:shape d2g:Task .

<http://example.org/diagram/diagram/node/7> a d2g:Decision, d2g:Node ;
    rdfs:label ""Finished"" ;
    d2g:shape d2g:Gateway .

<http://example.org/diagram/diagram/node/8> a d2g:Terminator, d2g:Node ;
    rdfs:label ""End"" ;
    d2g:shape d2g:EndEvent .

<http://example.org/diagram/diagram/edge/12> a d2g:Edge, d2g:Solid ;
    d2g:source <http://example.org/diagram/diagram/node/1> ;
    d2g:target <http://example.org/diagram/diagram/node/2> ;
    d2g:relationshipType d2g:Follows .

<http://example.org/diagram/diagram/edge/23> a d2g:Edge, d2g:Solid ;
    d2g:source <http://example.org/diagram/diagram/node/2> ;
    d2g:target <http://example.org/diagram/diagram/node/3> ;
    d2g:relationshipType d2g:Follows .

<http://example.org/diagram/diagram/edge/34> a d2g:Edge, d2g:Solid ;
    d2g:source <http://example.org/diagram/diagram/node/3> ;
    d2g:target <http://example.org/diagram/diagram/node/4> ;
    d2g:relationshipType d2g:Follows .

<http://example.org/diagram/diagram/edge/45> a d2g:Edge, d2g:Solid ;
    d2g:source <http://example.org/diagram/diagram/node/4> ;
    d2g:target <http://example.org/diagram/diagram/node/5> ;
    d2g:relationshipType d2g:Follows .

<http://example.org/diagram/diagram/edge/56> a d2g:Edge, d2g:Solid ;
    d2g:source <http://example.org/diagram/diagram/node/5> ;
    d2g:target <http://example.org/diagram/diagram/node/6> ;
    d2g:relationshipType d2g:Follows .

<http://example.org/diagram/diagram/edge/67> a d2g:Edge, d2g:Solid ;
    d2g:source <http://example.org/diagram/diagram/node/6> ;
    d2g:target <http://example.org/diagram/diagram/node/7> ;
    d2g:relationshipType d2g:Follows .

<http://example.org/diagram/diagram/edge/73> a d2g:Edge, d2g:Solid ;
    d2g:source <http://example.org/diagram/diagram/node/7> ;
    d2g:target <http://example.org/diagram/diagram/node/3> ;
    d2g:relationshipType d2g:Branches ;
    d2g:relationshipValue ""No"" .

<http://example.org/diagram/diagram/edge/78> a d2g:Edge, d2g:Solid ;
    d2g:source <http://example.org/diagram/diagram/node/7> ;
    d2g:target <http://example.org/diagram/diagram/node/8> ;
    d2g:relationshipType d2g:Branches ;
    d2g:relationshipValue ""Yes"" .

<http://example.org/diagram/diagram/node/1> d2g:follows <http://example.org/diagram/diagram/node/2> .
<http://example.org/diagram/diagram/node/2> d2g:follows <http://example.org/diagram/diagram/node/3> .
<http://example.org/diagram/diagram/node/3> d2g:follows <http://example.org/diagram/diagram/node/4> .
<http://example.org/diagram/diagram/node/4> d2g:follows <http://example.org/diagram/diagram/node/5> .
<http://example.org/diagram/diagram/node/5> d2g:follows <http://example.org/diagram/diagram/node/6> .
<http://example.org/diagram/diagram/node/6> d2g:follows <http://example.org/diagram/diagram/node/7> .
<http://example.org/diagram/diagram/node/7> d2g:branches <http://example.org/diagram/diagram/node/3> .
<http://example.org/diagram/diagram/node/7> d2g:branches <http://example.org/diagram/diagram/node/8> .
",1.0,1.0
Extract RDF triples from this image (/kaggle/input/diagram2graph-dataset/diagram2graph/699.png),['/kaggle/input/diagram2graph-dataset/diagram2graph/699.png'],"@prefix d2g: <http://example.org/diagram2graph#> .
@prefix rdfs: <http://www.w3.org/2000/01/rdf-schema#> .

<http://example.org/diagram/diagram/node/1> a d2g:Start, d2g:Node ;
    rdfs:label ""Begin"" ;
    d2g:shape d2g:StartEvent .

<http://example.org/diagram/diagram/node/2> a d2g:Process, d2g:Node ;
    rdfs:label ""Generate new colony"" ;
    d2g:shape d2g:Task .

<http://example.org/diagram/diagram/node/3> a d2g:Process, d2g:Node ;
    rdfs:label ""Colony performance evaluation"" ;
    d2g:shape d2g:Task .

<http://example.org/diagram/diagram/node/4> a d2g:Process, d2g:Node ;
    rdfs:label ""Binary Search"" ;
    d2g:shape d2g:Task .

<http://example.org/diagram/diagram/node/5> a d2g:Process, d2g:Node ;
    rdfs:label ""Crowding distance sorting"" ;
    d2g:shape d2g:Task .

<http://example.org/diagram/diagram/node/6> a d2g:Process, d2g:Node ;
    rdfs:label ""Update colony"" ;
    d2g:shape d2g:Task .

<http://example.org/diagram/diagram/node/7> a d2g:Decision, d2g:Node ;
    rdfs:label ""Need more values?"" ;
    d2g:shape d2g:Gateway .

<http://example.org/diagram/diagram/node/8> a d2g:Terminator, d2g:Node ;
    rdfs:label ""End"" ;
    d2g:shape d2g:EndEvent .

<http://example.org/diagram/diagram/edge/12> a d2g:Edge, d2g:Solid ;
    d2g:source <http://example.org/diagram/diagram/node/1> ;
    d2g:target <http://example.org/diagram/diagram/node/2> ;
    d2g:relationshipType d2g:Follows .

<http://example.org/diagram/diagram/edge/23> a d2g:Edge, d2g:Solid ;
    d2g:source <http://example.org/diagram/diagram/node/2> ;
    d2g:target <http://example.org/diagram/diagram/node/3> ;
    d2g:relationshipType d2g:Follows .

<http://example.org/diagram/diagram/edge/34> a d2g:Edge, d2g:Solid ;
    d2g:source <http://example.org/diagram/diagram/node/3> ;
    d2g:target <http://example.org/diagram/diagram/node/4> ;
    d2g:relationshipType d2g:Follows .

<http://example.org/diagram/diagram/edge/45> a d2g:Edge, d2g:Solid ;
    d2g:source <http://example.org/diagram/diagram/node/4> ;
    d2g:target <http://example.org/diagram/diagram/node/5> ;
    d2g:relationshipType d2g:Follows .

<http://example.org/diagram/diagram/edge/56> a d2g:Edge, d2g:Solid ;
    d2g:source <http://example.org/diagram/diagram/node/5> ;
    d2g:target <http://example.org/diagram/diagram/node/6> ;
    d2g:relationshipType d2g:Follows .

<http://example.org/diagram/diagram/edge/67> a d2g:Edge, d2g:Solid ;
    d2g:source <http://example.org/diagram/diagram/node/6> ;
    d2g:target <http://example.org/diagram/diagram/node/7> ;
    d2g:relationshipType d2g:Follows .

<http://example.org/diagram/diagram/edge/73> a d2g:Edge, d2g:Solid ;
    d2g:source <http://example.org/diagram/diagram/node/7> ;
    d2g:target <http://example.org/diagram/diagram/node/3> ;
    d2g:relationshipType d2g:Branches ;
    d2g:relationshipValue ""No"" .

<http://example.org/diagram/diagram/edge/78> a d2g:Edge, d2g:Solid ;
    d2g:source <http://example.org/diagram/diagram/node/7> ;
    d2g:target <http://example.org/diagram/diagram/node/8> ;
    d2g:relationshipType d2g:Branches ;
    d2g:relationshipValue ""Yes"" .

<http://example.org/diagram/diagram/node/1> d2g:follows <http://example.org/diagram/diagram/node/2> .
<http://example.org/diagram/diagram/node/2> d2g:follows <http://example.org/diagram/diagram/node/3> .
<http://example.org/diagram/diagram/node/3> d2g:follows <http://example.org/diagram/diagram/node/4> .
<http://example.org/diagram/diagram/node/4> d2g:follows <http://example.org/diagram/diagram/node/5> .
<http://example.org/diagram/diagram/node/5> d2g:follows <http://example.org/diagram/diagram/node/6> .
<http://example.org/diagram/diagram/node/6> d2g:follows <http://example.org/diagram/diagram/node/7> .
<http://example.org/diagram/diagram/node/7> d2g:branches <http://example.org/diagram/diagram/node/3> .
<http://example.org/diagram/diagram/node/7> d2g:branches <http://example.org/diagram/diagram/node/8> .
",0.0,1.0
Extract RDF triples from this image (/kaggle/input/diagram2graph-dataset/diagram2graph/701.png),['/kaggle/input/diagram2graph-dataset/diagram2graph/701.png'],"@prefix d2g: <http://example.org/diagram2graph#> .
@prefix rdfs: <http://www.w3.org/2000/01/rdf-schema#> .

<http://example.org/diagram/diagram/node/1> a d2g:Node, d2g:Process ;
    rdfs:label ""Log In"" ;
    d2g:shape d2g:Task .

<http://example.org/diagram/diagram/node/2> a d2g:Decision, d2g:Node ;
    rdfs:label ""Logged in"" ;
    d2g:shape d2g:Gateway .

<http://example.org/diagram/diagram/node/3> a d2g:Node, d2g:Process ;
    rdfs:label ""OpenID"" ;
    d2g:shape d2g:Task .

<http://example.org/diagram/diagram/node/4> a d2g:Node, d2g:Process ;
    rdfs:label ""Home"" ;
    d2g:shape d2g:Task .

<http://example.org/diagram/diagram/edge/12> a d2g:Edge, d2g:Solid ;
    d2g:source <http://example.org/diagram/diagram/node/1> ;
    d2g:target <http://example.org/diagram/diagram/node/2> ;
    d2g:relationshipType d2g:Follows .

<http://example.org/diagram/diagram/edge/24> a d2g:Edge, d2g:Solid ;
    d2g:source <http://example.org/diagram/diagram/node/2> ;
    d2g:target <http://example.org/diagram/diagram/node/4> ;
    d2g:relationshipType d2g:Branches ;
    d2g:relationshipValue ""Yes"" .

<http://example.org/diagram/diagram/edge/23> a d2g:Edge, d2g:Solid ;
    d2g:source <http://example.org/diagram/diagram/node/2> ;
    d2g:target <http://example.org/diagram/diagram/node/3> ;
    d2g:relationshipType d2g:Branches ;
    d2g:relationshipValue ""No"" .

<http://example.org/diagram/diagram/edge/34> a d2g:Edge, d2g:Solid ;
    d2g:source <http://example.org/diagram/diagram/node/3> ;
    d2g:target <http://example.org/diagram/diagram/node/4> ;
    d2g:relationshipType d2g:Follows .

<http://example.org/diagram/diagram/node/1> d2g:follows <http://example.org/diagram/diagram/node/2> .
<http://example.org/diagram/diagram/node/2> d2g:branches <http://example.org/diagram/diagram/node/4> .
<http://example.org/diagram/diagram/node/2> d2g:branches <http://example.org/diagram/diagram/node/3> .
<http://example.org/diagram/diagram/node/3> d2g:follows <http://example.org/diagram/diagram/node/4> .
",1.0,1.0
Extract RDF triples from this image (/kaggle/input/diagram2graph-dataset/diagram2graph/706.png),['/kaggle/input/diagram2graph-dataset/diagram2graph/706.png'],"@prefix d2g:  <http://example.org/diagram2graph#> .
@prefix rdfs: <http://www.w3.org/2000/01/rdf-schema#> .

<http://example.org/diagram/diagram/node/1> a d2g:Node, d2g:Start ;
    rdfs:label ""START"" ;
    d2g:shape d2g:StartEvent .

<http://example.org/diagram/diagram/node/2> a d2g:Node, d2g:Process ;
    rdfs:label ""count = 1"" ;
    d2g:shape d2g:Task .

<http://example.org/diagram/diagram/node/3> a d2g:Node, d2g:Decision ;
    rdfs:label ""count <= 3"" ;
    d2g:shape d2g:Gateway .

<http://example.org/diagram/diagram/node/4> a d2g:Node, d2g:Process ;
    rdfs:label ""INPUT"" ;
    d2g:shape d2g:Task .

<http://example.org/diagram/diagram/node/5> a d2g:Node, d2g:Process ;
    rdfs:label ""p * n * r / 100"" ;
    d2g:shape d2g:Task .

<http://example.org/diagram/diagram/node/6> a d2g:Node, d2g:Process ;
    rdfs:label ""PRINT"" ;
    d2g:shape d2g:Task .

<http://example.org/diagram/diagram/node/7> a d2g:Node, d2g:Process ;
    rdfs:label ""count = count + 1"" ;
    d2g:shape d2g:Task .

<http://example.org/diagram/diagram/node/8> a d2g:Node, d2g:Terminator ;
    rdfs:label ""STOP"" ;
    d2g:shape d2g:EndEvent .

<http://example.org/diagram/diagram/edge/12> a d2g:Edge, d2g:Solid ;
    d2g:source <http://example.org/diagram/diagram/node/1> ;
    d2g:target <http://example.org/diagram/diagram/node/2> ;
    d2g:relationshipType d2g:Follows .

<http://example.org/diagram/diagram/edge/23> a d2g:Edge, d2g:Solid ;
    d2g:source <http://example.org/diagram/diagram/node/2> ;
    d2g:target <http://example.org/diagram/diagram/node/3> ;
    d2g:relationshipType d2g:Follows .

<http://example.org/diagram/diagram/edge/34> a d2g:Edge, d2g:Solid ;
    d2g:source <http://example.org/diagram/diagram/node/3> ;
    d2g:target <http://example.org/diagram/diagram/node/4> ;
    d2g:relationshipType d2g:Branches ;
    d2g:relationshipValue ""Yes"" .

<http://example.org/diagram/diagram/edge/38> a d2g:Edge, d2g:Solid ;
    d2g:source <http://example.org/diagram/diagram/node/3> ;
    d2g:target <http://example.org/diagram/diagram/node/8> ;
    d2g:relationshipType d2g:Branches ;
    d2g:relationshipValue ""No"" .

<http://example.org/diagram/diagram/edge/45> a d2g:Edge, d2g:Solid ;
    d2g:source <http://example.org/diagram/diagram/node/4> ;
    d2g:target <http://example.org/diagram/diagram/node/5> ;
    d2g:relationshipType d2g:Follows .

<http://example.org/diagram/diagram/edge/56> a d2g:Edge, d2g:Solid ;
    d2g:source <http://example.org/diagram/diagram/node/5> ;
    d2g:target <http://example.org/diagram/diagram/node/6> ;
    d2g:relationshipType d2g:Follows .

<http://example.org/diagram/diagram/edge/67> a d2g:Edge, d2g:Solid ;
    d2g:source <http://example.org/diagram/diagram/node/6> ;
    d2g:target <http://example.org/diagram/diagram/node/7> ;
    d2g:relationshipType d2g:Follows .

<http://example.org/diagram/diagram/edge/73> a d2g:Edge, d2g:Solid ;
    d2g:source <http://example.org/diagram/diagram/node/7> ;
    d2g:target <http://example.org/diagram/diagram/node/3> ;
    d2g:relationshipType d2g:Follows .

<http://example.org/diagram/diagram/node/1> d2g:follows <http://example.org/diagram/diagram/node/2> .
<http://example.org/diagram/diagram/node/2> d2g:follows <http://example.org/diagram/diagram/node/3> .
<http://example.org/diagram/diagram/node/3> d2g:branches <http://example.org/diagram/diagram/node/4> .
<http://example.org/diagram/diagram/node/3> d2g:branches <http://example.org/diagram/diagram/node/8> .
<http://example.org/diagram/diagram/node/4> d2g:follows <http://example.org/diagram/diagram/node/5> .
<http://example.org/diagram/diagram/node/5> d2g:follows <http://example.org/diagram/diagram/node/6> .
<http://example.org/diagram/diagram/node/6> d2g:follows <http://example.org/diagram/diagram/node/7> .
<http://example.org/diagram/diagram/node/7> d2g:follows <http://example.org/diagram/diagram/node/3> .
",1.0,1.0
Extract RDF triples from this image (/kaggle/input/diagram2graph-dataset/diagram2graph/709.png),['/kaggle/input/diagram2graph-dataset/diagram2graph/709.png'],"@prefix d2g:  <http://example.org/diagram2graph#> .
@prefix rdfs: <http://www.w3.org/2000/01/rdf-schema#> .

<http://example.org/diagram/diagram/node/1> a d2g:Start, d2g:Node ;
    rdfs:label ""Begin"" ;
    d2g:shape d2g:StartEvent .

<http://example.org/diagram/diagram/node/2> a d2g:Process, d2g:Node ;
    rdfs:label ""Run Main FLASH"" ;
    d2g:shape d2g:Task .

<http://example.org/diagram/diagram/node/3> a d2g:Decision, d2g:Node ;
    rdfs:label ""Is the Main FLASH Application OK?"" ;
    d2g:shape d2g:Gateway .

<http://example.org/diagram/diagram/node/4> a d2g:Process, d2g:Node ;
    rdfs:label ""Initialize IAP Interface"" ;
    d2g:shape d2g:Task .

<http://example.org/diagram/diagram/node/5> a d2g:Terminator, d2g:Node ;
    rdfs:label ""Main Application"" ;
    d2g:shape d2g:EndEvent .

<http://example.org/diagram/diagram/node/6> a d2g:Decision, d2g:Node ;
    rdfs:label ""Is IAP Request Received?"" ;
    d2g:shape d2g:Gateway .

<http://example.org/diagram/diagram/node/7> a d2g:Process, d2g:Node ;
    rdfs:label ""Reprogram Main Application"" ;
    d2g:shape d2g:Task .

<http://example.org/diagram/diagram/node/8> a d2g:Terminator, d2g:Node ;
    rdfs:label ""RESET"" ;
    d2g:shape d2g:EndEvent .

<http://example.org/diagram/diagram/edge/12> a d2g:Edge, d2g:Solid ;
    d2g:source <http://example.org/diagram/diagram/node/1> ;
    d2g:target <http://example.org/diagram/diagram/node/2> ;
    d2g:relationshipType d2g:Follows .

<http://example.org/diagram/diagram/edge/23> a d2g:Edge, d2g:Solid ;
    d2g:source <http://example.org/diagram/diagram/node/2> ;
    d2g:target <http://example.org/diagram/diagram/node/3> ;
    d2g:relationshipType d2g:Follows .

<http://example.org/diagram/diagram/edge/35> a d2g:Edge, d2g:Solid ;
    d2g:source <http://example.org/diagram/diagram/node/3> ;
    d2g:target <http://example.org/diagram/diagram/node/5> ;
    d2g:relationshipType d2g:Branches ;
    d2g:relationshipValue ""Yes"" .

<http://example.org/diagram/diagram/edge/34> a d2g:Edge, d2g:Solid ;
    d2g:source <http://example.org/diagram/diagram/node/3> ;
    d2g:target <http://example.org/diagram/diagram/node/4> ;
    d2g:relationshipType d2g:Branches ;
    d2g:relationshipValue ""No"" .

<http://example.org/diagram/diagram/edge/54> a d2g:Edge, d2g:Solid ;
    d2g:source <http://example.org/diagram/diagram/node/5> ;
    d2g:target <http://example.org/diagram/diagram/node/4> ;
    d2g:relationshipType d2g:Follows .

<http://example.org/diagram/diagram/edge/46> a d2g:Edge, d2g:Solid ;
    d2g:source <http://example.org/diagram/diagram/node/4> ;
    d2g:target <http://example.org/diagram/diagram/node/6> ;
    d2g:relationshipType d2g:Follows .

<http://example.org/diagram/diagram/edge/67> a d2g:Edge, d2g:Solid ;
    d2g:source <http://example.org/diagram/diagram/node/6> ;
    d2g:target <http://example.org/diagram/diagram/node/7> ;
    d2g:relationshipType d2g:Branches ;
    d2g:relationshipValue ""Yes"" .

<http://example.org/diagram/diagram/edge/66> a d2g:Edge, d2g:Solid ;
    d2g:source <http://example.org/diagram/diagram/node/6> ;
    d2g:target <http://example.org/diagram/diagram/node/6> ;
    d2g:relationshipType d2g:Branches ;
    d2g:relationshipValue ""No"" .

<http://example.org/diagram/diagram/edge/78> a d2g:Edge, d2g:Solid ;
    d2g:source <http://example.org/diagram/diagram/node/7> ;
    d2g:target <http://example.org/diagram/diagram/node/8> ;
    d2g:relationshipType d2g:Follows .

<http://example.org/diagram/diagram/edge/84> a d2g:Edge, d2g:Solid ;
    d2g:source <http://example.org/diagram/diagram/node/8> ;
    d2g:target <http://example.org/diagram/diagram/node/4> ;
    d2g:relationshipType d2g:Follows .

<http://example.org/diagram/diagram/node/1> d2g:follows <http://example.org/diagram/diagram/node/2> .
<http://example.org/diagram/diagram/node/2> d2g:follows <http://example.org/diagram/diagram/node/3> .
<http://example.org/diagram/diagram/node/3> d2g:branches <http://example.org/diagram/diagram/node/5> .
<http://example.org/diagram/diagram/node/3> d2g:branches <http://example.org/diagram/diagram/node/4> .
<http://example.org/diagram/diagram/node/5> d2g:follows <http://example.org/diagram/diagram/node/4> .
<http://example.org/diagram/diagram/node/4> d2g:follows <http://example.org/diagram/diagram/node/6> .
<http://example.org/diagram/diagram/node/6> d2g:branches <http://example.org/diagram/diagram/node/7> .
<http://example.org/diagram/diagram/node/6> d2g:branches <http://example.org/diagram/diagram/node/6> .
<http://example.org/diagram/diagram/node/7> d2g:follows <http://example.org/diagram/diagram/node/8> .
<http://example.org/diagram/diagram/node/8> d2g:follows <http://example.org/diagram/diagram/node/4> .
",1.0,1.0
Extract RDF triples from this image (/kaggle/input/diagram2graph-dataset/diagram2graph/71.png),['/kaggle/input/diagram2graph-dataset/diagram2graph/71.png'],"@prefix d2g:  <http://example.org/diagram2graph#> .
@prefix rdfs: <http://www.w3.org/2000/01/rdf-schema#> .

<http://example.org/diagram/diagram/node/1> a d2g:Start, d2g:Node ;
    rdfs:label ""Start"" ;
    d2g:shape d2g:StartEvent .

<http://example.org/diagram/diagram/node/2> a d2g:Process, d2g:Node ;
    rdfs:label ""Read Values"" ;
    d2g:shape d2g:Task .

<http://example.org/diagram/diagram/node/3> a d2g:Decision, d2g:Node ;
    rdfs:label ""new trials available?"" ;
    d2g:shape d2g:Gateway .

<http://example.org/diagram/diagram/node/4> a d2g:Process, d2g:Node ;
    rdfs:label ""read new trial"" ;
    d2g:shape d2g:Task .

<http://example.org/diagram/diagram/node/5> a d2g:Decision, d2g:Node ;
    rdfs:label ""average avaible for condition?"" ;
    d2g:shape d2g:Gateway .

<http://example.org/diagram/diagram/node/6> a d2g:Process, d2g:Node ;
    rdfs:label ""Initialize"" ;
    d2g:shape d2g:Task .

<http://example.org/diagram/diagram/node/7> a d2g:Process, d2g:Node ;
    rdfs:label ""add data to cumulative sum"" ;
    d2g:shape d2g:Task .

<http://example.org/diagram/diagram/node/8> a d2g:Process, d2g:Node ;
    rdfs:label ""compute t-value and plot"" ;
    d2g:shape d2g:Task .

<http://example.org/diagram/diagram/node/9> a d2g:Decision, d2g:Node ;
    rdfs:label ""continue?"" ;
    d2g:shape d2g:Gateway .

<http://example.org/diagram/diagram/node/10> a d2g:Terminator, d2g:Node ;
    rdfs:label ""Stop"" ;
    d2g:shape d2g:EndEvent .

<http://example.org/diagram/diagram/edge/12> a d2g:Edge, d2g:Solid ;
    d2g:source <http://example.org/diagram/diagram/node/1> ;
    d2g:target <http://example.org/diagram/diagram/node/2> ;
    d2g:relationshipType d2g:Follows .

<http://example.org/diagram/diagram/edge/23> a d2g:Edge, d2g:Solid ;
    d2g:source <http://example.org/diagram/diagram/node/2> ;
    d2g:target <http://example.org/diagram/diagram/node/3> ;
    d2g:relationshipType d2g:Follows .

<http://example.org/diagram/diagram/edge/32> a d2g:Edge, d2g:Solid ;
    d2g:source <http://example.org/diagram/diagram/node/3> ;
    d2g:target <http://example.org/diagram/diagram/node/2> ;
    d2g:relationshipType d2g:Branches ;
    d2g:relationshipValue ""no"" .

<http://example.org/diagram/diagram/edge/34> a d2g:Edge, d2g:Solid ;
    d2g:source <http://example.org/diagram/diagram/node/3> ;
    d2g:target <http://example.org/diagram/diagram/node/4> ;
    d2g:relationshipType d2g:Branches ;
    d2g:relationshipValue ""yes"" .

<http://example.org/diagram/diagram/edge/45> a d2g:Edge, d2g:Solid ;
    d2g:source <http://example.org/diagram/diagram/node/4> ;
    d2g:target <http://example.org/diagram/diagram/node/5> ;
    d2g:relationshipType d2g:Follows .

<http://example.org/diagram/diagram/edge/56> a d2g:Edge, d2g:Solid ;
    d2g:source <http://example.org/diagram/diagram/node/5> ;
    d2g:target <http://example.org/diagram/diagram/node/6> ;
    d2g:relationshipType d2g:Branches ;
    d2g:relationshipValue ""no"" .

<http://example.org/diagram/diagram/edge/57> a d2g:Edge, d2g:Solid ;
    d2g:source <http://example.org/diagram/diagram/node/5> ;
    d2g:target <http://example.org/diagram/diagram/node/7> ;
    d2g:relationshipType d2g:Branches ;
    d2g:relationshipValue ""yes"" .

<http://example.org/diagram/diagram/edge/67> a d2g:Edge, d2g:Solid ;
    d2g:source <http://example.org/diagram/diagram/node/6> ;
    d2g:target <http://example.org/diagram/diagram/node/7> ;
    d2g:relationshipType d2g:Follows .

<http://example.org/diagram/diagram/edge/78> a d2g:Edge, d2g:Solid ;
    d2g:source <http://example.org/diagram/diagram/node/7> ;
    d2g:target <http://example.org/diagram/diagram/node/8> ;
    d2g:relationshipType d2g:Follows .

<http://example.org/diagram/diagram/edge/89> a d2g:Edge, d2g:Solid ;
    d2g:source <http://example.org/diagram/diagram/node/8> ;
    d2g:target <http://example.org/diagram/diagram/node/9> ;
    d2g:relationshipType d2g:Follows .

<http://example.org/diagram/diagram/edge/92> a d2g:Edge, d2g:Solid ;
    d2g:source <http://example.org/diagram/diagram/node/9> ;
    d2g:target <http://example.org/diagram/diagram/node/2> ;
    d2g:relationshipType d2g:Branches ;
    d2g:relationshipValue ""yes"" .

<http://example.org/diagram/diagram/edge/910> a d2g:Edge, d2g:Solid ;
    d2g:source <http://example.org/diagram/diagram/node/9> ;
    d2g:target <http://example.org/diagram/diagram/node/10> ;
    d2g:relationshipType d2g:Branches ;
    d2g:relationshipValue ""no"" .

<http://example.org/diagram/diagram/node/1> d2g:follows <http://example.org/diagram/diagram/node/2> .
<http://example.org/diagram/diagram/node/2> d2g:follows <http://example.org/diagram/diagram/node/3> .
<http://example.org/diagram/diagram/node/3> d2g:branches <http://example.org/diagram/diagram/node/2> .
<http://example.org/diagram/diagram/node/3> d2g:branches <http://example.org/diagram/diagram/node/4> .
<http://example.org/diagram/diagram/node/4> d2g:follows <http://example.org/diagram/diagram/node/5> .
<http://example.org/diagram/diagram/node/5> d2g:branches <http://example.org/diagram/diagram/node/6> .
<http://example.org/diagram/diagram/node/5> d2g:branches <http://example.org/diagram/diagram/node/7> .
<http://example.org/diagram/diagram/node/6> d2g:follows <http://example.org/diagram/diagram/node/7> .
<http://example.org/diagram/diagram/node/7> d2g:follows <http://example.org/diagram/diagram/node/8> .
<http://example.org/diagram/diagram/node/8> d2g:follows <http://example.org/diagram/diagram/node/9> .
<http://example.org/diagram/diagram/node/9> d2g:branches <http://example.org/diagram/diagram/node/2> .
<http://example.org/diagram/diagram/node/9> d2g:branches <http://example.org/diagram/diagram/node/10> .
",0.0,1.0
Extract RDF triples from this image (/kaggle/input/diagram2graph-dataset/diagram2graph/728.png),['/kaggle/input/diagram2graph-dataset/diagram2graph/728.png'],"@prefix d2g:  <http://example.org/diagram2graph#> .
@prefix rdfs: <http://www.w3.org/2000/01/rdf-schema#> .

<http://example.org/diagram/diagram/node/1> a d2g:Node, d2g:Process ;
    rdfs:label ""Lamp doesn't work"" ;
    d2g:shape d2g:Task .

<http://example.org/diagram/diagram/node/2> a d2g:Node, d2g:Decision ;
    rdfs:label ""Lamp plugged in?"" ;
    d2g:shape d2g:Gateway .

<http://example.org/diagram/diagram/node/3> a d2g:Node, d2g:Process ;
    rdfs:label ""Plug in lamp"" ;
    d2g:shape d2g:Task .

<http://example.org/diagram/diagram/node/4> a d2g:Node, d2g:Decision ;
    rdfs:label ""Lamp plugged in?"" ;
    d2g:shape d2g:Gateway .

<http://example.org/diagram/diagram/node/5> a d2g:Node, d2g:Process ;
    rdfs:label ""Replace bulb"" ;
    d2g:shape d2g:Task .

<http://example.org/diagram/diagram/node/6> a d2g:Node, d2g:Process ;
    rdfs:label ""PRINT K"" ;
    d2g:shape d2g:Task .

<http://example.org/diagram/diagram/edge/12> a d2g:Edge, d2g:Solid ;
    d2g:source <http://example.org/diagram/diagram/node/1> ;
    d2g:target <http://example.org/diagram/diagram/node/2> ;
    d2g:relationshipType d2g:Follows .

<http://example.org/diagram/diagram/edge/23> a d2g:Edge, d2g:Solid ;
    d2g:source <http://example.org/diagram/diagram/node/2> ;
    d2g:target <http://example.org/diagram/diagram/node/3> ;
    d2g:relationshipType d2g:Branches ;
    d2g:relationshipValue ""No"" .

<http://example.org/diagram/diagram/edge/24> a d2g:Edge, d2g:Solid ;
    d2g:source <http://example.org/diagram/diagram/node/2> ;
    d2g:target <http://example.org/diagram/diagram/node/4> ;
    d2g:relationshipType d2g:Branches ;
    d2g:relationshipValue ""Yes"" .

<http://example.org/diagram/diagram/edge/45> a d2g:Edge, d2g:Solid ;
    d2g:source <http://example.org/diagram/diagram/node/4> ;
    d2g:target <http://example.org/diagram/diagram/node/5> ;
    d2g:relationshipType d2g:Branches ;
    d2g:relationshipValue ""Yes"" .

<http://example.org/diagram/diagram/edge/46> a d2g:Edge, d2g:Solid ;
    d2g:source <http://example.org/diagram/diagram/node/4> ;
    d2g:target <http://example.org/diagram/diagram/node/6> ;
    d2g:relationshipType d2g:Branches ;
    d2g:relationshipValue ""No"" .

<http://example.org/diagram/diagram/node/1> d2g:follows <http://example.org/diagram/diagram/node/2> .
<http://example.org/diagram/diagram/node/2> d2g:branches <http://example.org/diagram/diagram/node/3> .
<http://example.org/diagram/diagram/node/2> d2g:branches <http://example.org/diagram/diagram/node/4> .
<http://example.org/diagram/diagram/node/4> d2g:branches <http://example.org/diagram/diagram/node/5> .
<http://example.org/diagram/diagram/node/4> d2g:branches <http://example.org/diagram/diagram/node/6> .
",1.0,1.0
Extract RDF triples from this image (/kaggle/input/diagram2graph-dataset/diagram2graph/731.png),['/kaggle/input/diagram2graph-dataset/diagram2graph/731.png'],"@prefix d2g: <http://example.org/diagram2graph#> .
@prefix rdfs: <http://www.w3.org/2000/01/rdf-schema#> .

<http://example.org/diagram/diagram/node/1> a d2g:Start, d2g:Node ;
    rdfs:label ""1"" ;
    d2g:shape d2g:StartEvent .

<http://example.org/diagram/diagram/node/2> a d2g:Process, d2g:Node ;
    rdfs:label ""Costumer Order"" ;
    d2g:shape d2g:StartEvent .

<http://example.org/diagram/diagram/node/3> a d2g:Process, d2g:Node ;
    rdfs:label ""Sales Order"" ;
    d2g:shape d2g:Task .

<http://example.org/diagram/diagram/node/4> a d2g:Decision, d2g:Node ;
    rdfs:label ""Documentation"" ;
    d2g:shape d2g:Gateway .

<http://example.org/diagram/diagram/node/5> a d2g:Process, d2g:Node ;
    rdfs:label ""Prepare DO"" ;
    d2g:shape d2g:Task .

<http://example.org/diagram/diagram/node/6> a d2g:Process, d2g:Node ;
    rdfs:label ""Shipment"" ;
    d2g:shape d2g:Task .

<http://example.org/diagram/diagram/node/7> a d2g:Process, d2g:Node ;
    rdfs:label ""Goods Delivered"" ;
    d2g:shape d2g:Task .

<http://example.org/diagram/diagram/node/8> a d2g:Terminator, d2g:Node ;
    rdfs:label ""2"" ;
    d2g:shape d2g:EndEvent .

<http://example.org/diagram/diagram/edge/12> a d2g:Edge, d2g:Solid ;
    d2g:source <http://example.org/diagram/diagram/node/1> ;
    d2g:target <http://example.org/diagram/diagram/node/2> ;
    d2g:relationshipType d2g:Follows .

<http://example.org/diagram/diagram/edge/23> a d2g:Edge, d2g:Solid ;
    d2g:source <http://example.org/diagram/diagram/node/2> ;
    d2g:target <http://example.org/diagram/diagram/node/3> ;
    d2g:relationshipType d2g:Follows .

<http://example.org/diagram/diagram/edge/34> a d2g:Edge, d2g:Solid ;
    d2g:source <http://example.org/diagram/diagram/node/3> ;
    d2g:target <http://example.org/diagram/diagram/node/4> ;
    d2g:relationshipType d2g:Follows .

<http://example.org/diagram/diagram/edge/45> a d2g:Edge, d2g:Solid ;
    d2g:source <http://example.org/diagram/diagram/node/4> ;
    d2g:target <http://example.org/diagram/diagram/node/5> ;
    d2g:relationshipType d2g:Branches ;
    d2g:relationshipValue ""Yes"" .

<http://example.org/diagram/diagram/edge/43> a d2g:Edge, d2g:Solid ;
    d2g:source <http://example.org/diagram/diagram/node/4> ;
    d2g:target <http://example.org/diagram/diagram/node/3> ;
    d2g:relationshipType d2g:Branches ;
    d2g:relationshipValue ""No"" .

<http://example.org/diagram/diagram/edge/56> a d2g:Edge, d2g:Solid ;
    d2g:source <http://example.org/diagram/diagram/node/5> ;
    d2g:target <http://example.org/diagram/diagram/node/6> ;
    d2g:relationshipType d2g:Follows .

<http://example.org/diagram/diagram/edge/67> a d2g:Edge, d2g:Solid ;
    d2g:source <http://example.org/diagram/diagram/node/6> ;
    d2g:target <http://example.org/diagram/diagram/node/7> ;
    d2g:relationshipType d2g:Follows .

<http://example.org/diagram/diagram/edge/78> a d2g:Edge, d2g:Solid ;
    d2g:source <http://example.org/diagram/diagram/node/7> ;
    d2g:target <http://example.org/diagram/diagram/node/8> ;
    d2g:relationshipType d2g:Follows .

<http://example.org/diagram/diagram/node/1> d2g:follows <http://example.org/diagram/diagram/node/2> .
<http://example.org/diagram/diagram/node/2> d2g:follows <http://example.org/diagram/diagram/node/3> .
<http://example.org/diagram/diagram/node/3> d2g:follows <http://example.org/diagram/diagram/node/4> .
<http://example.org/diagram/diagram/node/4> d2g:branches <http://example.org/diagram/diagram/node/5> .
<http://example.org/diagram/diagram/node/4> d2g:branches <http://example.org/diagram/diagram/node/3> .
<http://example.org/diagram/diagram/node/5> d2g:follows <http://example.org/diagram/diagram/node/6> .
<http://example.org/diagram/diagram/node/6> d2g:follows <http://example.org/diagram/diagram/node/7> .
<http://example.org/diagram/diagram/node/7> d2g:follows <http://example.org/diagram/diagram/node/8> .
",1.0,1.0
Extract RDF triples from this image (/kaggle/input/diagram2graph-dataset/diagram2graph/735.png),['/kaggle/input/diagram2graph-dataset/diagram2graph/735.png'],"@prefix d2g:  <http://example.org/diagram2graph#> .
@prefix rdfs: <http://www.w3.org/2000/01/rdf-schema#> .

<http://example.org/diagram/diagram/node/1> a d2g:Process, d2g:Node ;
    rdfs:label ""Analog retrieval"" ;
    d2g:shape d2g:Task .

<http://example.org/diagram/diagram/node/2> a d2g:Process, d2g:Node ;
    rdfs:label ""Sampling"" ;
    d2g:shape d2g:Task .

<http://example.org/diagram/diagram/node/3> a d2g:Process, d2g:Node ;
    rdfs:label ""Analogical inference"" ;
    d2g:shape d2g:Task .

<http://example.org/diagram/diagram/node/4> a d2g:Terminator, d2g:Node ;
    rdfs:label ""End"" ;
    d2g:shape d2g:EndEvent .

<http://example.org/diagram/diagram/edge/12> a d2g:Edge, d2g:Solid ;
    d2g:source <http://example.org/diagram/diagram/node/1> ;
    d2g:target <http://example.org/diagram/diagram/node/2> ;
    d2g:relationshipType d2g:Follows ;
    d2g:relationshipValue ""learning"" .

<http://example.org/diagram/diagram/edge/23> a d2g:Edge, d2g:Solid ;
    d2g:source <http://example.org/diagram/diagram/node/2> ;
    d2g:target <http://example.org/diagram/diagram/node/3> ;
    d2g:relationshipType d2g:Follows ;
    d2g:relationshipValue ""Self-supervised learning"" .

<http://example.org/diagram/diagram/edge/34> a d2g:Edge, d2g:Solid ;
    d2g:source <http://example.org/diagram/diagram/node/3> ;
    d2g:target <http://example.org/diagram/diagram/node/4> ;
    d2g:relationshipType d2g:Follows ;
    d2g:relationshipValue ""Intersection"" .

<http://example.org/diagram/diagram/node/1> d2g:follows <http://example.org/diagram/diagram/node/2> .
<http://example.org/diagram/diagram/node/2> d2g:follows <http://example.org/diagram/diagram/node/3> .
<http://example.org/diagram/diagram/node/3> d2g:follows <http://example.org/diagram/diagram/node/4> .
",1.0,
Extract RDF triples from this image (/kaggle/input/diagram2graph-dataset/diagram2graph/75.png),['/kaggle/input/diagram2graph-dataset/diagram2graph/75.png'],"@prefix d2g: <http://example.org/diagram2graph#> .
@prefix rdfs: <http://www.w3.org/2000/01/rdf-schema#> .

<http://example.org/diagram/diagram/node/1> a d2g:Start, d2g:Node ;
    rdfs:label ""Begin"" ;
    d2g:shape d2g:StartEvent .

<http://example.org/diagram/diagram/node/2> a d2g:Process, d2g:Node ;
    rdfs:label ""Lapping"" ;
    d2g:shape d2g:Task .

<http://example.org/diagram/diagram/node/3> a d2g:Process, d2g:Node ;
    rdfs:label ""Die sawing"" ;
    d2g:shape d2g:Task .

<http://example.org/diagram/diagram/node/4> a d2g:Process, d2g:Node ;
    rdfs:label ""Die bonding"" ;
    d2g:shape d2g:Task .

<http://example.org/diagram/diagram/node/5> a d2g:Process, d2g:Node ;
    rdfs:label ""Wire"" ;
    d2g:shape d2g:Task .

<http://example.org/diagram/diagram/node/6> a d2g:Process, d2g:Node ;
    rdfs:label ""Molding"" ;
    d2g:shape d2g:Task .

<http://example.org/diagram/diagram/node/7> a d2g:Process, d2g:Node ;
    rdfs:label ""Marketing"" ;
    d2g:shape d2g:Task .

<http://example.org/diagram/diagram/node/8> a d2g:Process, d2g:Node ;
    rdfs:label ""Plating"" ;
    d2g:shape d2g:Task .

<http://example.org/diagram/diagram/node/9> a d2g:Process, d2g:Node ;
    rdfs:label ""sampling"" ;
    d2g:shape d2g:Task .

<http://example.org/diagram/diagram/node/10> a d2g:Process, d2g:Node ;
    rdfs:label ""Forming"" ;
    d2g:shape d2g:Task .

<http://example.org/diagram/diagram/node/11> a d2g:Terminator, d2g:Node ;
    rdfs:label ""End"" ;
    d2g:shape d2g:EndEvent .

<http://example.org/diagram/diagram/edge/12> a d2g:Edge, d2g:Solid ;
    d2g:source <http://example.org/diagram/diagram/node/1> ;
    d2g:target <http://example.org/diagram/diagram/node/2> ;
    d2g:relationshipType d2g:Follows .

<http://example.org/diagram/diagram/edge/23> a d2g:Edge, d2g:Solid ;
    d2g:source <http://example.org/diagram/diagram/node/2> ;
    d2g:target <http://example.org/diagram/diagram/node/3> ;
    d2g:relationshipType d2g:Follows .

<http://example.org/diagram/diagram/edge/34> a d2g:Edge, d2g:Solid ;
    d2g:source <http://example.org/diagram/diagram/node/3> ;
    d2g:target <http://example.org/diagram/diagram/node/4> ;
    d2g:relationshipType d2g:Follows .

<http://example.org/diagram/diagram/edge/45> a d2g:Edge, d2g:Solid ;
    d2g:source <http://example.org/diagram/diagram/node/4> ;
    d2g:target <http://example.org/diagram/diagram/node/5> ;
    d2g:relationshipType d2g:Follows .

<http://example.org/diagram/diagram/edge/56> a d2g:Edge, d2g:Solid ;
    d2g:source <http://example.org/diagram/diagram/node/5> ;
    d2g:target <http://example.org/diagram/diagram/node/6> ;
    d2g:relationshipType d2g:Follows .

<http://example.org/diagram/diagram/edge/67> a d2g:Edge, d2g:Solid ;
    d2g:source <http://example.org/diagram/diagram/node/6> ;
    d2g:target <http://example.org/diagram/diagram/node/7> ;
    d2g:relationshipType d2g:Follows .

<http://example.org/diagram/diagram/edge/78> a d2g:Edge, d2g:Solid ;
    d2g:source <http://example.org/diagram/diagram/node/7> ;
    d2g:target <http://example.org/diagram/diagram/node/8> ;
    d2g:relationshipType d2g:Follows .

<http://example.org/diagram/diagram/edge/89> a d2g:Edge, d2g:Solid ;
    d2g:source <http://example.org/diagram/diagram/node/8> ;
    d2g:target <http://example.org/diagram/diagram/node/9> ;
    d2g:relationshipType d2g:Follows .

<http://example.org/diagram/diagram/edge/910> a d2g:Edge, d2g:Solid ;
    d2g:source <http://example.org/diagram/diagram/node/9> ;
    d2g:target <http://example.org/diagram/diagram/node/10> ;
    d2g:relationshipType d2g:Follows .

<http://example.org/diagram/diagram/edge/1011> a d2g:Edge, d2g:Solid ;
    d2g:source <http://example.org/diagram/diagram/node/10> ;
    d2g:target <http://example.org/diagram/diagram/node/11> ;
    d2g:relationshipType d2g:Follows .

<http://example.org/diagram/diagram/node/1> d2g:follows <http://example.org/diagram/diagram/node/2> .
<http://example.org/diagram/diagram/node/2> d2g:follows <http://example.org/diagram/diagram/node/3> .
<http://example.org/diagram/diagram/node/3> d2g:follows <http://example.org/diagram/diagram/node/4> .
<http://example.org/diagram/diagram/node/4> d2g:follows <http://example.org/diagram/diagram/node/5> .
<http://example.org/diagram/diagram/node/5> d2g:follows <http://example.org/diagram/diagram/node/6> .
<http://example.org/diagram/diagram/node/6> d2g:follows <http://example.org/diagram/diagram/node/7> .
<http://example.org/diagram/diagram/node/7> d2g:follows <http://example.org/diagram/diagram/node/8> .
<http://example.org/diagram/diagram/node/8> d2g:follows <http://example.org/diagram/diagram/node/9> .
<http://example.org/diagram/diagram/node/9> d2g:follows <http://example.org/diagram/diagram/node/10> .
<http://example.org/diagram/diagram/node/10> d2g:follows <http://example.org/diagram/diagram/node/11> .
",1.0,1.0
Extract RDF triples from this image (/kaggle/input/diagram2graph-dataset/diagram2graph/753.png),['/kaggle/input/diagram2graph-dataset/diagram2graph/753.png'],"@prefix d2g:  <http://example.org/diagram2graph#> .
@prefix rdfs: <http://www.w3.org/2000/01/rdf-schema#> .

<http://example.org/diagram/diagram/node/1> a d2g:Node, d2g:Start ;
    rdfs:label ""START"" ;
    d2g:shape d2g:StartEvent .

<http://example.org/diagram/diagram/node/2> a d2g:Node, d2g:Process ;
    rdfs:label ""ACCEPT INPUT FROM USER"" ;
    d2g:shape d2g:Task .

<http://example.org/diagram/diagram/node/3> a d2g:Node, d2g:Decision ;
    rdfs:label ""CONDITION for (i = 1; i <= a; i++)"" ;
    d2g:shape d2g:Gateway .

<http://example.org/diagram/diagram/node/4> a d2g:Node, d2g:Process ;
    rdfs:label ""Process"" ;
    d2g:shape d2g:Task .

<http://example.org/diagram/diagram/node/5> a d2g:Node, d2g:Process ;
    rdfs:label ""PRINT VALUE OF FACTORIAL"" ;
    d2g:shape d2g:Task .

<http://example.org/diagram/diagram/node/6> a d2g:Node, d2g:Terminator ;
    rdfs:label ""STOP"" ;
    d2g:shape d2g:EndEvent .

<http://example.org/diagram/diagram/edge/12> a d2g:Edge, d2g:Solid ;
    d2g:source <http://example.org/diagram/diagram/node/1> ;
    d2g:target <http://example.org/diagram/diagram/node/2> ;
    d2g:relationshipType d2g:Follows .

<http://example.org/diagram/diagram/edge/23> a d2g:Edge, d2g:Solid ;
    d2g:source <http://example.org/diagram/diagram/node/2> ;
    d2g:target <http://example.org/diagram/diagram/node/3> ;
    d2g:relationshipType d2g:Follows .

<http://example.org/diagram/diagram/edge/34> a d2g:Edge, d2g:Solid ;
    d2g:source <http://example.org/diagram/diagram/node/3> ;
    d2g:target <http://example.org/diagram/diagram/node/4> ;
    d2g:relationshipType d2g:Branches ;
    d2g:relationshipValue ""CONDITION is TRUE"" .

<http://example.org/diagram/diagram/edge/43> a d2g:Edge, d2g:Solid ;
    d2g:source <http://example.org/diagram/diagram/node/4> ;
    d2g:target <http://example.org/diagram/diagram/node/3> ;
    d2g:relationshipType d2g:Follows .

<http://example.org/diagram/diagram/edge/35> a d2g:Edge, d2g:Solid ;
    d2g:source <http://example.org/diagram/diagram/node/3> ;
    d2g:target <http://example.org/diagram/diagram/node/5> ;
    d2g:relationshipType d2g:Branches ;
    d2g:relationshipValue ""CONDITION is FALSE"" .

<http://example.org/diagram/diagram/edge/56> a d2g:Edge, d2g:Solid ;
    d2g:source <http://example.org/diagram/diagram/node/5> ;
    d2g:target <http://example.org/diagram/diagram/node/6> ;
    d2g:relationshipType d2g:Follows .

<http://example.org/diagram/diagram/node/1> d2g:follows <http://example.org/diagram/diagram/node/2> .
<http://example.org/diagram/diagram/node/2> d2g:follows <http://example.org/diagram/diagram/node/3> .
<http://example.org/diagram/diagram/node/3> d2g:branches <http://example.org/diagram/diagram/node/4> .
<http://example.org/diagram/diagram/node/4> d2g:follows <http://example.org/diagram/diagram/node/3> .
<http://example.org/diagram/diagram/node/3> d2g:branches <http://example.org/diagram/diagram/node/5> .
<http://example.org/diagram/diagram/node/5> d2g:follows <http://example.org/diagram/diagram/node/6> .
",1.0,1.0
Extract RDF triples from this image (/kaggle/input/diagram2graph-dataset/diagram2graph/76.png),['/kaggle/input/diagram2graph-dataset/diagram2graph/76.png'],"@prefix d2g:  <http://example.org/diagram2graph#> .
@prefix rdfs: <http://www.w3.org/2000/01/rdf-schema#> .

<http://example.org/diagram/diagram/node/1> a d2g:Start, d2g:Node ;
    rdfs:label ""START"" ;
    d2g:shape d2g:StartEvent .

<http://example.org/diagram/diagram/node/2> a d2g:Decision, d2g:Node ;
    rdfs:label ""Is it necessary?"" ;
    d2g:shape d2g:Gateway .

<http://example.org/diagram/diagram/node/3> a d2g:Terminator, d2g:Node ;
    rdfs:label ""Don't do it!"" ;
    d2g:shape d2g:EndEvent .

<http://example.org/diagram/diagram/node/4> a d2g:Decision, d2g:Node ;
    rdfs:label ""Will it fail?"" ;
    d2g:shape d2g:Gateway .

<http://example.org/diagram/diagram/node/5> a d2g:Decision, d2g:Node ;
    rdfs:label ""Knowledge"" ;
    d2g:shape d2g:Gateway .

<http://example.org/diagram/diagram/node/6> a d2g:Terminator, d2g:Node ;
    rdfs:label ""Do it!"" ;
    d2g:shape d2g:EndEvent .

<http://example.org/diagram/diagram/edge/12> a d2g:Edge, d2g:Solid ;
    d2g:source <http://example.org/diagram/diagram/node/1> ;
    d2g:target <http://example.org/diagram/diagram/node/2> ;
    d2g:relationshipType d2g:Follows .

<http://example.org/diagram/diagram/edge/23> a d2g:Edge, d2g:Solid ;
    d2g:source <http://example.org/diagram/diagram/node/2> ;
    d2g:target <http://example.org/diagram/diagram/node/3> ;
    d2g:relationshipType d2g:Branches ;
    d2g:relationshipValue ""NO"" .

<http://example.org/diagram/diagram/edge/24> a d2g:Edge, d2g:Solid ;
    d2g:source <http://example.org/diagram/diagram/node/2> ;
    d2g:target <http://example.org/diagram/diagram/node/4> ;
    d2g:relationshipType d2g:Branches ;
    d2g:relationshipValue ""YES"" .

<http://example.org/diagram/diagram/edge/45> a d2g:Edge, d2g:Solid ;
    d2g:source <http://example.org/diagram/diagram/node/4> ;
    d2g:target <http://example.org/diagram/diagram/node/5> ;
    d2g:relationshipType d2g:Branches ;
    d2g:relationshipValue ""YES"" .

<http://example.org/diagram/diagram/edge/46> a d2g:Edge, d2g:Solid ;
    d2g:source <http://example.org/diagram/diagram/node/4> ;
    d2g:target <http://example.org/diagram/diagram/node/6> ;
    d2g:relationshipType d2g:Branches ;
    d2g:relationshipValue ""NO"" .

<http://example.org/diagram/diagram/edge/53> a d2g:Edge, d2g:Solid ;
    d2g:source <http://example.org/diagram/diagram/node/5> ;
    d2g:target <http://example.org/diagram/diagram/node/3> ;
    d2g:relationshipType d2g:Branches ;
    d2g:relationshipValue ""NO"" .

<http://example.org/diagram/diagram/edge/56> a d2g:Edge, d2g:Solid ;
    d2g:source <http://example.org/diagram/diagram/node/5> ;
    d2g:target <http://example.org/diagram/diagram/node/6> ;
    d2g:relationshipType d2g:Branches ;
    d2g:relationshipValue ""YES"" .

<http://example.org/diagram/diagram/node/1> d2g:follows <http://example.org/diagram/diagram/node/2> .
<http://example.org/diagram/diagram/node/2> d2g:branches <http://example.org/diagram/diagram/node/3> .
<http://example.org/diagram/diagram/node/2> d2g:branches <http://example.org/diagram/diagram/node/4> .
<http://example.org/diagram/diagram/node/4> d2g:branches <http://example.org/diagram/diagram/node/5> .
<http://example.org/diagram/diagram/node/4> d2g:branches <http://example.org/diagram/diagram/node/6> .
<http://example.org/diagram/diagram/node/5> d2g:branches <http://example.org/diagram/diagram/node/3> .
<http://example.org/diagram/diagram/node/5> d2g:branches <http://example.org/diagram/diagram/node/6> .
",0.0,1.0
Extract RDF triples from this image (/kaggle/input/diagram2graph-dataset/diagram2graph/761.png),['/kaggle/input/diagram2graph-dataset/diagram2graph/761.png'],"@prefix d2g: <http://example.org/diagram2graph#> .
@prefix rdfs: <http://www.w3.org/2000/01/rdf-schema#> .

<http://example.org/diagram/diagram/node/1> a d2g:Node, d2g:Start ;
    rdfs:label ""Begin"" ;
    d2g:shape d2g:StartEvent .

<http://example.org/diagram/diagram/node/2> a d2g:Node, d2g:Process ;
    rdfs:label ""Initial Population"" ;
    d2g:shape d2g:Task .

<http://example.org/diagram/diagram/node/3> a d2g:Node, d2g:Process ;
    rdfs:label ""Fitness Evaluation"" ;
    d2g:shape d2g:Task .

<http://example.org/diagram/diagram/node/4> a d2g:Node, d2g:Process ;
    rdfs:label ""Tournament Selection"" ;
    d2g:shape d2g:Task .

<http://example.org/diagram/diagram/node/5> a d2g:Node, d2g:Process ;
    rdfs:label ""Team Selection"" ;
    d2g:shape d2g:Task .

<http://example.org/diagram/diagram/node/6> a d2g:Node, d2g:Process ;
    rdfs:label ""Finalize Team"" ;
    d2g:shape d2g:Task .

<http://example.org/diagram/diagram/node/7> a d2g:Node, d2g:Process ;
    rdfs:label ""New Generation"" ;
    d2g:shape d2g:Task .

<http://example.org/diagram/diagram/node/8> a d2g:Node, d2g:Decision ;
    rdfs:label ""condition fulfil?"" ;
    d2g:shape d2g:Gateway .

<http://example.org/diagram/diagram/node/9> a d2g:Node, d2g:Terminator ;
    rdfs:label """" ;
    d2g:shape d2g:EndEvent .

<http://example.org/diagram/diagram/edge/12> a d2g:Edge, d2g:Solid ;
    d2g:source <http://example.org/diagram/diagram/node/1> ;
    d2g:target <http://example.org/diagram/diagram/node/2> ;
    d2g:relationshipType d2g:Follows .

<http://example.org/diagram/diagram/edge/23> a d2g:Edge, d2g:Solid ;
    d2g:source <http://example.org/diagram/diagram/node/2> ;
    d2g:target <http://example.org/diagram/diagram/node/3> ;
    d2g:relationshipType d2g:Follows .

<http://example.org/diagram/diagram/edge/34> a d2g:Edge, d2g:Solid ;
    d2g:source <http://example.org/diagram/diagram/node/3> ;
    d2g:target <http://example.org/diagram/diagram/node/4> ;
    d2g:relationshipType d2g:Follows .

<http://example.org/diagram/diagram/edge/45> a d2g:Edge, d2g:Solid ;
    d2g:source <http://example.org/diagram/diagram/node/4> ;
    d2g:target <http://example.org/diagram/diagram/node/5> ;
    d2g:relationshipType d2g:Follows .

<http://example.org/diagram/diagram/edge/56> a d2g:Edge, d2g:Solid ;
    d2g:source <http://example.org/diagram/diagram/node/5> ;
    d2g:target <http://example.org/diagram/diagram/node/6> ;
    d2g:relationshipType d2g:Follows .

<http://example.org/diagram/diagram/edge/67> a d2g:Edge, d2g:Solid ;
    d2g:source <http://example.org/diagram/diagram/node/6> ;
    d2g:target <http://example.org/diagram/diagram/node/7> ;
    d2g:relationshipType d2g:Follows .

<http://example.org/diagram/diagram/edge/78> a d2g:Edge, d2g:Solid ;
    d2g:source <http://example.org/diagram/diagram/node/7> ;
    d2g:target <http://example.org/diagram/diagram/node/8> ;
    d2g:relationshipType d2g:Follows .

<http://example.org/diagram/diagram/edge/89> a d2g:Edge, d2g:Solid ;
    d2g:source <http://example.org/diagram/diagram/node/8> ;
    d2g:target <http://example.org/diagram/diagram/node/9> ;
    d2g:relationshipType d2g:Branches ;
    d2g:relationshipValue ""YES"" .

<http://example.org/diagram/diagram/edge/84> a d2g:Edge, d2g:Solid ;
    d2g:source <http://example.org/diagram/diagram/node/8> ;
    d2g:target <http://example.org/diagram/diagram/node/4> ;
    d2g:relationshipType d2g:Branches ;
    d2g:relationshipValue ""NO"" .

<http://example.org/diagram/diagram/node/1> d2g:follows <http://example.org/diagram/diagram/node/2> .
<http://example.org/diagram/diagram/node/2> d2g:follows <http://example.org/diagram/diagram/node/3> .
<http://example.org/diagram/diagram/node/3> d2g:follows <http://example.org/diagram/diagram/node/4> .
<http://example.org/diagram/diagram/node/4> d2g:follows <http://example.org/diagram/diagram/node/5> .
<http://example.org/diagram/diagram/node/5> d2g:follows <http://example.org/diagram/diagram/node/6> .
<http://example.org/diagram/diagram/node/6> d2g:follows <http://example.org/diagram/diagram/node/7> .
<http://example.org/diagram/diagram/node/7> d2g:follows <http://example.org/diagram/diagram/node/8> .
<http://example.org/diagram/diagram/node/8> d2g:branches <http://example.org/diagram/diagram/node/9> .
<http://example.org/diagram/diagram/node/8> d2g:branches <http://example.org/diagram/diagram/node/4> .
",1.0,1.0
Extract RDF triples from this image (/kaggle/input/diagram2graph-dataset/diagram2graph/765.png),['/kaggle/input/diagram2graph-dataset/diagram2graph/765.png'],"@prefix d2g:  <http://example.org/diagram2graph#> .
@prefix rdfs: <http://www.w3.org/2000/01/rdf-schema#> .

<http://example.org/diagram/diagram/node/1> a d2g:Start, d2g:Node ;
    rdfs:label ""Begin"" ;
    d2g:shape d2g:StartEvent .

<http://example.org/diagram/diagram/node/2> a d2g:Terminator, d2g:Node ;
    rdfs:label ""Thing done"" ;
    d2g:shape d2g:EndEvent .

<http://example.org/diagram/diagram/node/3> a d2g:Process, d2g:Node ;
    rdfs:label ""Make coffee"" ;
    d2g:shape d2g:Task .

<http://example.org/diagram/diagram/node/4> a d2g:Process, d2g:Node ;
    rdfs:label ""See you later"" ;
    d2g:shape d2g:Task .

<http://example.org/diagram/diagram/node/5> a d2g:Decision, d2g:Node ;
    rdfs:label ""Browse the web?"" ;
    d2g:shape d2g:Gateway .

<http://example.org/diagram/diagram/node/6> a d2g:Process, d2g:Node ;
    rdfs:label ""Okay then"" ;
    d2g:shape d2g:Task .

<http://example.org/diagram/diagram/edge/13> a d2g:Edge, d2g:Solid ;
    d2g:source <http://example.org/diagram/diagram/node/1> ;
    d2g:target <http://example.org/diagram/diagram/node/3> ;
    d2g:relationshipType d2g:Follows .

<http://example.org/diagram/diagram/edge/35> a d2g:Edge, d2g:Solid ;
    d2g:source <http://example.org/diagram/diagram/node/3> ;
    d2g:target <http://example.org/diagram/diagram/node/5> ;
    d2g:relationshipType d2g:Follows .

<http://example.org/diagram/diagram/edge/53> a d2g:Edge, d2g:Solid ;
    d2g:source <http://example.org/diagram/diagram/node/5> ;
    d2g:target <http://example.org/diagram/diagram/node/3> ;
    d2g:relationshipType d2g:Branches ;
    d2g:relationshipValue ""Yes"" .

<http://example.org/diagram/diagram/edge/56> a d2g:Edge, d2g:Solid ;
    d2g:source <http://example.org/diagram/diagram/node/5> ;
    d2g:target <http://example.org/diagram/diagram/node/6> ;
    d2g:relationshipType d2g:Branches ;
    d2g:relationshipValue ""No"" .

<http://example.org/diagram/diagram/edge/64> a d2g:Edge, d2g:Solid ;
    d2g:source <http://example.org/diagram/diagram/node/6> ;
    d2g:target <http://example.org/diagram/diagram/node/4> ;
    d2g:relationshipType d2g:Follows .

<http://example.org/diagram/diagram/edge/42> a d2g:Edge, d2g:Solid ;
    d2g:source <http://example.org/diagram/diagram/node/4> ;
    d2g:target <http://example.org/diagram/diagram/node/2> ;
    d2g:relationshipType d2g:Follows .

<http://example.org/diagram/diagram/node/1> d2g:follows <http://example.org/diagram/diagram/node/3> .
<http://example.org/diagram/diagram/node/3> d2g:follows <http://example.org/diagram/diagram/node/5> .
<http://example.org/diagram/diagram/node/5> d2g:branches <http://example.org/diagram/diagram/node/3> .
<http://example.org/diagram/diagram/node/5> d2g:branches <http://example.org/diagram/diagram/node/6> .
<http://example.org/diagram/diagram/node/6> d2g:follows <http://example.org/diagram/diagram/node/4> .
<http://example.org/diagram/diagram/node/4> d2g:follows <http://example.org/diagram/diagram/node/2> .
",1.0,1.0
Extract RDF triples from this image (/kaggle/input/diagram2graph-dataset/diagram2graph/78.png),['/kaggle/input/diagram2graph-dataset/diagram2graph/78.png'],"@prefix d2g:  <http://example.org/diagram2graph#> .
@prefix rdfs: <http://www.w3.org/2000/01/rdf-schema#> .

<http://example.org/diagram/diagram/node/1> a d2g:Start, d2g:Node ;
    rdfs:label ""Begin"" ;
    d2g:shape d2g:StartEvent .

<http://example.org/diagram/diagram/node/2> a d2g:Process, d2g:Node ;
    rdfs:label ""Add slack variables to\ninequality constraints"" ;
    d2g:shape d2g:Task .

<http://example.org/diagram/diagram/node/3> a d2g:Process, d2g:Node ;
    rdfs:label ""Calculate variables"" ;
    d2g:shape d2g:Task .

<http://example.org/diagram/diagram/node/4> a d2g:Process, d2g:Node ;
    rdfs:label ""Calculate reduced\ngradient"" ;
    d2g:shape d2g:Task .

<http://example.org/diagram/diagram/node/5> a d2g:Process, d2g:Node ;
    rdfs:label ""Determine\nsearch vector"" ;
    d2g:shape d2g:Task .

<http://example.org/diagram/diagram/node/6> a d2g:Process, d2g:Node ;
    rdfs:label ""Perform operations"" ;
    d2g:shape d2g:Task .

<http://example.org/diagram/diagram/node/7> a d2g:Decision, d2g:Node ;
    rdfs:label ""Converged\n?"" ;
    d2g:shape d2g:Gateway .

<http://example.org/diagram/diagram/node/8> a d2g:Terminator, d2g:Node ;
    rdfs:label ""Exit"" ;
    d2g:shape d2g:EndEvent .

<http://example.org/diagram/diagram/edge/12> a d2g:Edge, d2g:Solid ;
    d2g:source <http://example.org/diagram/diagram/node/1> ;
    d2g:target <http://example.org/diagram/diagram/node/2> ;
    d2g:relationshipType d2g:Follows .

<http://example.org/diagram/diagram/edge/23> a d2g:Edge, d2g:Solid ;
    d2g:source <http://example.org/diagram/diagram/node/2> ;
    d2g:target <http://example.org/diagram/diagram/node/3> ;
    d2g:relationshipType d2g:Follows .

<http://example.org/diagram/diagram/edge/34> a d2g:Edge, d2g:Solid ;
    d2g:source <http://example.org/diagram/diagram/node/3> ;
    d2g:target <http://example.org/diagram/diagram/node/4> ;
    d2g:relationshipType d2g:Follows .

<http://example.org/diagram/diagram/edge/45> a d2g:Edge, d2g:Solid ;
    d2g:source <http://example.org/diagram/diagram/node/4> ;
    d2g:target <http://example.org/diagram/diagram/node/5> ;
    d2g:relationshipType d2g:Follows .

<http://example.org/diagram/diagram/edge/56> a d2g:Edge, d2g:Solid ;
    d2g:source <http://example.org/diagram/diagram/node/5> ;
    d2g:target <http://example.org/diagram/diagram/node/6> ;
    d2g:relationshipType d2g:Follows .

<http://example.org/diagram/diagram/edge/67> a d2g:Edge, d2g:Solid ;
    d2g:source <http://example.org/diagram/diagram/node/6> ;
    d2g:target <http://example.org/diagram/diagram/node/7> ;
    d2g:relationshipType d2g:Follows .

<http://example.org/diagram/diagram/edge/78> a d2g:Edge, d2g:Solid ;
    d2g:source <http://example.org/diagram/diagram/node/7> ;
    d2g:target <http://example.org/diagram/diagram/node/8> ;
    d2g:relationshipType d2g:Branches ;
    d2g:relationshipValue ""Yes"" .

<http://example.org/diagram/diagram/edge/73> a d2g:Edge, d2g:Solid ;
    d2g:source <http://example.org/diagram/diagram/node/7> ;
    d2g:target <http://example.org/diagram/diagram/node/3> ;
    d2g:relationshipType d2g:Branches ;
    d2g:relationshipValue ""No"" .

<http://example.org/diagram/diagram/node/1> d2g:follows <http://example.org/diagram/diagram/node/2> .
<http://example.org/diagram/diagram/node/2> d2g:follows <http://example.org/diagram/diagram/node/3> .
<http://example.org/diagram/diagram/node/3> d2g:follows <http://example.org/diagram/diagram/node/4> .
<http://example.org/diagram/diagram/node/4> d2g:follows <http://example.org/diagram/diagram/node/5> .
<http://example.org/diagram/diagram/node/5> d2g:follows <http://example.org/diagram/diagram/node/6> .
<http://example.org/diagram/diagram/node/6> d2g:follows <http://example.org/diagram/diagram/node/7> .
<http://example.org/diagram/diagram/node/7> d2g:branches <http://example.org/diagram/diagram/node/8> .
<http://example.org/diagram/diagram/node/7> d2g:branches <http://example.org/diagram/diagram/node/3> .
",1.0,1.0
Extract RDF triples from this image (/kaggle/input/diagram2graph-dataset/diagram2graph/8.png),['/kaggle/input/diagram2graph-dataset/diagram2graph/8.png'],"@prefix d2g:  <http://example.org/diagram2graph#> .
@prefix rdfs: <http://www.w3.org/2000/01/rdf-schema#> .

<http://example.org/diagram/diagram/node/1> a d2g:Start, d2g:Node ;
    rdfs:label ""Begin"" ;
    d2g:shape d2g:StartEvent .

<http://example.org/diagram/diagram/node/2> a d2g:Process, d2g:Node ;
    rdfs:label ""Login"" ;
    d2g:shape d2g:Task .

<http://example.org/diagram/diagram/node/3> a d2g:Decision, d2g:Node ;
    rdfs:label ""Login correct?"" ;
    d2g:shape d2g:Gateway .

<http://example.org/diagram/diagram/node/4> a d2g:Process, d2g:Node ;
    rdfs:label ""Front Page"" ;
    d2g:shape d2g:Task .

<http://example.org/diagram/diagram/edge/12> a d2g:Edge, d2g:Solid ;
    d2g:source <http://example.org/diagram/diagram/node/1> ;
    d2g:target <http://example.org/diagram/diagram/node/2> ;
    d2g:relationshipType d2g:Follows .

<http://example.org/diagram/diagram/edge/23> a d2g:Edge, d2g:Solid ;
    d2g:source <http://example.org/diagram/diagram/node/2> ;
    d2g:target <http://example.org/diagram/diagram/node/3> ;
    d2g:relationshipType d2g:Follows .

<http://example.org/diagram/diagram/edge/32> a d2g:Edge, d2g:Solid ;
    d2g:source <http://example.org/diagram/diagram/node/3> ;
    d2g:target <http://example.org/diagram/diagram/node/2> ;
    d2g:relationshipType d2g:Branches ;
    d2g:relationshipValue ""Correct"" .

<http://example.org/diagram/diagram/edge/34> a d2g:Edge, d2g:Solid ;
    d2g:source <http://example.org/diagram/diagram/node/3> ;
    d2g:target <http://example.org/diagram/diagram/node/4> ;
    d2g:relationshipType d2g:Branches .

<http://example.org/diagram/diagram/node/1> d2g:follows <http://example.org/diagram/diagram/node/2> .
<http://example.org/diagram/diagram/node/2> d2g:follows <http://example.org/diagram/diagram/node/3> .
<http://example.org/diagram/diagram/node/3> d2g:branches <http://example.org/diagram/diagram/node/2> .
<http://example.org/diagram/diagram/node/3> d2g:branches <http://example.org/diagram/diagram/node/4> .
",1.0,1.0
Extract RDF triples from this image (/kaggle/input/diagram2graph-dataset/diagram2graph/80.png),['/kaggle/input/diagram2graph-dataset/diagram2graph/80.png'],"@prefix d2g:  <http://example.org/diagram2graph#> .
@prefix rdfs: <http://www.w3.org/2000/01/rdf-schema#> .

<http://example.org/diagram/diagram/node/1> a d2g:Start, d2g:Node ;
    rdfs:label ""Start"" ;
    d2g:shape d2g:StartEvent .

<http://example.org/diagram/diagram/node/2> a d2g:Process, d2g:Node ;
    rdfs:label ""Requirements"" ;
    d2g:shape d2g:Task .

<http://example.org/diagram/diagram/node/3> a d2g:Process, d2g:Node ;
    rdfs:label ""System simulation"" ;
    d2g:shape d2g:Task .

<http://example.org/diagram/diagram/node/4> a d2g:Process, d2g:Node ;
    rdfs:label ""Result Analyzing"" ;
    d2g:shape d2g:Task .

<http://example.org/diagram/diagram/node/5> a d2g:Process, d2g:Node ;
    rdfs:label ""Improvement\n&\nDevelopment"" ;
    d2g:shape d2g:Task .

<http://example.org/diagram/diagram/node/6> a d2g:Process, d2g:Node ;
    rdfs:label ""Hardware implementation"" ;
    d2g:shape d2g:Task .

<http://example.org/diagram/diagram/node/7> a d2g:Process, d2g:Node ;
    rdfs:label ""Display"" ;
    d2g:shape d2g:Task .

<http://example.org/diagram/diagram/node/8> a d2g:Terminator, d2g:Node ;
    rdfs:label ""End"" ;
    d2g:shape d2g:EndEvent .

<http://example.org/diagram/diagram/edge/12> a d2g:Edge, d2g:Solid ;
    d2g:source <http://example.org/diagram/diagram/node/1> ;
    d2g:target <http://example.org/diagram/diagram/node/2> ;
    d2g:relationshipType d2g:Follows .

<http://example.org/diagram/diagram/edge/23> a d2g:Edge, d2g:Solid ;
    d2g:source <http://example.org/diagram/diagram/node/2> ;
    d2g:target <http://example.org/diagram/diagram/node/3> ;
    d2g:relationshipType d2g:Follows .

<http://example.org/diagram/diagram/edge/34> a d2g:Edge, d2g:Solid ;
    d2g:source <http://example.org/diagram/diagram/node/3> ;
    d2g:target <http://example.org/diagram/diagram/node/4> ;
    d2g:relationshipType d2g:Follows .

<http://example.org/diagram/diagram/edge/45> a d2g:Edge, d2g:Solid ;
    d2g:source <http://example.org/diagram/diagram/node/4> ;
    d2g:target <http://example.org/diagram/diagram/node/5> ;
    d2g:relationshipType d2g:Follows .

<http://example.org/diagram/diagram/edge/56> a d2g:Edge, d2g:Solid ;
    d2g:source <http://example.org/diagram/diagram/node/5> ;
    d2g:target <http://example.org/diagram/diagram/node/6> ;
    d2g:relationshipType d2g:Follows .

<http://example.org/diagram/diagram/edge/67> a d2g:Edge, d2g:Solid ;
    d2g:source <http://example.org/diagram/diagram/node/6> ;
    d2g:target <http://example.org/diagram/diagram/node/7> ;
    d2g:relationshipType d2g:Follows .

<http://example.org/diagram/diagram/edge/78> a d2g:Edge, d2g:Solid ;
    d2g:source <http://example.org/diagram/diagram/node/7> ;
    d2g:target <http://example.org/diagram/diagram/node/8> ;
    d2g:relationshipType d2g:Follows .

<http://example.org/diagram/diagram/node/1> d2g:follows <http://example.org/diagram/diagram/node/2> .
<http://example.org/diagram/diagram/node/2> d2g:follows <http://example.org/diagram/diagram/node/3> .
<http://example.org/diagram/diagram/node/3> d2g:follows <http://example.org/diagram/diagram/node/4> .
<http://example.org/diagram/diagram/node/4> d2g:follows <http://example.org/diagram/diagram/node/5> .
<http://example.org/diagram/diagram/node/5> d2g:follows <http://example.org/diagram/diagram/node/6> .
<http://example.org/diagram/diagram/node/6> d2g:follows <http://example.org/diagram/diagram/node/7> .
<http://example.org/diagram/diagram/node/7> d2g:follows <http://example.org/diagram/diagram/node/8> .
",1.0,1.0
Extract RDF triples from this image (/kaggle/input/diagram2graph-dataset/diagram2graph/800.png),['/kaggle/input/diagram2graph-dataset/diagram2graph/800.png'],"@prefix d2g: <http://example.org/diagram2graph#> .
@prefix rdfs: <http://www.w3.org/2000/01/rdf-schema#> .

<http://example.org/diagram/diagram/node/1> a d2g:Node, d2g:Process ;
    rdfs:label ""Assessment"" ;
    d2g:shape d2g:Task .

<http://example.org/diagram/diagram/node/2> a d2g:Node, d2g:Process ;
    rdfs:label ""Team work"" ;
    d2g:shape d2g:Task .

<http://example.org/diagram/diagram/node/3> a d2g:Node, d2g:Process ;
    rdfs:label ""Work"" ;
    d2g:shape d2g:Task .

<http://example.org/diagram/diagram/node/4> a d2g:Node, d2g:Process ;
    rdfs:label ""Gather"" ;
    d2g:shape d2g:Task .

<http://example.org/diagram/diagram/node/5> a d2g:Node, d2g:Process ;
    rdfs:label ""Complete"" ;
    d2g:shape d2g:Task .

<http://example.org/diagram/diagram/node/6> a d2g:Node, d2g:Process ;
    rdfs:label ""Closure"" ;
    d2g:shape d2g:Task .

<http://example.org/diagram/diagram/node/7> a d2g:Node, d2g:Process ;
    rdfs:label ""Primary closure"" ;
    d2g:shape d2g:Task .

<http://example.org/diagram/diagram/node/8> a d2g:Node, d2g:Process ;
    rdfs:label ""Bandaging"" ;
    d2g:shape d2g:Task .

<http://example.org/diagram/diagram/node/9> a d2g:Node, d2g:Process ;
    rdfs:label ""Delayed primary closure"" ;
    d2g:shape d2g:Task .

<http://example.org/diagram/diagram/node/10> a d2g:Node, d2g:Process ;
    rdfs:label ""Secondary closure"" ;
    d2g:shape d2g:Task .

<http://example.org/diagram/diagram/edge/12> a d2g:Edge, d2g:Solid ;
    d2g:source <http://example.org/diagram/diagram/node/1> ;
    d2g:target <http://example.org/diagram/diagram/node/2> ;
    d2g:relationshipType d2g:Follows .

<http://example.org/diagram/diagram/edge/23> a d2g:Edge, d2g:Solid ;
    d2g:source <http://example.org/diagram/diagram/node/2> ;
    d2g:target <http://example.org/diagram/diagram/node/3> ;
    d2g:relationshipType d2g:Follows .

<http://example.org/diagram/diagram/edge/34> a d2g:Edge, d2g:Solid ;
    d2g:source <http://example.org/diagram/diagram/node/3> ;
    d2g:target <http://example.org/diagram/diagram/node/4> ;
    d2g:relationshipType d2g:Follows .

<http://example.org/diagram/diagram/edge/45> a d2g:Edge, d2g:Solid ;
    d2g:source <http://example.org/diagram/diagram/node/4> ;
    d2g:target <http://example.org/diagram/diagram/node/5> ;
    d2g:relationshipType d2g:Follows .

<http://example.org/diagram/diagram/edge/56> a d2g:Edge, d2g:Solid ;
    d2g:source <http://example.org/diagram/diagram/node/5> ;
    d2g:target <http://example.org/diagram/diagram/node/6> ;
    d2g:relationshipType d2g:Follows .

<http://example.org/diagram/diagram/edge/67> a d2g:Edge, d2g:Solid ;
    d2g:source <http://example.org/diagram/diagram/node/6> ;
    d2g:target <http://example.org/diagram/diagram/node/7> ;
    d2g:relationshipType d2g:Follows .

<http://example.org/diagram/diagram/edge/68> a d2g:Edge, d2g:Solid ;
    d2g:source <http://example.org/diagram/diagram/node/6> ;
    d2g:target <http://example.org/diagram/diagram/node/8> ;
    d2g:relationshipType d2g:Follows .

<http://example.org/diagram/diagram/edge/89> a d2g:Edge, d2g:Solid ;
    d2g:source <http://example.org/diagram/diagram/node/8> ;
    d2g:target <http://example.org/diagram/diagram/node/9> ;
    d2g:relationshipType d2g:Follows .

<http://example.org/diagram/diagram/edge/810> a d2g:Edge, d2g:Solid ;
    d2g:source <http://example.org/diagram/diagram/node/8> ;
    d2g:target <http://example.org/diagram/diagram/node/10> ;
    d2g:relationshipType d2g:Follows .

<http://example.org/diagram/diagram/node/1> d2g:follows <http://example.org/diagram/diagram/node/2> .
<http://example.org/diagram/diagram/node/2> d2g:follows <http://example.org/diagram/diagram/node/3> .
<http://example.org/diagram/diagram/node/3> d2g:follows <http://example.org/diagram/diagram/node/4> .
<http://example.org/diagram/diagram/node/4> d2g:follows <http://example.org/diagram/diagram/node/5> .
<http://example.org/diagram/diagram/node/5> d2g:follows <http://example.org/diagram/diagram/node/6> .
<http://example.org/diagram/diagram/node/6> d2g:follows <http://example.org/diagram/diagram/node/7> .
<http://example.org/diagram/diagram/node/6> d2g:follows <http://example.org/diagram/diagram/node/8> .
<http://example.org/diagram/diagram/node/8> d2g:follows <http://example.org/diagram/diagram/node/9> .
<http://example.org/diagram/diagram/node/8> d2g:follows <http://example.org/diagram/diagram/node/10> .
",1.0,1.0
Extract RDF triples from this image (/kaggle/input/diagram2graph-dataset/diagram2graph/81.png),['/kaggle/input/diagram2graph-dataset/diagram2graph/81.png'],"@prefix d2g:  <http://example.org/diagram2graph#> .
@prefix rdfs: <http://www.w3.org/2000/01/rdf-schema#> .

<http://example.org/diagram/diagram/node/1> a d2g:Start, d2g:Node ;
    rdfs:label ""START"" ;
    d2g:shape d2g:StartEvent .

<http://example.org/diagram/diagram/node/2> a d2g:Process, d2g:Node ;
    rdfs:label ""READ"" ;
    d2g:shape d2g:Task .

<http://example.org/diagram/diagram/node/3> a d2g:Process, d2g:Node ;
    rdfs:label ""M=1\nF=1"" ;
    d2g:shape d2g:Task .

<http://example.org/diagram/diagram/node/4> a d2g:Process, d2g:Node ;
    rdfs:label ""F=F*M"" ;
    d2g:shape d2g:Task .

<http://example.org/diagram/diagram/node/5> a d2g:Decision, d2g:Node ;
    rdfs:label ""M=N?"" ;
    d2g:shape d2g:Gateway .

<http://example.org/diagram/diagram/node/6> a d2g:Process, d2g:Node ;
    rdfs:label ""M=M+1"" ;
    d2g:shape d2g:Task .

<http://example.org/diagram/diagram/node/7> a d2g:Process, d2g:Node ;
    rdfs:label ""PRINT"" ;
    d2g:shape d2g:Task .

<http://example.org/diagram/diagram/node/8> a d2g:Terminator, d2g:Node ;
    rdfs:label ""END"" ;
    d2g:shape d2g:EndEvent .

<http://example.org/diagram/diagram/edge/12> a d2g:Edge, d2g:Solid ;
    d2g:source <http://example.org/diagram/diagram/node/1> ;
    d2g:target <http://example.org/diagram/diagram/node/2> ;
    d2g:relationshipType d2g:Follows .

<http://example.org/diagram/diagram/edge/23> a d2g:Edge, d2g:Solid ;
    d2g:source <http://example.org/diagram/diagram/node/2> ;
    d2g:target <http://example.org/diagram/diagram/node/3> ;
    d2g:relationshipType d2g:Follows .

<http://example.org/diagram/diagram/edge/34> a d2g:Edge, d2g:Solid ;
    d2g:source <http://example.org/diagram/diagram/node/3> ;
    d2g:target <http://example.org/diagram/diagram/node/4> ;
    d2g:relationshipType d2g:Follows .

<http://example.org/diagram/diagram/edge/45> a d2g:Edge, d2g:Solid ;
    d2g:source <http://example.org/diagram/diagram/node/4> ;
    d2g:target <http://example.org/diagram/diagram/node/5> ;
    d2g:relationshipType d2g:Follows .

<http://example.org/diagram/diagram/edge/56> a d2g:Edge, d2g:Solid ;
    d2g:source <http://example.org/diagram/diagram/node/5> ;
    d2g:target <http://example.org/diagram/diagram/node/6> ;
    d2g:relationshipType d2g:Branches ;
    d2g:relationshipValue ""NO"" .

<http://example.org/diagram/diagram/edge/57> a d2g:Edge, d2g:Solid ;
    d2g:source <http://example.org/diagram/diagram/node/5> ;
    d2g:target <http://example.org/diagram/diagram/node/7> ;
    d2g:relationshipType d2g:Branches ;
    d2g:relationshipValue ""YES"" .

<http://example.org/diagram/diagram/edge/64> a d2g:Edge, d2g:Solid ;
    d2g:source <http://example.org/diagram/diagram/node/6> ;
    d2g:target <http://example.org/diagram/diagram/node/4> ;
    d2g:relationshipType d2g:Follows .

<http://example.org/diagram/diagram/edge/78> a d2g:Edge, d2g:Solid ;
    d2g:source <http://example.org/diagram/diagram/node/7> ;
    d2g:target <http://example.org/diagram/diagram/node/8> ;
    d2g:relationshipType d2g:Follows .

<http://example.org/diagram/diagram/node/1> d2g:follows <http://example.org/diagram/diagram/node/2> .
<http://example.org/diagram/diagram/node/2> d2g:follows <http://example.org/diagram/diagram/node/3> .
<http://example.org/diagram/diagram/node/3> d2g:follows <http://example.org/diagram/diagram/node/4> .
<http://example.org/diagram/diagram/node/4> d2g:follows <http://example.org/diagram/diagram/node/5> .
<http://example.org/diagram/diagram/node/5> d2g:branches <http://example.org/diagram/diagram/node/6> .
<http://example.org/diagram/diagram/node/5> d2g:branches <http://example.org/diagram/diagram/node/7> .
<http://example.org/diagram/diagram/node/6> d2g:follows <http://example.org/diagram/diagram/node/4> .
<http://example.org/diagram/diagram/node/7> d2g:follows <http://example.org/diagram/diagram/node/8> .
",0.0,1.0
Extract RDF triples from this image (/kaggle/input/diagram2graph-dataset/diagram2graph/813.png),['/kaggle/input/diagram2graph-dataset/diagram2graph/813.png'],"@prefix d2g: <http://example.org/diagram2graph#> .
@prefix rdfs: <http://www.w3.org/2000/01/rdf-schema#> .

<http://example.org/diagram/diagram/node/1> a d2g:Process, d2g:Node ;
    rdfs:label ""Topic"" ;
    d2g:shape d2g:Task .

<http://example.org/diagram/diagram/node/2> a d2g:Process, d2g:Node ;
    rdfs:label ""Power signal"" ;
    d2g:shape d2g:Task .

<http://example.org/diagram/diagram/node/3> a d2g:Process, d2g:Node ;
    rdfs:label ""Processor"" ;
    d2g:shape d2g:Task .

<http://example.org/diagram/diagram/node/4> a d2g:Process, d2g:Node ;
    rdfs:label ""Output"" ;
    d2g:shape d2g:Task .

<http://example.org/diagram/diagram/node/5> a d2g:Process, d2g:Node ;
    rdfs:label ""End"" ;
    d2g:shape d2g:Task .

<http://example.org/diagram/diagram/edge/12> a d2g:Edge, d2g:Solid ;
    d2g:source <http://example.org/diagram/diagram/node/1> ;
    d2g:target <http://example.org/diagram/diagram/node/2> ;
    d2g:relationshipType d2g:Follows .

<http://example.org/diagram/diagram/edge/23> a d2g:Edge, d2g:Solid ;
    d2g:source <http://example.org/diagram/diagram/node/2> ;
    d2g:target <http://example.org/diagram/diagram/node/3> ;
    d2g:relationshipType d2g:Follows ;
    d2g:relationshipValue ""Stream"" .

<http://example.org/diagram/diagram/edge/34> a d2g:Edge, d2g:Solid ;
    d2g:source <http://example.org/diagram/diagram/node/3> ;
    d2g:target <http://example.org/diagram/diagram/node/4> ;
    d2g:relationshipType d2g:Follows ;
    d2g:relationshipValue ""Stream"" .

<http://example.org/diagram/diagram/edge/45> a d2g:Edge, d2g:Solid ;
    d2g:source <http://example.org/diagram/diagram/node/4> ;
    d2g:target <http://example.org/diagram/diagram/node/5> ;
    d2g:relationshipType d2g:Follows .

<http://example.org/diagram/diagram/node/1> d2g:follows <http://example.org/diagram/diagram/node/2> .
<http://example.org/diagram/diagram/node/2> d2g:follows <http://example.org/diagram/diagram/node/3> .
<http://example.org/diagram/diagram/node/3> d2g:follows <http://example.org/diagram/diagram/node/4> .
<http://example.org/diagram/diagram/node/4> d2g:follows <http://example.org/diagram/diagram/node/5> .
",1.0,1.0
Extract RDF triples from this image (/kaggle/input/diagram2graph-dataset/diagram2graph/818.png),['/kaggle/input/diagram2graph-dataset/diagram2graph/818.png'],"@prefix d2g:  <http://example.org/diagram2graph#> .
@prefix rdfs: <http://www.w3.org/2000/01/rdf-schema#> .

<http://example.org/diagram/diagram/node/1> a d2g:Node, d2g:Process ;
    rdfs:label ""Input"" ;
    d2g:shape d2g:Task .

<http://example.org/diagram/diagram/node/2> a d2g:Node, d2g:Process ;
    rdfs:label ""Filtering"" ;
    d2g:shape d2g:Task .

<http://example.org/diagram/diagram/node/3> a d2g:Node, d2g:Process ;
    rdfs:label ""Connect ribs"" ;
    d2g:shape d2g:Task .

<http://example.org/diagram/diagram/node/4> a d2g:Node, d2g:Process ;
    rdfs:label ""Skeleton"" ;
    d2g:shape d2g:Task .

<http://example.org/diagram/diagram/node/5> a d2g:Node, d2g:Process ;
    rdfs:label ""Segmentation Using Level set"" ;
    d2g:shape d2g:Task .

<http://example.org/diagram/diagram/edge/12> a d2g:Edge, d2g:Solid ;
    d2g:source <http://example.org/diagram/diagram/node/1> ;
    d2g:target <http://example.org/diagram/diagram/node/2> ;
    d2g:relationshipType d2g:Follows .

<http://example.org/diagram/diagram/edge/23> a d2g:Edge, d2g:Solid ;
    d2g:source <http://example.org/diagram/diagram/node/2> ;
    d2g:target <http://example.org/diagram/diagram/node/3> ;
    d2g:relationshipType d2g:Follows .

<http://example.org/diagram/diagram/edge/34> a d2g:Edge, d2g:Solid ;
    d2g:source <http://example.org/diagram/diagram/node/3> ;
    d2g:target <http://example.org/diagram/diagram/node/4> ;
    d2g:relationshipType d2g:Follows .

<http://example.org/diagram/diagram/edge/45> a d2g:Edge, d2g:Solid ;
    d2g:source <http://example.org/diagram/diagram/node/4> ;
    d2g:target <http://example.org/diagram/diagram/node/5> ;
    d2g:relationshipType d2g:Follows .

<http://example.org/diagram/diagram/node/1> d2g:follows <http://example.org/diagram/diagram/node/2> .
<http://example.org/diagram/diagram/node/2> d2g:follows <http://example.org/diagram/diagram/node/3> .
<http://example.org/diagram/diagram/node/3> d2g:follows <http://example.org/diagram/diagram/node/4> .
<http://example.org/diagram/diagram/node/4> d2g:follows <http://example.org/diagram/diagram/node/5> .
",1.0,1.0
Extract RDF triples from this image (/kaggle/input/diagram2graph-dataset/diagram2graph/823.png),['/kaggle/input/diagram2graph-dataset/diagram2graph/823.png'],"@prefix d2g:  <http://example.org/diagram2graph#> .
@prefix rdfs: <http://www.w3.org/2000/01/rdf-schema#> .

<http://example.org/diagram/diagram/node/1> a d2g:Node, d2g:Process ;
    rdfs:label ""Application"" ;
    d2g:shape d2g:Task .

<http://example.org/diagram/diagram/node/2> a d2g:Node, d2g:Process ;
    rdfs:label ""Login"" ;
    d2g:shape d2g:Task .

<http://example.org/diagram/diagram/node/3> a d2g:Node, d2g:Process ;
    rdfs:label ""Apply"" ;
    d2g:shape d2g:Task .

<http://example.org/diagram/diagram/node/4> a d2g:Node, d2g:Process ;
    rdfs:label ""Shortlist resumes"" ;
    d2g:shape d2g:Task .

<http://example.org/diagram/diagram/node/5> a d2g:Node, d2g:Process ;
    rdfs:label ""E-mail resumes to departments"" ;
    d2g:shape d2g:Task .

<http://example.org/diagram/diagram/node/6> a d2g:Node, d2g:Decision ;
    rdfs:label ""Resumes approved ?"" ;
    d2g:shape d2g:Gateway .

<http://example.org/diagram/diagram/node/7> a d2g:Node, d2g:Process ;
    rdfs:label ""Call for interview"" ;
    d2g:shape d2g:Task .

<http://example.org/diagram/diagram/node/8> a d2g:Node, d2g:Terminator ;
    rdfs:label ""End hiring Stage 1"" ;
    d2g:shape d2g:EndEvent .

<http://example.org/diagram/diagram/node/9> a d2g:Node, d2g:Process ;
    rdfs:label ""Screen more resumes"" ;
    d2g:shape d2g:Task .

<http://example.org/diagram/diagram/edge/12> a d2g:Edge, d2g:Solid ;
    d2g:source <http://example.org/diagram/diagram/node/1> ;
    d2g:target <http://example.org/diagram/diagram/node/2> ;
    d2g:relationshipType d2g:Follows .

<http://example.org/diagram/diagram/edge/23> a d2g:Edge, d2g:Solid ;
    d2g:source <http://example.org/diagram/diagram/node/2> ;
    d2g:target <http://example.org/diagram/diagram/node/3> ;
    d2g:relationshipType d2g:Follows .

<http://example.org/diagram/diagram/edge/34> a d2g:Edge, d2g:Solid ;
    d2g:source <http://example.org/diagram/diagram/node/3> ;
    d2g:target <http://example.org/diagram/diagram/node/4> ;
    d2g:relationshipType d2g:Follows .

<http://example.org/diagram/diagram/edge/45> a d2g:Edge, d2g:Solid ;
    d2g:source <http://example.org/diagram/diagram/node/4> ;
    d2g:target <http://example.org/diagram/diagram/node/5> ;
    d2g:relationshipType d2g:Follows .

<http://example.org/diagram/diagram/edge/56> a d2g:Edge, d2g:Solid ;
    d2g:source <http://example.org/diagram/diagram/node/5> ;
    d2g:target <http://example.org/diagram/diagram/node/6> ;
    d2g:relationshipType d2g:Follows .

<http://example.org/diagram/diagram/edge/67> a d2g:Edge, d2g:Solid ;
    d2g:source <http://example.org/diagram/diagram/node/6> ;
    d2g:target <http://example.org/diagram/diagram/node/7> ;
    d2g:relationshipType d2g:Branches ;
    d2g:relationshipValue ""Yes"" .

<http://example.org/diagram/diagram/edge/69> a d2g:Edge, d2g:Solid ;
    d2g:source <http://example.org/diagram/diagram/node/6> ;
    d2g:target <http://example.org/diagram/diagram/node/9> ;
    d2g:relationshipType d2g:Branches ;
    d2g:relationshipValue ""No"" .

<http://example.org/diagram/diagram/edge/78> a d2g:Edge, d2g:Solid ;
    d2g:source <http://example.org/diagram/diagram/node/7> ;
    d2g:target <http://example.org/diagram/diagram/node/8> ;
    d2g:relationshipType d2g:Follows .

<http://example.org/diagram/diagram/edge/95> a d2g:Edge, d2g:Solid ;
    d2g:source <http://example.org/diagram/diagram/node/9> ;
    d2g:target <http://example.org/diagram/diagram/node/5> ;
    d2g:relationshipType d2g:Follows .

<http://example.org/diagram/diagram/node/1> d2g:follows <http://example.org/diagram/diagram/node/2> .
<http://example.org/diagram/diagram/node/2> d2g:follows <http://example.org/diagram/diagram/node/3> .
<http://example.org/diagram/diagram/node/3> d2g:follows <http://example.org/diagram/diagram/node/4> .
<http://example.org/diagram/diagram/node/4> d2g:follows <http://example.org/diagram/diagram/node/5> .
<http://example.org/diagram/diagram/node/5> d2g:follows <http://example.org/diagram/diagram/node/6> .
<http://example.org/diagram/diagram/node/6> d2g:branches <http://example.org/diagram/diagram/node/7> .
<http://example.org/diagram/diagram/node/6> d2g:branches <http://example.org/diagram/diagram/node/9> .
<http://example.org/diagram/diagram/node/7> d2g:follows <http://example.org/diagram/diagram/node/8> .
<http://example.org/diagram/diagram/node/9> d2g:follows <http://example.org/diagram/diagram/node/5> .
",0.0,1.0
Extract RDF triples from this image (/kaggle/input/diagram2graph-dataset/diagram2graph/848.png),['/kaggle/input/diagram2graph-dataset/diagram2graph/848.png'],"@prefix d2g:  <http://example.org/diagram2graph#> .
@prefix rdfs: <http://www.w3.org/2000/01/rdf-schema#> .

<http://example.org/diagram/diagram/node/1> a d2g:Process, d2g:Node ;
    rdfs:label ""Data process"" ;
    d2g:shape d2g:Task .

<http://example.org/diagram/diagram/node/2> a d2g:Process, d2g:Node ;
    rdfs:label ""Degree calculation"" ;
    d2g:shape d2g:Task .

<http://example.org/diagram/diagram/node/3> a d2g:Process, d2g:Node ;
    rdfs:label ""Area calculation"" ;
    d2g:shape d2g:Task .

<http://example.org/diagram/diagram/node/4> a d2g:Process, d2g:Node ;
    rdfs:label ""Similarity calculation"" ;
    d2g:shape d2g:Task .

<http://example.org/diagram/diagram/node/5> a d2g:Process, d2g:Node ;
    rdfs:label ""Core calculation"" ;
    d2g:shape d2g:Task .

<http://example.org/diagram/diagram/node/6> a d2g:Process, d2g:Node ;
    rdfs:label ""Dimension expansion"" ;
    d2g:shape d2g:Task .

<http://example.org/diagram/diagram/node/7> a d2g:Process, d2g:Node ;
    rdfs:label ""Finish"" ;
    d2g:shape d2g:Task .

<http://example.org/diagram/diagram/edge/12> a d2g:Edge, d2g:Solid ;
    d2g:source <http://example.org/diagram/diagram/node/1> ;
    d2g:target <http://example.org/diagram/diagram/node/2> ;
    d2g:relationshipType d2g:Follows .

<http://example.org/diagram/diagram/edge/23> a d2g:Edge, d2g:Solid ;
    d2g:source <http://example.org/diagram/diagram/node/2> ;
    d2g:target <http://example.org/diagram/diagram/node/3> ;
    d2g:relationshipType d2g:Follows .

<http://example.org/diagram/diagram/edge/34> a d2g:Edge, d2g:Solid ;
    d2g:source <http://example.org/diagram/diagram/node/3> ;
    d2g:target <http://example.org/diagram/diagram/node/4> ;
    d2g:relationshipType d2g:Follows .

<http://example.org/diagram/diagram/edge/45> a d2g:Edge, d2g:Solid ;
    d2g:source <http://example.org/diagram/diagram/node/4> ;
    d2g:target <http://example.org/diagram/diagram/node/5> ;
    d2g:relationshipType d2g:Follows .

<http://example.org/diagram/diagram/edge/56> a d2g:Edge, d2g:Solid ;
    d2g:source <http://example.org/diagram/diagram/node/5> ;
    d2g:target <http://example.org/diagram/diagram/node/6> ;
    d2g:relationshipType d2g:Follows .

<http://example.org/diagram/diagram/edge/67> a d2g:Edge, d2g:Solid ;
    d2g:source <http://example.org/diagram/diagram/node/6> ;
    d2g:target <http://example.org/diagram/diagram/node/7> ;
    d2g:relationshipType d2g:Follows .

<http://example.org/diagram/diagram/node/1> d2g:follows <http://example.org/diagram/diagram/node/2> .
<http://example.org/diagram/diagram/node/2> d2g:follows <http://example.org/diagram/diagram/node/3> .
<http://example.org/diagram/diagram/node/3> d2g:follows <http://example.org/diagram/diagram/node/4> .
<http://example.org/diagram/diagram/node/4> d2g:follows <http://example.org/diagram/diagram/node/5> .
<http://example.org/diagram/diagram/node/5> d2g:follows <http://example.org/diagram/diagram/node/6> .
<http://example.org/diagram/diagram/node/6> d2g:follows <http://example.org/diagram/diagram/node/7> .
",1.0,1.0
Extract RDF triples from this image (/kaggle/input/diagram2graph-dataset/diagram2graph/86.png),['/kaggle/input/diagram2graph-dataset/diagram2graph/86.png'],"@prefix d2g:  <http://example.org/diagram2graph#> .
@prefix rdfs: <http://www.w3.org/2000/01/rdf-schema#> .

<http://example.org/diagram/diagram/node/1> a d2g:Start, d2g:Node ;
    rdfs:label ""Begin"" ;
    d2g:shape d2g:StartEvent .

<http://example.org/diagram/diagram/node/2> a d2g:Process, d2g:Node ;
    rdfs:label ""statements"" ;
    d2g:shape d2g:Task .

<http://example.org/diagram/diagram/node/3> a d2g:Decision, d2g:Node ;
    rdfs:label ""condition"" ;
    d2g:shape d2g:Gateway .

<http://example.org/diagram/diagram/node/4> a d2g:Process, d2g:Node ;
    rdfs:label ""statements 1"" ;
    d2g:shape d2g:Task .

<http://example.org/diagram/diagram/node/5> a d2g:Process, d2g:Node ;
    rdfs:label ""statements 2"" ;
    d2g:shape d2g:Task .

<http://example.org/diagram/diagram/node/6> a d2g:Terminator, d2g:Node ;
    rdfs:label ""Stop"" ;
    d2g:shape d2g:EndEvent .

<http://example.org/diagram/diagram/edge/12> a d2g:Edge, d2g:Solid ;
    d2g:source <http://example.org/diagram/diagram/node/1> ;
    d2g:target <http://example.org/diagram/diagram/node/2> ;
    d2g:relationshipType d2g:Follows .

<http://example.org/diagram/diagram/edge/23> a d2g:Edge, d2g:Solid ;
    d2g:source <http://example.org/diagram/diagram/node/2> ;
    d2g:target <http://example.org/diagram/diagram/node/3> ;
    d2g:relationshipType d2g:Follows .

<http://example.org/diagram/diagram/edge/34> a d2g:Edge, d2g:Solid ;
    d2g:source <http://example.org/diagram/diagram/node/3> ;
    d2g:target <http://example.org/diagram/diagram/node/4> ;
    d2g:relationshipType d2g:Branches ;
    d2g:relationshipValue ""True"" .

<http://example.org/diagram/diagram/edge/35> a d2g:Edge, d2g:Solid ;
    d2g:source <http://example.org/diagram/diagram/node/3> ;
    d2g:target <http://example.org/diagram/diagram/node/5> ;
    d2g:relationshipType d2g:Branches ;
    d2g:relationshipValue ""Flalse"" .

<http://example.org/diagram/diagram/edge/43> a d2g:Edge, d2g:Solid ;
    d2g:source <http://example.org/diagram/diagram/node/4> ;
    d2g:target <http://example.org/diagram/diagram/node/3> ;
    d2g:relationshipType d2g:Follows .

<http://example.org/diagram/diagram/edge/56> a d2g:Edge, d2g:Solid ;
    d2g:source <http://example.org/diagram/diagram/node/5> ;
    d2g:target <http://example.org/diagram/diagram/node/6> ;
    d2g:relationshipType d2g:Follows .

<http://example.org/diagram/diagram/node/1> d2g:follows <http://example.org/diagram/diagram/node/2> .
<http://example.org/diagram/diagram/node/2> d2g:follows <http://example.org/diagram/diagram/node/3> .
<http://example.org/diagram/diagram/node/3> d2g:branches <http://example.org/diagram/diagram/node/4> .
<http://example.org/diagram/diagram/node/3> d2g:branches <http://example.org/diagram/diagram/node/5> .
<http://example.org/diagram/diagram/node/4> d2g:follows <http://example.org/diagram/diagram/node/3> .
<http://example.org/diagram/diagram/node/5> d2g:follows <http://example.org/diagram/diagram/node/6> .
",1.0,1.0
Extract RDF triples from this image (/kaggle/input/diagram2graph-dataset/diagram2graph/87.png),['/kaggle/input/diagram2graph-dataset/diagram2graph/87.png'],"@prefix d2g:  <http://example.org/diagram2graph#> .
@prefix rdfs: <http://www.w3.org/2000/01/rdf-schema#> .

<http://example.org/diagram/diagram/node/1> a d2g:Start, d2g:Node ;
    rdfs:label ""Begin"" ;
    d2g:shape d2g:StartEvent .

<http://example.org/diagram/diagram/node/2> a d2g:Process, d2g:Node ;
    rdfs:label ""Edit video"" ;
    d2g:shape d2g:Task .

<http://example.org/diagram/diagram/node/3> a d2g:Decision, d2g:Node ;
    rdfs:label ""Smaller than 2GB?"" ;
    d2g:shape d2g:Gateway .

<http://example.org/diagram/diagram/node/4> a d2g:Process, d2g:Node ;
    rdfs:label ""Click to upload"" ;
    d2g:shape d2g:Task .

<http://example.org/diagram/diagram/node/5> a d2g:Decision, d2g:Node ;
    rdfs:label ""Have an account already?"" ;
    d2g:shape d2g:Gateway .

<http://example.org/diagram/diagram/node/6> a d2g:Process, d2g:Node ;
    rdfs:label ""Register"" ;
    d2g:shape d2g:Task .

<http://example.org/diagram/diagram/node/7> a d2g:Process, d2g:Node ;
    rdfs:label ""Login"" ;
    d2g:shape d2g:Task .

<http://example.org/diagram/diagram/node/8> a d2g:Process, d2g:Node ;
    rdfs:label ""Find on computer"" ;
    d2g:shape d2g:Task .

<http://example.org/diagram/diagram/node/9> a d2g:Process, d2g:Node ;
    rdfs:label ""Add description and tags"" ;
    d2g:shape d2g:Task .

<http://example.org/diagram/diagram/node/10> a d2g:Terminator, d2g:Node ;
    rdfs:label ""Stop"" ;
    d2g:shape d2g:EndEvent .

<http://example.org/diagram/diagram/edge/12> a d2g:Edge, d2g:Solid ;
    d2g:source <http://example.org/diagram/diagram/node/1> ;
    d2g:target <http://example.org/diagram/diagram/node/2> ;
    d2g:relationshipType d2g:Follows .

<http://example.org/diagram/diagram/edge/23> a d2g:Edge, d2g:Solid ;
    d2g:source <http://example.org/diagram/diagram/node/2> ;
    d2g:target <http://example.org/diagram/diagram/node/3> ;
    d2g:relationshipType d2g:Follows .

<http://example.org/diagram/diagram/edge/34> a d2g:Edge, d2g:Solid ;
    d2g:source <http://example.org/diagram/diagram/node/3> ;
    d2g:target <http://example.org/diagram/diagram/node/4> ;
    d2g:relationshipType d2g:Branches ;
    d2g:relationshipValue ""YES"" .

<http://example.org/diagram/diagram/edge/32> a d2g:Edge, d2g:Solid ;
    d2g:source <http://example.org/diagram/diagram/node/3> ;
    d2g:target <http://example.org/diagram/diagram/node/2> ;
    d2g:relationshipType d2g:Branches ;
    d2g:relationshipValue ""NO"" .

<http://example.org/diagram/diagram/edge/45> a d2g:Edge, d2g:Solid ;
    d2g:source <http://example.org/diagram/diagram/node/4> ;
    d2g:target <http://example.org/diagram/diagram/node/5> ;
    d2g:relationshipType d2g:Follows .

<http://example.org/diagram/diagram/edge/57> a d2g:Edge, d2g:Solid ;
    d2g:source <http://example.org/diagram/diagram/node/5> ;
    d2g:target <http://example.org/diagram/diagram/node/7> ;
    d2g:relationshipType d2g:Branches ;
    d2g:relationshipValue ""YES"" .

<http://example.org/diagram/diagram/edge/56> a d2g:Edge, d2g:Solid ;
    d2g:source <http://example.org/diagram/diagram/node/5> ;
    d2g:target <http://example.org/diagram/diagram/node/6> ;
    d2g:relationshipType d2g:Branches ;
    d2g:relationshipValue ""NO"" .

<http://example.org/diagram/diagram/edge/67> a d2g:Edge, d2g:Solid ;
    d2g:source <http://example.org/diagram/diagram/node/6> ;
    d2g:target <http://example.org/diagram/diagram/node/7> ;
    d2g:relationshipType d2g:Follows .

<http://example.org/diagram/diagram/edge/78> a d2g:Edge, d2g:Solid ;
    d2g:source <http://example.org/diagram/diagram/node/7> ;
    d2g:target <http://example.org/diagram/diagram/node/8> ;
    d2g:relationshipType d2g:Follows .

<http://example.org/diagram/diagram/edge/89> a d2g:Edge, d2g:Solid ;
    d2g:source <http://example.org/diagram/diagram/node/8> ;
    d2g:target <http://example.org/diagram/diagram/node/9> ;
    d2g:relationshipType d2g:Follows .

<http://example.org/diagram/diagram/edge/910> a d2g:Edge, d2g:Solid ;
    d2g:source <http://example.org/diagram/diagram/node/9> ;
    d2g:target <http://example.org/diagram/diagram/node/10> ;
    d2g:relationshipType d2g:Follows .

<http://example.org/diagram/diagram/node/1> d2g:follows <http://example.org/diagram/diagram/node/2> .
<http://example.org/diagram/diagram/node/2> d2g:follows <http://example.org/diagram/diagram/node/3> .
<http://example.org/diagram/diagram/node/3> d2g:branches <http://example.org/diagram/diagram/node/4> .
<http://example.org/diagram/diagram/node/3> d2g:branches <http://example.org/diagram/diagram/node/2> .
<http://example.org/diagram/diagram/node/4> d2g:follows <http://example.org/diagram/diagram/node/5> .
<http://example.org/diagram/diagram/node/5> d2g:branches <http://example.org/diagram/diagram/node/7> .
<http://example.org/diagram/diagram/node/5> d2g:branches <http://example.org/diagram/diagram/node/6> .
<http://example.org/diagram/diagram/node/6> d2g:follows <http://example.org/diagram/diagram/node/7> .
<http://example.org/diagram/diagram/node/7> d2g:follows <http://example.org/diagram/diagram/node/8> .
<http://example.org/diagram/diagram/node/8> d2g:follows <http://example.org/diagram/diagram/node/9> .
<http://example.org/diagram/diagram/node/9> d2g:follows <http://example.org/diagram/diagram/node/10> .
",1.0,1.0
Extract RDF triples from this image (/kaggle/input/diagram2graph-dataset/diagram2graph/888.png),['/kaggle/input/diagram2graph-dataset/diagram2graph/888.png'],"@prefix d2g:  <http://example.org/diagram2graph#> .
@prefix rdfs: <http://www.w3.org/2000/01/rdf-schema#> .

<http://example.org/diagram/diagram/node/1> a d2g:Process, d2g:Node ;
    rdfs:label ""Raw Materials"" ;
    d2g:shape d2g:Task .

<http://example.org/diagram/diagram/node/2> a d2g:Process, d2g:Node ;
    rdfs:label ""Melting"" ;
    d2g:shape d2g:Task .

<http://example.org/diagram/diagram/node/3> a d2g:Process, d2g:Node ;
    rdfs:label ""Forming"" ;
    d2g:shape d2g:Task .

<http://example.org/diagram/diagram/node/4> a d2g:Process, d2g:Node ;
    rdfs:label ""Sampling"" ;
    d2g:shape d2g:Task .

<http://example.org/diagram/diagram/node/5> a d2g:Process, d2g:Node ;
    rdfs:label ""Inspection and Testing"" ;
    d2g:shape d2g:Task .

<http://example.org/diagram/diagram/node/6> a d2g:Process, d2g:Node ;
    rdfs:label ""Secondary Processing"" ;
    d2g:shape d2g:Task .

<http://example.org/diagram/diagram/node/7> a d2g:Process, d2g:Node ;
    rdfs:label ""Warehousing"" ;
    d2g:shape d2g:Task .

<http://example.org/diagram/diagram/edge/12> a d2g:Edge, d2g:Solid ;
    d2g:source <http://example.org/diagram/diagram/node/1> ;
    d2g:target <http://example.org/diagram/diagram/node/2> ;
    d2g:relationshipType d2g:Follows .

<http://example.org/diagram/diagram/edge/23> a d2g:Edge, d2g:Solid ;
    d2g:source <http://example.org/diagram/diagram/node/2> ;
    d2g:target <http://example.org/diagram/diagram/node/3> ;
    d2g:relationshipType d2g:Follows .

<http://example.org/diagram/diagram/edge/34> a d2g:Edge, d2g:Solid ;
    d2g:source <http://example.org/diagram/diagram/node/3> ;
    d2g:target <http://example.org/diagram/diagram/node/4> ;
    d2g:relationshipType d2g:Follows .

<http://example.org/diagram/diagram/edge/45> a d2g:Edge, d2g:Solid ;
    d2g:source <http://example.org/diagram/diagram/node/4> ;
    d2g:target <http://example.org/diagram/diagram/node/5> ;
    d2g:relationshipType d2g:Follows .

<http://example.org/diagram/diagram/edge/56> a d2g:Edge, d2g:Solid ;
    d2g:source <http://example.org/diagram/diagram/node/5> ;
    d2g:target <http://example.org/diagram/diagram/node/6> ;
    d2g:relationshipType d2g:Follows .

<http://example.org/diagram/diagram/edge/67> a d2g:Edge, d2g:Solid ;
    d2g:source <http://example.org/diagram/diagram/node/6> ;
    d2g:target <http://example.org/diagram/diagram/node/7> ;
    d2g:relationshipType d2g:Follows .

<http://example.org/diagram/diagram/node/1> d2g:follows <http://example.org/diagram/diagram/node/2> .
<http://example.org/diagram/diagram/node/2> d2g:follows <http://example.org/diagram/diagram/node/3> .
<http://example.org/diagram/diagram/node/3> d2g:follows <http://example.org/diagram/diagram/node/4> .
<http://example.org/diagram/diagram/node/4> d2g:follows <http://example.org/diagram/diagram/node/5> .
<http://example.org/diagram/diagram/node/5> d2g:follows <http://example.org/diagram/diagram/node/6> .
<http://example.org/diagram/diagram/node/6> d2g:follows <http://example.org/diagram/diagram/node/7> .
",1.0,1.0
Extract RDF triples from this image (/kaggle/input/diagram2graph-dataset/diagram2graph/891.png),['/kaggle/input/diagram2graph-dataset/diagram2graph/891.png'],"@prefix d2g: <http://example.org/diagram2graph#> .
@prefix rdfs: <http://www.w3.org/2000/01/rdf-schema#> .

<http://example.org/diagram/diagram/node/1> a d2g:Start, d2g:Node ;
    rdfs:label ""New Budget"" ;
    d2g:shape d2g:StartEvent .

<http://example.org/diagram/diagram/node/2> a d2g:Process, d2g:Node ;
    rdfs:label ""Make an edit"" ;
    d2g:shape d2g:Task .

<http://example.org/diagram/diagram/node/3> a d2g:Process, d2g:Node ;
    rdfs:label ""Discuss"" ;
    d2g:shape d2g:Task .

<http://example.org/diagram/diagram/node/4> a d2g:Decision, d2g:Node ;
    rdfs:label ""Was the article edited further?"" ;
    d2g:shape d2g:Gateway .

<http://example.org/diagram/diagram/node/5> a d2g:Decision, d2g:Node ;
    rdfs:label ""Do you agree with the change?"" ;
    d2g:shape d2g:Gateway .

<http://example.org/diagram/diagram/node/6> a d2g:Terminator, d2g:Node ;
    rdfs:label ""Implement Budget"" ;
    d2g:shape d2g:EndEvent .

<http://example.org/diagram/diagram/edge/12> a d2g:Edge, d2g:Solid ;
    d2g:source <http://example.org/diagram/diagram/node/1> ;
    d2g:target <http://example.org/diagram/diagram/node/2> ;
    d2g:relationshipType d2g:Follows .

<http://example.org/diagram/diagram/edge/24> a d2g:Edge, d2g:Solid ;
    d2g:source <http://example.org/diagram/diagram/node/2> ;
    d2g:target <http://example.org/diagram/diagram/node/4> ;
    d2g:relationshipType d2g:Follows ;
    d2g:relationshipValue ""Wait"" .

<http://example.org/diagram/diagram/edge/32> a d2g:Edge, d2g:Solid ;
    d2g:source <http://example.org/diagram/diagram/node/3> ;
    d2g:target <http://example.org/diagram/diagram/node/2> ;
    d2g:relationshipType d2g:Follows ;
    d2g:relationshipValue ""Implement"" .

<http://example.org/diagram/diagram/edge/45> a d2g:Edge, d2g:Solid ;
    d2g:source <http://example.org/diagram/diagram/node/4> ;
    d2g:target <http://example.org/diagram/diagram/node/5> ;
    d2g:relationshipType d2g:Branches ;
    d2g:relationshipValue ""Yes"" .

<http://example.org/diagram/diagram/edge/46> a d2g:Edge, d2g:Solid ;
    d2g:source <http://example.org/diagram/diagram/node/4> ;
    d2g:target <http://example.org/diagram/diagram/node/6> ;
    d2g:relationshipType d2g:Branches ;
    d2g:relationshipValue ""No"" .

<http://example.org/diagram/diagram/edge/53> a d2g:Edge, d2g:Solid ;
    d2g:source <http://example.org/diagram/diagram/node/5> ;
    d2g:target <http://example.org/diagram/diagram/node/3> ;
    d2g:relationshipType d2g:Branches ;
    d2g:relationshipValue ""Disagree"" .

<http://example.org/diagram/diagram/edge/56> a d2g:Edge, d2g:Solid ;
    d2g:source <http://example.org/diagram/diagram/node/5> ;
    d2g:target <http://example.org/diagram/diagram/node/6> ;
    d2g:relationshipType d2g:Branches ;
    d2g:relationshipValue ""Agree"" .

<http://example.org/diagram/diagram/node/1> d2g:follows <http://example.org/diagram/diagram/node/2> .
<http://example.org/diagram/diagram/node/2> d2g:follows <http://example.org/diagram/diagram/node/4> .
<http://example.org/diagram/diagram/node/3> d2g:follows <http://example.org/diagram/diagram/node/2> .
<http://example.org/diagram/diagram/node/4> d2g:branches <http://example.org/diagram/diagram/node/5> .
<http://example.org/diagram/diagram/node/4> d2g:branches <http://example.org/diagram/diagram/node/6> .
<http://example.org/diagram/diagram/node/5> d2g:branches <http://example.org/diagram/diagram/node/3> .
<http://example.org/diagram/diagram/node/5> d2g:branches <http://example.org/diagram/diagram/node/6> .
",0.0,1.0
Extract RDF triples from this image (/kaggle/input/diagram2graph-dataset/diagram2graph/9.png),['/kaggle/input/diagram2graph-dataset/diagram2graph/9.png'],"@prefix d2g:  <http://example.org/diagram2graph#> .
@prefix rdfs: <http://www.w3.org/2000/01/rdf-schema#> .

<http://example.org/diagram/diagram/node/1> a d2g:Start, d2g:Node ;
    rdfs:label ""Begin"" ;
    d2g:shape d2g:StartEvent .

<http://example.org/diagram/diagram/node/2> a d2g:Decision, d2g:Node ;
    rdfs:label ""Decision"" ;
    d2g:shape d2g:Gateway .

<http://example.org/diagram/diagram/node/3> a d2g:Process, d2g:Node ;
    rdfs:label ""Step 3"" ;
    d2g:shape d2g:Task .

<http://example.org/diagram/diagram/node/4> a d2g:Process, d2g:Node ;
    rdfs:label ""Step 2"" ;
    d2g:shape d2g:Task .

<http://example.org/diagram/diagram/node/5> a d2g:Process, d2g:Node ;
    rdfs:label ""Step 1"" ;
    d2g:shape d2g:Task .

<http://example.org/diagram/diagram/node/6> a d2g:Terminator, d2g:Node ;
    rdfs:label ""Stop"" ;
    d2g:shape d2g:EndEvent .

<http://example.org/diagram/diagram/edge/12> a d2g:Edge, d2g:Solid ;
    d2g:source <http://example.org/diagram/diagram/node/1> ;
    d2g:target <http://example.org/diagram/diagram/node/2> ;
    d2g:relationshipType d2g:Follows .

<http://example.org/diagram/diagram/edge/25> a d2g:Edge, d2g:Solid ;
    d2g:source <http://example.org/diagram/diagram/node/2> ;
    d2g:target <http://example.org/diagram/diagram/node/5> ;
    d2g:relationshipType d2g:Branches ;
    d2g:relationshipValue ""Yes"" .

<http://example.org/diagram/diagram/edge/24> a d2g:Edge, d2g:Solid ;
    d2g:source <http://example.org/diagram/diagram/node/2> ;
    d2g:target <http://example.org/diagram/diagram/node/4> ;
    d2g:relationshipType d2g:Branches ;
    d2g:relationshipValue ""No"" .

<http://example.org/diagram/diagram/edge/56> a d2g:Edge, d2g:Solid ;
    d2g:source <http://example.org/diagram/diagram/node/5> ;
    d2g:target <http://example.org/diagram/diagram/node/6> ;
    d2g:relationshipType d2g:Follows .

<http://example.org/diagram/diagram/edge/43> a d2g:Edge, d2g:Solid ;
    d2g:source <http://example.org/diagram/diagram/node/4> ;
    d2g:target <http://example.org/diagram/diagram/node/3> ;
    d2g:relationshipType d2g:Follows .

<http://example.org/diagram/diagram/edge/36> a d2g:Edge, d2g:Solid ;
    d2g:source <http://example.org/diagram/diagram/node/3> ;
    d2g:target <http://example.org/diagram/diagram/node/6> ;
    d2g:relationshipType d2g:Follows .

<http://example.org/diagram/diagram/node/1> d2g:follows <http://example.org/diagram/diagram/node/2> .
<http://example.org/diagram/diagram/node/2> d2g:branches <http://example.org/diagram/diagram/node/5> .
<http://example.org/diagram/diagram/node/2> d2g:branches <http://example.org/diagram/diagram/node/4> .
<http://example.org/diagram/diagram/node/5> d2g:follows <http://example.org/diagram/diagram/node/6> .
<http://example.org/diagram/diagram/node/4> d2g:follows <http://example.org/diagram/diagram/node/3> .
<http://example.org/diagram/diagram/node/3> d2g:follows <http://example.org/diagram/diagram/node/6> .
",1.0,1.0
Extract RDF triples from this image (/kaggle/input/diagram2graph-dataset/diagram2graph/90.png),['/kaggle/input/diagram2graph-dataset/diagram2graph/90.png'],"@prefix d2g: <http://example.org/diagram2graph#> .
@prefix rdfs: <http://www.w3.org/2000/01/rdf-schema#> .

<http://example.org/diagram/diagram/node/1> a d2g:Start, d2g:Node ;
    rdfs:label ""Start"" ;
    d2g:shape d2g:StartEvent .

<http://example.org/diagram/diagram/node/2> a d2g:Process, d2g:Node ;
    rdfs:label ""Define Optimization Problem"" ;
    d2g:shape d2g:Task .

<http://example.org/diagram/diagram/node/3> a d2g:Process, d2g:Node ;
    rdfs:label ""calculate matrix"" ;
    d2g:shape d2g:Task .

<http://example.org/diagram/diagram/node/4> a d2g:Process, d2g:Node ;
    rdfs:label ""Obtain result"" ;
    d2g:shape d2g:Task .

<http://example.org/diagram/diagram/node/5> a d2g:Process, d2g:Node ;
    rdfs:label ""Perform Data Mining Algorithms"" ;
    d2g:shape d2g:Task .

<http://example.org/diagram/diagram/node/6> a d2g:Process, d2g:Node ;
    rdfs:label ""Evaluate"" ;
    d2g:shape d2g:Task .

<http://example.org/diagram/diagram/node/7> a d2g:Decision, d2g:Node ;
    rdfs:label ""Meet Design Requirements?"" ;
    d2g:shape d2g:Gateway .

<http://example.org/diagram/diagram/node/8> a d2g:Process, d2g:Node ;
    rdfs:label ""Modify Mining Rules"" ;
    d2g:shape d2g:Task .

<http://example.org/diagram/diagram/node/9> a d2g:Terminator, d2g:Node ;
    rdfs:label ""Stop"" ;
    d2g:shape d2g:EndEvent .

<http://example.org/diagram/diagram/edge/12> a d2g:Edge, d2g:Solid ;
    d2g:source <http://example.org/diagram/diagram/node/1> ;
    d2g:target <http://example.org/diagram/diagram/node/2> ;
    d2g:relationshipType d2g:Follows .

<http://example.org/diagram/diagram/edge/23> a d2g:Edge, d2g:Solid ;
    d2g:source <http://example.org/diagram/diagram/node/2> ;
    d2g:target <http://example.org/diagram/diagram/node/3> ;
    d2g:relationshipType d2g:Follows .

<http://example.org/diagram/diagram/edge/34> a d2g:Edge, d2g:Solid ;
    d2g:source <http://example.org/diagram/diagram/node/3> ;
    d2g:target <http://example.org/diagram/diagram/node/4> ;
    d2g:relationshipType d2g:Follows .

<http://example.org/diagram/diagram/edge/45> a d2g:Edge, d2g:Solid ;
    d2g:source <http://example.org/diagram/diagram/node/4> ;
    d2g:target <http://example.org/diagram/diagram/node/5> ;
    d2g:relationshipType d2g:Follows .

<http://example.org/diagram/diagram/edge/56> a d2g:Edge, d2g:Solid ;
    d2g:source <http://example.org/diagram/diagram/node/5> ;
    d2g:target <http://example.org/diagram/diagram/node/6> ;
    d2g:relationshipType d2g:Follows .

<http://example.org/diagram/diagram/edge/67> a d2g:Edge, d2g:Solid ;
    d2g:source <http://example.org/diagram/diagram/node/6> ;
    d2g:target <http://example.org/diagram/diagram/node/7> ;
    d2g:relationshipType d2g:Follows .

<http://example.org/diagram/diagram/edge/79> a d2g:Edge, d2g:Solid ;
    d2g:source <http://example.org/diagram/diagram/node/7> ;
    d2g:target <http://example.org/diagram/diagram/node/9> ;
    d2g:relationshipType d2g:Branches ;
    d2g:relationshipValue ""Yes"" .

<http://example.org/diagram/diagram/edge/78> a d2g:Edge, d2g:Solid ;
    d2g:source <http://example.org/diagram/diagram/node/7> ;
    d2g:target <http://example.org/diagram/diagram/node/8> ;
    d2g:relationshipType d2g:Branches ;
    d2g:relationshipValue ""No"" .

<http://example.org/diagram/diagram/edge/85> a d2g:Edge, d2g:Solid ;
    d2g:source <http://example.org/diagram/diagram/node/8> ;
    d2g:target <http://example.org/diagram/diagram/node/5> ;
    d2g:relationshipType d2g:Follows .

<http://example.org/diagram/diagram/node/1> d2g:follows <http://example.org/diagram/diagram/node/2> .
<http://example.org/diagram/diagram/node/2> d2g:follows <http://example.org/diagram/diagram/node/3> .
<http://example.org/diagram/diagram/node/3> d2g:follows <http://example.org/diagram/diagram/node/4> .
<http://example.org/diagram/diagram/node/4> d2g:follows <http://example.org/diagram/diagram/node/5> .
<http://example.org/diagram/diagram/node/5> d2g:follows <http://example.org/diagram/diagram/node/6> .
<http://example.org/diagram/diagram/node/6> d2g:follows <http://example.org/diagram/diagram/node/7> .
<http://example.org/diagram/diagram/node/7> d2g:branches <http://example.org/diagram/diagram/node/9> .
<http://example.org/diagram/diagram/node/7> d2g:branches <http://example.org/diagram/diagram/node/8> .
<http://example.org/diagram/diagram/node/8> d2g:follows <http://example.org/diagram/diagram/node/5> .
",0.0,1.0
Extract RDF triples from this image (/kaggle/input/diagram2graph-dataset/diagram2graph/900.png),['/kaggle/input/diagram2graph-dataset/diagram2graph/900.png'],"@prefix d2g:  <http://example.org/diagram2graph#> .
@prefix rdfs: <http://www.w3.org/2000/01/rdf-schema#> .

<http://example.org/diagram/diagram/node/1> a d2g:Start, d2g:Node ;
    rdfs:label ""Start"" ;
    d2g:shape d2g:StartEvent .

<http://example.org/diagram/diagram/node/2> a d2g:Process, d2g:Node ;
    rdfs:label ""Process"" ;
    d2g:shape d2g:Task .

<http://example.org/diagram/diagram/node/3> a d2g:Decision, d2g:Node ;
    rdfs:label ""Decision"" ;
    d2g:shape d2g:Gateway .

<http://example.org/diagram/diagram/node/4> a d2g:Process, d2g:Node ;
    rdfs:label ""Enjoy"" ;
    d2g:shape d2g:Task .

<http://example.org/diagram/diagram/node/5> a d2g:Process, d2g:Node ;
    rdfs:label ""Data"" ;
    d2g:shape d2g:Task .

<http://example.org/diagram/diagram/node/6> a d2g:Process, d2g:Node ;
    rdfs:label ""Enjoy"" ;
    d2g:shape d2g:Task .

<http://example.org/diagram/diagram/node/7> a d2g:Terminator, d2g:Node ;
    rdfs:label ""End"" ;
    d2g:shape d2g:EndEvent .

<http://example.org/diagram/diagram/edge/12> a d2g:Edge, d2g:Solid ;
    d2g:source <http://example.org/diagram/diagram/node/1> ;
    d2g:target <http://example.org/diagram/diagram/node/2> ;
    d2g:relationshipType d2g:Follows .

<http://example.org/diagram/diagram/edge/23> a d2g:Edge, d2g:Solid ;
    d2g:source <http://example.org/diagram/diagram/node/2> ;
    d2g:target <http://example.org/diagram/diagram/node/3> ;
    d2g:relationshipType d2g:Follows .

<http://example.org/diagram/diagram/edge/34> a d2g:Edge, d2g:Solid ;
    d2g:source <http://example.org/diagram/diagram/node/3> ;
    d2g:target <http://example.org/diagram/diagram/node/4> ;
    d2g:relationshipType d2g:Branches ;
    d2g:relationshipValue ""No"" .

<http://example.org/diagram/diagram/edge/35> a d2g:Edge, d2g:Solid ;
    d2g:source <http://example.org/diagram/diagram/node/3> ;
    d2g:target <http://example.org/diagram/diagram/node/5> ;
    d2g:relationshipType d2g:Branches ;
    d2g:relationshipValue ""Yes"" .

<http://example.org/diagram/diagram/edge/56> a d2g:Edge, d2g:Solid ;
    d2g:source <http://example.org/diagram/diagram/node/5> ;
    d2g:target <http://example.org/diagram/diagram/node/6> ;
    d2g:relationshipType d2g:Follows .

<http://example.org/diagram/diagram/edge/67> a d2g:Edge, d2g:Solid ;
    d2g:source <http://example.org/diagram/diagram/node/6> ;
    d2g:target <http://example.org/diagram/diagram/node/7> ;
    d2g:relationshipType d2g:Follows .

<http://example.org/diagram/diagram/node/1> d2g:follows <http://example.org/diagram/diagram/node/2> .
<http://example.org/diagram/diagram/node/2> d2g:follows <http://example.org/diagram/diagram/node/3> .
<http://example.org/diagram/diagram/node/3> d2g:branches <http://example.org/diagram/diagram/node/4> .
<http://example.org/diagram/diagram/node/3> d2g:branches <http://example.org/diagram/diagram/node/5> .
<http://example.org/diagram/diagram/node/5> d2g:follows <http://example.org/diagram/diagram/node/6> .
<http://example.org/diagram/diagram/node/6> d2g:follows <http://example.org/diagram/diagram/node/7> .
",1.0,1.0
Extract RDF triples from this image (/kaggle/input/diagram2graph-dataset/diagram2graph/902.png),['/kaggle/input/diagram2graph-dataset/diagram2graph/902.png'],"@prefix d2g: <http://example.org/diagram2graph#> .
@prefix rdfs: <http://www.w3.org/2000/01/rdf-schema#> .

<http://example.org/diagram/diagram/node/1> a d2g:Start, d2g:Node ;
    rdfs:label ""start"" ;
    d2g:shape d2g:StartEvent .

<http://example.org/diagram/diagram/node/2> a d2g:Decision, d2g:Node ;
    rdfs:label ""have you ever draw big flowchart"" ;
    d2g:shape d2g:Gateway .

<http://example.org/diagram/diagram/node/3> a d2g:Process, d2g:Node ;
    rdfs:label ""it's just boxes How hard can it be?"" ;
    d2g:shape d2g:Task .

<http://example.org/diagram/diagram/node/4> a d2g:Process, d2g:Node ;
    rdfs:label ""Awesome"" ;
    d2g:shape d2g:Task .

<http://example.org/diagram/diagram/node/5> a d2g:Process, d2g:Node ;
    rdfs:label ""easy"" ;
    d2g:shape d2g:Task .

<http://example.org/diagram/diagram/node/6> a d2g:Process, d2g:Node ;
    rdfs:label ""Draw"" ;
    d2g:shape d2g:Task .

<http://example.org/diagram/diagram/node/7> a d2g:Process, d2g:Node ;
    rdfs:label ""Langchain is the best frameworki"" ;
    d2g:shape d2g:Task .

<http://example.org/diagram/diagram/node/8> a d2g:Process, d2g:Node ;
    rdfs:label ""Okay"" ;
    d2g:shape d2g:Task .

<http://example.org/diagram/diagram/node/9> a d2g:Terminator, d2g:Node ;
    rdfs:label ""End"" ;
    d2g:shape d2g:EndEvent .

<http://example.org/diagram/diagram/edge/12> a d2g:Edge, d2g:Solid ;
    d2g:source <http://example.org/diagram/diagram/node/1> ;
    d2g:target <http://example.org/diagram/diagram/node/2> ;
    d2g:relationshipType d2g:Follows .

<http://example.org/diagram/diagram/edge/23> a d2g:Edge, d2g:Solid ;
    d2g:source <http://example.org/diagram/diagram/node/2> ;
    d2g:target <http://example.org/diagram/diagram/node/3> ;
    d2g:relationshipType d2g:Branches ;
    d2g:relationshipValue ""Yes"" .

<http://example.org/diagram/diagram/edge/24> a d2g:Edge, d2g:Solid ;
    d2g:source <http://example.org/diagram/diagram/node/2> ;
    d2g:target <http://example.org/diagram/diagram/node/4> ;
    d2g:relationshipType d2g:Branches ;
    d2g:relationshipValue ""No"" .

<http://example.org/diagram/diagram/edge/35> a d2g:Edge, d2g:Solid ;
    d2g:source <http://example.org/diagram/diagram/node/3> ;
    d2g:target <http://example.org/diagram/diagram/node/5> ;
    d2g:relationshipType d2g:Follows .

<http://example.org/diagram/diagram/edge/46> a d2g:Edge, d2g:Solid ;
    d2g:source <http://example.org/diagram/diagram/node/4> ;
    d2g:target <http://example.org/diagram/diagram/node/6> ;
    d2g:relationshipType d2g:Follows .

<http://example.org/diagram/diagram/edge/57> a d2g:Edge, d2g:Solid ;
    d2g:source <http://example.org/diagram/diagram/node/5> ;
    d2g:target <http://example.org/diagram/diagram/node/7> ;
    d2g:relationshipType d2g:Follows .

<http://example.org/diagram/diagram/edge/68> a d2g:Edge, d2g:Solid ;
    d2g:source <http://example.org/diagram/diagram/node/6> ;
    d2g:target <http://example.org/diagram/diagram/node/8> ;
    d2g:relationshipType d2g:Follows .

<http://example.org/diagram/diagram/edge/79> a d2g:Edge, d2g:Solid ;
    d2g:source <http://example.org/diagram/diagram/node/7> ;
    d2g:target <http://example.org/diagram/diagram/node/9> ;
    d2g:relationshipType d2g:Follows .

<http://example.org/diagram/diagram/edge/89> a d2g:Edge, d2g:Solid ;
    d2g:source <http://example.org/diagram/diagram/node/8> ;
    d2g:target <http://example.org/diagram/diagram/node/9> ;
    d2g:relationshipType d2g:Follows .

<http://example.org/diagram/diagram/node/1> d2g:follows <http://example.org/diagram/diagram/node/2> .
<http://example.org/diagram/diagram/node/2> d2g:branches <http://example.org/diagram/diagram/node/3> .
<http://example.org/diagram/diagram/node/2> d2g:branches <http://example.org/diagram/diagram/node/4> .
<http://example.org/diagram/diagram/node/3> d2g:follows <http://example.org/diagram/diagram/node/5> .
<http://example.org/diagram/diagram/node/4> d2g:follows <http://example.org/diagram/diagram/node/6> .
<http://example.org/diagram/diagram/node/5> d2g:follows <http://example.org/diagram/diagram/node/7> .
<http://example.org/diagram/diagram/node/6> d2g:follows <http://example.org/diagram/diagram/node/8> .
<http://example.org/diagram/diagram/node/7> d2g:follows <http://example.org/diagram/diagram/node/9> .
<http://example.org/diagram/diagram/node/8> d2g:follows <http://example.org/diagram/diagram/node/9> .
",0.0,1.0
Extract RDF triples from this image (/kaggle/input/diagram2graph-dataset/diagram2graph/904.png),['/kaggle/input/diagram2graph-dataset/diagram2graph/904.png'],"@prefix d2g: <http://example.org/diagram2graph#> .
@prefix rdfs: <http://www.w3.org/2000/01/rdf-schema#> .

<http://example.org/diagram/diagram/node/1> a d2g:Start, d2g:Node ;
    rdfs:label ""Start"" ;
    d2g:shape d2g:StartEvent .

<http://example.org/diagram/diagram/node/2> a d2g:Process, d2g:Node ;
    rdfs:label ""Process_1"" ;
    d2g:shape d2g:Task .

<http://example.org/diagram/diagram/node/3> a d2g:Process, d2g:Node ;
    rdfs:label ""Process_2"" ;
    d2g:shape d2g:Task .

<http://example.org/diagram/diagram/node/4> a d2g:Process, d2g:Node ;
    rdfs:label ""Process_3"" ;
    d2g:shape d2g:Task .

<http://example.org/diagram/diagram/node/5> a d2g:Process, d2g:Node ;
    rdfs:label ""Process_4"" ;
    d2g:shape d2g:Task .

<http://example.org/diagram/diagram/node/6> a d2g:Process, d2g:Node ;
    rdfs:label ""Process_5"" ;
    d2g:shape d2g:Task .

<http://example.org/diagram/diagram/node/7> a d2g:Terminator, d2g:Node ;
    rdfs:label ""End"" ;
    d2g:shape d2g:EndEvent .

<http://example.org/diagram/diagram/edge/12> a d2g:Edge, d2g:Solid ;
    d2g:source <http://example.org/diagram/diagram/node/1> ;
    d2g:target <http://example.org/diagram/diagram/node/2> ;
    d2g:relationshipType d2g:Follows .

<http://example.org/diagram/diagram/edge/23> a d2g:Edge, d2g:Solid ;
    d2g:source <http://example.org/diagram/diagram/node/2> ;
    d2g:target <http://example.org/diagram/diagram/node/3> ;
    d2g:relationshipType d2g:Follows .

<http://example.org/diagram/diagram/edge/34> a d2g:Edge, d2g:Solid ;
    d2g:source <http://example.org/diagram/diagram/node/3> ;
    d2g:target <http://example.org/diagram/diagram/node/4> ;
    d2g:relationshipType d2g:Follows .

<http://example.org/diagram/diagram/edge/45> a d2g:Edge, d2g:Solid ;
    d2g:source <http://example.org/diagram/diagram/node/4> ;
    d2g:target <http://example.org/diagram/diagram/node/5> ;
    d2g:relationshipType d2g:Follows .

<http://example.org/diagram/diagram/edge/56> a d2g:Edge, d2g:Solid ;
    d2g:source <http://example.org/diagram/diagram/node/5> ;
    d2g:target <http://example.org/diagram/diagram/node/6> ;
    d2g:relationshipType d2g:Follows .

<http://example.org/diagram/diagram/edge/67> a d2g:Edge, d2g:Solid ;
    d2g:source <http://example.org/diagram/diagram/node/6> ;
    d2g:target <http://example.org/diagram/diagram/node/7> ;
    d2g:relationshipType d2g:Follows .

<http://example.org/diagram/diagram/node/1> d2g:follows <http://example.org/diagram/diagram/node/2> .
<http://example.org/diagram/diagram/node/2> d2g:follows <http://example.org/diagram/diagram/node/3> .
<http://example.org/diagram/diagram/node/3> d2g:follows <http://example.org/diagram/diagram/node/4> .
<http://example.org/diagram/diagram/node/4> d2g:follows <http://example.org/diagram/diagram/node/5> .
<http://example.org/diagram/diagram/node/5> d2g:follows <http://example.org/diagram/diagram/node/6> .
<http://example.org/diagram/diagram/node/6> d2g:follows <http://example.org/diagram/diagram/node/7> .
",0.0,1.0
Extract RDF triples from this image (/kaggle/input/diagram2graph-dataset/diagram2graph/905.png),['/kaggle/input/diagram2graph-dataset/diagram2graph/905.png'],"@prefix d2g:  <http://example.org/diagram2graph#> .
@prefix rdfs: <http://www.w3.org/2000/01/rdf-schema#> .

<http://example.org/diagram/diagram/node/1> a d2g:Node, d2g:Start ;
    rdfs:label ""Start"" ;
    d2g:shape d2g:StartEvent .

<http://example.org/diagram/diagram/node/2> a d2g:Node, d2g:Process ;
    rdfs:label ""Identify Problem"" ;
    d2g:shape d2g:Task .

<http://example.org/diagram/diagram/node/3> a d2g:Node, d2g:Process ;
    rdfs:label ""work on it"" ;
    d2g:shape d2g:Task .

<http://example.org/diagram/diagram/node/4> a d2g:Node, d2g:Process ;
    rdfs:label ""Note them down in a diagram or table."" ;
    d2g:shape d2g:Task .

<http://example.org/diagram/diagram/node/5> a d2g:Node, d2g:Process ;
    rdfs:label ""Ask for assistant"" ;
    d2g:shape d2g:Task .

<http://example.org/diagram/diagram/node/6> a d2g:Node, d2g:Decision ;
    rdfs:label ""Need more help?"" ;
    d2g:shape d2g:Gateway .

<http://example.org/diagram/diagram/node/7> a d2g:Node, d2g:Process ;
    rdfs:label ""Find solutions to the root causes identified."" ;
    d2g:shape d2g:Task .

<http://example.org/diagram/diagram/node/8> a d2g:Node, d2g:Terminator ;
    rdfs:label ""End"" ;
    d2g:shape d2g:EndEvent .

<http://example.org/diagram/diagram/edge/12> a d2g:Edge, d2g:Solid ;
    d2g:source <http://example.org/diagram/diagram/node/1> ;
    d2g:target <http://example.org/diagram/diagram/node/2> ;
    d2g:relationshipType d2g:Follows .

<http://example.org/diagram/diagram/edge/23> a d2g:Edge, d2g:Solid ;
    d2g:source <http://example.org/diagram/diagram/node/2> ;
    d2g:target <http://example.org/diagram/diagram/node/3> ;
    d2g:relationshipType d2g:Follows .

<http://example.org/diagram/diagram/edge/34> a d2g:Edge, d2g:Solid ;
    d2g:source <http://example.org/diagram/diagram/node/3> ;
    d2g:target <http://example.org/diagram/diagram/node/4> ;
    d2g:relationshipType d2g:Follows .

<http://example.org/diagram/diagram/edge/45> a d2g:Edge, d2g:Solid ;
    d2g:source <http://example.org/diagram/diagram/node/4> ;
    d2g:target <http://example.org/diagram/diagram/node/5> ;
    d2g:relationshipType d2g:Follows .

<http://example.org/diagram/diagram/edge/56> a d2g:Edge, d2g:Solid ;
    d2g:source <http://example.org/diagram/diagram/node/5> ;
    d2g:target <http://example.org/diagram/diagram/node/6> ;
    d2g:relationshipType d2g:Follows .

<http://example.org/diagram/diagram/edge/67> a d2g:Edge, d2g:Solid ;
    d2g:source <http://example.org/diagram/diagram/node/6> ;
    d2g:target <http://example.org/diagram/diagram/node/7> ;
    d2g:relationshipType d2g:Branches ;
    d2g:relationshipValue ""Yes"" .

<http://example.org/diagram/diagram/edge/65> a d2g:Edge, d2g:Solid ;
    d2g:source <http://example.org/diagram/diagram/node/6> ;
    d2g:target <http://example.org/diagram/diagram/node/5> ;
    d2g:relationshipType d2g:Branches ;
    d2g:relationshipValue ""No"" .

<http://example.org/diagram/diagram/edge/78> a d2g:Edge, d2g:Solid ;
    d2g:source <http://example.org/diagram/diagram/node/7> ;
    d2g:target <http://example.org/diagram/diagram/node/8> ;
    d2g:relationshipType d2g:Follows .

<http://example.org/diagram/diagram/node/1> d2g:follows <http://example.org/diagram/diagram/node/2> .
<http://example.org/diagram/diagram/node/2> d2g:follows <http://example.org/diagram/diagram/node/3> .
<http://example.org/diagram/diagram/node/3> d2g:follows <http://example.org/diagram/diagram/node/4> .
<http://example.org/diagram/diagram/node/4> d2g:follows <http://example.org/diagram/diagram/node/5> .
<http://example.org/diagram/diagram/node/5> d2g:follows <http://example.org/diagram/diagram/node/6> .
<http://example.org/diagram/diagram/node/6> d2g:branches <http://example.org/diagram/diagram/node/7> .
<http://example.org/diagram/diagram/node/6> d2g:branches <http://example.org/diagram/diagram/node/5> .
<http://example.org/diagram/diagram/node/7> d2g:follows <http://example.org/diagram/diagram/node/8> .
",1.0,1.0
Extract RDF triples from this image (/kaggle/input/diagram2graph-dataset/diagram2graph/907.png),['/kaggle/input/diagram2graph-dataset/diagram2graph/907.png'],"@prefix d2g: <http://example.org/diagram2graph#> .
@prefix rdfs: <http://www.w3.org/2000/01/rdf-schema#> .

<http://example.org/diagram/diagram/node/1> a d2g:Node, d2g:Start ;
    rdfs:label ""Start"" ;
    d2g:shape d2g:StartEvent .

<http://example.org/diagram/diagram/node/2> a d2g:Node, d2g:Process ;
    rdfs:label ""Order 1"" ;
    d2g:shape d2g:Task .

<http://example.org/diagram/diagram/node/3> a d2g:Node, d2g:Process ;
    rdfs:label ""Data"" ;
    d2g:shape d2g:Task .

<http://example.org/diagram/diagram/node/4> a d2g:Node, d2g:Decision ;
    rdfs:label ""Accept?"" ;
    d2g:shape d2g:Gateway .

<http://example.org/diagram/diagram/node/5> a d2g:Node, d2g:Process ;
    rdfs:label ""Document"" ;
    d2g:shape d2g:Task .

<http://example.org/diagram/diagram/node/6> a d2g:Node, d2g:Process ;
    rdfs:label ""Work"" ;
    d2g:shape d2g:Task .

<http://example.org/diagram/diagram/node/7> a d2g:Node, d2g:Process ;
    rdfs:label ""Home"" ;
    d2g:shape d2g:Task .

<http://example.org/diagram/diagram/node/8> a d2g:Node, d2g:Terminator ;
    rdfs:label ""End"" ;
    d2g:shape d2g:EndEvent .

<http://example.org/diagram/diagram/edge/12> a d2g:Edge, d2g:Solid ;
    d2g:source <http://example.org/diagram/diagram/node/1> ;
    d2g:target <http://example.org/diagram/diagram/node/2> ;
    d2g:relationshipType d2g:Follows .

<http://example.org/diagram/diagram/edge/23> a d2g:Edge, d2g:Solid ;
    d2g:source <http://example.org/diagram/diagram/node/2> ;
    d2g:target <http://example.org/diagram/diagram/node/3> ;
    d2g:relationshipType d2g:Follows .

<http://example.org/diagram/diagram/edge/24> a d2g:Edge, d2g:Solid ;
    d2g:source <http://example.org/diagram/diagram/node/2> ;
    d2g:target <http://example.org/diagram/diagram/node/4> ;
    d2g:relationshipType d2g:Follows .

<http://example.org/diagram/diagram/edge/35> a d2g:Edge, d2g:Solid ;
    d2g:source <http://example.org/diagram/diagram/node/3> ;
    d2g:target <http://example.org/diagram/diagram/node/5> ;
    d2g:relationshipType d2g:Follows .

<http://example.org/diagram/diagram/edge/54> a d2g:Edge, d2g:Solid ;
    d2g:source <http://example.org/diagram/diagram/node/5> ;
    d2g:target <http://example.org/diagram/diagram/node/4> ;
    d2g:relationshipType d2g:Follows .

<http://example.org/diagram/diagram/edge/46> a d2g:Edge, d2g:Solid ;
    d2g:source <http://example.org/diagram/diagram/node/4> ;
    d2g:target <http://example.org/diagram/diagram/node/6> ;
    d2g:relationshipType d2g:Branches ;
    d2g:relationshipValue ""Yes"" .

<http://example.org/diagram/diagram/edge/67> a d2g:Edge, d2g:Solid ;
    d2g:source <http://example.org/diagram/diagram/node/6> ;
    d2g:target <http://example.org/diagram/diagram/node/7> ;
    d2g:relationshipType d2g:Follows .

<http://example.org/diagram/diagram/edge/78> a d2g:Edge, d2g:Solid ;
    d2g:source <http://example.org/diagram/diagram/node/7> ;
    d2g:target <http://example.org/diagram/diagram/node/8> ;
    d2g:relationshipType d2g:Follows .

<http://example.org/diagram/diagram/node/1> d2g:follows <http://example.org/diagram/diagram/node/2> .
<http://example.org/diagram/diagram/node/2> d2g:follows <http://example.org/diagram/diagram/node/3> .
<http://example.org/diagram/diagram/node/2> d2g:follows <http://example.org/diagram/diagram/node/4> .
<http://example.org/diagram/diagram/node/3> d2g:follows <http://example.org/diagram/diagram/node/5> .
<http://example.org/diagram/diagram/node/5> d2g:follows <http://example.org/diagram/diagram/node/4> .
<http://example.org/diagram/diagram/node/4> d2g:branches <http://example.org/diagram/diagram/node/6> .
<http://example.org/diagram/diagram/node/6> d2g:follows <http://example.org/diagram/diagram/node/7> .
<http://example.org/diagram/diagram/node/7> d2g:follows <http://example.org/diagram/diagram/node/8> .
",0.0,1.0
Extract RDF triples from this image (/kaggle/input/diagram2graph-dataset/diagram2graph/908.png),['/kaggle/input/diagram2graph-dataset/diagram2graph/908.png'],"@prefix d2g:  <http://example.org/diagram2graph#> .
@prefix rdfs: <http://www.w3.org/2000/01/rdf-schema#> .

<http://example.org/diagram/diagram/node/1> a d2g:Start, d2g:Node ;
    rdfs:label ""Start"" ;
    d2g:shape d2g:StartEvent .

<http://example.org/diagram/diagram/node/2> a d2g:Process, d2g:Node ;
    rdfs:label ""Enter"" ;
    d2g:shape d2g:Task .

<http://example.org/diagram/diagram/node/3> a d2g:Process, d2g:Node ;
    rdfs:label ""Home page"" ;
    d2g:shape d2g:Task .

<http://example.org/diagram/diagram/node/4> a d2g:Process, d2g:Node ;
    rdfs:label ""Enter Email ID and Password"" ;
    d2g:shape d2g:Task .

<http://example.org/diagram/diagram/node/5> a d2g:Process, d2g:Node ;
    rdfs:label ""Log in error"" ;
    d2g:shape d2g:Task .

<http://example.org/diagram/diagram/node/6> a d2g:Decision, d2g:Node ;
    rdfs:label ""Is Email ID and Password Correct?"" ;
    d2g:shape d2g:Gateway .

<http://example.org/diagram/diagram/node/7> a d2g:Process, d2g:Node ;
    rdfs:label ""Display Account"" ;
    d2g:shape d2g:Task .

<http://example.org/diagram/diagram/node/8> a d2g:Terminator, d2g:Node ;
    rdfs:label ""Stop"" ;
    d2g:shape d2g:EndEvent .

<http://example.org/diagram/diagram/edge/12> a d2g:Edge, d2g:Solid ;
    d2g:source <http://example.org/diagram/diagram/node/1> ;
    d2g:target <http://example.org/diagram/diagram/node/2> ;
    d2g:relationshipType d2g:Follows .

<http://example.org/diagram/diagram/edge/23> a d2g:Edge, d2g:Solid ;
    d2g:source <http://example.org/diagram/diagram/node/2> ;
    d2g:target <http://example.org/diagram/diagram/node/3> ;
    d2g:relationshipType d2g:Follows .

<http://example.org/diagram/diagram/edge/34> a d2g:Edge, d2g:Solid ;
    d2g:source <http://example.org/diagram/diagram/node/3> ;
    d2g:target <http://example.org/diagram/diagram/node/4> ;
    d2g:relationshipType d2g:Follows .

<http://example.org/diagram/diagram/edge/46> a d2g:Edge, d2g:Solid ;
    d2g:source <http://example.org/diagram/diagram/node/4> ;
    d2g:target <http://example.org/diagram/diagram/node/6> ;
    d2g:relationshipType d2g:Follows .

<http://example.org/diagram/diagram/edge/65> a d2g:Edge, d2g:Solid ;
    d2g:source <http://example.org/diagram/diagram/node/6> ;
    d2g:target <http://example.org/diagram/diagram/node/5> ;
    d2g:relationshipType d2g:Branches ;
    d2g:relationshipValue ""No"" .

<http://example.org/diagram/diagram/edge/67> a d2g:Edge, d2g:Solid ;
    d2g:source <http://example.org/diagram/diagram/node/6> ;
    d2g:target <http://example.org/diagram/diagram/node/7> ;
    d2g:relationshipType d2g:Branches ;
    d2g:relationshipValue ""Yes"" .

<http://example.org/diagram/diagram/edge/54> a d2g:Edge, d2g:Solid ;
    d2g:source <http://example.org/diagram/diagram/node/5> ;
    d2g:target <http://example.org/diagram/diagram/node/4> ;
    d2g:relationshipType d2g:Follows .

<http://example.org/diagram/diagram/edge/78> a d2g:Edge, d2g:Solid ;
    d2g:source <http://example.org/diagram/diagram/node/7> ;
    d2g:target <http://example.org/diagram/diagram/node/8> ;
    d2g:relationshipType d2g:Follows .

<http://example.org/diagram/diagram/node/1> d2g:follows <http://example.org/diagram/diagram/node/2> .
<http://example.org/diagram/diagram/node/2> d2g:follows <http://example.org/diagram/diagram/node/3> .
<http://example.org/diagram/diagram/node/3> d2g:follows <http://example.org/diagram/diagram/node/4> .
<http://example.org/diagram/diagram/node/4> d2g:follows <http://example.org/diagram/diagram/node/6> .
<http://example.org/diagram/diagram/node/6> d2g:branches <http://example.org/diagram/diagram/node/5> .
<http://example.org/diagram/diagram/node/6> d2g:branches <http://example.org/diagram/diagram/node/7> .
<http://example.org/diagram/diagram/node/5> d2g:follows <http://example.org/diagram/diagram/node/4> .
<http://example.org/diagram/diagram/node/7> d2g:follows <http://example.org/diagram/diagram/node/8> .
",1.0,1.0
Extract RDF triples from this image (/kaggle/input/diagram2graph-dataset/diagram2graph/910.png),['/kaggle/input/diagram2graph-dataset/diagram2graph/910.png'],"@prefix d2g: <http://example.org/diagram2graph#> .
@prefix rdfs: <http://www.w3.org/2000/01/rdf-schema#> .

<http://example.org/diagram/diagram/node/1> a d2g:Start, d2g:Node ;
    rdfs:label ""Start"" ;
    d2g:shape d2g:StartEvent .

<http://example.org/diagram/diagram/node/2> a d2g:Decision, d2g:Node ;
    rdfs:label ""Is your apps main goal is to support the porduct?"" ;
    d2g:shape d2g:Gateway .

<http://example.org/diagram/diagram/node/3> a d2g:Process, d2g:Node ;
    rdfs:label ""Consider hit apps"" ;
    d2g:shape d2g:Task .

<http://example.org/diagram/diagram/node/4> a d2g:Decision, d2g:Node ;
    rdfs:label ""Is your app inherently viral?"" ;
    d2g:shape d2g:Gateway .

<http://example.org/diagram/diagram/node/5> a d2g:Process, d2g:Node ;
    rdfs:label ""Consider Free with IAPs"" ;
    d2g:shape d2g:Task .

<http://example.org/diagram/diagram/node/6> a d2g:Decision, d2g:Node ;
    rdfs:label ""Does user have valid ID?"" ;
    d2g:shape d2g:Gateway .

<http://example.org/diagram/diagram/node/7> a d2g:Decision, d2g:Node ;
    rdfs:label ""Can you easily explain the apps value in screenshots?"" ;
    d2g:shape d2g:Gateway .

<http://example.org/diagram/diagram/node/8> a d2g:Process, d2g:Node ;
    rdfs:label ""Paid service"" ;
    d2g:shape d2g:Task .

<http://example.org/diagram/diagram/node/9> a d2g:Decision, d2g:Node ;
    rdfs:label ""Is the app itself your core revenue stream"" ;
    d2g:shape d2g:Gateway .

<http://example.org/diagram/diagram/edge/12> a d2g:Edge, d2g:Solid ;
    d2g:source <http://example.org/diagram/diagram/node/1> ;
    d2g:target <http://example.org/diagram/diagram/node/2> ;
    d2g:relationshipType d2g:Follows .

<http://example.org/diagram/diagram/edge/23> a d2g:Edge, d2g:Solid ;
    d2g:source <http://example.org/diagram/diagram/node/2> ;
    d2g:target <http://example.org/diagram/diagram/node/3> ;
    d2g:relationshipType d2g:Branches ;
    d2g:relationshipValue ""Yes"" .

<http://example.org/diagram/diagram/edge/24> a d2g:Edge, d2g:Solid ;
    d2g:source <http://example.org/diagram/diagram/node/2> ;
    d2g:target <http://example.org/diagram/diagram/node/4> ;
    d2g:relationshipType d2g:Branches .

<http://example.org/diagram/diagram/edge/45> a d2g:Edge, d2g:Solid ;
    d2g:source <http://example.org/diagram/diagram/node/4> ;
    d2g:target <http://example.org/diagram/diagram/node/5> ;
    d2g:relationshipType d2g:Branches .

<http://example.org/diagram/diagram/edge/46> a d2g:Edge, d2g:Solid ;
    d2g:source <http://example.org/diagram/diagram/node/4> ;
    d2g:target <http://example.org/diagram/diagram/node/6> ;
    d2g:relationshipType d2g:Branches .

<http://example.org/diagram/diagram/edge/65> a d2g:Edge, d2g:Solid ;
    d2g:source <http://example.org/diagram/diagram/node/6> ;
    d2g:target <http://example.org/diagram/diagram/node/5> ;
    d2g:relationshipType d2g:Branches .

<http://example.org/diagram/diagram/edge/67> a d2g:Edge, d2g:Solid ;
    d2g:source <http://example.org/diagram/diagram/node/6> ;
    d2g:target <http://example.org/diagram/diagram/node/7> ;
    d2g:relationshipType d2g:Branches .

<http://example.org/diagram/diagram/edge/78> a d2g:Edge, d2g:Solid ;
    d2g:source <http://example.org/diagram/diagram/node/7> ;
    d2g:target <http://example.org/diagram/diagram/node/8> ;
    d2g:relationshipType d2g:Branches .

<http://example.org/diagram/diagram/edge/79> a d2g:Edge, d2g:Solid ;
    d2g:source <http://example.org/diagram/diagram/node/7> ;
    d2g:target <http://example.org/diagram/diagram/node/9> ;
    d2g:relationshipType d2g:Branches .

<http://example.org/diagram/diagram/edge/98> a d2g:Edge, d2g:Solid ;
    d2g:source <http://example.org/diagram/diagram/node/9> ;
    d2g:target <http://example.org/diagram/diagram/node/8> ;
    d2g:relationshipType d2g:Branches .

<http://example.org/diagram/diagram/node/1> d2g:follows <http://example.org/diagram/diagram/node/2> .
<http://example.org/diagram/diagram/node/2> d2g:branches <http://example.org/diagram/diagram/node/3> .
<http://example.org/diagram/diagram/node/2> d2g:branches <http://example.org/diagram/diagram/node/4> .
<http://example.org/diagram/diagram/node/4> d2g:branches <http://example.org/diagram/diagram/node/5> .
<http://example.org/diagram/diagram/node/4> d2g:branches <http://example.org/diagram/diagram/node/6> .
<http://example.org/diagram/diagram/node/6> d2g:branches <http://example.org/diagram/diagram/node/5> .
<http://example.org/diagram/diagram/node/6> d2g:branches <http://example.org/diagram/diagram/node/7> .
<http://example.org/diagram/diagram/node/7> d2g:branches <http://example.org/diagram/diagram/node/8> .
<http://example.org/diagram/diagram/node/7> d2g:branches <http://example.org/diagram/diagram/node/9> .
<http://example.org/diagram/diagram/node/9> d2g:branches <http://example.org/diagram/diagram/node/8> .
",1.0,1.0
Extract RDF triples from this image (/kaggle/input/diagram2graph-dataset/diagram2graph/911.png),['/kaggle/input/diagram2graph-dataset/diagram2graph/911.png'],"@prefix d2g:  <http://example.org/diagram2graph#> .
@prefix rdfs: <http://www.w3.org/2000/01/rdf-schema#> .

<http://example.org/diagram/diagram/node/1> a d2g:Start, d2g:Node ;
    rdfs:label ""Start"" ;
    d2g:shape d2g:StartEvent .

<http://example.org/diagram/diagram/node/2> a d2g:Process, d2g:Node ;
    rdfs:label ""Declare variables a, b,\nD, x1, x2, rp and ip"" ;
    d2g:shape d2g:Task .

<http://example.org/diagram/diagram/node/3> a d2g:Process, d2g:Node ;
    rdfs:label ""Calculate discriminant,\nD <- b² - 4ac"" ;
    d2g:shape d2g:Task .

<http://example.org/diagram/diagram/node/4> a d2g:Decision, d2g:Node ;
    rdfs:label ""Is D >= 0?"" ;
    d2g:shape d2g:Gateway .

<http://example.org/diagram/diagram/node/5> a d2g:Process, d2g:Node ;
    rdfs:label ""r1 <- (-b + √D) / 2a\nr2 <- (-b - √D) / 2a"" ;
    d2g:shape d2g:Task .

<http://example.org/diagram/diagram/node/6> a d2g:Process, d2g:Node ;
    rdfs:label ""ip <- -b/2a\nrp <- √-D / 2a"" ;
    d2g:shape d2g:Task .

<http://example.org/diagram/diagram/node/7> a d2g:Process, d2g:Node ;
    rdfs:label ""x1 <- ip + j*rp\nx2 <- ip - j*rp"" ;
    d2g:shape d2g:Task .

<http://example.org/diagram/diagram/node/8> a d2g:Process, d2g:Node ;
    rdfs:label ""Display r1 and r2"" ;
    d2g:shape d2g:Task .

<http://example.org/diagram/diagram/node/9> a d2g:Terminator, d2g:Node ;
    rdfs:label ""Stop"" ;
    d2g:shape d2g:EndEvent .

<http://example.org/diagram/diagram/edge/12> a d2g:Edge, d2g:Solid ;
    d2g:source <http://example.org/diagram/diagram/node/1> ;
    d2g:target <http://example.org/diagram/diagram/node/2> ;
    d2g:relationshipType d2g:Follows .

<http://example.org/diagram/diagram/edge/23> a d2g:Edge, d2g:Solid ;
    d2g:source <http://example.org/diagram/diagram/node/2> ;
    d2g:target <http://example.org/diagram/diagram/node/3> ;
    d2g:relationshipType d2g:Follows .

<http://example.org/diagram/diagram/edge/34> a d2g:Edge, d2g:Solid ;
    d2g:source <http://example.org/diagram/diagram/node/3> ;
    d2g:target <http://example.org/diagram/diagram/node/4> ;
    d2g:relationshipType d2g:Follows .

<http://example.org/diagram/diagram/edge/45> a d2g:Edge, d2g:Solid ;
    d2g:source <http://example.org/diagram/diagram/node/4> ;
    d2g:target <http://example.org/diagram/diagram/node/5> ;
    d2g:relationshipType d2g:Branches ;
    d2g:relationshipValue ""True"" .

<http://example.org/diagram/diagram/edge/46> a d2g:Edge, d2g:Solid ;
    d2g:source <http://example.org/diagram/diagram/node/4> ;
    d2g:target <http://example.org/diagram/diagram/node/6> ;
    d2g:relationshipType d2g:Branches ;
    d2g:relationshipValue ""False"" .

<http://example.org/diagram/diagram/edge/58> a d2g:Edge, d2g:Solid ;
    d2g:source <http://example.org/diagram/diagram/node/5> ;
    d2g:target <http://example.org/diagram/diagram/node/8> ;
    d2g:relationshipType d2g:Follows .

<http://example.org/diagram/diagram/edge/67> a d2g:Edge, d2g:Solid ;
    d2g:source <http://example.org/diagram/diagram/node/6> ;
    d2g:target <http://example.org/diagram/diagram/node/7> ;
    d2g:relationshipType d2g:Follows .

<http://example.org/diagram/diagram/edge/78> a d2g:Edge, d2g:Solid ;
    d2g:source <http://example.org/diagram/diagram/node/7> ;
    d2g:target <http://example.org/diagram/diagram/node/8> ;
    d2g:relationshipType d2g:Follows .

<http://example.org/diagram/diagram/edge/89> a d2g:Edge, d2g:Solid ;
    d2g:source <http://example.org/diagram/diagram/node/8> ;
    d2g:target <http://example.org/diagram/diagram/node/9> ;
    d2g:relationshipType d2g:Follows .

<http://example.org/diagram/diagram/node/1> d2g:follows <http://example.org/diagram/diagram/node/2> .
<http://example.org/diagram/diagram/node/2> d2g:follows <http://example.org/diagram/diagram/node/3> .
<http://example.org/diagram/diagram/node/3> d2g:follows <http://example.org/diagram/diagram/node/4> .
<http://example.org/diagram/diagram/node/4> d2g:branches <http://example.org/diagram/diagram/node/5> .
<http://example.org/diagram/diagram/node/4> d2g:branches <http://example.org/diagram/diagram/node/6> .
<http://example.org/diagram/diagram/node/5> d2g:follows <http://example.org/diagram/diagram/node/8> .
<http://example.org/diagram/diagram/node/6> d2g:follows <http://example.org/diagram/diagram/node/7> .
<http://example.org/diagram/diagram/node/7> d2g:follows <http://example.org/diagram/diagram/node/8> .
<http://example.org/diagram/diagram/node/8> d2g:follows <http://example.org/diagram/diagram/node/9> .
",0.0,1.0
Extract RDF triples from this image (/kaggle/input/diagram2graph-dataset/diagram2graph/914.png),['/kaggle/input/diagram2graph-dataset/diagram2graph/914.png'],"@prefix d2g: <http://example.org/diagram2graph#> .
@prefix rdfs: <http://www.w3.org/2000/01/rdf-schema#> .

<http://example.org/diagram/diagram/node/1> a d2g:Start, d2g:Node ;
    rdfs:label ""Start"" ;
    d2g:shape d2g:StartEvent .

<http://example.org/diagram/diagram/node/2> a d2g:Process, d2g:Node ;
    rdfs:label ""Order 1"" ;
    d2g:shape d2g:Task .

<http://example.org/diagram/diagram/node/3> a d2g:Decision, d2g:Node ;
    rdfs:label ""Accept?"" ;
    d2g:shape d2g:Gateway .

<http://example.org/diagram/diagram/node/4> a d2g:Process, d2g:Node ;
    rdfs:label ""Create"" ;
    d2g:shape d2g:Task .

<http://example.org/diagram/diagram/node/5> a d2g:Process, d2g:Node ;
    rdfs:label ""Flowchart"" ;
    d2g:shape d2g:Task .

<http://example.org/diagram/diagram/node/6> a d2g:Process, d2g:Node ;
    rdfs:label ""Document"" ;
    d2g:shape d2g:Task .

<http://example.org/diagram/diagram/node/7> a d2g:Process, d2g:Node ;
    rdfs:label ""Code"" ;
    d2g:shape d2g:Task .

<http://example.org/diagram/diagram/node/8> a d2g:Terminator, d2g:Node ;
    rdfs:label ""End"" ;
    d2g:shape d2g:EndEvent .

<http://example.org/diagram/diagram/edge/12> a d2g:Edge, d2g:Solid ;
    d2g:source <http://example.org/diagram/diagram/node/1> ;
    d2g:target <http://example.org/diagram/diagram/node/2> ;
    d2g:relationshipType d2g:Follows .

<http://example.org/diagram/diagram/edge/23> a d2g:Edge, d2g:Solid ;
    d2g:source <http://example.org/diagram/diagram/node/2> ;
    d2g:target <http://example.org/diagram/diagram/node/3> ;
    d2g:relationshipType d2g:Follows .

<http://example.org/diagram/diagram/edge/34> a d2g:Edge, d2g:Solid ;
    d2g:source <http://example.org/diagram/diagram/node/3> ;
    d2g:target <http://example.org/diagram/diagram/node/4> ;
    d2g:relationshipType d2g:Branches ;
    d2g:relationshipValue ""Yes"" .

<http://example.org/diagram/diagram/edge/36> a d2g:Edge, d2g:Solid ;
    d2g:source <http://example.org/diagram/diagram/node/3> ;
    d2g:target <http://example.org/diagram/diagram/node/6> ;
    d2g:relationshipType d2g:Branches ;
    d2g:relationshipValue ""No"" .

<http://example.org/diagram/diagram/edge/45> a d2g:Edge, d2g:Solid ;
    d2g:source <http://example.org/diagram/diagram/node/4> ;
    d2g:target <http://example.org/diagram/diagram/node/5> ;
    d2g:relationshipType d2g:Follows .

<http://example.org/diagram/diagram/edge/56> a d2g:Edge, d2g:Solid ;
    d2g:source <http://example.org/diagram/diagram/node/5> ;
    d2g:target <http://example.org/diagram/diagram/node/6> ;
    d2g:relationshipType d2g:Follows .

<http://example.org/diagram/diagram/edge/67> a d2g:Edge, d2g:Solid ;
    d2g:source <http://example.org/diagram/diagram/node/6> ;
    d2g:target <http://example.org/diagram/diagram/node/7> ;
    d2g:relationshipType d2g:Follows .

<http://example.org/diagram/diagram/edge/78> a d2g:Edge, d2g:Solid ;
    d2g:source <http://example.org/diagram/diagram/node/7> ;
    d2g:target <http://example.org/diagram/diagram/node/8> ;
    d2g:relationshipType d2g:Follows .

<http://example.org/diagram/diagram/node/1> d2g:follows <http://example.org/diagram/diagram/node/2> .
<http://example.org/diagram/diagram/node/2> d2g:follows <http://example.org/diagram/diagram/node/3> .
<http://example.org/diagram/diagram/node/3> d2g:branches <http://example.org/diagram/diagram/node/4> .
<http://example.org/diagram/diagram/node/3> d2g:branches <http://example.org/diagram/diagram/node/6> .
<http://example.org/diagram/diagram/node/4> d2g:follows <http://example.org/diagram/diagram/node/5> .
<http://example.org/diagram/diagram/node/5> d2g:follows <http://example.org/diagram/diagram/node/6> .
<http://example.org/diagram/diagram/node/6> d2g:follows <http://example.org/diagram/diagram/node/7> .
<http://example.org/diagram/diagram/node/7> d2g:follows <http://example.org/diagram/diagram/node/8> .
",0.0,1.0
Extract RDF triples from this image (/kaggle/input/diagram2graph-dataset/diagram2graph/915.png),['/kaggle/input/diagram2graph-dataset/diagram2graph/915.png'],"@prefix d2g: <http://example.org/diagram2graph#> .
@prefix rdfs: <http://www.w3.org/2000/01/rdf-schema#> .

<http://example.org/diagram/diagram/node/1> a d2g:Start, d2g:Node ;
    rdfs:label ""Start"" ;
    d2g:shape d2g:StartEvent .

<http://example.org/diagram/diagram/node/2> a d2g:Process, d2g:Node ;
    rdfs:label ""Process"" ;
    d2g:shape d2g:Task .

<http://example.org/diagram/diagram/node/3> a d2g:Decision, d2g:Node ;
    rdfs:label ""Decision"" ;
    d2g:shape d2g:Gateway .

<http://example.org/diagram/diagram/node/4> a d2g:Process, d2g:Node ;
    rdfs:label ""Work"" ;
    d2g:shape d2g:Task .

<http://example.org/diagram/diagram/node/5> a d2g:Process, d2g:Node ;
    rdfs:label ""Sleep"" ;
    d2g:shape d2g:Task .

<http://example.org/diagram/diagram/node/6> a d2g:Process, d2g:Node ;
    rdfs:label ""Party"" ;
    d2g:shape d2g:Task .

<http://example.org/diagram/diagram/node/7> a d2g:Process, d2g:Node ;
    rdfs:label ""Enjoy"" ;
    d2g:shape d2g:Task .

<http://example.org/diagram/diagram/node/8> a d2g:Process, d2g:Node ;
    rdfs:label ""Home"" ;
    d2g:shape d2g:Task .

<http://example.org/diagram/diagram/node/9> a d2g:Terminator, d2g:Node ;
    rdfs:label ""End"" ;
    d2g:shape d2g:EndEvent .

<http://example.org/diagram/diagram/edge/12> a d2g:Edge, d2g:Solid ;
    d2g:source <http://example.org/diagram/diagram/node/1> ;
    d2g:target <http://example.org/diagram/diagram/node/2> ;
    d2g:relationshipType d2g:Follows .

<http://example.org/diagram/diagram/edge/23> a d2g:Edge, d2g:Solid ;
    d2g:source <http://example.org/diagram/diagram/node/2> ;
    d2g:target <http://example.org/diagram/diagram/node/3> ;
    d2g:relationshipType d2g:Follows .

<http://example.org/diagram/diagram/edge/34> a d2g:Edge, d2g:Solid ;
    d2g:source <http://example.org/diagram/diagram/node/3> ;
    d2g:target <http://example.org/diagram/diagram/node/4> ;
    d2g:relationshipType d2g:Branches .

<http://example.org/diagram/diagram/edge/35> a d2g:Edge, d2g:Solid ;
    d2g:source <http://example.org/diagram/diagram/node/3> ;
    d2g:target <http://example.org/diagram/diagram/node/5> ;
    d2g:relationshipType d2g:Branches .

<http://example.org/diagram/diagram/edge/46> a d2g:Edge, d2g:Solid ;
    d2g:source <http://example.org/diagram/diagram/node/4> ;
    d2g:target <http://example.org/diagram/diagram/node/6> ;
    d2g:relationshipType d2g:Follows ;
    d2g:relationshipValue ""No"" .

<http://example.org/diagram/diagram/edge/47> a d2g:Edge, d2g:Solid ;
    d2g:source <http://example.org/diagram/diagram/node/4> ;
    d2g:target <http://example.org/diagram/diagram/node/7> ;
    d2g:relationshipType d2g:Follows ;
    d2g:relationshipValue ""Yes"" .

<http://example.org/diagram/diagram/edge/58> a d2g:Edge, d2g:Solid ;
    d2g:source <http://example.org/diagram/diagram/node/5> ;
    d2g:target <http://example.org/diagram/diagram/node/8> ;
    d2g:relationshipType d2g:Follows .

<http://example.org/diagram/diagram/edge/89> a d2g:Edge, d2g:Solid ;
    d2g:source <http://example.org/diagram/diagram/node/8> ;
    d2g:target <http://example.org/diagram/diagram/node/9> ;
    d2g:relationshipType d2g:Follows .

<http://example.org/diagram/diagram/node/1> d2g:follows <http://example.org/diagram/diagram/node/2> .
<http://example.org/diagram/diagram/node/2> d2g:follows <http://example.org/diagram/diagram/node/3> .
<http://example.org/diagram/diagram/node/3> d2g:branches <http://example.org/diagram/diagram/node/4> .
<http://example.org/diagram/diagram/node/3> d2g:branches <http://example.org/diagram/diagram/node/5> .
<http://example.org/diagram/diagram/node/4> d2g:follows <http://example.org/diagram/diagram/node/6> .
<http://example.org/diagram/diagram/node/4> d2g:follows <http://example.org/diagram/diagram/node/7> .
<http://example.org/diagram/diagram/node/5> d2g:follows <http://example.org/diagram/diagram/node/8> .
<http://example.org/diagram/diagram/node/8> d2g:follows <http://example.org/diagram/diagram/node/9> .
",0.0,1.0
Extract RDF triples from this image (/kaggle/input/diagram2graph-dataset/diagram2graph/916.png),['/kaggle/input/diagram2graph-dataset/diagram2graph/916.png'],"@prefix d2g:  <http://example.org/diagram2graph#> .
@prefix rdfs: <http://www.w3.org/2000/01/rdf-schema#> .

<http://example.org/diagram/diagram/node/1> a d2g:Start, d2g:Node ;
    rdfs:label ""Start"" ;
    d2g:shape d2g:StartEvent .

<http://example.org/diagram/diagram/node/2> a d2g:Decision, d2g:Node ;
    rdfs:label ""Interested in watching movie?"" ;
    d2g:shape d2g:Gateway .

<http://example.org/diagram/diagram/node/3> a d2g:Process, d2g:Node ;
    rdfs:label ""Well, go read a book then."" ;
    d2g:shape d2g:Task .

<http://example.org/diagram/diagram/node/4> a d2g:Decision, d2g:Node ;
    rdfs:label ""Know the story?"" ;
    d2g:shape d2g:Gateway .

<http://example.org/diagram/diagram/node/5> a d2g:Process, d2g:Node ;
    rdfs:label ""Think about what part of the process you need to see"" ;
    d2g:shape d2g:Task .

<http://example.org/diagram/diagram/node/6> a d2g:Process, d2g:Node ;
    rdfs:label ""Let's start"" ;
    d2g:shape d2g:Task .

<http://example.org/diagram/diagram/edge/12> a d2g:Edge, d2g:Solid ;
    d2g:source <http://example.org/diagram/diagram/node/1> ;
    d2g:target <http://example.org/diagram/diagram/node/2> ;
    d2g:relationshipType d2g:Follows .

<http://example.org/diagram/diagram/edge/23> a d2g:Edge, d2g:Solid ;
    d2g:source <http://example.org/diagram/diagram/node/2> ;
    d2g:target <http://example.org/diagram/diagram/node/3> ;
    d2g:relationshipType d2g:Branches ;
    d2g:relationshipValue ""no"" .

<http://example.org/diagram/diagram/edge/24> a d2g:Edge, d2g:Solid ;
    d2g:source <http://example.org/diagram/diagram/node/2> ;
    d2g:target <http://example.org/diagram/diagram/node/4> ;
    d2g:relationshipType d2g:Branches ;
    d2g:relationshipValue ""yes"" .

<http://example.org/diagram/diagram/edge/45> a d2g:Edge, d2g:Solid ;
    d2g:source <http://example.org/diagram/diagram/node/4> ;
    d2g:target <http://example.org/diagram/diagram/node/5> ;
    d2g:relationshipType d2g:Branches ;
    d2g:relationshipValue ""no"" .

<http://example.org/diagram/diagram/edge/46> a d2g:Edge, d2g:Solid ;
    d2g:source <http://example.org/diagram/diagram/node/4> ;
    d2g:target <http://example.org/diagram/diagram/node/6> ;
    d2g:relationshipType d2g:Branches ;
    d2g:relationshipValue ""yes"" .

<http://example.org/diagram/diagram/node/1> d2g:follows <http://example.org/diagram/diagram/node/2> .
<http://example.org/diagram/diagram/node/2> d2g:branches <http://example.org/diagram/diagram/node/3> .
<http://example.org/diagram/diagram/node/2> d2g:branches <http://example.org/diagram/diagram/node/4> .
<http://example.org/diagram/diagram/node/4> d2g:branches <http://example.org/diagram/diagram/node/5> .
<http://example.org/diagram/diagram/node/4> d2g:branches <http://example.org/diagram/diagram/node/6> .
",0.0,1.0
Extract RDF triples from this image (/kaggle/input/diagram2graph-dataset/diagram2graph/918.png),['/kaggle/input/diagram2graph-dataset/diagram2graph/918.png'],"@prefix d2g:  <http://example.org/diagram2graph#> .
@prefix rdfs: <http://www.w3.org/2000/01/rdf-schema#> .

<http://example.org/diagram/diagram/node/1> a d2g:Start, d2g:Node ;
    rdfs:label ""Start"" ;
    d2g:shape d2g:StartEvent .

<http://example.org/diagram/diagram/node/2> a d2g:Process, d2g:Node ;
    rdfs:label ""Have an account"" ;
    d2g:shape d2g:Task .

<http://example.org/diagram/diagram/node/3> a d2g:Process, d2g:Node ;
    rdfs:label ""Register"" ;
    d2g:shape d2g:Task .

<http://example.org/diagram/diagram/node/4> a d2g:Process, d2g:Node ;
    rdfs:label ""Login"" ;
    d2g:shape d2g:Task .

<http://example.org/diagram/diagram/node/5> a d2g:Process, d2g:Node ;
    rdfs:label ""Select the Bus and Date and Time"" ;
    d2g:shape d2g:Task .

<http://example.org/diagram/diagram/node/6> a d2g:Decision, d2g:Node ;
    rdfs:label ""Confirm Booking"" ;
    d2g:shape d2g:Gateway .

<http://example.org/diagram/diagram/node/7> a d2g:Process, d2g:Node ;
    rdfs:label ""Payment Process"" ;
    d2g:shape d2g:Task .

<http://example.org/diagram/diagram/node/8> a d2g:Terminator, d2g:Node ;
    rdfs:label ""End"" ;
    d2g:shape d2g:EndEvent .

<http://example.org/diagram/diagram/edge/12> a d2g:Edge, d2g:Solid ;
    d2g:source <http://example.org/diagram/diagram/node/1> ;
    d2g:target <http://example.org/diagram/diagram/node/2> ;
    d2g:relationshipType d2g:Follows .

<http://example.org/diagram/diagram/edge/23> a d2g:Edge, d2g:Solid ;
    d2g:source <http://example.org/diagram/diagram/node/2> ;
    d2g:target <http://example.org/diagram/diagram/node/3> ;
    d2g:relationshipType d2g:Follows .

<http://example.org/diagram/diagram/edge/24> a d2g:Edge, d2g:Solid ;
    d2g:source <http://example.org/diagram/diagram/node/2> ;
    d2g:target <http://example.org/diagram/diagram/node/4> ;
    d2g:relationshipType d2g:Follows .

<http://example.org/diagram/diagram/edge/35> a d2g:Edge, d2g:Solid ;
    d2g:source <http://example.org/diagram/diagram/node/3> ;
    d2g:target <http://example.org/diagram/diagram/node/5> ;
    d2g:relationshipType d2g:Follows .

<http://example.org/diagram/diagram/edge/45> a d2g:Edge, d2g:Solid ;
    d2g:source <http://example.org/diagram/diagram/node/4> ;
    d2g:target <http://example.org/diagram/diagram/node/5> ;
    d2g:relationshipType d2g:Follows .

<http://example.org/diagram/diagram/edge/56> a d2g:Edge, d2g:Solid ;
    d2g:source <http://example.org/diagram/diagram/node/5> ;
    d2g:target <http://example.org/diagram/diagram/node/6> ;
    d2g:relationshipType d2g:Follows .

<http://example.org/diagram/diagram/edge/65> a d2g:Edge, d2g:Solid ;
    d2g:source <http://example.org/diagram/diagram/node/6> ;
    d2g:target <http://example.org/diagram/diagram/node/5> ;
    d2g:relationshipType d2g:Branches .

<http://example.org/diagram/diagram/edge/67> a d2g:Edge, d2g:Solid ;
    d2g:source <http://example.org/diagram/diagram/node/6> ;
    d2g:target <http://example.org/diagram/diagram/node/7> ;
    d2g:relationshipType d2g:Branches .

<http://example.org/diagram/diagram/edge/78> a d2g:Edge, d2g:Solid ;
    d2g:source <http://example.org/diagram/diagram/node/7> ;
    d2g:target <http://example.org/diagram/diagram/node/8> ;
    d2g:relationshipType d2g:Follows .

<http://example.org/diagram/diagram/node/1> d2g:follows <http://example.org/diagram/diagram/node/2> .
<http://example.org/diagram/diagram/node/2> d2g:follows <http://example.org/diagram/diagram/node/3> .
<http://example.org/diagram/diagram/node/2> d2g:follows <http://example.org/diagram/diagram/node/4> .
<http://example.org/diagram/diagram/node/3> d2g:follows <http://example.org/diagram/diagram/node/5> .
<http://example.org/diagram/diagram/node/4> d2g:follows <http://example.org/diagram/diagram/node/5> .
<http://example.org/diagram/diagram/node/5> d2g:follows <http://example.org/diagram/diagram/node/6> .
<http://example.org/diagram/diagram/node/6> d2g:branches <http://example.org/diagram/diagram/node/5> .
<http://example.org/diagram/diagram/node/6> d2g:branches <http://example.org/diagram/diagram/node/7> .
<http://example.org/diagram/diagram/node/7> d2g:follows <http://example.org/diagram/diagram/node/8> .
",0.0,1.0
Extract RDF triples from this image (/kaggle/input/diagram2graph-dataset/diagram2graph/919.png),['/kaggle/input/diagram2graph-dataset/diagram2graph/919.png'],"@prefix d2g:  <http://example.org/diagram2graph#> .
@prefix rdfs: <http://www.w3.org/2000/01/rdf-schema#> .

<http://example.org/diagram/diagram/node/1> a d2g:Start, d2g:Node ;
    rdfs:label ""Start"" ;
    d2g:shape d2g:StartEvent .

<http://example.org/diagram/diagram/node/2> a d2g:Decision, d2g:Node ;
    rdfs:label ""Have an account"" ;
    d2g:shape d2g:Gateway .

<http://example.org/diagram/diagram/node/3> a d2g:Process, d2g:Node ;
    rdfs:label ""Register"" ;
    d2g:shape d2g:Task .

<http://example.org/diagram/diagram/node/4> a d2g:Process, d2g:Node ;
    rdfs:label ""Login"" ;
    d2g:shape d2g:Task .

<http://example.org/diagram/diagram/node/5> a d2g:Process, d2g:Node ;
    rdfs:label ""Book a flight"" ;
    d2g:shape d2g:Task .

<http://example.org/diagram/diagram/node/6> a d2g:Decision, d2g:Node ;
    rdfs:label ""Confirm Booking"" ;
    d2g:shape d2g:Gateway .

<http://example.org/diagram/diagram/node/7> a d2g:Process, d2g:Node ;
    rdfs:label ""Reserve"" ;
    d2g:shape d2g:Task .

<http://example.org/diagram/diagram/node/8> a d2g:Terminator, d2g:Node ;
    rdfs:label ""End"" ;
    d2g:shape d2g:EndEvent .

<http://example.org/diagram/diagram/edge/12> a d2g:Edge, d2g:Solid ;
    d2g:source <http://example.org/diagram/diagram/node/1> ;
    d2g:target <http://example.org/diagram/diagram/node/2> ;
    d2g:relationshipType d2g:Follows .

<http://example.org/diagram/diagram/edge/23> a d2g:Edge, d2g:Solid ;
    d2g:source <http://example.org/diagram/diagram/node/2> ;
    d2g:target <http://example.org/diagram/diagram/node/3> ;
    d2g:relationshipType d2g:Branches ;
    d2g:relationshipValue ""No"" .

<http://example.org/diagram/diagram/edge/24> a d2g:Edge, d2g:Solid ;
    d2g:source <http://example.org/diagram/diagram/node/2> ;
    d2g:target <http://example.org/diagram/diagram/node/4> ;
    d2g:relationshipType d2g:Branches ;
    d2g:relationshipValue ""Yes"" .

<http://example.org/diagram/diagram/edge/34> a d2g:Edge, d2g:Solid ;
    d2g:source <http://example.org/diagram/diagram/node/3> ;
    d2g:target <http://example.org/diagram/diagram/node/4> ;
    d2g:relationshipType d2g:Follows .

<http://example.org/diagram/diagram/edge/45> a d2g:Edge, d2g:Solid ;
    d2g:source <http://example.org/diagram/diagram/node/4> ;
    d2g:target <http://example.org/diagram/diagram/node/5> ;
    d2g:relationshipType d2g:Follows .

<http://example.org/diagram/diagram/edge/56> a d2g:Edge, d2g:Solid ;
    d2g:source <http://example.org/diagram/diagram/node/5> ;
    d2g:target <http://example.org/diagram/diagram/node/6> ;
    d2g:relationshipType d2g:Follows .

<http://example.org/diagram/diagram/edge/65> a d2g:Edge, d2g:Solid ;
    d2g:source <http://example.org/diagram/diagram/node/6> ;
    d2g:target <http://example.org/diagram/diagram/node/5> ;
    d2g:relationshipType d2g:Branches ;
    d2g:relationshipValue ""No"" .

<http://example.org/diagram/diagram/edge/67> a d2g:Edge, d2g:Solid ;
    d2g:source <http://example.org/diagram/diagram/node/6> ;
    d2g:target <http://example.org/diagram/diagram/node/7> ;
    d2g:relationshipType d2g:Branches ;
    d2g:relationshipValue ""Yes"" .

<http://example.org/diagram/diagram/edge/78> a d2g:Edge, d2g:Solid ;
    d2g:source <http://example.org/diagram/diagram/node/7> ;
    d2g:target <http://example.org/diagram/diagram/node/8> ;
    d2g:relationshipType d2g:Follows .

<http://example.org/diagram/diagram/node/1> d2g:follows <http://example.org/diagram/diagram/node/2> .
<http://example.org/diagram/diagram/node/2> d2g:branches <http://example.org/diagram/diagram/node/3> .
<http://example.org/diagram/diagram/node/2> d2g:branches <http://example.org/diagram/diagram/node/4> .
<http://example.org/diagram/diagram/node/3> d2g:follows <http://example.org/diagram/diagram/node/4> .
<http://example.org/diagram/diagram/node/4> d2g:follows <http://example.org/diagram/diagram/node/5> .
<http://example.org/diagram/diagram/node/5> d2g:follows <http://example.org/diagram/diagram/node/6> .
<http://example.org/diagram/diagram/node/6> d2g:branches <http://example.org/diagram/diagram/node/5> .
<http://example.org/diagram/diagram/node/6> d2g:branches <http://example.org/diagram/diagram/node/7> .
<http://example.org/diagram/diagram/node/7> d2g:follows <http://example.org/diagram/diagram/node/8> .
",1.0,1.0
Extract RDF triples from this image (/kaggle/input/diagram2graph-dataset/diagram2graph/920.png),['/kaggle/input/diagram2graph-dataset/diagram2graph/920.png'],"@prefix d2g: <http://example.org/diagram2graph#> .
@prefix rdfs: <http://www.w3.org/2000/01/rdf-schema#> .

<http://example.org/diagram/diagram/node/1> a d2g:Start, d2g:Node ;
    rdfs:label ""Start"" ;
    d2g:shape d2g:StartEvent .

<http://example.org/diagram/diagram/node/2> a d2g:Decision, d2g:Node ;
    rdfs:label ""bike"" ;
    d2g:shape d2g:Gateway .

<http://example.org/diagram/diagram/node/3> a d2g:Process, d2g:Node ;
    rdfs:label ""r15"" ;
    d2g:shape d2g:Task .

<http://example.org/diagram/diagram/node/4> a d2g:Terminator, d2g:Node ;
    rdfs:label ""stop"" ;
    d2g:shape d2g:EndEvent .

<http://example.org/diagram/diagram/node/5> a d2g:Process, d2g:Node ;
    rdfs:label ""duke"" ;
    d2g:shape d2g:Task .

<http://example.org/diagram/diagram/node/6> a d2g:Process, d2g:Node ;
    rdfs:label ""v4"" ;
    d2g:shape d2g:Task .

<http://example.org/diagram/diagram/node/7> a d2g:Decision, d2g:Node ;
    rdfs:label ""hills"" ;
    d2g:shape d2g:Gateway .

<http://example.org/diagram/diagram/node/8> a d2g:Process, d2g:Node ;
    rdfs:label ""ok"" ;
    d2g:shape d2g:Task .

<http://example.org/diagram/diagram/node/9> a d2g:Terminator, d2g:Node ;
    rdfs:label ""stop"" ;
    d2g:shape d2g:EndEvent .

<http://example.org/diagram/diagram/edge/12> a d2g:Edge, d2g:Solid ;
    d2g:source <http://example.org/diagram/diagram/node/1> ;
    d2g:target <http://example.org/diagram/diagram/node/2> ;
    d2g:relationshipType d2g:Follows .

<http://example.org/diagram/diagram/edge/23> a d2g:Edge, d2g:Solid ;
    d2g:source <http://example.org/diagram/diagram/node/2> ;
    d2g:target <http://example.org/diagram/diagram/node/3> ;
    d2g:relationshipType d2g:Branches ;
    d2g:relationshipValue ""Yes"" .

<http://example.org/diagram/diagram/edge/25> a d2g:Edge, d2g:Solid ;
    d2g:source <http://example.org/diagram/diagram/node/2> ;
    d2g:target <http://example.org/diagram/diagram/node/5> ;
    d2g:relationshipType d2g:Branches ;
    d2g:relationshipValue ""No"" .

<http://example.org/diagram/diagram/edge/34> a d2g:Edge, d2g:Solid ;
    d2g:source <http://example.org/diagram/diagram/node/3> ;
    d2g:target <http://example.org/diagram/diagram/node/4> ;
    d2g:relationshipType d2g:Follows .

<http://example.org/diagram/diagram/edge/56> a d2g:Edge, d2g:Solid ;
    d2g:source <http://example.org/diagram/diagram/node/5> ;
    d2g:target <http://example.org/diagram/diagram/node/6> ;
    d2g:relationshipType d2g:Follows .

<http://example.org/diagram/diagram/edge/67> a d2g:Edge, d2g:Solid ;
    d2g:source <http://example.org/diagram/diagram/node/6> ;
    d2g:target <http://example.org/diagram/diagram/node/7> ;
    d2g:relationshipType d2g:Follows .

<http://example.org/diagram/diagram/edge/78> a d2g:Edge, d2g:Solid ;
    d2g:source <http://example.org/diagram/diagram/node/7> ;
    d2g:target <http://example.org/diagram/diagram/node/8> ;
    d2g:relationshipType d2g:Branches ;
    d2g:relationshipValue ""Yes"" .

<http://example.org/diagram/diagram/edge/89> a d2g:Edge, d2g:Solid ;
    d2g:source <http://example.org/diagram/diagram/node/8> ;
    d2g:target <http://example.org/diagram/diagram/node/9> ;
    d2g:relationshipType d2g:Follows .

<http://example.org/diagram/diagram/node/1> d2g:follows <http://example.org/diagram/diagram/node/2> .
<http://example.org/diagram/diagram/node/2> d2g:branches <http://example.org/diagram/diagram/node/3> .
<http://example.org/diagram/diagram/node/2> d2g:branches <http://example.org/diagram/diagram/node/5> .
<http://example.org/diagram/diagram/node/3> d2g:follows <http://example.org/diagram/diagram/node/4> .
<http://example.org/diagram/diagram/node/5> d2g:follows <http://example.org/diagram/diagram/node/6> .
<http://example.org/diagram/diagram/node/6> d2g:follows <http://example.org/diagram/diagram/node/7> .
<http://example.org/diagram/diagram/node/7> d2g:branches <http://example.org/diagram/diagram/node/8> .
<http://example.org/diagram/diagram/node/8> d2g:follows <http://example.org/diagram/diagram/node/9> .
",1.0,1.0
Extract RDF triples from this image (/kaggle/input/diagram2graph-dataset/diagram2graph/921.png),['/kaggle/input/diagram2graph-dataset/diagram2graph/921.png'],"@prefix d2g: <http://example.org/diagram2graph#> .
@prefix rdfs: <http://www.w3.org/2000/01/rdf-schema#> .

<http://example.org/diagram/diagram/node/1> a d2g:Start, d2g:Node ;
    rdfs:label ""Start"" ;
    d2g:shape d2g:StartEvent .

<http://example.org/diagram/diagram/node/2> a d2g:Process, d2g:Node ;
    rdfs:label ""Enter www.acme.com"" ;
    d2g:shape d2g:Task .

<http://example.org/diagram/diagram/node/3> a d2g:Process, d2g:Node ;
    rdfs:label ""Acme Home page"" ;
    d2g:shape d2g:Task .

<http://example.org/diagram/diagram/node/4> a d2g:Process, d2g:Node ;
    rdfs:label ""Enter Email ID and Password"" ;
    d2g:shape d2g:Task .

<http://example.org/diagram/diagram/node/5> a d2g:Process, d2g:Node ;
    rdfs:label ""Log in error"" ;
    d2g:shape d2g:Task .

<http://example.org/diagram/diagram/node/6> a d2g:Decision, d2g:Node ;
    rdfs:label ""Is Email ID and Password Correct?"" ;
    d2g:shape d2g:Gateway .

<http://example.org/diagram/diagram/node/7> a d2g:Process, d2g:Node ;
    rdfs:label ""Display Account"" ;
    d2g:shape d2g:Task .

<http://example.org/diagram/diagram/node/8> a d2g:Terminator, d2g:Node ;
    rdfs:label ""Stop"" ;
    d2g:shape d2g:EndEvent .

<http://example.org/diagram/diagram/edge/12> a d2g:Edge, d2g:Solid ;
    d2g:source <http://example.org/diagram/diagram/node/1> ;
    d2g:target <http://example.org/diagram/diagram/node/2> ;
    d2g:relationshipType d2g:Follows .

<http://example.org/diagram/diagram/edge/23> a d2g:Edge, d2g:Solid ;
    d2g:source <http://example.org/diagram/diagram/node/2> ;
    d2g:target <http://example.org/diagram/diagram/node/3> ;
    d2g:relationshipType d2g:Follows .

<http://example.org/diagram/diagram/edge/34> a d2g:Edge, d2g:Solid ;
    d2g:source <http://example.org/diagram/diagram/node/3> ;
    d2g:target <http://example.org/diagram/diagram/node/4> ;
    d2g:relationshipType d2g:Follows .

<http://example.org/diagram/diagram/edge/46> a d2g:Edge, d2g:Solid ;
    d2g:source <http://example.org/diagram/diagram/node/4> ;
    d2g:target <http://example.org/diagram/diagram/node/6> ;
    d2g:relationshipType d2g:Follows .

<http://example.org/diagram/diagram/edge/65> a d2g:Edge, d2g:Solid ;
    d2g:source <http://example.org/diagram/diagram/node/6> ;
    d2g:target <http://example.org/diagram/diagram/node/5> ;
    d2g:relationshipType d2g:Branches ;
    d2g:relationshipValue ""No"" .

<http://example.org/diagram/diagram/edge/54> a d2g:Edge, d2g:Solid ;
    d2g:source <http://example.org/diagram/diagram/node/5> ;
    d2g:target <http://example.org/diagram/diagram/node/4> ;
    d2g:relationshipType d2g:Follows .

<http://example.org/diagram/diagram/edge/67> a d2g:Edge, d2g:Solid ;
    d2g:source <http://example.org/diagram/diagram/node/6> ;
    d2g:target <http://example.org/diagram/diagram/node/7> ;
    d2g:relationshipType d2g:Branches ;
    d2g:relationshipValue ""Yes"" .

<http://example.org/diagram/diagram/edge/78> a d2g:Edge, d2g:Solid ;
    d2g:source <http://example.org/diagram/diagram/node/7> ;
    d2g:target <http://example.org/diagram/diagram/node/8> ;
    d2g:relationshipType d2g:Follows .

<http://example.org/diagram/diagram/node/1> d2g:follows <http://example.org/diagram/diagram/node/2> .
<http://example.org/diagram/diagram/node/2> d2g:follows <http://example.org/diagram/diagram/node/3> .
<http://example.org/diagram/diagram/node/3> d2g:follows <http://example.org/diagram/diagram/node/4> .
<http://example.org/diagram/diagram/node/4> d2g:follows <http://example.org/diagram/diagram/node/6> .
<http://example.org/diagram/diagram/node/6> d2g:branches <http://example.org/diagram/diagram/node/5> .
<http://example.org/diagram/diagram/node/5> d2g:follows <http://example.org/diagram/diagram/node/4> .
<http://example.org/diagram/diagram/node/6> d2g:branches <http://example.org/diagram/diagram/node/7> .
<http://example.org/diagram/diagram/node/7> d2g:follows <http://example.org/diagram/diagram/node/8> .
",1.0,1.0
Extract RDF triples from this image (/kaggle/input/diagram2graph-dataset/diagram2graph/922.png),['/kaggle/input/diagram2graph-dataset/diagram2graph/922.png'],"@prefix d2g:  <http://example.org/diagram2graph#> .
@prefix rdfs: <http://www.w3.org/2000/01/rdf-schema#> .

<http://example.org/diagram/diagram/node/1> a d2g:Start, d2g:Node ;
    rdfs:label ""Start"" ;
    d2g:shape d2g:StartEvent .

<http://example.org/diagram/diagram/node/2> a d2g:Process, d2g:Node ;
    rdfs:label ""Declare Variable a, b, c, D,\nx1, x2, rp, ip"" ;
    d2g:shape d2g:Task .

<http://example.org/diagram/diagram/node/3> a d2g:Process, d2g:Node ;
    rdfs:label ""Calculate Discriminant by\nD< b²- 4ac"" ;
    d2g:shape d2g:Task .

<http://example.org/diagram/diagram/node/4> a d2g:Decision, d2g:Node ;
    rdfs:label ""Is D >= 0?"" ;
    d2g:shape d2g:Gateway .

<http://example.org/diagram/diagram/node/5> a d2g:Process, d2g:Node ;
    rdfs:label ""r1←(-b + √D) /2a\nr2←(-b + √D) /2a"" ;
    d2g:shape d2g:Task .

<http://example.org/diagram/diagram/node/6> a d2g:Process, d2g:Node ;
    rdfs:label ""ip← -b/ 2a\nrp← √-D) /2a"" ;
    d2g:shape d2g:Task .

<http://example.org/diagram/diagram/node/7> a d2g:Process, d2g:Node ;
    rdfs:label ""x1← ip + j*ip\nx2←rp - j*ip"" ;
    d2g:shape d2g:Task .

<http://example.org/diagram/diagram/node/8> a d2g:Process, d2g:Node ;
    rdfs:label ""Display r1 and r2"" ;
    d2g:shape d2g:Task .

<http://example.org/diagram/diagram/node/9> a d2g:Terminator, d2g:Node ;
    rdfs:label ""End"" ;
    d2g:shape d2g:EndEvent .

<http://example.org/diagram/diagram/edge/12> a d2g:Edge, d2g:Solid ;
    d2g:source <http://example.org/diagram/diagram/node/1> ;
    d2g:target <http://example.org/diagram/diagram/node/2> ;
    d2g:relationshipType d2g:Follows .

<http://example.org/diagram/diagram/edge/23> a d2g:Edge, d2g:Solid ;
    d2g:source <http://example.org/diagram/diagram/node/2> ;
    d2g:target <http://example.org/diagram/diagram/node/3> ;
    d2g:relationshipType d2g:Follows .

<http://example.org/diagram/diagram/edge/34> a d2g:Edge, d2g:Solid ;
    d2g:source <http://example.org/diagram/diagram/node/3> ;
    d2g:target <http://example.org/diagram/diagram/node/4> ;
    d2g:relationshipType d2g:Follows .

<http://example.org/diagram/diagram/edge/45> a d2g:Edge, d2g:Solid ;
    d2g:source <http://example.org/diagram/diagram/node/4> ;
    d2g:target <http://example.org/diagram/diagram/node/5> ;
    d2g:relationshipType d2g:Branches ;
    d2g:relationshipValue ""TRUE"" .

<http://example.org/diagram/diagram/edge/46> a d2g:Edge, d2g:Solid ;
    d2g:source <http://example.org/diagram/diagram/node/4> ;
    d2g:target <http://example.org/diagram/diagram/node/6> ;
    d2g:relationshipType d2g:Branches ;
    d2g:relationshipValue ""FALSE"" .

<http://example.org/diagram/diagram/edge/58> a d2g:Edge, d2g:Solid ;
    d2g:source <http://example.org/diagram/diagram/node/5> ;
    d2g:target <http://example.org/diagram/diagram/node/8> ;
    d2g:relationshipType d2g:Follows .

<http://example.org/diagram/diagram/edge/67> a d2g:Edge, d2g:Solid ;
    d2g:source <http://example.org/diagram/diagram/node/6> ;
    d2g:target <http://example.org/diagram/diagram/node/7> ;
    d2g:relationshipType d2g:Follows .

<http://example.org/diagram/diagram/edge/78> a d2g:Edge, d2g:Solid ;
    d2g:source <http://example.org/diagram/diagram/node/7> ;
    d2g:target <http://example.org/diagram/diagram/node/8> ;
    d2g:relationshipType d2g:Follows .

<http://example.org/diagram/diagram/edge/89> a d2g:Edge, d2g:Solid ;
    d2g:source <http://example.org/diagram/diagram/node/8> ;
    d2g:target <http://example.org/diagram/diagram/node/9> ;
    d2g:relationshipType d2g:Follows .

<http://example.org/diagram/diagram/node/1> d2g:follows <http://example.org/diagram/diagram/node/2> .
<http://example.org/diagram/diagram/node/2> d2g:follows <http://example.org/diagram/diagram/node/3> .
<http://example.org/diagram/diagram/node/3> d2g:follows <http://example.org/diagram/diagram/node/4> .
<http://example.org/diagram/diagram/node/4> d2g:branches <http://example.org/diagram/diagram/node/5> .
<http://example.org/diagram/diagram/node/4> d2g:branches <http://example.org/diagram/diagram/node/6> .
<http://example.org/diagram/diagram/node/5> d2g:follows <http://example.org/diagram/diagram/node/8> .
<http://example.org/diagram/diagram/node/6> d2g:follows <http://example.org/diagram/diagram/node/7> .
<http://example.org/diagram/diagram/node/7> d2g:follows <http://example.org/diagram/diagram/node/8> .
<http://example.org/diagram/diagram/node/8> d2g:follows <http://example.org/diagram/diagram/node/9> .
",1.0,1.0
Extract RDF triples from this image (/kaggle/input/diagram2graph-dataset/diagram2graph/924.png),['/kaggle/input/diagram2graph-dataset/diagram2graph/924.png'],"@prefix d2g:  <http://example.org/diagram2graph#> .
@prefix rdfs: <http://www.w3.org/2000/01/rdf-schema#> .

<http://example.org/diagram/diagram/node/1> a d2g:Start, d2g:Node ;
    rdfs:label ""Start"" ;
    d2g:shape d2g:StartEvent .

<http://example.org/diagram/diagram/node/2> a d2g:Process, d2g:Node ;
    rdfs:label ""Process_1"" ;
    d2g:shape d2g:Task .

<http://example.org/diagram/diagram/node/3> a d2g:Process, d2g:Node ;
    rdfs:label ""Process_2"" ;
    d2g:shape d2g:Task .

<http://example.org/diagram/diagram/node/4> a d2g:Terminator, d2g:Node ;
    rdfs:label ""End"" ;
    d2g:shape d2g:EndEvent .

<http://example.org/diagram/diagram/edge/12> a d2g:Edge, d2g:Solid ;
    d2g:source <http://example.org/diagram/diagram/node/1> ;
    d2g:target <http://example.org/diagram/diagram/node/2> ;
    d2g:relationshipType d2g:Follows .

<http://example.org/diagram/diagram/edge/23> a d2g:Edge, d2g:Solid ;
    d2g:source <http://example.org/diagram/diagram/node/2> ;
    d2g:target <http://example.org/diagram/diagram/node/3> ;
    d2g:relationshipType d2g:Follows .

<http://example.org/diagram/diagram/edge/34> a d2g:Edge, d2g:Solid ;
    d2g:source <http://example.org/diagram/diagram/node/3> ;
    d2g:target <http://example.org/diagram/diagram/node/4> ;
    d2g:relationshipType d2g:Follows .

<http://example.org/diagram/diagram/node/1> d2g:follows <http://example.org/diagram/diagram/node/2> .
<http://example.org/diagram/diagram/node/2> d2g:follows <http://example.org/diagram/diagram/node/3> .
<http://example.org/diagram/diagram/node/3> d2g:follows <http://example.org/diagram/diagram/node/4> .
",1.0,0.0
Extract RDF triples from this image (/kaggle/input/diagram2graph-dataset/diagram2graph/926.png),['/kaggle/input/diagram2graph-dataset/diagram2graph/926.png'],"@prefix d2g: <http://example.org/diagram2graph#> .
@prefix rdfs: <http://www.w3.org/2000/01/rdf-schema#> .

<http://example.org/diagram/diagram/node/1> a d2g:Node, d2g:Start ;
    rdfs:label ""Begin"" ;
    d2g:shape d2g:StartEvent .

<http://example.org/diagram/diagram/node/2> a d2g:Node, d2g:Decision ;
    rdfs:label ""Do You\nUnderstand\nFlowcharts?"" ;
    d2g:shape d2g:Gateway .

<http://example.org/diagram/diagram/node/3> a d2g:Node, d2g:Process ;
    rdfs:label ""Great!"" ;
    d2g:shape d2g:Task .

<http://example.org/diagram/diagram/node/4> a d2g:Node, d2g:Process ;
    rdfs:label ""Read each detail"" ;
    d2g:shape d2g:Task .

<http://example.org/diagram/diagram/node/5> a d2g:Node, d2g:Decision ;
    rdfs:label ""Would You\nLike to Start With the\nBasics?"" ;
    d2g:shape d2g:Gateway .

<http://example.org/diagram/diagram/node/6> a d2g:Node, d2g:Process ;
    rdfs:label ""Explain everyone"" ;
    d2g:shape d2g:Task .

<http://example.org/diagram/diagram/node/7> a d2g:Node, d2g:Process ;
    rdfs:label ""Further Reading About\nFlowcharts"" ;
    d2g:shape d2g:Task .

<http://example.org/diagram/diagram/edge/12> a d2g:Edge, d2g:Solid ;
    d2g:source <http://example.org/diagram/diagram/node/1> ;
    d2g:target <http://example.org/diagram/diagram/node/2> ;
    d2g:relationshipType d2g:Follows .

<http://example.org/diagram/diagram/edge/23> a d2g:Edge, d2g:Solid ;
    d2g:source <http://example.org/diagram/diagram/node/2> ;
    d2g:target <http://example.org/diagram/diagram/node/3> ;
    d2g:relationshipType d2g:Branches ;
    d2g:relationshipValue ""YES"" .

<http://example.org/diagram/diagram/edge/25> a d2g:Edge, d2g:Solid ;
    d2g:source <http://example.org/diagram/diagram/node/2> ;
    d2g:target <http://example.org/diagram/diagram/node/5> ;
    d2g:relationshipType d2g:Branches ;
    d2g:relationshipValue ""NO"" .

<http://example.org/diagram/diagram/edge/36> a d2g:Edge, d2g:Solid ;
    d2g:source <http://example.org/diagram/diagram/node/3> ;
    d2g:target <http://example.org/diagram/diagram/node/6> ;
    d2g:relationshipType d2g:Follows .

<http://example.org/diagram/diagram/edge/54> a d2g:Edge, d2g:Solid ;
    d2g:source <http://example.org/diagram/diagram/node/5> ;
    d2g:target <http://example.org/diagram/diagram/node/4> ;
    d2g:relationshipType d2g:Branches ;
    d2g:relationshipValue ""YES"" .

<http://example.org/diagram/diagram/edge/57> a d2g:Edge, d2g:Solid ;
    d2g:source <http://example.org/diagram/diagram/node/5> ;
    d2g:target <http://example.org/diagram/diagram/node/7> ;
    d2g:relationshipType d2g:Branches ;
    d2g:relationshipValue ""NO"" .

<http://example.org/diagram/diagram/node/1> d2g:follows <http://example.org/diagram/diagram/node/2> .
<http://example.org/diagram/diagram/node/2> d2g:branches <http://example.org/diagram/diagram/node/3> .
<http://example.org/diagram/diagram/node/2> d2g:branches <http://example.org/diagram/diagram/node/5> .
<http://example.org/diagram/diagram/node/3> d2g:follows <http://example.org/diagram/diagram/node/6> .
<http://example.org/diagram/diagram/node/5> d2g:branches <http://example.org/diagram/diagram/node/4> .
<http://example.org/diagram/diagram/node/5> d2g:branches <http://example.org/diagram/diagram/node/7> .
",0.0,1.0
Extract RDF triples from this image (/kaggle/input/diagram2graph-dataset/diagram2graph/929.png),['/kaggle/input/diagram2graph-dataset/diagram2graph/929.png'],"@prefix d2g: <http://example.org/diagram2graph#> .
@prefix rdfs: <http://www.w3.org/2000/01/rdf-schema#> .

<http://example.org/diagram/diagram/node/1> a d2g:Start, d2g:Node ;
    rdfs:label ""Start"" ;
    d2g:shape d2g:StartEvent .

<http://example.org/diagram/diagram/node/2> a d2g:Process, d2g:Node ;
    rdfs:label ""Input N"" ;
    d2g:shape d2g:Task .

<http://example.org/diagram/diagram/node/3> a d2g:Process, d2g:Node ;
    rdfs:label ""Remainder = N modulo 2"" ;
    d2g:shape d2g:Task .

<http://example.org/diagram/diagram/node/4> a d2g:Decision, d2g:Node ;
    rdfs:label ""Remainder = 0?"" ;
    d2g:shape d2g:Gateway .

<http://example.org/diagram/diagram/node/5> a d2g:Process, d2g:Node ;
    rdfs:label ""Answer = EVEN"" ;
    d2g:shape d2g:Task .

<http://example.org/diagram/diagram/node/6> a d2g:Process, d2g:Node ;
    rdfs:label ""Answer = ODD"" ;
    d2g:shape d2g:Task .

<http://example.org/diagram/diagram/node/7> a d2g:Process, d2g:Node ;
    rdfs:label ""Output Answer"" ;
    d2g:shape d2g:Task .

<http://example.org/diagram/diagram/node/8> a d2g:Terminator, d2g:Node ;
    rdfs:label ""End"" ;
    d2g:shape d2g:EndEvent .

<http://example.org/diagram/diagram/edge/12> a d2g:Edge, d2g:Solid ;
    d2g:source <http://example.org/diagram/diagram/node/1> ;
    d2g:target <http://example.org/diagram/diagram/node/2> ;
    d2g:relationshipType d2g:Follows .

<http://example.org/diagram/diagram/edge/23> a d2g:Edge, d2g:Solid ;
    d2g:source <http://example.org/diagram/diagram/node/2> ;
    d2g:target <http://example.org/diagram/diagram/node/3> ;
    d2g:relationshipType d2g:Follows .

<http://example.org/diagram/diagram/edge/34> a d2g:Edge, d2g:Solid ;
    d2g:source <http://example.org/diagram/diagram/node/3> ;
    d2g:target <http://example.org/diagram/diagram/node/4> ;
    d2g:relationshipType d2g:Follows .

<http://example.org/diagram/diagram/edge/45> a d2g:Edge, d2g:Solid ;
    d2g:source <http://example.org/diagram/diagram/node/4> ;
    d2g:target <http://example.org/diagram/diagram/node/5> ;
    d2g:relationshipType d2g:Branches ;
    d2g:relationshipValue ""YES"" .

<http://example.org/diagram/diagram/edge/46> a d2g:Edge, d2g:Solid ;
    d2g:source <http://example.org/diagram/diagram/node/4> ;
    d2g:target <http://example.org/diagram/diagram/node/6> ;
    d2g:relationshipType d2g:Branches ;
    d2g:relationshipValue ""NO"" .

<http://example.org/diagram/diagram/edge/57> a d2g:Edge, d2g:Solid ;
    d2g:source <http://example.org/diagram/diagram/node/5> ;
    d2g:target <http://example.org/diagram/diagram/node/7> ;
    d2g:relationshipType d2g:Follows .

<http://example.org/diagram/diagram/edge/67> a d2g:Edge, d2g:Solid ;
    d2g:source <http://example.org/diagram/diagram/node/6> ;
    d2g:target <http://example.org/diagram/diagram/node/7> ;
    d2g:relationshipType d2g:Follows .

<http://example.org/diagram/diagram/edge/78> a d2g:Edge, d2g:Solid ;
    d2g:source <http://example.org/diagram/diagram/node/7> ;
    d2g:target <http://example.org/diagram/diagram/node/8> ;
    d2g:relationshipType d2g:Follows .

<http://example.org/diagram/diagram/node/1> d2g:follows <http://example.org/diagram/diagram/node/2> .
<http://example.org/diagram/diagram/node/2> d2g:follows <http://example.org/diagram/diagram/node/3> .
<http://example.org/diagram/diagram/node/3> d2g:follows <http://example.org/diagram/diagram/node/4> .
<http://example.org/diagram/diagram/node/4> d2g:branches <http://example.org/diagram/diagram/node/5> .
<http://example.org/diagram/diagram/node/4> d2g:branches <http://example.org/diagram/diagram/node/6> .
<http://example.org/diagram/diagram/node/5> d2g:follows <http://example.org/diagram/diagram/node/7> .
<http://example.org/diagram/diagram/node/6> d2g:follows <http://example.org/diagram/diagram/node/7> .
<http://example.org/diagram/diagram/node/7> d2g:follows <http://example.org/diagram/diagram/node/8> .
",1.0,1.0
Extract RDF triples from this image (/kaggle/input/diagram2graph-dataset/diagram2graph/93.png),['/kaggle/input/diagram2graph-dataset/diagram2graph/93.png'],"@prefix d2g:  <http://example.org/diagram2graph#> .
@prefix rdfs: <http://www.w3.org/2000/01/rdf-schema#> .

<http://example.org/diagram/diagram/node/1> a d2g:Start, d2g:Node ;
    rdfs:label ""Start"" ;
    d2g:shape d2g:StartEvent .

<http://example.org/diagram/diagram/node/2> a d2g:Process, d2g:Node ;
    rdfs:label ""Initialize"" ;
    d2g:shape d2g:Task .

<http://example.org/diagram/diagram/node/3> a d2g:Decision, d2g:Node ;
    rdfs:label ""Decision"" ;
    d2g:shape d2g:Gateway .

<http://example.org/diagram/diagram/node/4> a d2g:Process, d2g:Node ;
    rdfs:label ""Update"" ;
    d2g:shape d2g:Task .

<http://example.org/diagram/diagram/node/5> a d2g:Terminator, d2g:Node ;
    rdfs:label ""End"" ;
    d2g:shape d2g:EndEvent .

<http://example.org/diagram/diagram/edge/12> a d2g:Edge, d2g:Solid ;
    d2g:source <http://example.org/diagram/diagram/node/1> ;
    d2g:target <http://example.org/diagram/diagram/node/2> ;
    d2g:relationshipType d2g:Follows .

<http://example.org/diagram/diagram/edge/23> a d2g:Edge, d2g:Solid ;
    d2g:source <http://example.org/diagram/diagram/node/2> ;
    d2g:target <http://example.org/diagram/diagram/node/3> ;
    d2g:relationshipType d2g:Follows .

<http://example.org/diagram/diagram/edge/35> a d2g:Edge, d2g:Solid ;
    d2g:source <http://example.org/diagram/diagram/node/3> ;
    d2g:target <http://example.org/diagram/diagram/node/5> ;
    d2g:relationshipType d2g:Branches ;
    d2g:relationshipValue ""Yes"" .

<http://example.org/diagram/diagram/edge/34> a d2g:Edge, d2g:Solid ;
    d2g:source <http://example.org/diagram/diagram/node/3> ;
    d2g:target <http://example.org/diagram/diagram/node/4> ;
    d2g:relationshipType d2g:Branches ;
    d2g:relationshipValue ""No"" .

<http://example.org/diagram/diagram/edge/42> a d2g:Edge, d2g:Solid ;
    d2g:source <http://example.org/diagram/diagram/node/4> ;
    d2g:target <http://example.org/diagram/diagram/node/2> ;
    d2g:relationshipType d2g:Follows .

<http://example.org/diagram/diagram/node/1> d2g:follows <http://example.org/diagram/diagram/node/2> .
<http://example.org/diagram/diagram/node/2> d2g:follows <http://example.org/diagram/diagram/node/3> .
<http://example.org/diagram/diagram/node/3> d2g:branches <http://example.org/diagram/diagram/node/5> .
<http://example.org/diagram/diagram/node/3> d2g:branches <http://example.org/diagram/diagram/node/4> .
<http://example.org/diagram/diagram/node/4> d2g:follows <http://example.org/diagram/diagram/node/2> .
",1.0,1.0
Extract RDF triples from this image (/kaggle/input/diagram2graph-dataset/diagram2graph/930.png),['/kaggle/input/diagram2graph-dataset/diagram2graph/930.png'],"@prefix d2g:  <http://example.org/diagram2graph#> .
@prefix rdfs: <http://www.w3.org/2000/01/rdf-schema#> .

<http://example.org/diagram/diagram/node/1> a d2g:Start, d2g:Node ;
    rdfs:label ""Start"" ;
    d2g:shape d2g:StartEvent .

<http://example.org/diagram/diagram/node/2> a d2g:Process, d2g:Node ;
    rdfs:label ""c = 1"" ;
    d2g:shape d2g:Task .

<http://example.org/diagram/diagram/node/3> a d2g:Decision, d2g:Node ;
    rdfs:label ""is c < 6"" ;
    d2g:shape d2g:Gateway .

<http://example.org/diagram/diagram/node/4> a d2g:Terminator, d2g:Node ;
    rdfs:label ""Stop"" ;
    d2g:shape d2g:EndEvent .

<http://example.org/diagram/diagram/node/5> a d2g:Process, d2g:Node ;
    rdfs:label ""Print 3*c"" ;
    d2g:shape d2g:Task .

<http://example.org/diagram/diagram/node/6> a d2g:Process, d2g:Node ;
    rdfs:label ""c = c + 1"" ;
    d2g:shape d2g:Task .

<http://example.org/diagram/diagram/edge/12> a d2g:Edge, d2g:Solid ;
    d2g:source <http://example.org/diagram/diagram/node/1> ;
    d2g:target <http://example.org/diagram/diagram/node/2> ;
    d2g:relationshipType d2g:Follows .

<http://example.org/diagram/diagram/edge/23> a d2g:Edge, d2g:Solid ;
    d2g:source <http://example.org/diagram/diagram/node/2> ;
    d2g:target <http://example.org/diagram/diagram/node/3> ;
    d2g:relationshipType d2g:Follows .

<http://example.org/diagram/diagram/edge/34> a d2g:Edge, d2g:Solid ;
    d2g:source <http://example.org/diagram/diagram/node/3> ;
    d2g:target <http://example.org/diagram/diagram/node/4> ;
    d2g:relationshipType d2g:Branches ;
    d2g:relationshipValue ""No"" .

<http://example.org/diagram/diagram/edge/35> a d2g:Edge, d2g:Solid ;
    d2g:source <http://example.org/diagram/diagram/node/3> ;
    d2g:target <http://example.org/diagram/diagram/node/5> ;
    d2g:relationshipType d2g:Branches ;
    d2g:relationshipValue ""Yes"" .

<http://example.org/diagram/diagram/edge/56> a d2g:Edge, d2g:Solid ;
    d2g:source <http://example.org/diagram/diagram/node/5> ;
    d2g:target <http://example.org/diagram/diagram/node/6> ;
    d2g:relationshipType d2g:Follows .

<http://example.org/diagram/diagram/edge/63> a d2g:Edge, d2g:Solid ;
    d2g:source <http://example.org/diagram/diagram/node/6> ;
    d2g:target <http://example.org/diagram/diagram/node/3> ;
    d2g:relationshipType d2g:Follows .

<http://example.org/diagram/diagram/node/1> d2g:follows <http://example.org/diagram/diagram/node/2> .
<http://example.org/diagram/diagram/node/2> d2g:follows <http://example.org/diagram/diagram/node/3> .
<http://example.org/diagram/diagram/node/3> d2g:branches <http://example.org/diagram/diagram/node/4> .
<http://example.org/diagram/diagram/node/3> d2g:branches <http://example.org/diagram/diagram/node/5> .
<http://example.org/diagram/diagram/node/5> d2g:follows <http://example.org/diagram/diagram/node/6> .
<http://example.org/diagram/diagram/node/6> d2g:follows <http://example.org/diagram/diagram/node/3> .
",0.0,1.0
Extract RDF triples from this image (/kaggle/input/diagram2graph-dataset/diagram2graph/931.png),['/kaggle/input/diagram2graph-dataset/diagram2graph/931.png'],"@prefix d2g:  <http://example.org/diagram2graph#> .
@prefix rdfs: <http://www.w3.org/2000/01/rdf-schema#> .

<http://example.org/diagram/diagram/node/1> a d2g:Start, d2g:Node ;
    rdfs:label ""Start"" ;
    d2g:shape d2g:StartEvent .

<http://example.org/diagram/diagram/node/2> a d2g:Process, d2g:Node ;
    rdfs:label ""Read A"" ;
    d2g:shape d2g:Task .

<http://example.org/diagram/diagram/node/3> a d2g:Decision, d2g:Node ;
    rdfs:label ""Before lunch?"" ;
    d2g:shape d2g:Gateway .

<http://example.org/diagram/diagram/node/4> a d2g:Process, d2g:Node ;
    rdfs:label ""Accept"" ;
    d2g:shape d2g:Task .

<http://example.org/diagram/diagram/node/5> a d2g:Terminator, d2g:Node ;
    rdfs:label ""End"" ;
    d2g:shape d2g:EndEvent .

<http://example.org/diagram/diagram/edge/12> a d2g:Edge, d2g:Solid ;
    d2g:source <http://example.org/diagram/diagram/node/1> ;
    d2g:target <http://example.org/diagram/diagram/node/2> ;
    d2g:relationshipType d2g:Follows .

<http://example.org/diagram/diagram/edge/23> a d2g:Edge, d2g:Solid ;
    d2g:source <http://example.org/diagram/diagram/node/2> ;
    d2g:target <http://example.org/diagram/diagram/node/3> ;
    d2g:relationshipType d2g:Follows .

<http://example.org/diagram/diagram/edge/34> a d2g:Edge, d2g:Solid ;
    d2g:source <http://example.org/diagram/diagram/node/3> ;
    d2g:target <http://example.org/diagram/diagram/node/4> ;
    d2g:relationshipType d2g:Branches ;
    d2g:relationshipValue ""Yes"" .

<http://example.org/diagram/diagram/edge/35> a d2g:Edge, d2g:Solid ;
    d2g:source <http://example.org/diagram/diagram/node/3> ;
    d2g:target <http://example.org/diagram/diagram/node/5> ;
    d2g:relationshipType d2g:Branches ;
    d2g:relationshipValue ""No"" .

<http://example.org/diagram/diagram/node/1> d2g:follows <http://example.org/diagram/diagram/node/2> .
<http://example.org/diagram/diagram/node/2> d2g:follows <http://example.org/diagram/diagram/node/3> .
<http://example.org/diagram/diagram/node/3> d2g:branches <http://example.org/diagram/diagram/node/4> .
<http://example.org/diagram/diagram/node/3> d2g:branches <http://example.org/diagram/diagram/node/5> .
",1.0,1.0
Extract RDF triples from this image (/kaggle/input/diagram2graph-dataset/diagram2graph/933.png),['/kaggle/input/diagram2graph-dataset/diagram2graph/933.png'],"@prefix d2g: <http://example.org/diagram2graph#> .
@prefix rdfs: <http://www.w3.org/2000/01/rdf-schema#> .

<http://example.org/diagram/diagram/node/1> a d2g:Start, d2g:Node ;
    rdfs:label ""Start"" ;
    d2g:shape d2g:StartEvent .

<http://example.org/diagram/diagram/node/2> a d2g:Process, d2g:Node ;
    rdfs:label ""Look for address"" ;
    d2g:shape d2g:Task .

<http://example.org/diagram/diagram/node/3> a d2g:Decision, d2g:Node ;
    rdfs:label ""Did you find it?"" ;
    d2g:shape d2g:Gateway .

<http://example.org/diagram/diagram/node/4> a d2g:Decision, d2g:Node ;
    rdfs:label ""Ask someone"" ;
    d2g:shape d2g:Gateway .

<http://example.org/diagram/diagram/node/5> a d2g:Terminator, d2g:Node ;
    rdfs:label ""Stop looking"" ;
    d2g:shape d2g:EndEvent .

<http://example.org/diagram/diagram/edge/12> a d2g:Edge, d2g:Solid ;
    d2g:source <http://example.org/diagram/diagram/node/1> ;
    d2g:target <http://example.org/diagram/diagram/node/2> ;
    d2g:relationshipType d2g:Follows .

<http://example.org/diagram/diagram/edge/23> a d2g:Edge, d2g:Solid ;
    d2g:source <http://example.org/diagram/diagram/node/2> ;
    d2g:target <http://example.org/diagram/diagram/node/3> ;
    d2g:relationshipType d2g:Follows .

<http://example.org/diagram/diagram/edge/35> a d2g:Edge, d2g:Solid ;
    d2g:source <http://example.org/diagram/diagram/node/3> ;
    d2g:target <http://example.org/diagram/diagram/node/5> ;
    d2g:relationshipType d2g:Branches ;
    d2g:relationshipValue ""Yes"" .

<http://example.org/diagram/diagram/edge/34> a d2g:Edge, d2g:Solid ;
    d2g:source <http://example.org/diagram/diagram/node/3> ;
    d2g:target <http://example.org/diagram/diagram/node/4> ;
    d2g:relationshipType d2g:Branches ;
    d2g:relationshipValue ""No"" .

<http://example.org/diagram/diagram/edge/42> a d2g:Edge, d2g:Solid ;
    d2g:source <http://example.org/diagram/diagram/node/4> ;
    d2g:target <http://example.org/diagram/diagram/node/2> ;
    d2g:relationshipType d2g:Branches ;
    d2g:relationshipValue ""Yes"" .

<http://example.org/diagram/diagram/edge/45> a d2g:Edge, d2g:Solid ;
    d2g:source <http://example.org/diagram/diagram/node/4> ;
    d2g:target <http://example.org/diagram/diagram/node/5> ;
    d2g:relationshipType d2g:Branches ;
    d2g:relationshipValue ""No"" .

<http://example.org/diagram/diagram/node/1> d2g:follows <http://example.org/diagram/diagram/node/2> .
<http://example.org/diagram/diagram/node/2> d2g:follows <http://example.org/diagram/diagram/node/3> .
<http://example.org/diagram/diagram/node/3> d2g:branches <http://example.org/diagram/diagram/node/5> .
<http://example.org/diagram/diagram/node/3> d2g:branches <http://example.org/diagram/diagram/node/4> .
<http://example.org/diagram/diagram/node/4> d2g:branches <http://example.org/diagram/diagram/node/2> .
<http://example.org/diagram/diagram/node/4> d2g:branches <http://example.org/diagram/diagram/node/5> .
",0.0,1.0
Extract RDF triples from this image (/kaggle/input/diagram2graph-dataset/diagram2graph/934.png),['/kaggle/input/diagram2graph-dataset/diagram2graph/934.png'],"@prefix d2g:  <http://example.org/diagram2graph#> .
@prefix rdfs: <http://www.w3.org/2000/01/rdf-schema#> .

<http://example.org/diagram/diagram/node/1> a d2g:Start, d2g:Node ;
    rdfs:label ""Start"" ;
    d2g:shape d2g:StartEvent .

<http://example.org/diagram/diagram/node/2> a d2g:Process, d2g:Node ;
    rdfs:label ""Homepage"" ;
    d2g:shape d2g:Task .

<http://example.org/diagram/diagram/node/3> a d2g:Decision, d2g:Node ;
    rdfs:label ""have an account"" ;
    d2g:shape d2g:Gateway .

<http://example.org/diagram/diagram/node/4> a d2g:Process, d2g:Node ;
    rdfs:label ""Sign up"" ;
    d2g:shape d2g:Task .

<http://example.org/diagram/diagram/node/5> a d2g:Process, d2g:Node ;
    rdfs:label ""Log in"" ;
    d2g:shape d2g:Task .

<http://example.org/diagram/diagram/node/6> a d2g:Process, d2g:Node ;
    rdfs:label ""Fill out the information"" ;
    d2g:shape d2g:Task .

<http://example.org/diagram/diagram/node/7> a d2g:Process, d2g:Node ;
    rdfs:label ""Enter details"" ;
    d2g:shape d2g:Task .

<http://example.org/diagram/diagram/node/8> a d2g:Process, d2g:Node ;
    rdfs:label ""Submit"" ;
    d2g:shape d2g:Task .

<http://example.org/diagram/diagram/node/9> a d2g:Decision, d2g:Node ;
    rdfs:label ""e-mail and password valid"" ;
    d2g:shape d2g:Gateway .

<http://example.org/diagram/diagram/node/10> a d2g:Process, d2g:Node ;
    rdfs:label ""loged in to the system"" ;
    d2g:shape d2g:Task .

<http://example.org/diagram/diagram/node/11> a d2g:Terminator, d2g:Node ;
    rdfs:label ""end"" ;
    d2g:shape d2g:EndEvent .

<http://example.org/diagram/diagram/edge/12> a d2g:Edge, d2g:Solid ;
    d2g:source <http://example.org/diagram/diagram/node/1> ;
    d2g:target <http://example.org/diagram/diagram/node/2> ;
    d2g:relationshipType d2g:Follows .

<http://example.org/diagram/diagram/edge/23> a d2g:Edge, d2g:Solid ;
    d2g:source <http://example.org/diagram/diagram/node/2> ;
    d2g:target <http://example.org/diagram/diagram/node/3> ;
    d2g:relationshipType d2g:Follows .

<http://example.org/diagram/diagram/edge/34> a d2g:Edge, d2g:Solid ;
    d2g:source <http://example.org/diagram/diagram/node/3> ;
    d2g:target <http://example.org/diagram/diagram/node/4> ;
    d2g:relationshipType d2g:Branches ;
    d2g:relationshipValue ""No"" .

<http://example.org/diagram/diagram/edge/35> a d2g:Edge, d2g:Solid ;
    d2g:source <http://example.org/diagram/diagram/node/3> ;
    d2g:target <http://example.org/diagram/diagram/node/5> ;
    d2g:relationshipType d2g:Branches ;
    d2g:relationshipValue ""yes"" .

<http://example.org/diagram/diagram/edge/46> a d2g:Edge, d2g:Solid ;
    d2g:source <http://example.org/diagram/diagram/node/4> ;
    d2g:target <http://example.org/diagram/diagram/node/6> ;
    d2g:relationshipType d2g:Follows .

<http://example.org/diagram/diagram/edge/57> a d2g:Edge, d2g:Solid ;
    d2g:source <http://example.org/diagram/diagram/node/5> ;
    d2g:target <http://example.org/diagram/diagram/node/7> ;
    d2g:relationshipType d2g:Follows .

<http://example.org/diagram/diagram/edge/68> a d2g:Edge, d2g:Solid ;
    d2g:source <http://example.org/diagram/diagram/node/6> ;
    d2g:target <http://example.org/diagram/diagram/node/8> ;
    d2g:relationshipType d2g:Follows .

<http://example.org/diagram/diagram/edge/79> a d2g:Edge, d2g:Solid ;
    d2g:source <http://example.org/diagram/diagram/node/7> ;
    d2g:target <http://example.org/diagram/diagram/node/9> ;
    d2g:relationshipType d2g:Follows .

<http://example.org/diagram/diagram/edge/85> a d2g:Edge, d2g:Solid ;
    d2g:source <http://example.org/diagram/diagram/node/8> ;
    d2g:target <http://example.org/diagram/diagram/node/5> ;
    d2g:relationshipType d2g:Follows .

<http://example.org/diagram/diagram/edge/95> a d2g:Edge, d2g:Solid ;
    d2g:source <http://example.org/diagram/diagram/node/9> ;
    d2g:target <http://example.org/diagram/diagram/node/5> ;
    d2g:relationshipType d2g:Branches ;
    d2g:relationshipValue ""no"" .

<http://example.org/diagram/diagram/edge/910> a d2g:Edge, d2g:Solid ;
    d2g:source <http://example.org/diagram/diagram/node/9> ;
    d2g:target <http://example.org/diagram/diagram/node/10> ;
    d2g:relationshipType d2g:Branches ;
    d2g:relationshipValue ""yes"" .

<http://example.org/diagram/diagram/edge/1011> a d2g:Edge, d2g:Solid ;
    d2g:source <http://example.org/diagram/diagram/node/10> ;
    d2g:target <http://example.org/diagram/diagram/node/11> ;
    d2g:relationshipType d2g:Follows .

<http://example.org/diagram/diagram/node/1> d2g:follows <http://example.org/diagram/diagram/node/2> .
<http://example.org/diagram/diagram/node/2> d2g:follows <http://example.org/diagram/diagram/node/3> .
<http://example.org/diagram/diagram/node/3> d2g:branches <http://example.org/diagram/diagram/node/4> .
<http://example.org/diagram/diagram/node/3> d2g:branches <http://example.org/diagram/diagram/node/5> .
<http://example.org/diagram/diagram/node/4> d2g:follows <http://example.org/diagram/diagram/node/6> .
<http://example.org/diagram/diagram/node/5> d2g:follows <http://example.org/diagram/diagram/node/7> .
<http://example.org/diagram/diagram/node/6> d2g:follows <http://example.org/diagram/diagram/node/8> .
<http://example.org/diagram/diagram/node/7> d2g:follows <http://example.org/diagram/diagram/node/9> .
<http://example.org/diagram/diagram/node/8> d2g:follows <http://example.org/diagram/diagram/node/5> .
<http://example.org/diagram/diagram/node/9> d2g:branches <http://example.org/diagram/diagram/node/5> .
<http://example.org/diagram/diagram/node/9> d2g:branches <http://example.org/diagram/diagram/node/10> .
<http://example.org/diagram/diagram/node/10> d2g:follows <http://example.org/diagram/diagram/node/11> .
",0.0,1.0
Extract RDF triples from this image (/kaggle/input/diagram2graph-dataset/diagram2graph/935.png),['/kaggle/input/diagram2graph-dataset/diagram2graph/935.png'],"@prefix d2g:  <http://example.org/diagram2graph#> .
@prefix rdfs: <http://www.w3.org/2000/01/rdf-schema#> .

<http://example.org/diagram/diagram/node/1> a d2g:Start, d2g:Node ;
    rdfs:label ""Start"" ;
    d2g:shape d2g:StartEvent .

<http://example.org/diagram/diagram/node/2> a d2g:Process, d2g:Node ;
    rdfs:label ""Input Total Score"" ;
    d2g:shape d2g:Task .

<http://example.org/diagram/diagram/node/3> a d2g:Decision, d2g:Node ;
    rdfs:label ""If total score > 800"" ;
    d2g:shape d2g:Gateway .

<http://example.org/diagram/diagram/node/4> a d2g:Process, d2g:Node ;
    rdfs:label ""Not good college"" ;
    d2g:shape d2g:Task .

<http://example.org/diagram/diagram/node/5> a d2g:Process, d2g:Node ;
    rdfs:label ""Good college"" ;
    d2g:shape d2g:Task .

<http://example.org/diagram/diagram/node/6> a d2g:Terminator, d2g:Node ;
    rdfs:label ""End"" ;
    d2g:shape d2g:EndEvent .

<http://example.org/diagram/diagram/edge/12> a d2g:Edge, d2g:Solid ;
    d2g:source <http://example.org/diagram/diagram/node/1> ;
    d2g:target <http://example.org/diagram/diagram/node/2> ;
    d2g:relationshipType d2g:Follows .

<http://example.org/diagram/diagram/edge/23> a d2g:Edge, d2g:Solid ;
    d2g:source <http://example.org/diagram/diagram/node/2> ;
    d2g:target <http://example.org/diagram/diagram/node/3> ;
    d2g:relationshipType d2g:Follows .

<http://example.org/diagram/diagram/edge/34> a d2g:Edge, d2g:Solid ;
    d2g:source <http://example.org/diagram/diagram/node/3> ;
    d2g:target <http://example.org/diagram/diagram/node/4> ;
    d2g:relationshipType d2g:Branches ;
    d2g:relationshipValue ""No"" .

<http://example.org/diagram/diagram/edge/35> a d2g:Edge, d2g:Solid ;
    d2g:source <http://example.org/diagram/diagram/node/3> ;
    d2g:target <http://example.org/diagram/diagram/node/5> ;
    d2g:relationshipType d2g:Branches ;
    d2g:relationshipValue ""Yes"" .

<http://example.org/diagram/diagram/edge/46> a d2g:Edge, d2g:Solid ;
    d2g:source <http://example.org/diagram/diagram/node/4> ;
    d2g:target <http://example.org/diagram/diagram/node/6> ;
    d2g:relationshipType d2g:Follows .

<http://example.org/diagram/diagram/edge/56> a d2g:Edge, d2g:Solid ;
    d2g:source <http://example.org/diagram/diagram/node/5> ;
    d2g:target <http://example.org/diagram/diagram/node/6> ;
    d2g:relationshipType d2g:Follows .

<http://example.org/diagram/diagram/node/1> d2g:follows <http://example.org/diagram/diagram/node/2> .
<http://example.org/diagram/diagram/node/2> d2g:follows <http://example.org/diagram/diagram/node/3> .
<http://example.org/diagram/diagram/node/3> d2g:branches <http://example.org/diagram/diagram/node/4> .
<http://example.org/diagram/diagram/node/3> d2g:branches <http://example.org/diagram/diagram/node/5> .
<http://example.org/diagram/diagram/node/4> d2g:follows <http://example.org/diagram/diagram/node/6> .
<http://example.org/diagram/diagram/node/5> d2g:follows <http://example.org/diagram/diagram/node/6> .
",1.0,1.0
Extract RDF triples from this image (/kaggle/input/diagram2graph-dataset/diagram2graph/936.png),['/kaggle/input/diagram2graph-dataset/diagram2graph/936.png'],"@prefix d2g:  <http://example.org/diagram2graph#> .
@prefix rdfs: <http://www.w3.org/2000/01/rdf-schema#> .

<http://example.org/diagram/diagram/node/1> a d2g:Start, d2g:Node ;
    rdfs:label ""Start"" ;
    d2g:shape d2g:StartEvent .

<http://example.org/diagram/diagram/node/2> a d2g:Process, d2g:Node ;
    rdfs:label ""Input"" ;
    d2g:shape d2g:Task .

<http://example.org/diagram/diagram/node/3> a d2g:Decision, d2g:Node ;
    rdfs:label """" ;
    d2g:shape d2g:Gateway .

<http://example.org/diagram/diagram/node/4> a d2g:Process, d2g:Node ;
    rdfs:label ""Process"" ;
    d2g:shape d2g:Task .

<http://example.org/diagram/diagram/node/5> a d2g:Process, d2g:Node ;
    rdfs:label ""Process"" ;
    d2g:shape d2g:Task .

<http://example.org/diagram/diagram/node/6> a d2g:Terminator, d2g:Node ;
    rdfs:label ""End"" ;
    d2g:shape d2g:EndEvent .

<http://example.org/diagram/diagram/edge/12> a d2g:Edge, d2g:Solid ;
    d2g:source <http://example.org/diagram/diagram/node/1> ;
    d2g:target <http://example.org/diagram/diagram/node/2> ;
    d2g:relationshipType d2g:Follows .

<http://example.org/diagram/diagram/edge/23> a d2g:Edge, d2g:Solid ;
    d2g:source <http://example.org/diagram/diagram/node/2> ;
    d2g:target <http://example.org/diagram/diagram/node/3> ;
    d2g:relationshipType d2g:Follows .

<http://example.org/diagram/diagram/edge/34> a d2g:Edge, d2g:Solid ;
    d2g:source <http://example.org/diagram/diagram/node/3> ;
    d2g:target <http://example.org/diagram/diagram/node/4> ;
    d2g:relationshipType d2g:Branches .

<http://example.org/diagram/diagram/edge/35> a d2g:Edge, d2g:Solid ;
    d2g:source <http://example.org/diagram/diagram/node/3> ;
    d2g:target <http://example.org/diagram/diagram/node/5> ;
    d2g:relationshipType d2g:Branches .

<http://example.org/diagram/diagram/edge/46> a d2g:Edge, d2g:Solid ;
    d2g:source <http://example.org/diagram/diagram/node/4> ;
    d2g:target <http://example.org/diagram/diagram/node/6> ;
    d2g:relationshipType d2g:Follows .

<http://example.org/diagram/diagram/edge/56> a d2g:Edge, d2g:Solid ;
    d2g:source <http://example.org/diagram/diagram/node/5> ;
    d2g:target <http://example.org/diagram/diagram/node/6> ;
    d2g:relationshipType d2g:Follows .

<http://example.org/diagram/diagram/node/1> d2g:follows <http://example.org/diagram/diagram/node/2> .
<http://example.org/diagram/diagram/node/2> d2g:follows <http://example.org/diagram/diagram/node/3> .
<http://example.org/diagram/diagram/node/3> d2g:branches <http://example.org/diagram/diagram/node/4> .
<http://example.org/diagram/diagram/node/3> d2g:branches <http://example.org/diagram/diagram/node/5> .
<http://example.org/diagram/diagram/node/4> d2g:follows <http://example.org/diagram/diagram/node/6> .
<http://example.org/diagram/diagram/node/5> d2g:follows <http://example.org/diagram/diagram/node/6> .
",1.0,1.0
Extract RDF triples from this image (/kaggle/input/diagram2graph-dataset/diagram2graph/937.png),['/kaggle/input/diagram2graph-dataset/diagram2graph/937.png'],"@prefix d2g: <http://example.org/diagram2graph#> .
@prefix rdfs: <http://www.w3.org/2000/01/rdf-schema#> .

<http://example.org/diagram/diagram/node/1> a d2g:Start, d2g:Node ;
    rdfs:label ""START"" ;
    d2g:shape d2g:StartEvent .

<http://example.org/diagram/diagram/node/2> a d2g:Process, d2g:Node ;
    rdfs:label ""Greet"" ;
    d2g:shape d2g:Task .

<http://example.org/diagram/diagram/node/3> a d2g:Process, d2g:Node ;
    rdfs:label ""Enter ID"" ;
    d2g:shape d2g:Task .

<http://example.org/diagram/diagram/node/4> a d2g:Process, d2g:Node ;
    rdfs:label ""ACCEPT NO COMMANDS"" ;
    d2g:shape d2g:Task .

<http://example.org/diagram/diagram/node/5> a d2g:Process, d2g:Node ;
    rdfs:label ""INPUT DRIVER INFORMATION"" ;
    d2g:shape d2g:Task .

<http://example.org/diagram/diagram/node/6> a d2g:Process, d2g:Node ;
    rdfs:label ""Verify finger scan"" ;
    d2g:shape d2g:Task .

<http://example.org/diagram/diagram/node/7> a d2g:Process, d2g:Node ;
    rdfs:label ""SCAN FINGER AGAIN"" ;
    d2g:shape d2g:Task .

<http://example.org/diagram/diagram/node/8> a d2g:Decision, d2g:Node ;
    rdfs:label ""1ST AND 2ND SCAN MATCH?"" ;
    d2g:shape d2g:Gateway .

<http://example.org/diagram/diagram/node/9> a d2g:Process, d2g:Node ;
    rdfs:label ""Login"" ;
    d2g:shape d2g:Task .

<http://example.org/diagram/diagram/node/10> a d2g:Terminator, d2g:Node ;
    rdfs:label ""STOP"" ;
    d2g:shape d2g:EndEvent .

<http://example.org/diagram/diagram/edge/12> a d2g:Edge, d2g:Solid ;
    d2g:source <http://example.org/diagram/diagram/node/1> ;
    d2g:target <http://example.org/diagram/diagram/node/2> ;
    d2g:relationshipType d2g:Follows .

<http://example.org/diagram/diagram/edge/23> a d2g:Edge, d2g:Solid ;
    d2g:source <http://example.org/diagram/diagram/node/2> ;
    d2g:target <http://example.org/diagram/diagram/node/3> ;
    d2g:relationshipType d2g:Follows .

<http://example.org/diagram/diagram/edge/24> a d2g:Edge, d2g:Solid ;
    d2g:source <http://example.org/diagram/diagram/node/2> ;
    d2g:target <http://example.org/diagram/diagram/node/4> ;
    d2g:relationshipType d2g:Follows .

<http://example.org/diagram/diagram/edge/35> a d2g:Edge, d2g:Solid ;
    d2g:source <http://example.org/diagram/diagram/node/3> ;
    d2g:target <http://example.org/diagram/diagram/node/5> ;
    d2g:relationshipType d2g:Follows .

<http://example.org/diagram/diagram/edge/56> a d2g:Edge, d2g:Solid ;
    d2g:source <http://example.org/diagram/diagram/node/5> ;
    d2g:target <http://example.org/diagram/diagram/node/6> ;
    d2g:relationshipType d2g:Follows .

<http://example.org/diagram/diagram/edge/63> a d2g:Edge, d2g:Solid ;
    d2g:source <http://example.org/diagram/diagram/node/6> ;
    d2g:target <http://example.org/diagram/diagram/node/3> ;
    d2g:relationshipType d2g:Follows .

<http://example.org/diagram/diagram/edge/67> a d2g:Edge, d2g:Solid ;
    d2g:source <http://example.org/diagram/diagram/node/6> ;
    d2g:target <http://example.org/diagram/diagram/node/7> ;
    d2g:relationshipType d2g:Follows .

<http://example.org/diagram/diagram/edge/78> a d2g:Edge, d2g:Solid ;
    d2g:source <http://example.org/diagram/diagram/node/7> ;
    d2g:target <http://example.org/diagram/diagram/node/8> ;
    d2g:relationshipType d2g:Follows .

<http://example.org/diagram/diagram/edge/87> a d2g:Edge, d2g:Solid ;
    d2g:source <http://example.org/diagram/diagram/node/8> ;
    d2g:target <http://example.org/diagram/diagram/node/7> ;
    d2g:relationshipType d2g:Branches ;
    d2g:relationshipValue ""NO"" .

<http://example.org/diagram/diagram/edge/89> a d2g:Edge, d2g:Solid ;
    d2g:source <http://example.org/diagram/diagram/node/8> ;
    d2g:target <http://example.org/diagram/diagram/node/9> ;
    d2g:relationshipType d2g:Branches ;
    d2g:relationshipValue ""YES"" .

<http://example.org/diagram/diagram/edge/910> a d2g:Edge, d2g:Solid ;
    d2g:source <http://example.org/diagram/diagram/node/9> ;
    d2g:target <http://example.org/diagram/diagram/node/10> ;
    d2g:relationshipType d2g:Follows .

<http://example.org/diagram/diagram/node/1> d2g:follows <http://example.org/diagram/diagram/node/2> .
<http://example.org/diagram/diagram/node/2> d2g:follows <http://example.org/diagram/diagram/node/3> .
<http://example.org/diagram/diagram/node/2> d2g:follows <http://example.org/diagram/diagram/node/4> .
<http://example.org/diagram/diagram/node/3> d2g:follows <http://example.org/diagram/diagram/node/5> .
<http://example.org/diagram/diagram/node/5> d2g:follows <http://example.org/diagram/diagram/node/6> .
<http://example.org/diagram/diagram/node/6> d2g:follows <http://example.org/diagram/diagram/node/3> .
<http://example.org/diagram/diagram/node/6> d2g:follows <http://example.org/diagram/diagram/node/7> .
<http://example.org/diagram/diagram/node/7> d2g:follows <http://example.org/diagram/diagram/node/8> .
<http://example.org/diagram/diagram/node/8> d2g:branches <http://example.org/diagram/diagram/node/7> .
<http://example.org/diagram/diagram/node/8> d2g:branches <http://example.org/diagram/diagram/node/9> .
<http://example.org/diagram/diagram/node/9> d2g:follows <http://example.org/diagram/diagram/node/10> .
",0.0,1.0
Extract RDF triples from this image (/kaggle/input/diagram2graph-dataset/diagram2graph/938.png),['/kaggle/input/diagram2graph-dataset/diagram2graph/938.png'],"@prefix d2g:  <http://example.org/diagram2graph#> .
@prefix rdfs: <http://www.w3.org/2000/01/rdf-schema#> .

<http://example.org/diagram/diagram/node/1> a d2g:Start, d2g:Node ;
    rdfs:label ""Start"" ;
    d2g:shape d2g:StartEvent .

<http://example.org/diagram/diagram/node/2> a d2g:Process, d2g:Node ;
    rdfs:label ""Step 1"" ;
    d2g:shape d2g:Task .

<http://example.org/diagram/diagram/node/3> a d2g:Decision, d2g:Node ;
    rdfs:label ""Decision"" ;
    d2g:shape d2g:Gateway .

<http://example.org/diagram/diagram/node/4> a d2g:Process, d2g:Node ;
    rdfs:label ""Step 2"" ;
    d2g:shape d2g:Task .

<http://example.org/diagram/diagram/node/5> a d2g:Terminator, d2g:Node ;
    rdfs:label ""End"" ;
    d2g:shape d2g:EndEvent .

<http://example.org/diagram/diagram/edge/12> a d2g:Edge, d2g:Solid ;
    d2g:source <http://example.org/diagram/diagram/node/1> ;
    d2g:target <http://example.org/diagram/diagram/node/2> ;
    d2g:relationshipType d2g:Follows .

<http://example.org/diagram/diagram/edge/23> a d2g:Edge, d2g:Solid ;
    d2g:source <http://example.org/diagram/diagram/node/2> ;
    d2g:target <http://example.org/diagram/diagram/node/3> ;
    d2g:relationshipType d2g:Follows .

<http://example.org/diagram/diagram/edge/35> a d2g:Edge, d2g:Solid ;
    d2g:source <http://example.org/diagram/diagram/node/3> ;
    d2g:target <http://example.org/diagram/diagram/node/5> ;
    d2g:relationshipType d2g:Branches ;
    d2g:relationshipValue ""Yes"" .

<http://example.org/diagram/diagram/edge/34> a d2g:Edge, d2g:Solid ;
    d2g:source <http://example.org/diagram/diagram/node/3> ;
    d2g:target <http://example.org/diagram/diagram/node/4> ;
    d2g:relationshipType d2g:Branches ;
    d2g:relationshipValue ""NO"" .

<http://example.org/diagram/diagram/node/1> d2g:follows <http://example.org/diagram/diagram/node/2> .
<http://example.org/diagram/diagram/node/2> d2g:follows <http://example.org/diagram/diagram/node/3> .
<http://example.org/diagram/diagram/node/3> d2g:branches <http://example.org/diagram/diagram/node/5> .
<http://example.org/diagram/diagram/node/3> d2g:branches <http://example.org/diagram/diagram/node/4> .
",0.0,1.0
Extract RDF triples from this image (/kaggle/input/diagram2graph-dataset/diagram2graph/94.png),['/kaggle/input/diagram2graph-dataset/diagram2graph/94.png'],"@prefix d2g:  <http://example.org/diagram2graph#> .
@prefix rdfs: <http://www.w3.org/2000/01/rdf-schema#> .

<http://example.org/diagram/diagram/node/1> a d2g:Start, d2g:Node ;
    rdfs:label ""Start"" ;
    d2g:shape d2g:StartEvent .

<http://example.org/diagram/diagram/node/2> a d2g:Process, d2g:Node ;
    rdfs:label ""Initialize i"" ;
    d2g:shape d2g:Task .

<http://example.org/diagram/diagram/node/3> a d2g:Terminator, d2g:Node ;
    rdfs:label ""Terminate Process"" ;
    d2g:shape d2g:EndEvent .

<http://example.org/diagram/diagram/node/4> a d2g:Decision, d2g:Node ;
    rdfs:label ""Enough Quotes?"" ;
    d2g:shape d2g:Gateway .

<http://example.org/diagram/diagram/node/5> a d2g:Process, d2g:Node ;
    rdfs:label ""Ready"" ;
    d2g:shape d2g:Task .

<http://example.org/diagram/diagram/node/6> a d2g:Decision, d2g:Node ;
    rdfs:label ""Purchase Approval?"" ;
    d2g:shape d2g:Gateway .

<http://example.org/diagram/diagram/node/7> a d2g:Terminator, d2g:Node ;
    rdfs:label ""End"" ;
    d2g:shape d2g:EndEvent .

<http://example.org/diagram/diagram/edge/12> a d2g:Edge, d2g:Solid ;
    d2g:source <http://example.org/diagram/diagram/node/1> ;
    d2g:target <http://example.org/diagram/diagram/node/2> ;
    d2g:relationshipType d2g:Follows .

<http://example.org/diagram/diagram/edge/23> a d2g:Edge, d2g:Solid ;
    d2g:source <http://example.org/diagram/diagram/node/2> ;
    d2g:target <http://example.org/diagram/diagram/node/3> ;
    d2g:relationshipType d2g:Follows ;
    d2g:relationshipValue ""i > N"" .

<http://example.org/diagram/diagram/edge/24> a d2g:Edge, d2g:Solid ;
    d2g:source <http://example.org/diagram/diagram/node/2> ;
    d2g:target <http://example.org/diagram/diagram/node/4> ;
    d2g:relationshipType d2g:Follows .

<http://example.org/diagram/diagram/edge/42> a d2g:Edge, d2g:Solid ;
    d2g:source <http://example.org/diagram/diagram/node/4> ;
    d2g:target <http://example.org/diagram/diagram/node/2> ;
    d2g:relationshipType d2g:Branches ;
    d2g:relationshipValue ""tender++"" .

<http://example.org/diagram/diagram/edge/45> a d2g:Edge, d2g:Solid ;
    d2g:source <http://example.org/diagram/diagram/node/4> ;
    d2g:target <http://example.org/diagram/diagram/node/5> ;
    d2g:relationshipType d2g:Branches ;
    d2g:relationshipValue ""Yes"" .

<http://example.org/diagram/diagram/edge/56> a d2g:Edge, d2g:Solid ;
    d2g:source <http://example.org/diagram/diagram/node/5> ;
    d2g:target <http://example.org/diagram/diagram/node/6> ;
    d2g:relationshipType d2g:Follows .

<http://example.org/diagram/diagram/edge/63> a d2g:Edge, d2g:Solid ;
    d2g:source <http://example.org/diagram/diagram/node/6> ;
    d2g:target <http://example.org/diagram/diagram/node/3> ;
    d2g:relationshipType d2g:Branches ;
    d2g:relationshipValue ""Rejected"" .

<http://example.org/diagram/diagram/edge/67> a d2g:Edge, d2g:Solid ;
    d2g:source <http://example.org/diagram/diagram/node/6> ;
    d2g:target <http://example.org/diagram/diagram/node/7> ;
    d2g:relationshipType d2g:Branches ;
    d2g:relationshipValue ""Yes"" .

<http://example.org/diagram/diagram/node/1> d2g:follows <http://example.org/diagram/diagram/node/2> .
<http://example.org/diagram/diagram/node/2> d2g:follows <http://example.org/diagram/diagram/node/3> .
<http://example.org/diagram/diagram/node/2> d2g:follows <http://example.org/diagram/diagram/node/4> .
<http://example.org/diagram/diagram/node/4> d2g:branches <http://example.org/diagram/diagram/node/2> .
<http://example.org/diagram/diagram/node/4> d2g:branches <http://example.org/diagram/diagram/node/5> .
<http://example.org/diagram/diagram/node/5> d2g:follows <http://example.org/diagram/diagram/node/6> .
<http://example.org/diagram/diagram/node/6> d2g:branches <http://example.org/diagram/diagram/node/3> .
<http://example.org/diagram/diagram/node/6> d2g:branches <http://example.org/diagram/diagram/node/7> .
",0.0,1.0
Extract RDF triples from this image (/kaggle/input/diagram2graph-dataset/diagram2graph/940.png),['/kaggle/input/diagram2graph-dataset/diagram2graph/940.png'],"@prefix d2g:  <http://example.org/diagram2graph#> .
@prefix rdfs: <http://www.w3.org/2000/01/rdf-schema#> .

<http://example.org/diagram/diagram/node/1> a d2g:Start, d2g:Node ;
    rdfs:label ""Begin"" ;
    d2g:shape d2g:StartEvent .

<http://example.org/diagram/diagram/node/2> a d2g:Process, d2g:Node ;
    rdfs:label ""Enter to the website"" ;
    d2g:shape d2g:Task .

<http://example.org/diagram/diagram/node/3> a d2g:Decision, d2g:Node ;
    rdfs:label ""have an account"" ;
    d2g:shape d2g:Gateway .

<http://example.org/diagram/diagram/node/4> a d2g:Process, d2g:Node ;
    rdfs:label ""Sign up"" ;
    d2g:shape d2g:Task .

<http://example.org/diagram/diagram/node/5> a d2g:Process, d2g:Node ;
    rdfs:label ""Fill details"" ;
    d2g:shape d2g:Task .

<http://example.org/diagram/diagram/node/6> a d2g:Process, d2g:Node ;
    rdfs:label ""Log in"" ;
    d2g:shape d2g:Task .

<http://example.org/diagram/diagram/node/7> a d2g:Process, d2g:Node ;
    rdfs:label ""Submit"" ;
    d2g:shape d2g:Task .

<http://example.org/diagram/diagram/node/8> a d2g:Process, d2g:Node ;
    rdfs:label ""Enter e-mail and password"" ;
    d2g:shape d2g:Task .

<http://example.org/diagram/diagram/node/9> a d2g:Decision, d2g:Node ;
    rdfs:label ""e-mail and password valid"" ;
    d2g:shape d2g:Gateway .

<http://example.org/diagram/diagram/node/10> a d2g:Process, d2g:Node ;
    rdfs:label ""Profile"" ;
    d2g:shape d2g:Task .

<http://example.org/diagram/diagram/node/11> a d2g:Terminator, d2g:Node ;
    rdfs:label ""end"" ;
    d2g:shape d2g:EndEvent .

<http://example.org/diagram/diagram/edge/12> a d2g:Edge, d2g:Solid ;
    d2g:source <http://example.org/diagram/diagram/node/1> ;
    d2g:target <http://example.org/diagram/diagram/node/2> ;
    d2g:relationshipType d2g:Follows .

<http://example.org/diagram/diagram/edge/23> a d2g:Edge, d2g:Solid ;
    d2g:source <http://example.org/diagram/diagram/node/2> ;
    d2g:target <http://example.org/diagram/diagram/node/3> ;
    d2g:relationshipType d2g:Follows .

<http://example.org/diagram/diagram/edge/36> a d2g:Edge, d2g:Solid ;
    d2g:source <http://example.org/diagram/diagram/node/3> ;
    d2g:target <http://example.org/diagram/diagram/node/6> ;
    d2g:relationshipType d2g:Branches ;
    d2g:relationshipValue ""yes"" .

<http://example.org/diagram/diagram/edge/34> a d2g:Edge, d2g:Solid ;
    d2g:source <http://example.org/diagram/diagram/node/3> ;
    d2g:target <http://example.org/diagram/diagram/node/4> ;
    d2g:relationshipType d2g:Branches ;
    d2g:relationshipValue ""No"" .

<http://example.org/diagram/diagram/edge/45> a d2g:Edge, d2g:Solid ;
    d2g:source <http://example.org/diagram/diagram/node/4> ;
    d2g:target <http://example.org/diagram/diagram/node/5> ;
    d2g:relationshipType d2g:Follows .

<http://example.org/diagram/diagram/edge/57> a d2g:Edge, d2g:Solid ;
    d2g:source <http://example.org/diagram/diagram/node/5> ;
    d2g:target <http://example.org/diagram/diagram/node/7> ;
    d2g:relationshipType d2g:Follows .

<http://example.org/diagram/diagram/edge/76> a d2g:Edge, d2g:Solid ;
    d2g:source <http://example.org/diagram/diagram/node/7> ;
    d2g:target <http://example.org/diagram/diagram/node/6> ;
    d2g:relationshipType d2g:Follows .

<http://example.org/diagram/diagram/edge/68> a d2g:Edge, d2g:Solid ;
    d2g:source <http://example.org/diagram/diagram/node/6> ;
    d2g:target <http://example.org/diagram/diagram/node/8> ;
    d2g:relationshipType d2g:Follows .

<http://example.org/diagram/diagram/edge/89> a d2g:Edge, d2g:Solid ;
    d2g:source <http://example.org/diagram/diagram/node/8> ;
    d2g:target <http://example.org/diagram/diagram/node/9> ;
    d2g:relationshipType d2g:Follows .

<http://example.org/diagram/diagram/edge/910> a d2g:Edge, d2g:Solid ;
    d2g:source <http://example.org/diagram/diagram/node/9> ;
    d2g:target <http://example.org/diagram/diagram/node/10> ;
    d2g:relationshipType d2g:Branches ;
    d2g:relationshipValue ""yes"" .

<http://example.org/diagram/diagram/edge/96> a d2g:Edge, d2g:Solid ;
    d2g:source <http://example.org/diagram/diagram/node/9> ;
    d2g:target <http://example.org/diagram/diagram/node/6> ;
    d2g:relationshipType d2g:Branches ;
    d2g:relationshipValue ""no"" .

<http://example.org/diagram/diagram/edge/1011> a d2g:Edge, d2g:Solid ;
    d2g:source <http://example.org/diagram/diagram/node/10> ;
    d2g:target <http://example.org/diagram/diagram/node/11> ;
    d2g:relationshipType d2g:Follows .

<http://example.org/diagram/diagram/node/1> d2g:follows <http://example.org/diagram/diagram/node/2> .
<http://example.org/diagram/diagram/node/2> d2g:follows <http://example.org/diagram/diagram/node/3> .
<http://example.org/diagram/diagram/node/3> d2g:branches <http://example.org/diagram/diagram/node/6> .
<http://example.org/diagram/diagram/node/3> d2g:branches <http://example.org/diagram/diagram/node/4> .
<http://example.org/diagram/diagram/node/4> d2g:follows <http://example.org/diagram/diagram/node/5> .
<http://example.org/diagram/diagram/node/5> d2g:follows <http://example.org/diagram/diagram/node/7> .
<http://example.org/diagram/diagram/node/7> d2g:follows <http://example.org/diagram/diagram/node/6> .
<http://example.org/diagram/diagram/node/6> d2g:follows <http://example.org/diagram/diagram/node/8> .
<http://example.org/diagram/diagram/node/8> d2g:follows <http://example.org/diagram/diagram/node/9> .
<http://example.org/diagram/diagram/node/9> d2g:branches <http://example.org/diagram/diagram/node/10> .
<http://example.org/diagram/diagram/node/9> d2g:branches <http://example.org/diagram/diagram/node/6> .
<http://example.org/diagram/diagram/node/10> d2g:follows <http://example.org/diagram/diagram/node/11> .
",0.0,1.0
Extract RDF triples from this image (/kaggle/input/diagram2graph-dataset/diagram2graph/99.png),['/kaggle/input/diagram2graph-dataset/diagram2graph/99.png'],"@prefix d2g: <http://example.org/diagram2graph#> .
@prefix rdfs: <http://www.w3.org/2000/01/rdf-schema#> .

<http://example.org/diagram/diagram/node/1> a d2g:Start, d2g:Node ;
    rdfs:label ""Start"" ;
    d2g:shape d2g:StartEvent .

<http://example.org/diagram/diagram/node/2> a d2g:Process, d2g:Node ;
    rdfs:label ""Hard work"" ;
    d2g:shape d2g:Task .

<http://example.org/diagram/diagram/node/3> a d2g:Process, d2g:Node ;
    rdfs:label ""Franchise"" ;
    d2g:shape d2g:Task .

<http://example.org/diagram/diagram/node/4> a d2g:Decision, d2g:Node ;
    rdfs:label ""Success"" ;
    d2g:shape d2g:Gateway .

<http://example.org/diagram/diagram/node/5> a d2g:Process, d2g:Node ;
    rdfs:label ""New Strategy"" ;
    d2g:shape d2g:Task .

<http://example.org/diagram/diagram/node/6> a d2g:Process, d2g:Node ;
    rdfs:label ""Order more"" ;
    d2g:shape d2g:Task .

<http://example.org/diagram/diagram/node/7> a d2g:Decision, d2g:Node ;
    rdfs:label ""Sold"" ;
    d2g:shape d2g:Gateway .

<http://example.org/diagram/diagram/node/8> a d2g:Process, d2g:Node ;
    rdfs:label ""open more store"" ;
    d2g:shape d2g:Task .

<http://example.org/diagram/diagram/node/9> a d2g:Decision, d2g:Node ;
    rdfs:label ""Expandable"" ;
    d2g:shape d2g:Gateway .

<http://example.org/diagram/diagram/node/10> a d2g:Terminator, d2g:Node ;
    rdfs:label ""End"" ;
    d2g:shape d2g:EndEvent .

<http://example.org/diagram/diagram/edge/12> a d2g:Edge, d2g:Solid ;
    d2g:source <http://example.org/diagram/diagram/node/1> ;
    d2g:target <http://example.org/diagram/diagram/node/2> ;
    d2g:relationshipType d2g:Follows .

<http://example.org/diagram/diagram/edge/23> a d2g:Edge, d2g:Solid ;
    d2g:source <http://example.org/diagram/diagram/node/2> ;
    d2g:target <http://example.org/diagram/diagram/node/3> ;
    d2g:relationshipType d2g:Follows .

<http://example.org/diagram/diagram/edge/34> a d2g:Edge, d2g:Solid ;
    d2g:source <http://example.org/diagram/diagram/node/3> ;
    d2g:target <http://example.org/diagram/diagram/node/4> ;
    d2g:relationshipType d2g:Follows .

<http://example.org/diagram/diagram/edge/46> a d2g:Edge, d2g:Solid ;
    d2g:source <http://example.org/diagram/diagram/node/4> ;
    d2g:target <http://example.org/diagram/diagram/node/6> ;
    d2g:relationshipType d2g:Branches ;
    d2g:relationshipValue ""Yes"" .

<http://example.org/diagram/diagram/edge/45> a d2g:Edge, d2g:Solid ;
    d2g:source <http://example.org/diagram/diagram/node/4> ;
    d2g:target <http://example.org/diagram/diagram/node/5> ;
    d2g:relationshipType d2g:Branches ;
    d2g:relationshipValue ""No"" .

<http://example.org/diagram/diagram/edge/53> a d2g:Edge, d2g:Solid ;
    d2g:source <http://example.org/diagram/diagram/node/5> ;
    d2g:target <http://example.org/diagram/diagram/node/3> ;
    d2g:relationshipType d2g:Follows .

<http://example.org/diagram/diagram/edge/67> a d2g:Edge, d2g:Solid ;
    d2g:source <http://example.org/diagram/diagram/node/6> ;
    d2g:target <http://example.org/diagram/diagram/node/7> ;
    d2g:relationshipType d2g:Follows .

<http://example.org/diagram/diagram/edge/79> a d2g:Edge, d2g:Solid ;
    d2g:source <http://example.org/diagram/diagram/node/7> ;
    d2g:target <http://example.org/diagram/diagram/node/9> ;
    d2g:relationshipType d2g:Branches ;
    d2g:relationshipValue ""Yes"" .

<http://example.org/diagram/diagram/edge/75> a d2g:Edge, d2g:Solid ;
    d2g:source <http://example.org/diagram/diagram/node/7> ;
    d2g:target <http://example.org/diagram/diagram/node/5> ;
    d2g:relationshipType d2g:Branches ;
    d2g:relationshipValue ""No"" .

<http://example.org/diagram/diagram/edge/98> a d2g:Edge, d2g:Solid ;
    d2g:source <http://example.org/diagram/diagram/node/9> ;
    d2g:target <http://example.org/diagram/diagram/node/8> ;
    d2g:relationshipType d2g:Branches ;
    d2g:relationshipValue ""Yes"" .

<http://example.org/diagram/diagram/edge/910> a d2g:Edge, d2g:Solid ;
    d2g:source <http://example.org/diagram/diagram/node/9> ;
    d2g:target <http://example.org/diagram/diagram/node/10> ;
    d2g:relationshipType d2g:Branches ;
    d2g:relationshipValue ""No"" .

<http://example.org/diagram/diagram/edge/84> a d2g:Edge, d2g:Solid ;
    d2g:source <http://example.org/diagram/diagram/node/8> ;
    d2g:target <http://example.org/diagram/diagram/node/4> ;
    d2g:relationshipType d2g:Follows .

<http://example.org/diagram/diagram/node/1> d2g:follows <http://example.org/diagram/diagram/node/2> .
<http://example.org/diagram/diagram/node/2> d2g:follows <http://example.org/diagram/diagram/node/3> .
<http://example.org/diagram/diagram/node/3> d2g:follows <http://example.org/diagram/diagram/node/4> .
<http://example.org/diagram/diagram/node/4> d2g:branches <http://example.org/diagram/diagram/node/6> .
<http://example.org/diagram/diagram/node/4> d2g:branches <http://example.org/diagram/diagram/node/5> .
<http://example.org/diagram/diagram/node/5> d2g:follows <http://example.org/diagram/diagram/node/3> .
<http://example.org/diagram/diagram/node/6> d2g:follows <http://example.org/diagram/diagram/node/7> .
<http://example.org/diagram/diagram/node/7> d2g:branches <http://example.org/diagram/diagram/node/9> .
<http://example.org/diagram/diagram/node/7> d2g:branches <http://example.org/diagram/diagram/node/5> .
<http://example.org/diagram/diagram/node/9> d2g:branches <http://example.org/diagram/diagram/node/8> .
<http://example.org/diagram/diagram/node/9> d2g:branches <http://example.org/diagram/diagram/node/10> .
<http://example.org/diagram/diagram/node/8> d2g:follows <http://example.org/diagram/diagram/node/4> .
",0.0,1.0
